OrderID,CustomerID,OrderDate,Status,Channel
1,235,2025-11-20,Returned,Alexa
2,330,2025-02-06,Delivered,Alexa
3,262,2025-01-14,Cancelled,Mobile
4,482,2025-11-17,Returned,Web
5,31,2025-11-27,Processing,Web
6,48,2025-02-13,Returned,Alexa
7,354,2025-02-01,Cancelled,Web
8,83,2025-10-19,Cancelled,Alexa
9,989,2025-12-26,Returned,Alexa
10,45,2025-04-25,Cancelled,Web
11,775,2025-08-03,Shipped,Mobile
12,94,2025-07-30,Processing,Alexa
13,644,2025-11-16,Delivered,Mobile
14,574,2025-04-05,Delivered,Web
15,732,2025-01-26,Returned,Mobile
16,977,2025-11-23,Cancelled,Web
17,411,2025-01-21,Cancelled,Alexa
18,441,2025-12-05,Shipped,Web
19,485,2025-09-14,Shipped,Mobile
20,298,2025-06-20,Delivered,Mobile
21,115,2025-06-12,Shipped,Mobile
22,61,2025-03-02,Cancelled,Web
23,398,2025-12-13,Shipped,Alexa
24,919,2025-09-10,Cancelled,Alexa
25,536,2025-06-08,Processing,Web
26,230,2025-04-19,Delivered,Web
27,423,2025-06-20,Delivered,Web
28,29,2025-10-12,Cancelled,Web
29,92,2025-05-28,Returned,Mobile
30,120,2025-06-03,Processing,Alexa
31,625,2025-09-14,Returned,Mobile
32,455,2025-05-21,Shipped,Alexa
33,168,2025-09-04,Returned,Mobile
34,206,2025-05-16,Delivered,Web
35,317,2025-04-01,Shipped,Mobile
36,505,2025-11-19,Returned,Alexa
37,155,2025-07-12,Processing,Web
38,732,2025-10-14,Cancelled,Mobile
39,513,2025-01-02,Processing,Mobile
40,233,2025-07-24,Shipped,Alexa
41,134,2025-08-31,Returned,Alexa
42,236,2025-03-24,Shipped,Web
43,207,2025-11-09,Shipped,Alexa
44,974,2025-12-01,Processing,Alexa
45,471,2025-10-15,Cancelled,Web
46,524,2025-08-18,Shipped,Web
47,276,2025-07-15,Cancelled,Mobile
48,500,2025-11-11,Processing,Mobile
49,945,2025-08-08,Returned,Web
50,869,2025-11-23,Returned,Web
51,783,2025-03-21,Delivered,Mobile
52,438,2025-05-24,Shipped,Web
53,764,2025-06-14,Delivered,Mobile
54,842,2025-08-17,Processing,Alexa
55,427,2025-02-06,Processing,Mobile
56,866,2025-05-19,Processing,Web
57,17,2025-04-30,Delivered,Mobile
58,557,2025-06-12,Delivered,Mobile
59,3,2025-11-23,Cancelled,Mobile
60,557,2025-04-15,Returned,Alexa
61,734,2025-04-02,Cancelled,Web
62,621,2025-09-16,Cancelled,Mobile
63,852,2025-02-09,Delivered,Alexa
64,693,2025-07-25,Cancelled,Web
65,337,2025-08-11,Delivered,Mobile
66,253,2025-10-02,Processing,Web
67,396,2025-09-18,Returned,Mobile
68,731,2025-03-28,Processing,Web
69,922,2025-09-07,Shipped,Mobile
70,756,2025-01-04,Returned,Alexa
71,818,2025-05-17,Processing,Web
72,710,2025-05-24,Delivered,Alexa
73,459,2025-01-06,Shipped,Web
74,696,2025-05-15,Delivered,Alexa
75,218,2025-03-09,Delivered,Web
76,810,2025-03-30,Processing,Alexa
77,422,2025-04-02,Cancelled,Alexa
78,4,2025-01-13,Returned,Mobile
79,327,2025-01-06,Returned,Web
80,499,2025-03-22,Cancelled,Mobile
81,933,2025-01-06,Returned,Mobile
82,355,2025-11-19,Processing,Web
83,585,2025-01-16,Cancelled,Alexa
84,455,2025-03-26,Cancelled,Alexa
85,45,2025-10-24,Processing,Alexa
86,72,2025-11-12,Returned,Web
87,363,2025-01-04,Processing,Alexa
88,420,2025-07-30,Returned,Web
89,970,2025-09-12,Cancelled,Web
90,481,2025-12-13,Processing,Alexa
91,588,2025-03-11,Processing,Web
92,659,2025-04-19,Delivered,Web
93,719,2025-10-11,Delivered,Mobile
94,309,2025-01-23,Shipped,Web
95,523,2025-12-10,Shipped,Alexa
96,389,2025-01-17,Delivered,Web
97,957,2025-03-01,Delivered,Mobile
98,748,2025-08-17,Cancelled,Web
99,382,2025-02-18,Processing,Alexa
100,522,2025-08-04,Processing,Mobile
101,642,2025-12-14,Returned,Web
102,312,2025-07-11,Processing,Alexa
103,521,2025-12-18,Processing,Web
104,122,2025-07-22,Shipped,Alexa
105,896,2025-12-26,Shipped,Alexa
106,23,2025-07-12,Shipped,Mobile
107,599,2025-05-21,Processing,Mobile
108,402,2025-03-21,Returned,Mobile
109,465,2025-09-22,Cancelled,Mobile
110,524,2025-06-24,Delivered,Mobile
111,559,2025-08-08,Delivered,Web
112,588,2025-03-17,Returned,Alexa
113,539,2025-11-11,Returned,Alexa
114,115,2025-02-10,Cancelled,Mobile
115,525,2025-07-17,Shipped,Mobile
116,630,2025-04-19,Returned,Web
117,296,2025-07-26,Processing,Mobile
118,216,2025-03-07,Cancelled,Web
119,513,2025-06-01,Shipped,Alexa
120,533,2025-06-16,Shipped,Web
121,393,2025-06-02,Cancelled,Alexa
122,464,2025-04-21,Cancelled,Mobile
123,534,2025-12-23,Processing,Web
124,369,2025-03-29,Cancelled,Alexa
125,421,2025-09-14,Cancelled,Mobile
126,488,2025-12-23,Delivered,Alexa
127,989,2025-04-18,Returned,Alexa
128,958,2025-02-08,Processing,Alexa
129,498,2025-04-25,Cancelled,Alexa
130,649,2025-02-01,Processing,Mobile
131,918,2025-06-14,Returned,Web
132,224,2025-05-06,Delivered,Alexa
133,76,2025-07-15,Delivered,Mobile
134,963,2025-04-29,Delivered,Mobile
135,169,2025-10-29,Delivered,Alexa
136,366,2025-08-18,Processing,Alexa
137,417,2025-09-09,Shipped,Alexa
138,289,2025-01-15,Returned,Mobile
139,301,2025-01-24,Delivered,Web
140,280,2025-06-05,Shipped,Mobile
141,367,2025-11-29,Cancelled,Mobile
142,443,2025-05-15,Processing,Web
143,983,2025-03-09,Delivered,Mobile
144,62,2025-03-21,Processing,Mobile
145,283,2025-08-09,Delivered,Web
146,772,2025-12-07,Cancelled,Mobile
147,616,2025-11-27,Delivered,Mobile
148,727,2025-05-25,Shipped,Mobile
149,944,2025-04-26,Cancelled,Mobile
150,883,2025-11-07,Returned,Alexa
151,429,2025-12-03,Processing,Alexa
152,977,2025-11-12,Shipped,Alexa
153,3,2025-11-28,Returned,Alexa
154,673,2025-10-19,Delivered,Mobile
155,259,2025-06-02,Processing,Alexa
156,517,2025-01-25,Delivered,Mobile
157,320,2025-09-17,Cancelled,Alexa
158,19,2025-03-02,Delivered,Alexa
159,664,2025-02-06,Returned,Web
160,208,2025-10-26,Shipped,Alexa
161,269,2025-12-22,Delivered,Alexa
162,56,2025-02-27,Shipped,Web
163,43,2025-01-01,Processing,Alexa
164,727,2025-09-05,Returned,Web
165,395,2025-10-16,Returned,Web
166,360,2025-05-15,Processing,Alexa
167,80,2025-10-17,Cancelled,Mobile
168,273,2025-03-30,Delivered,Web
169,659,2025-02-22,Processing,Web
170,917,2025-05-13,Cancelled,Mobile
171,685,2025-03-06,Shipped,Mobile
172,926,2025-12-05,Processing,Mobile
173,229,2025-01-06,Delivered,Alexa
174,401,2025-06-16,Returned,Alexa
175,530,2025-11-20,Processing,Alexa
176,955,2025-08-30,Cancelled,Web
177,515,2025-09-05,Processing,Mobile
178,763,2025-03-02,Cancelled,Alexa
179,276,2025-12-27,Processing,Mobile
180,813,2025-07-04,Shipped,Alexa
181,998,2025-09-15,Returned,Mobile
182,802,2025-07-22,Delivered,Web
183,258,2025-04-22,Cancelled,Mobile
184,387,2025-09-20,Cancelled,Mobile
185,427,2025-07-31,Delivered,Alexa
186,989,2025-10-24,Cancelled,Alexa
187,674,2025-12-13,Returned,Web
188,792,2025-01-04,Cancelled,Alexa
189,363,2025-06-19,Shipped,Alexa
190,398,2025-03-08,Cancelled,Alexa
191,533,2025-01-09,Processing,Mobile
192,164,2025-03-17,Cancelled,Web
193,765,2025-05-21,Processing,Alexa
194,874,2025-07-04,Processing,Mobile
195,580,2025-07-05,Delivered,Mobile
196,225,2025-01-20,Processing,Mobile
197,891,2025-06-06,Returned,Web
198,306,2025-02-20,Processing,Alexa
199,659,2025-07-30,Delivered,Web
200,423,2025-12-04,Returned,Web
201,572,2025-08-04,Cancelled,Alexa
202,458,2025-07-03,Shipped,Web
203,345,2025-06-01,Returned,Alexa
204,712,2025-06-12,Shipped,Mobile
205,696,2025-02-15,Shipped,Alexa
206,802,2025-08-29,Cancelled,Alexa
207,392,2025-05-17,Processing,Web
208,58,2025-04-26,Shipped,Mobile
209,527,2025-05-26,Returned,Alexa
210,827,2025-11-06,Shipped,Alexa
211,130,2025-05-06,Delivered,Alexa
212,899,2025-10-20,Shipped,Alexa
213,188,2025-11-03,Cancelled,Alexa
214,398,2025-05-18,Returned,Mobile
215,581,2025-06-23,Cancelled,Mobile
216,512,2025-07-04,Cancelled,Web
217,961,2025-12-23,Processing,Web
218,134,2025-12-03,Delivered,Web
219,910,2025-05-14,Shipped,Mobile
220,820,2025-11-29,Shipped,Mobile
221,224,2025-02-09,Processing,Alexa
222,91,2025-07-30,Shipped,Web
223,999,2025-04-03,Shipped,Web
224,673,2025-03-07,Returned,Alexa
225,527,2025-11-17,Processing,Mobile
226,545,2025-10-16,Returned,Mobile
227,680,2025-11-14,Processing,Alexa
228,858,2025-10-07,Shipped,Alexa
229,546,2025-08-26,Returned,Alexa
230,825,2025-02-18,Cancelled,Alexa
231,3,2025-01-11,Shipped,Mobile
232,440,2025-03-10,Returned,Alexa
233,114,2025-06-05,Returned,Web
234,979,2025-01-15,Cancelled,Mobile
235,849,2025-01-05,Returned,Web
236,707,2025-01-12,Returned,Alexa
237,289,2025-09-04,Cancelled,Mobile
238,211,2025-03-02,Cancelled,Web
239,773,2025-10-01,Returned,Web
240,898,2025-10-02,Cancelled,Web
241,364,2025-07-05,Shipped,Mobile
242,759,2025-06-22,Cancelled,Web
243,510,2025-09-22,Shipped,Web
244,914,2025-04-09,Shipped,Alexa
245,937,2025-01-11,Shipped,Web
246,804,2025-10-29,Cancelled,Alexa
247,827,2025-06-04,Shipped,Alexa
248,418,2025-04-21,Delivered,Alexa
249,664,2025-08-09,Shipped,Mobile
250,426,2025-02-12,Cancelled,Web
251,45,2025-01-30,Returned,Web
252,129,2025-05-24,Delivered,Web
253,933,2025-07-14,Returned,Web
254,372,2025-02-27,Processing,Mobile
255,944,2025-02-20,Processing,Alexa
256,716,2025-05-28,Processing,Alexa
257,955,2025-03-21,Processing,Alexa
258,751,2025-08-22,Delivered,Mobile
259,733,2025-01-11,Processing,Web
260,289,2025-02-22,Shipped,Web
261,826,2025-07-07,Shipped,Alexa
262,483,2025-02-24,Processing,Mobile
263,198,2025-05-15,Cancelled,Alexa
264,1000,2025-12-23,Processing,Alexa
265,867,2025-10-08,Shipped,Mobile
266,754,2025-03-02,Processing,Web
267,812,2025-11-13,Cancelled,Web
268,697,2025-09-26,Delivered,Alexa
269,153,2025-04-25,Cancelled,Web
270,961,2025-06-18,Shipped,Web
271,169,2025-06-03,Processing,Web
272,272,2025-07-07,Delivered,Web
273,528,2025-11-05,Shipped,Web
274,96,2025-02-01,Cancelled,Web
275,796,2025-03-03,Returned,Mobile
276,981,2025-01-10,Returned,Mobile
277,505,2025-11-11,Shipped,Web
278,749,2025-04-05,Delivered,Web
279,937,2025-12-21,Processing,Web
280,222,2025-02-02,Shipped,Alexa
281,398,2025-01-27,Delivered,Web
282,130,2025-12-15,Returned,Web
283,272,2025-10-30,Shipped,Mobile
284,497,2025-02-15,Shipped,Mobile
285,879,2025-04-14,Returned,Mobile
286,736,2025-07-19,Delivered,Alexa
287,73,2025-08-22,Cancelled,Mobile
288,854,2025-04-29,Delivered,Alexa
289,221,2025-11-05,Returned,Mobile
290,235,2025-03-10,Shipped,Web
291,559,2025-03-17,Processing,Web
292,879,2025-02-18,Cancelled,Mobile
293,366,2025-01-20,Delivered,Mobile
294,103,2025-11-21,Returned,Web
295,594,2025-02-10,Cancelled,Web
296,218,2025-04-07,Processing,Web
297,335,2025-05-13,Shipped,Web
298,493,2025-10-18,Delivered,Web
299,298,2025-07-25,Returned,Web
300,777,2025-01-16,Delivered,Web
301,184,2025-09-21,Processing,Mobile
302,596,2025-09-12,Shipped,Alexa
303,182,2025-04-28,Processing,Mobile
304,527,2025-09-30,Shipped,Web
305,658,2025-01-02,Cancelled,Alexa
306,632,2025-05-10,Shipped,Web
307,959,2025-07-19,Returned,Mobile
308,765,2025-08-03,Shipped,Alexa
309,363,2025-11-13,Shipped,Alexa
310,325,2025-02-20,Cancelled,Mobile
311,410,2025-10-18,Processing,Web
312,937,2025-02-27,Cancelled,Web
313,737,2025-07-01,Processing,Mobile
314,645,2025-02-25,Delivered,Mobile
315,406,2025-06-05,Cancelled,Mobile
316,26,2025-11-06,Returned,Mobile
317,920,2025-03-29,Processing,Web
318,832,2025-07-12,Processing,Mobile
319,253,2025-04-28,Delivered,Web
320,418,2025-11-29,Shipped,Web
321,407,2025-12-22,Returned,Alexa
322,48,2025-04-07,Shipped,Web
323,967,2025-07-16,Cancelled,Mobile
324,945,2025-05-31,Returned,Mobile
325,735,2025-09-11,Processing,Web
326,659,2025-12-26,Returned,Alexa
327,239,2025-02-27,Delivered,Alexa
328,347,2025-02-26,Returned,Web
329,505,2025-06-08,Shipped,Mobile
330,200,2025-09-17,Processing,Web
331,83,2025-06-29,Processing,Alexa
332,376,2025-05-13,Returned,Alexa
333,390,2025-10-25,Returned,Web
334,167,2025-06-01,Returned,Alexa
335,916,2025-10-12,Shipped,Web
336,484,2025-11-23,Returned,Web
337,66,2025-06-23,Cancelled,Mobile
338,374,2025-05-21,Shipped,Alexa
339,221,2025-09-21,Delivered,Web
340,783,2025-11-22,Processing,Web
341,845,2025-10-07,Returned,Mobile
342,42,2025-01-22,Shipped,Alexa
343,267,2025-07-18,Returned,Alexa
344,224,2025-04-24,Delivered,Web
345,88,2025-12-29,Shipped,Mobile
346,385,2025-06-13,Processing,Mobile
347,59,2025-09-24,Shipped,Mobile
348,15,2025-11-21,Shipped,Mobile
349,597,2025-01-27,Delivered,Alexa
350,638,2025-03-12,Processing,Alexa
351,425,2025-09-21,Delivered,Web
352,231,2025-04-25,Cancelled,Alexa
353,943,2025-05-08,Shipped,Alexa
354,243,2025-07-29,Delivered,Mobile
355,622,2025-11-20,Processing,Alexa
356,542,2025-06-18,Delivered,Mobile
357,357,2025-07-06,Returned,Alexa
358,130,2025-05-12,Shipped,Alexa
359,413,2025-08-05,Returned,Mobile
360,948,2025-06-30,Delivered,Mobile
361,323,2025-07-09,Delivered,Web
362,307,2025-09-06,Processing,Alexa
363,799,2025-01-24,Returned,Mobile
364,308,2025-02-20,Shipped,Mobile
365,967,2025-03-12,Delivered,Mobile
366,885,2025-11-24,Returned,Mobile
367,615,2025-07-13,Delivered,Mobile
368,929,2025-08-05,Returned,Alexa
369,427,2025-01-28,Delivered,Mobile
370,736,2025-08-12,Cancelled,Alexa
371,886,2025-12-16,Returned,Mobile
372,195,2025-09-29,Cancelled,Web
373,694,2025-01-12,Shipped,Alexa
374,776,2025-06-06,Cancelled,Alexa
375,476,2025-01-14,Shipped,Alexa
376,142,2025-03-10,Shipped,Web
377,48,2025-07-09,Processing,Web
378,62,2025-04-30,Cancelled,Mobile
379,154,2025-11-21,Processing,Alexa
380,738,2025-03-06,Processing,Alexa
381,594,2025-04-27,Returned,Web
382,237,2025-10-27,Cancelled,Web
383,673,2025-01-06,Delivered,Mobile
384,438,2025-03-28,Returned,Mobile
385,704,2025-10-21,Delivered,Alexa
386,170,2025-01-08,Cancelled,Web
387,775,2025-05-12,Shipped,Alexa
388,22,2025-12-30,Shipped,Mobile
389,480,2025-05-24,Shipped,Web
390,184,2025-06-22,Cancelled,Alexa
391,286,2025-07-13,Shipped,Web
392,606,2025-12-15,Delivered,Alexa
393,392,2025-10-12,Processing,Mobile
394,197,2025-04-11,Shipped,Mobile
395,694,2025-06-27,Processing,Web
396,482,2025-12-01,Processing,Alexa
397,70,2025-04-27,Delivered,Alexa
398,327,2025-07-14,Shipped,Mobile
399,170,2025-07-23,Cancelled,Alexa
400,599,2025-08-27,Processing,Mobile
401,78,2025-10-07,Processing,Web
402,285,2025-01-06,Cancelled,Mobile
403,42,2025-10-11,Processing,Mobile
404,780,2025-02-07,Processing,Mobile
405,779,2025-08-11,Delivered,Mobile
406,751,2025-02-26,Processing,Mobile
407,188,2025-09-03,Delivered,Alexa
408,83,2025-11-15,Returned,Alexa
409,252,2025-05-05,Delivered,Alexa
410,465,2025-08-15,Shipped,Mobile
411,612,2025-07-16,Returned,Mobile
412,12,2025-02-14,Processing,Mobile
413,857,2025-01-17,Delivered,Alexa
414,444,2025-04-19,Cancelled,Web
415,455,2025-09-11,Returned,Alexa
416,599,2025-07-14,Cancelled,Mobile
417,455,2025-07-17,Cancelled,Mobile
418,526,2025-08-05,Delivered,Alexa
419,155,2025-08-09,Shipped,Alexa
420,474,2025-07-21,Delivered,Alexa
421,28,2025-01-14,Shipped,Web
422,24,2025-02-24,Cancelled,Alexa
423,765,2025-04-01,Cancelled,Mobile
424,328,2025-03-07,Processing,Web
425,809,2025-09-04,Delivered,Alexa
426,66,2025-08-03,Delivered,Alexa
427,836,2025-11-16,Cancelled,Alexa
428,928,2025-12-17,Cancelled,Alexa
429,530,2025-03-16,Processing,Alexa
430,560,2025-11-22,Shipped,Mobile
431,13,2025-04-26,Shipped,Alexa
432,8,2025-07-22,Cancelled,Mobile
433,852,2025-12-01,Shipped,Mobile
434,24,2025-09-19,Returned,Mobile
435,276,2025-08-06,Shipped,Mobile
436,168,2025-12-07,Processing,Web
437,290,2025-12-05,Processing,Alexa
438,324,2025-12-16,Delivered,Mobile
439,408,2025-02-19,Delivered,Alexa
440,987,2025-12-03,Cancelled,Alexa
441,688,2025-03-22,Cancelled,Web
442,17,2025-10-31,Cancelled,Alexa
443,455,2025-05-02,Delivered,Mobile
444,692,2025-05-16,Returned,Alexa
445,309,2025-03-12,Processing,Alexa
446,343,2025-05-03,Delivered,Alexa
447,305,2025-05-17,Processing,Alexa
448,856,2025-05-27,Returned,Mobile
449,706,2025-12-08,Shipped,Alexa
450,918,2025-01-11,Cancelled,Mobile
451,493,2025-10-13,Cancelled,Mobile
452,267,2025-06-01,Shipped,Mobile
453,450,2025-07-23,Shipped,Mobile
454,199,2025-04-18,Delivered,Alexa
455,163,2025-03-03,Processing,Alexa
456,864,2025-03-06,Cancelled,Alexa
457,973,2025-07-31,Shipped,Mobile
458,863,2025-06-29,Returned,Web
459,464,2025-07-30,Shipped,Alexa
460,199,2025-01-11,Processing,Mobile
461,240,2025-05-17,Delivered,Alexa
462,197,2025-03-08,Returned,Web
463,13,2025-06-15,Shipped,Web
464,647,2025-09-28,Cancelled,Alexa
465,1,2025-08-29,Returned,Web
466,121,2025-09-02,Processing,Web
467,555,2025-07-30,Shipped,Alexa
468,240,2025-04-10,Returned,Alexa
469,240,2025-10-31,Cancelled,Alexa
470,213,2025-09-02,Shipped,Alexa
471,133,2025-01-08,Delivered,Mobile
472,523,2025-03-14,Cancelled,Mobile
473,42,2025-03-31,Delivered,Web
474,78,2025-04-20,Processing,Web
475,95,2025-03-23,Shipped,Web
476,91,2025-07-17,Returned,Mobile
477,302,2025-04-21,Cancelled,Alexa
478,942,2025-09-27,Shipped,Alexa
479,372,2025-11-30,Processing,Web
480,306,2025-04-08,Processing,Alexa
481,518,2025-12-04,Shipped,Alexa
482,784,2025-06-26,Delivered,Alexa
483,603,2025-06-24,Returned,Web
484,847,2025-02-15,Returned,Alexa
485,881,2025-05-02,Returned,Alexa
486,160,2025-07-18,Delivered,Mobile
487,726,2025-01-03,Cancelled,Mobile
488,128,2025-04-10,Processing,Mobile
489,130,2025-09-11,Processing,Web
490,701,2025-11-14,Cancelled,Alexa
491,329,2025-04-18,Shipped,Alexa
492,466,2025-12-19,Shipped,Web
493,899,2025-02-12,Processing,Mobile
494,89,2025-08-30,Cancelled,Alexa
495,355,2025-03-19,Processing,Alexa
496,988,2025-07-16,Cancelled,Alexa
497,181,2025-10-20,Processing,Mobile
498,746,2025-12-04,Delivered,Web
499,279,2025-06-24,Processing,Alexa
500,175,2025-02-23,Cancelled,Web
501,201,2025-10-07,Processing,Mobile
502,53,2025-09-28,Delivered,Web
503,69,2025-01-17,Cancelled,Alexa
504,615,2025-06-02,Cancelled,Web
505,255,2025-12-04,Shipped,Alexa
506,93,2025-10-13,Returned,Mobile
507,426,2025-04-08,Shipped,Alexa
508,37,2025-05-20,Delivered,Web
509,63,2025-05-25,Cancelled,Alexa
510,439,2025-10-25,Cancelled,Web
511,375,2025-08-03,Shipped,Web
512,182,2025-02-20,Cancelled,Mobile
513,141,2025-10-14,Cancelled,Mobile
514,840,2025-03-07,Delivered,Mobile
515,266,2025-06-02,Shipped,Web
516,726,2025-12-21,Shipped,Web
517,811,2025-03-30,Returned,Web
518,67,2025-11-03,Returned,Alexa
519,857,2025-05-20,Shipped,Alexa
520,326,2025-04-29,Returned,Web
521,277,2025-06-24,Processing,Web
522,787,2025-05-27,Returned,Web
523,699,2025-10-18,Cancelled,Mobile
524,787,2025-10-11,Returned,Mobile
525,297,2025-09-01,Delivered,Mobile
526,964,2025-11-20,Cancelled,Mobile
527,629,2025-01-28,Returned,Web
528,547,2025-09-05,Delivered,Alexa
529,192,2025-10-11,Processing,Web
530,295,2025-11-11,Delivered,Alexa
531,988,2025-01-15,Delivered,Web
532,539,2025-03-24,Returned,Mobile
533,835,2025-08-26,Cancelled,Alexa
534,403,2025-08-02,Processing,Mobile
535,845,2025-01-10,Processing,Web
536,290,2025-07-18,Shipped,Mobile
537,865,2025-04-10,Delivered,Web
538,887,2025-06-02,Returned,Web
539,575,2025-09-30,Cancelled,Mobile
540,869,2025-06-16,Shipped,Web
541,796,2025-11-28,Delivered,Mobile
542,166,2025-10-07,Returned,Alexa
543,423,2025-02-09,Cancelled,Web
544,765,2025-05-10,Cancelled,Mobile
545,485,2025-07-05,Processing,Alexa
546,184,2025-12-18,Returned,Web
547,239,2025-03-11,Delivered,Web
548,133,2025-07-27,Shipped,Alexa
549,523,2025-08-17,Delivered,Mobile
550,409,2025-09-30,Cancelled,Web
551,540,2025-02-06,Delivered,Web
552,536,2025-10-06,Processing,Alexa
553,558,2025-04-25,Returned,Web
554,381,2025-12-08,Cancelled,Alexa
555,233,2025-05-26,Cancelled,Web
556,784,2025-07-28,Delivered,Web
557,50,2025-09-14,Shipped,Mobile
558,711,2025-10-08,Processing,Alexa
559,825,2025-11-06,Shipped,Web
560,600,2025-07-18,Delivered,Alexa
561,457,2025-05-13,Processing,Mobile
562,880,2025-09-08,Shipped,Mobile
563,278,2025-01-03,Returned,Mobile
564,878,2025-03-10,Shipped,Web
565,501,2025-05-27,Returned,Alexa
566,590,2025-06-02,Cancelled,Alexa
567,643,2025-06-05,Returned,Alexa
568,542,2025-10-19,Shipped,Mobile
569,150,2025-10-17,Cancelled,Mobile
570,881,2025-10-22,Cancelled,Alexa
571,719,2025-07-30,Returned,Mobile
572,12,2025-06-04,Delivered,Alexa
573,128,2025-07-17,Delivered,Alexa
574,189,2025-02-28,Processing,Mobile
575,12,2025-06-09,Delivered,Mobile
576,713,2025-04-08,Cancelled,Web
577,715,2025-05-12,Shipped,Alexa
578,432,2025-12-11,Processing,Web
579,321,2025-03-05,Delivered,Web
580,653,2025-03-20,Shipped,Mobile
581,636,2025-03-01,Shipped,Web
582,433,2025-08-16,Processing,Web
583,795,2025-12-20,Cancelled,Alexa
584,596,2025-10-06,Delivered,Alexa
585,110,2025-05-08,Cancelled,Web
586,37,2025-07-07,Delivered,Alexa
587,175,2025-10-26,Cancelled,Alexa
588,360,2025-12-21,Shipped,Alexa
589,920,2025-05-22,Returned,Web
590,344,2025-08-11,Returned,Mobile
591,254,2025-04-08,Cancelled,Alexa
592,299,2025-05-07,Returned,Mobile
593,285,2025-01-18,Shipped,Mobile
594,301,2025-11-27,Returned,Mobile
595,852,2025-04-26,Delivered,Mobile
596,908,2025-07-15,Cancelled,Mobile
597,613,2025-11-19,Returned,Mobile
598,266,2025-03-18,Shipped,Web
599,731,2025-06-11,Cancelled,Mobile
600,52,2025-01-22,Shipped,Mobile
601,297,2025-09-20,Shipped,Mobile
602,33,2025-12-24,Shipped,Mobile
603,621,2025-10-09,Shipped,Web
604,9,2025-12-14,Processing,Web
605,680,2025-01-18,Cancelled,Mobile
606,848,2025-12-27,Processing,Mobile
607,877,2025-08-13,Cancelled,Mobile
608,967,2025-09-13,Processing,Alexa
609,607,2025-12-27,Processing,Mobile
610,530,2025-07-21,Delivered,Alexa
611,992,2025-07-13,Shipped,Web
612,584,2025-10-15,Returned,Web
613,611,2025-11-01,Cancelled,Mobile
614,939,2025-07-13,Delivered,Alexa
615,1,2025-07-08,Returned,Web
616,191,2025-01-05,Delivered,Web
617,631,2025-12-28,Processing,Mobile
618,885,2025-11-21,Cancelled,Web
619,197,2025-06-03,Cancelled,Web
620,218,2025-08-09,Returned,Alexa
621,243,2025-10-25,Returned,Mobile
622,897,2025-01-02,Processing,Mobile
623,551,2025-05-07,Returned,Alexa
624,535,2025-12-12,Processing,Web
625,488,2025-08-16,Shipped,Alexa
626,290,2025-04-09,Cancelled,Web
627,207,2025-09-21,Returned,Mobile
628,937,2025-10-24,Shipped,Web
629,950,2025-02-12,Shipped,Alexa
630,766,2025-02-01,Returned,Alexa
631,865,2025-12-05,Cancelled,Alexa
632,705,2025-05-24,Cancelled,Mobile
633,148,2025-04-27,Returned,Alexa
634,828,2025-04-27,Delivered,Mobile
635,363,2025-06-27,Returned,Mobile
636,91,2025-04-21,Processing,Web
637,863,2025-09-03,Shipped,Mobile
638,832,2025-12-11,Delivered,Alexa
639,654,2025-09-02,Processing,Web
640,91,2025-02-17,Returned,Alexa
641,382,2025-10-26,Shipped,Alexa
642,58,2025-05-25,Processing,Mobile
643,698,2025-11-10,Shipped,Alexa
644,623,2025-09-05,Returned,Alexa
645,298,2025-03-19,Shipped,Web
646,529,2025-06-19,Cancelled,Mobile
647,512,2025-03-31,Returned,Web
648,346,2025-07-15,Delivered,Alexa
649,558,2025-09-13,Delivered,Web
650,738,2025-04-19,Cancelled,Mobile
651,411,2025-06-23,Shipped,Mobile
652,356,2025-09-13,Processing,Alexa
653,638,2025-02-20,Shipped,Alexa
654,411,2025-08-05,Shipped,Mobile
655,903,2025-07-04,Delivered,Web
656,184,2025-06-21,Processing,Web
657,455,2025-11-16,Returned,Alexa
658,415,2025-10-02,Cancelled,Alexa
659,469,2025-01-17,Delivered,Alexa
660,110,2025-12-11,Shipped,Alexa
661,362,2025-09-17,Cancelled,Alexa
662,239,2025-10-05,Cancelled,Web
663,239,2025-11-30,Delivered,Alexa
664,457,2025-04-26,Shipped,Web
665,646,2025-06-24,Delivered,Web
666,342,2025-06-22,Returned,Web
667,796,2025-02-09,Delivered,Web
668,277,2025-06-08,Delivered,Web
669,116,2025-12-09,Cancelled,Web
670,789,2025-07-03,Shipped,Mobile
671,308,2025-12-26,Processing,Alexa
672,896,2025-08-18,Returned,Alexa
673,793,2025-03-24,Shipped,Mobile
674,313,2025-05-12,Delivered,Mobile
675,582,2025-08-01,Shipped,Alexa
676,766,2025-11-12,Cancelled,Mobile
677,979,2025-05-12,Returned,Mobile
678,134,2025-10-18,Cancelled,Mobile
679,208,2025-10-28,Returned,Web
680,626,2025-08-04,Cancelled,Mobile
681,170,2025-01-19,Processing,Alexa
682,833,2025-10-12,Cancelled,Web
683,140,2025-12-10,Returned,Alexa
684,974,2025-10-15,Returned,Web
685,902,2025-08-19,Delivered,Mobile
686,138,2025-02-01,Cancelled,Alexa
687,871,2025-04-14,Returned,Alexa
688,450,2025-11-17,Processing,Alexa
689,188,2025-06-07,Delivered,Web
690,14,2025-01-07,Shipped,Alexa
691,641,2025-11-05,Delivered,Mobile
692,639,2025-02-22,Delivered,Web
693,601,2025-02-28,Delivered,Alexa
694,226,2025-03-10,Processing,Alexa
695,403,2025-05-16,Shipped,Mobile
696,391,2025-06-08,Cancelled,Mobile
697,1,2025-01-18,Processing,Alexa
698,349,2025-11-09,Processing,Mobile
699,701,2025-04-11,Delivered,Mobile
700,252,2025-02-16,Cancelled,Alexa
701,688,2025-04-30,Cancelled,Web
702,254,2025-07-08,Processing,Web
703,994,2025-11-12,Returned,Alexa
704,996,2025-10-29,Cancelled,Alexa
705,706,2025-08-20,Cancelled,Alexa
706,318,2025-01-28,Cancelled,Mobile
707,958,2025-05-19,Cancelled,Alexa
708,304,2025-01-27,Delivered,Alexa
709,420,2025-11-22,Returned,Alexa
710,587,2025-10-13,Shipped,Web
711,264,2025-11-21,Shipped,Web
712,203,2025-10-20,Delivered,Mobile
713,956,2025-05-09,Shipped,Web
714,112,2025-06-04,Delivered,Web
715,74,2025-05-07,Delivered,Web
716,68,2025-05-15,Returned,Mobile
717,873,2025-05-08,Cancelled,Mobile
718,740,2025-08-23,Delivered,Alexa
719,453,2025-03-08,Delivered,Mobile
720,707,2025-04-14,Delivered,Mobile
721,994,2025-05-09,Returned,Mobile
722,185,2025-01-27,Processing,Alexa
723,592,2025-09-17,Delivered,Alexa
724,47,2025-09-12,Delivered,Alexa
725,425,2025-08-06,Cancelled,Alexa
726,570,2025-09-19,Processing,Alexa
727,914,2025-12-22,Shipped,Web
728,29,2025-01-23,Shipped,Web
729,448,2025-02-14,Cancelled,Alexa
730,823,2025-06-16,Cancelled,Alexa
731,103,2025-02-25,Cancelled,Alexa
732,617,2025-08-10,Returned,Web
733,518,2025-08-30,Returned,Mobile
734,167,2025-03-27,Shipped,Web
735,919,2025-12-02,Delivered,Mobile
736,416,2025-12-29,Cancelled,Web
737,692,2025-07-14,Returned,Web
738,694,2025-11-15,Processing,Web
739,804,2025-10-30,Shipped,Alexa
740,12,2025-06-20,Cancelled,Alexa
741,971,2025-02-19,Processing,Mobile
742,124,2025-05-04,Processing,Web
743,616,2025-05-09,Delivered,Web
744,457,2025-06-18,Cancelled,Mobile
745,426,2025-01-24,Shipped,Web
746,212,2025-03-06,Processing,Web
747,412,2025-04-26,Returned,Mobile
748,731,2025-10-04,Shipped,Mobile
749,436,2025-07-19,Shipped,Web
750,804,2025-10-27,Delivered,Web
751,153,2025-05-31,Returned,Alexa
752,251,2025-11-11,Cancelled,Alexa
753,563,2025-01-11,Returned,Web
754,42,2025-12-10,Delivered,Alexa
755,657,2025-03-27,Cancelled,Web
756,882,2025-09-21,Processing,Alexa
757,905,2025-10-20,Shipped,Alexa
758,465,2025-06-13,Cancelled,Alexa
759,497,2025-07-24,Returned,Mobile
760,733,2025-12-06,Shipped,Web
761,660,2025-05-15,Cancelled,Alexa
762,285,2025-12-14,Returned,Web
763,806,2025-10-19,Shipped,Web
764,609,2025-06-05,Returned,Web
765,255,2025-02-17,Delivered,Mobile
766,911,2025-03-24,Delivered,Mobile
767,196,2025-09-11,Returned,Alexa
768,54,2025-08-14,Returned,Alexa
769,810,2025-09-20,Returned,Mobile
770,96,2025-05-24,Returned,Mobile
771,506,2025-08-10,Processing,Mobile
772,351,2025-07-19,Delivered,Mobile
773,307,2025-10-18,Returned,Mobile
774,43,2025-11-11,Cancelled,Mobile
775,745,2025-08-31,Processing,Mobile
776,970,2025-09-11,Shipped,Web
777,377,2025-12-02,Processing,Web
778,784,2025-06-09,Returned,Web
779,966,2025-03-28,Shipped,Alexa
780,551,2025-04-15,Cancelled,Web
781,54,2025-09-05,Delivered,Alexa
782,805,2025-07-27,Cancelled,Alexa
783,898,2025-07-23,Cancelled,Mobile
784,18,2025-06-16,Processing,Alexa
785,354,2025-09-15,Delivered,Mobile
786,320,2025-05-01,Returned,Mobile
787,992,2025-06-17,Cancelled,Web
788,738,2025-10-20,Shipped,Mobile
789,33,2025-06-05,Processing,Alexa
790,548,2025-11-24,Shipped,Alexa
791,845,2025-11-10,Processing,Alexa
792,570,2025-04-23,Shipped,Mobile
793,958,2025-07-04,Cancelled,Web
794,972,2025-03-07,Delivered,Web
795,7,2025-01-22,Cancelled,Mobile
796,96,2025-03-12,Returned,Mobile
797,102,2025-11-26,Delivered,Mobile
798,936,2025-08-05,Delivered,Mobile
799,239,2025-12-20,Cancelled,Mobile
800,488,2025-08-25,Processing,Mobile
801,173,2025-04-24,Returned,Mobile
802,817,2025-11-03,Shipped,Alexa
803,499,2025-05-15,Cancelled,Mobile
804,207,2025-10-30,Cancelled,Mobile
805,223,2025-08-16,Delivered,Web
806,129,2025-12-06,Shipped,Mobile
807,489,2025-11-18,Returned,Alexa
808,202,2025-03-06,Cancelled,Alexa
809,393,2025-11-17,Delivered,Web
810,447,2025-09-30,Returned,Alexa
811,572,2025-05-09,Returned,Alexa
812,848,2025-08-09,Processing,Web
813,430,2025-07-03,Returned,Alexa
814,27,2025-04-25,Shipped,Web
815,111,2025-03-30,Delivered,Mobile
816,708,2025-04-16,Returned,Mobile
817,486,2025-04-22,Cancelled,Mobile
818,354,2025-07-24,Delivered,Alexa
819,782,2025-08-31,Returned,Mobile
820,655,2025-07-23,Shipped,Mobile
821,289,2025-08-03,Shipped,Web
822,210,2025-03-23,Delivered,Alexa
823,880,2025-12-07,Shipped,Mobile
824,198,2025-06-12,Returned,Mobile
825,511,2025-02-24,Shipped,Alexa
826,994,2025-03-04,Cancelled,Web
827,244,2025-01-22,Processing,Web
828,242,2025-03-19,Processing,Mobile
829,686,2025-08-24,Cancelled,Web
830,236,2025-01-13,Shipped,Mobile
831,894,2025-01-09,Processing,Web
832,330,2025-08-14,Cancelled,Web
833,146,2025-03-07,Returned,Web
834,550,2025-01-22,Cancelled,Mobile
835,735,2025-07-29,Shipped,Web
836,670,2025-07-31,Shipped,Mobile
837,101,2025-02-13,Shipped,Alexa
838,361,2025-09-13,Cancelled,Mobile
839,795,2025-05-05,Delivered,Alexa
840,856,2025-06-28,Cancelled,Mobile
841,970,2025-04-16,Processing,Alexa
842,730,2025-02-01,Returned,Web
843,842,2025-07-07,Returned,Alexa
844,193,2025-12-06,Cancelled,Mobile
845,2,2025-09-15,Shipped,Mobile
846,580,2025-01-28,Shipped,Web
847,239,2025-02-17,Delivered,Web
848,299,2025-09-09,Returned,Mobile
849,662,2025-05-07,Shipped,Mobile
850,689,2025-09-15,Cancelled,Alexa
851,200,2025-05-07,Returned,Web
852,841,2025-04-22,Processing,Mobile
853,771,2025-04-18,Delivered,Alexa
854,924,2025-01-27,Processing,Alexa
855,513,2025-12-23,Delivered,Alexa
856,529,2025-04-05,Cancelled,Mobile
857,934,2025-07-24,Shipped,Alexa
858,839,2025-11-07,Processing,Web
859,284,2025-07-28,Returned,Mobile
860,445,2025-09-06,Processing,Web
861,406,2025-02-22,Delivered,Mobile
862,572,2025-01-24,Delivered,Web
863,761,2025-04-19,Cancelled,Alexa
864,502,2025-09-09,Delivered,Alexa
865,741,2025-08-08,Returned,Alexa
866,154,2025-01-29,Cancelled,Web
867,601,2025-09-11,Cancelled,Web
868,563,2025-06-08,Cancelled,Alexa
869,849,2025-01-04,Returned,Alexa
870,964,2025-05-28,Shipped,Mobile
871,142,2025-07-01,Returned,Mobile
872,536,2025-07-14,Cancelled,Alexa
873,492,2025-06-24,Shipped,Web
874,421,2025-05-17,Cancelled,Alexa
875,128,2025-10-09,Returned,Alexa
876,706,2025-08-23,Shipped,Web
877,593,2025-10-30,Shipped,Alexa
878,779,2025-09-08,Returned,Mobile
879,498,2025-07-07,Delivered,Alexa
880,240,2025-12-19,Returned,Web
881,567,2025-04-18,Shipped,Alexa
882,596,2025-05-01,Processing,Alexa
883,264,2025-01-21,Shipped,Alexa
884,388,2025-06-27,Processing,Mobile
885,901,2025-11-15,Processing,Alexa
886,978,2025-10-22,Processing,Mobile
887,438,2025-06-03,Delivered,Alexa
888,181,2025-06-09,Delivered,Web
889,320,2025-03-14,Cancelled,Alexa
890,341,2025-07-06,Processing,Web
891,166,2025-01-31,Cancelled,Alexa
892,818,2025-10-13,Shipped,Alexa
893,905,2025-03-27,Cancelled,Alexa
894,521,2025-01-08,Delivered,Alexa
895,38,2025-07-16,Delivered,Web
896,303,2025-03-01,Processing,Web
897,191,2025-06-20,Cancelled,Mobile
898,205,2025-01-10,Processing,Alexa
899,459,2025-07-05,Processing,Mobile
900,754,2025-02-01,Processing,Web
901,810,2025-06-07,Returned,Mobile
902,889,2025-12-23,Delivered,Web
903,282,2025-10-12,Shipped,Web
904,223,2025-11-25,Returned,Alexa
905,272,2025-07-20,Shipped,Mobile
906,914,2025-10-05,Processing,Alexa
907,788,2025-09-23,Shipped,Mobile
908,605,2025-07-27,Delivered,Mobile
909,707,2025-07-31,Delivered,Alexa
910,188,2025-12-04,Processing,Web
911,557,2025-02-12,Delivered,Web
912,10,2025-11-16,Processing,Mobile
913,652,2025-02-09,Returned,Mobile
914,178,2025-01-06,Processing,Web
915,479,2025-09-19,Delivered,Alexa
916,653,2025-02-12,Shipped,Alexa
917,838,2025-11-30,Delivered,Alexa
918,572,2025-07-21,Returned,Web
919,764,2025-07-22,Cancelled,Mobile
920,419,2025-07-28,Processing,Web
921,606,2025-06-28,Cancelled,Web
922,640,2025-11-27,Processing,Web
923,264,2025-03-18,Delivered,Alexa
924,252,2025-06-26,Delivered,Alexa
925,571,2025-03-03,Delivered,Alexa
926,886,2025-10-24,Returned,Web
927,609,2025-12-05,Delivered,Alexa
928,218,2025-10-17,Shipped,Alexa
929,451,2025-06-20,Cancelled,Web
930,954,2025-06-01,Cancelled,Alexa
931,842,2025-08-02,Delivered,Mobile
932,813,2025-03-31,Cancelled,Web
933,674,2025-01-13,Cancelled,Alexa
934,314,2025-08-19,Processing,Web
935,839,2025-06-05,Shipped,Mobile
936,839,2025-09-05,Shipped,Web
937,16,2025-03-02,Delivered,Web
938,151,2025-12-30,Returned,Alexa
939,934,2025-07-07,Cancelled,Mobile
940,850,2025-08-11,Returned,Web
941,776,2025-11-11,Shipped,Mobile
942,401,2025-01-30,Delivered,Alexa
943,703,2025-08-11,Cancelled,Web
944,651,2025-05-27,Cancelled,Alexa
945,554,2025-05-21,Returned,Alexa
946,622,2025-09-26,Returned,Web
947,920,2025-06-23,Delivered,Alexa
948,156,2025-04-10,Processing,Alexa
949,535,2025-09-04,Delivered,Alexa
950,869,2025-02-12,Cancelled,Web
951,134,2025-04-10,Shipped,Web
952,498,2025-01-31,Processing,Web
953,573,2025-12-03,Processing,Web
954,714,2025-06-03,Delivered,Mobile
955,669,2025-09-20,Processing,Web
956,222,2025-09-14,Delivered,Mobile
957,746,2025-04-05,Delivered,Alexa
958,953,2025-08-15,Delivered,Alexa
959,461,2025-09-27,Shipped,Web
960,38,2025-12-03,Delivered,Mobile
961,698,2025-11-24,Shipped,Web
962,878,2025-12-13,Shipped,Web
963,880,2025-10-19,Cancelled,Alexa
964,488,2025-01-14,Delivered,Mobile
965,206,2025-09-25,Shipped,Alexa
966,116,2025-08-28,Delivered,Alexa
967,740,2025-12-12,Delivered,Web
968,972,2025-06-12,Shipped,Mobile
969,952,2025-07-10,Processing,Alexa
970,139,2025-07-28,Delivered,Web
971,389,2025-01-22,Delivered,Web
972,914,2025-06-28,Returned,Mobile
973,884,2025-05-01,Cancelled,Mobile
974,460,2025-12-17,Returned,Web
975,451,2025-01-07,Cancelled,Alexa
976,789,2025-08-10,Delivered,Web
977,533,2025-12-15,Processing,Mobile
978,896,2025-09-15,Cancelled,Web
979,444,2025-04-16,Delivered,Web
980,126,2025-12-16,Delivered,Alexa
981,927,2025-08-19,Returned,Web
982,554,2025-04-14,Shipped,Mobile
983,233,2025-10-09,Cancelled,Web
984,622,2025-06-03,Shipped,Alexa
985,247,2025-07-11,Cancelled,Alexa
986,587,2025-09-21,Processing,Web
987,150,2025-02-20,Delivered,Mobile
988,372,2025-06-30,Processing,Web
989,402,2025-03-13,Delivered,Mobile
990,84,2025-09-09,Cancelled,Alexa
991,542,2025-11-22,Cancelled,Alexa
992,736,2025-05-26,Shipped,Web
993,351,2025-03-16,Returned,Mobile
994,436,2025-05-04,Processing,Alexa
995,2,2025-04-25,Processing,Mobile
996,49,2025-02-12,Delivered,Alexa
997,818,2025-09-02,Delivered,Mobile
998,342,2025-03-12,Processing,Mobile
999,421,2025-02-02,Delivered,Alexa
1000,806,2025-09-01,Cancelled,Mobile
1001,884,2025-09-16,Delivered,Web
1002,749,2025-09-30,Returned,Web
1003,282,2025-10-08,Cancelled,Mobile
1004,622,2025-06-23,Cancelled,Web
1005,515,2025-08-23,Returned,Alexa
1006,540,2025-12-25,Shipped,Alexa
1007,39,2025-12-11,Processing,Alexa
1008,774,2025-04-12,Shipped,Web
1009,929,2025-09-02,Delivered,Web
1010,335,2025-10-08,Processing,Alexa
1011,572,2025-01-11,Shipped,Web
1012,83,2025-11-30,Returned,Web
1013,458,2025-02-13,Returned,Mobile
1014,920,2025-08-27,Returned,Web
1015,359,2025-09-11,Shipped,Mobile
1016,562,2025-08-24,Returned,Alexa
1017,589,2025-09-30,Processing,Web
1018,502,2025-10-22,Cancelled,Mobile
1019,186,2025-06-01,Processing,Alexa
1020,368,2025-04-16,Processing,Web
1021,986,2025-05-08,Processing,Alexa
1022,627,2025-04-08,Shipped,Web
1023,478,2025-05-28,Returned,Web
1024,924,2025-12-10,Returned,Mobile
1025,55,2025-09-29,Delivered,Web
1026,749,2025-01-01,Cancelled,Alexa
1027,916,2025-09-20,Cancelled,Alexa
1028,437,2025-07-18,Returned,Web
1029,495,2025-02-24,Delivered,Alexa
1030,31,2025-01-12,Processing,Web
1031,794,2025-09-13,Processing,Web
1032,728,2025-04-29,Delivered,Alexa
1033,870,2025-12-25,Cancelled,Mobile
1034,23,2025-07-07,Shipped,Mobile
1035,816,2025-11-21,Cancelled,Mobile
1036,272,2025-11-28,Shipped,Alexa
1037,815,2025-03-25,Shipped,Mobile
1038,555,2025-12-03,Processing,Alexa
1039,395,2025-09-17,Cancelled,Web
1040,483,2025-06-15,Processing,Mobile
1041,159,2025-08-29,Delivered,Mobile
1042,443,2025-01-06,Delivered,Web
1043,970,2025-09-21,Processing,Alexa
1044,955,2025-07-08,Processing,Alexa
1045,589,2025-12-16,Delivered,Mobile
1046,379,2025-05-01,Delivered,Web
1047,440,2025-02-28,Delivered,Web
1048,195,2025-03-02,Delivered,Mobile
1049,990,2025-01-04,Cancelled,Mobile
1050,59,2025-11-05,Cancelled,Alexa
1051,88,2025-01-17,Returned,Web
1052,706,2025-11-04,Cancelled,Web
1053,675,2025-02-14,Returned,Web
1054,688,2025-04-16,Returned,Web
1055,528,2025-10-20,Returned,Web
1056,438,2025-07-01,Shipped,Alexa
1057,710,2025-06-22,Returned,Web
1058,718,2025-05-02,Shipped,Web
1059,846,2025-12-15,Delivered,Web
1060,986,2025-10-21,Delivered,Web
1061,720,2025-08-02,Returned,Alexa
1062,160,2025-03-21,Processing,Web
1063,993,2025-02-07,Processing,Mobile
1064,713,2025-06-25,Shipped,Alexa
1065,357,2025-09-15,Delivered,Alexa
1066,713,2025-02-21,Processing,Alexa
1067,305,2025-01-27,Shipped,Web
1068,652,2025-11-08,Processing,Alexa
1069,417,2025-09-09,Processing,Mobile
1070,892,2025-10-29,Processing,Alexa
1071,409,2025-08-10,Processing,Web
1072,923,2025-11-09,Processing,Alexa
1073,110,2025-07-10,Processing,Web
1074,921,2025-08-21,Shipped,Web
1075,620,2025-10-24,Delivered,Web
1076,220,2025-01-30,Processing,Mobile
1077,798,2025-04-01,Delivered,Web
1078,814,2025-09-24,Processing,Web
1079,25,2025-02-08,Cancelled,Alexa
1080,991,2025-04-24,Delivered,Web
1081,229,2025-06-08,Processing,Web
1082,960,2025-04-07,Cancelled,Mobile
1083,55,2025-12-07,Processing,Web
1084,54,2025-03-10,Processing,Alexa
1085,325,2025-01-11,Cancelled,Web
1086,594,2025-11-04,Delivered,Web
1087,14,2025-06-18,Processing,Alexa
1088,106,2025-09-05,Processing,Web
1089,600,2025-08-28,Shipped,Alexa
1090,434,2025-07-01,Delivered,Web
1091,771,2025-03-21,Shipped,Alexa
1092,691,2025-06-06,Processing,Mobile
1093,311,2025-08-23,Processing,Web
1094,819,2025-12-22,Shipped,Web
1095,454,2025-05-08,Delivered,Mobile
1096,165,2025-12-21,Cancelled,Web
1097,679,2025-03-12,Returned,Alexa
1098,948,2025-05-02,Delivered,Mobile
1099,361,2025-09-16,Shipped,Web
1100,599,2025-12-24,Cancelled,Alexa
1101,138,2025-04-22,Cancelled,Mobile
1102,569,2025-08-02,Returned,Web
1103,799,2025-09-18,Cancelled,Alexa
1104,52,2025-11-14,Processing,Mobile
1105,244,2025-08-22,Delivered,Web
1106,632,2025-10-06,Processing,Mobile
1107,14,2025-03-12,Delivered,Mobile
1108,492,2025-12-24,Processing,Mobile
1109,781,2025-07-09,Processing,Mobile
1110,23,2025-02-19,Delivered,Alexa
1111,328,2025-12-31,Returned,Alexa
1112,442,2025-10-01,Processing,Alexa
1113,732,2025-04-21,Delivered,Mobile
1114,933,2025-06-24,Shipped,Mobile
1115,416,2025-12-01,Returned,Web
1116,950,2025-06-16,Processing,Mobile
1117,781,2025-01-22,Shipped,Mobile
1118,881,2025-06-13,Returned,Alexa
1119,503,2025-06-27,Returned,Mobile
1120,455,2025-01-26,Cancelled,Alexa
1121,670,2025-05-17,Shipped,Alexa
1122,182,2025-12-18,Cancelled,Alexa
1123,735,2025-04-14,Cancelled,Mobile
1124,444,2025-04-01,Processing,Mobile
1125,874,2025-01-28,Shipped,Mobile
1126,12,2025-09-14,Delivered,Alexa
1127,146,2025-04-20,Delivered,Web
1128,561,2025-01-08,Delivered,Web
1129,633,2025-08-10,Cancelled,Alexa
1130,650,2025-02-03,Cancelled,Alexa
1131,721,2025-05-13,Shipped,Web
1132,187,2025-09-17,Processing,Web
1133,429,2025-07-17,Shipped,Web
1134,76,2025-09-23,Shipped,Alexa
1135,180,2025-09-05,Shipped,Alexa
1136,979,2025-08-19,Shipped,Alexa
1137,782,2025-02-25,Shipped,Mobile
1138,830,2025-07-07,Returned,Alexa
1139,607,2025-12-13,Returned,Alexa
1140,595,2025-04-15,Delivered,Alexa
1141,397,2025-04-05,Cancelled,Alexa
1142,60,2025-12-27,Shipped,Mobile
1143,306,2025-07-06,Cancelled,Web
1144,494,2025-10-25,Returned,Web
1145,360,2025-12-29,Cancelled,Mobile
1146,656,2025-09-19,Cancelled,Alexa
1147,568,2025-11-01,Cancelled,Alexa
1148,885,2025-07-30,Cancelled,Web
1149,234,2025-07-24,Shipped,Mobile
1150,686,2025-07-16,Shipped,Web
1151,922,2025-08-22,Delivered,Mobile
1152,265,2025-04-22,Returned,Alexa
1153,379,2025-11-18,Delivered,Web
1154,235,2025-02-28,Cancelled,Alexa
1155,752,2025-12-16,Cancelled,Alexa
1156,357,2025-06-07,Processing,Mobile
1157,600,2025-11-11,Delivered,Alexa
1158,126,2025-11-29,Shipped,Alexa
1159,158,2025-04-25,Processing,Web
1160,443,2025-12-29,Cancelled,Web
1161,638,2025-12-13,Delivered,Web
1162,213,2025-12-28,Delivered,Alexa
1163,629,2025-12-25,Delivered,Mobile
1164,519,2025-08-15,Shipped,Mobile
1165,895,2025-05-05,Shipped,Web
1166,543,2025-02-18,Processing,Alexa
1167,757,2025-12-16,Delivered,Mobile
1168,343,2025-01-23,Returned,Alexa
1169,88,2025-06-30,Processing,Mobile
1170,217,2025-12-07,Delivered,Mobile
1171,425,2025-04-01,Delivered,Alexa
1172,497,2025-10-11,Shipped,Web
1173,959,2025-05-20,Returned,Alexa
1174,554,2025-10-16,Shipped,Mobile
1175,66,2025-11-10,Returned,Alexa
1176,614,2025-04-08,Processing,Alexa
1177,572,2025-05-11,Shipped,Alexa
1178,642,2025-03-19,Returned,Alexa
1179,453,2025-01-16,Processing,Web
1180,945,2025-07-25,Processing,Alexa
1181,115,2025-08-24,Shipped,Mobile
1182,397,2025-07-01,Processing,Web
1183,439,2025-03-18,Processing,Alexa
1184,129,2025-07-06,Cancelled,Mobile
1185,845,2025-02-19,Delivered,Web
1186,429,2025-09-18,Returned,Alexa
1187,982,2025-12-03,Delivered,Alexa
1188,264,2025-09-04,Returned,Mobile
1189,319,2025-10-14,Delivered,Web
1190,286,2025-05-06,Processing,Mobile
1191,85,2025-03-03,Shipped,Mobile
1192,747,2025-09-12,Processing,Mobile
1193,379,2025-08-26,Cancelled,Alexa
1194,970,2025-08-08,Shipped,Mobile
1195,863,2025-01-05,Cancelled,Mobile
1196,641,2025-02-15,Cancelled,Web
1197,703,2025-09-18,Cancelled,Web
1198,73,2025-10-28,Cancelled,Mobile
1199,946,2025-02-24,Cancelled,Mobile
1200,950,2025-06-10,Delivered,Web
1201,287,2025-12-26,Cancelled,Web
1202,758,2025-05-22,Delivered,Alexa
1203,895,2025-11-15,Returned,Alexa
1204,635,2025-03-02,Delivered,Mobile
1205,771,2025-09-11,Delivered,Web
1206,787,2025-06-09,Cancelled,Alexa
1207,824,2025-01-29,Shipped,Alexa
1208,161,2025-01-19,Delivered,Mobile
1209,462,2025-11-25,Cancelled,Web
1210,902,2025-03-09,Processing,Mobile
1211,716,2025-11-18,Returned,Mobile
1212,301,2025-03-25,Processing,Mobile
1213,776,2025-12-13,Cancelled,Alexa
1214,36,2025-06-17,Returned,Mobile
1215,616,2025-03-29,Returned,Web
1216,532,2025-08-30,Cancelled,Mobile
1217,723,2025-01-20,Cancelled,Alexa
1218,689,2025-08-05,Delivered,Web
1219,444,2025-07-20,Delivered,Alexa
1220,469,2025-06-03,Cancelled,Alexa
1221,906,2025-03-25,Returned,Web
1222,983,2025-02-21,Shipped,Mobile
1223,712,2025-04-24,Returned,Web
1224,623,2025-05-10,Cancelled,Mobile
1225,192,2025-04-23,Processing,Mobile
1226,872,2025-04-27,Shipped,Mobile
1227,531,2025-12-12,Shipped,Alexa
1228,474,2025-12-27,Cancelled,Web
1229,497,2025-02-06,Delivered,Mobile
1230,612,2025-07-16,Delivered,Alexa
1231,114,2025-01-07,Cancelled,Web
1232,442,2025-06-18,Cancelled,Web
1233,81,2025-03-04,Processing,Web
1234,758,2025-04-06,Returned,Web
1235,954,2025-06-14,Processing,Alexa
1236,451,2025-03-21,Shipped,Alexa
1237,545,2025-09-07,Processing,Mobile
1238,332,2025-08-29,Shipped,Alexa
1239,527,2025-11-15,Processing,Web
1240,858,2025-09-02,Shipped,Web
1241,370,2025-01-24,Returned,Alexa
1242,375,2025-11-20,Cancelled,Mobile
1243,750,2025-07-12,Shipped,Web
1244,504,2025-07-29,Cancelled,Mobile
1245,417,2025-10-11,Delivered,Mobile
1246,758,2025-08-04,Returned,Web
1247,625,2025-10-05,Returned,Alexa
1248,677,2025-02-10,Processing,Alexa
1249,349,2025-08-23,Processing,Mobile
1250,473,2025-10-28,Processing,Mobile
1251,761,2025-08-16,Returned,Alexa
1252,865,2025-04-08,Processing,Mobile
1253,289,2025-03-30,Cancelled,Alexa
1254,6,2025-01-05,Processing,Web
1255,971,2025-01-21,Returned,Mobile
1256,267,2025-03-24,Cancelled,Web
1257,662,2025-11-18,Processing,Web
1258,75,2025-04-02,Shipped,Mobile
1259,801,2025-02-12,Cancelled,Web
1260,301,2025-12-26,Returned,Mobile
1261,864,2025-03-15,Shipped,Mobile
1262,343,2025-02-03,Returned,Alexa
1263,336,2025-08-19,Returned,Mobile
1264,981,2025-08-30,Shipped,Mobile
1265,535,2025-09-23,Processing,Alexa
1266,938,2025-11-08,Processing,Alexa
1267,571,2025-03-10,Delivered,Mobile
1268,784,2025-12-04,Shipped,Alexa
1269,229,2025-01-20,Cancelled,Web
1270,443,2025-08-12,Processing,Mobile
1271,235,2025-04-30,Returned,Web
1272,69,2025-10-09,Returned,Web
1273,169,2025-12-29,Returned,Web
1274,810,2025-03-28,Shipped,Alexa
1275,691,2025-01-20,Processing,Web
1276,26,2025-02-04,Cancelled,Mobile
1277,847,2025-08-11,Cancelled,Mobile
1278,658,2025-12-02,Delivered,Web
1279,386,2025-04-29,Shipped,Web
1280,235,2025-12-29,Cancelled,Mobile
1281,288,2025-02-17,Returned,Alexa
1282,340,2025-06-28,Cancelled,Alexa
1283,695,2025-09-30,Processing,Mobile
1284,775,2025-04-30,Returned,Web
1285,235,2025-08-06,Returned,Mobile
1286,85,2025-10-03,Cancelled,Web
1287,801,2025-10-08,Returned,Alexa
1288,585,2025-08-04,Returned,Mobile
1289,417,2025-11-16,Shipped,Web
1290,120,2025-07-22,Delivered,Web
1291,652,2025-07-26,Delivered,Web
1292,918,2025-09-08,Returned,Mobile
1293,835,2025-05-06,Processing,Web
1294,739,2025-10-07,Cancelled,Mobile
1295,244,2025-08-25,Processing,Web
1296,695,2025-04-29,Shipped,Web
1297,101,2025-12-23,Processing,Alexa
1298,710,2025-11-06,Cancelled,Alexa
1299,538,2025-09-03,Returned,Alexa
1300,782,2025-12-17,Cancelled,Mobile
1301,957,2025-05-21,Shipped,Web
1302,952,2025-09-11,Processing,Mobile
1303,624,2025-02-24,Returned,Alexa
1304,138,2025-06-04,Cancelled,Alexa
1305,668,2025-08-22,Processing,Web
1306,173,2025-04-09,Shipped,Mobile
1307,856,2025-04-08,Shipped,Web
1308,121,2025-07-07,Delivered,Alexa
1309,388,2025-03-17,Delivered,Alexa
1310,288,2025-08-26,Processing,Web
1311,609,2025-07-12,Delivered,Mobile
1312,70,2025-12-30,Returned,Mobile
1313,290,2025-03-01,Cancelled,Mobile
1314,117,2025-08-09,Returned,Web
1315,797,2025-07-25,Cancelled,Web
1316,972,2025-09-18,Delivered,Alexa
1317,457,2025-07-24,Delivered,Web
1318,114,2025-08-24,Processing,Mobile
1319,793,2025-10-25,Processing,Mobile
1320,157,2025-09-11,Returned,Mobile
1321,992,2025-03-25,Delivered,Alexa
1322,702,2025-11-20,Returned,Web
1323,702,2025-02-05,Returned,Alexa
1324,779,2025-07-13,Cancelled,Alexa
1325,372,2025-06-25,Returned,Web
1326,275,2025-12-21,Cancelled,Mobile
1327,231,2025-04-11,Shipped,Alexa
1328,812,2025-01-31,Shipped,Alexa
1329,897,2025-04-01,Processing,Mobile
1330,710,2025-06-07,Delivered,Alexa
1331,107,2025-04-09,Delivered,Web
1332,168,2025-11-19,Cancelled,Mobile
1333,557,2025-11-26,Cancelled,Alexa
1334,503,2025-01-19,Cancelled,Alexa
1335,525,2025-06-26,Cancelled,Web
1336,325,2025-02-02,Delivered,Alexa
1337,28,2025-04-22,Returned,Mobile
1338,377,2025-08-19,Processing,Alexa
1339,443,2025-01-14,Processing,Mobile
1340,31,2025-03-13,Delivered,Alexa
1341,647,2025-04-07,Processing,Web
1342,852,2025-10-11,Returned,Alexa
1343,232,2025-12-06,Returned,Web
1344,800,2025-09-24,Processing,Alexa
1345,873,2025-12-12,Delivered,Alexa
1346,596,2025-01-07,Processing,Mobile
1347,928,2025-10-02,Cancelled,Mobile
1348,230,2025-06-06,Cancelled,Mobile
1349,930,2025-04-23,Shipped,Alexa
1350,106,2025-02-15,Returned,Alexa
1351,170,2025-02-27,Processing,Web
1352,199,2025-10-19,Cancelled,Alexa
1353,783,2025-08-20,Processing,Mobile
1354,369,2025-12-31,Cancelled,Mobile
1355,965,2025-08-17,Cancelled,Alexa
1356,603,2025-04-01,Shipped,Web
1357,540,2025-09-12,Shipped,Mobile
1358,55,2025-12-17,Processing,Alexa
1359,954,2025-03-07,Cancelled,Web
1360,483,2025-02-13,Shipped,Alexa
1361,286,2025-06-17,Returned,Mobile
1362,432,2025-03-05,Processing,Alexa
1363,410,2025-05-07,Returned,Alexa
1364,844,2025-04-06,Returned,Alexa
1365,741,2025-07-05,Delivered,Alexa
1366,45,2025-03-12,Cancelled,Web
1367,126,2025-07-21,Returned,Mobile
1368,778,2025-03-14,Delivered,Alexa
1369,31,2025-12-15,Delivered,Web
1370,525,2025-04-19,Delivered,Web
1371,861,2025-07-16,Returned,Web
1372,739,2025-08-21,Cancelled,Web
1373,635,2025-12-19,Delivered,Mobile
1374,299,2025-02-24,Delivered,Alexa
1375,632,2025-04-15,Shipped,Mobile
1376,873,2025-08-25,Delivered,Alexa
1377,267,2025-08-15,Shipped,Mobile
1378,126,2025-01-01,Returned,Alexa
1379,259,2025-08-05,Shipped,Alexa
1380,386,2025-12-29,Delivered,Web
1381,244,2025-03-11,Cancelled,Alexa
1382,3,2025-06-28,Shipped,Alexa
1383,709,2025-02-07,Delivered,Web
1384,974,2025-05-03,Shipped,Alexa
1385,677,2025-08-21,Cancelled,Alexa
1386,376,2025-04-22,Returned,Alexa
1387,905,2025-05-29,Returned,Mobile
1388,275,2025-08-28,Cancelled,Alexa
1389,957,2025-11-20,Shipped,Web
1390,95,2025-11-11,Returned,Mobile
1391,970,2025-11-26,Returned,Mobile
1392,46,2025-07-30,Cancelled,Web
1393,257,2025-10-05,Processing,Alexa
1394,116,2025-04-02,Delivered,Alexa
1395,60,2025-01-16,Processing,Alexa
1396,706,2025-09-09,Returned,Alexa
1397,862,2025-06-04,Shipped,Mobile
1398,25,2025-02-02,Delivered,Alexa
1399,24,2025-10-07,Delivered,Web
1400,604,2025-04-14,Delivered,Web
1401,251,2025-03-09,Shipped,Mobile
1402,83,2025-01-28,Processing,Alexa
1403,149,2025-04-23,Cancelled,Mobile
1404,947,2025-05-17,Delivered,Mobile
1405,480,2025-09-19,Processing,Alexa
1406,181,2025-04-22,Delivered,Alexa
1407,647,2025-01-27,Delivered,Alexa
1408,435,2025-01-02,Shipped,Web
1409,653,2025-05-04,Shipped,Mobile
1410,930,2025-09-24,Processing,Alexa
1411,187,2025-11-04,Delivered,Alexa
1412,862,2025-07-31,Cancelled,Web
1413,811,2025-12-23,Shipped,Alexa
1414,449,2025-06-12,Shipped,Mobile
1415,91,2025-05-16,Shipped,Alexa
1416,845,2025-11-06,Returned,Web
1417,323,2025-07-19,Delivered,Web
1418,613,2025-02-06,Shipped,Web
1419,609,2025-07-27,Returned,Mobile
1420,195,2025-06-29,Shipped,Web
1421,527,2025-10-13,Shipped,Mobile
1422,766,2025-08-12,Delivered,Web
1423,935,2025-07-08,Processing,Mobile
1424,472,2025-11-02,Processing,Mobile
1425,806,2025-04-09,Cancelled,Alexa
1426,905,2025-12-06,Shipped,Web
1427,352,2025-01-02,Cancelled,Mobile
1428,835,2025-03-15,Delivered,Alexa
1429,929,2025-04-01,Delivered,Web
1430,597,2025-06-30,Processing,Mobile
1431,835,2025-11-03,Processing,Web
1432,397,2025-08-28,Cancelled,Mobile
1433,90,2025-02-17,Shipped,Mobile
1434,485,2025-09-19,Cancelled,Alexa
1435,855,2025-04-25,Processing,Mobile
1436,724,2025-07-29,Returned,Web
1437,355,2025-05-09,Shipped,Mobile
1438,937,2025-02-03,Delivered,Mobile
1439,442,2025-09-12,Shipped,Web
1440,693,2025-05-02,Delivered,Web
1441,859,2025-03-19,Returned,Web
1442,379,2025-02-03,Cancelled,Web
1443,958,2025-11-20,Cancelled,Mobile
1444,428,2025-10-12,Delivered,Web
1445,240,2025-05-16,Delivered,Web
1446,689,2025-03-04,Cancelled,Web
1447,473,2025-08-25,Cancelled,Alexa
1448,709,2025-11-19,Cancelled,Web
1449,112,2025-12-18,Delivered,Web
1450,393,2025-10-05,Returned,Alexa
1451,523,2025-07-04,Delivered,Mobile
1452,960,2025-02-24,Returned,Alexa
1453,18,2025-12-02,Delivered,Alexa
1454,713,2025-01-13,Returned,Mobile
1455,487,2025-12-28,Shipped,Alexa
1456,587,2025-05-04,Shipped,Web
1457,466,2025-06-27,Processing,Mobile
1458,69,2025-07-19,Returned,Mobile
1459,93,2025-08-23,Returned,Mobile
1460,457,2025-06-15,Returned,Web
1461,506,2025-08-12,Delivered,Web
1462,873,2025-01-24,Processing,Web
1463,831,2025-01-13,Delivered,Mobile
1464,943,2025-10-06,Shipped,Alexa
1465,413,2025-11-12,Processing,Mobile
1466,101,2025-05-10,Delivered,Alexa
1467,249,2025-11-30,Delivered,Mobile
1468,967,2025-01-16,Delivered,Web
1469,40,2025-04-09,Delivered,Alexa
1470,399,2025-05-28,Delivered,Web
1471,289,2025-06-10,Cancelled,Web
1472,944,2025-08-13,Delivered,Mobile
1473,568,2025-03-30,Delivered,Mobile
1474,238,2025-06-05,Shipped,Mobile
1475,314,2025-05-26,Shipped,Web
1476,283,2025-02-05,Delivered,Mobile
1477,298,2025-04-30,Delivered,Alexa
1478,201,2025-08-15,Cancelled,Mobile
1479,885,2025-03-06,Cancelled,Web
1480,670,2025-09-07,Processing,Alexa
1481,957,2025-02-12,Shipped,Alexa
1482,491,2025-03-28,Returned,Web
1483,453,2025-08-06,Shipped,Mobile
1484,438,2025-01-31,Processing,Mobile
1485,566,2025-10-16,Cancelled,Alexa
1486,158,2025-10-17,Cancelled,Mobile
1487,425,2025-05-23,Returned,Web
1488,899,2025-12-04,Processing,Web
1489,576,2025-10-15,Returned,Web
1490,781,2025-05-09,Returned,Alexa
1491,872,2025-05-10,Delivered,Alexa
1492,593,2025-07-16,Delivered,Web
1493,12,2025-07-04,Processing,Mobile
1494,335,2025-06-24,Returned,Alexa
1495,775,2025-09-12,Cancelled,Mobile
1496,552,2025-07-28,Cancelled,Web
1497,427,2025-05-15,Processing,Web
1498,776,2025-06-30,Shipped,Alexa
1499,600,2025-07-10,Delivered,Web
1500,111,2025-12-08,Shipped,Alexa
1501,364,2025-04-13,Returned,Mobile
1502,760,2025-12-29,Cancelled,Mobile
1503,916,2025-05-28,Cancelled,Mobile
1504,311,2025-01-17,Delivered,Mobile
1505,43,2025-05-04,Cancelled,Web
1506,823,2025-08-30,Delivered,Web
1507,536,2025-10-12,Shipped,Web
1508,161,2025-01-30,Returned,Alexa
1509,414,2025-09-19,Cancelled,Web
1510,547,2025-04-10,Cancelled,Web
1511,921,2025-02-23,Cancelled,Alexa
1512,863,2025-12-21,Cancelled,Alexa
1513,313,2025-09-17,Delivered,Web
1514,637,2025-08-27,Returned,Mobile
1515,710,2025-09-03,Cancelled,Alexa
1516,761,2025-07-05,Shipped,Alexa
1517,165,2025-02-26,Delivered,Alexa
1518,867,2025-01-09,Shipped,Web
1519,556,2025-05-18,Processing,Alexa
1520,862,2025-03-07,Processing,Alexa
1521,177,2025-03-15,Processing,Web
1522,937,2025-09-18,Shipped,Alexa
1523,107,2025-11-30,Processing,Alexa
1524,849,2025-09-05,Returned,Alexa
1525,34,2025-01-26,Cancelled,Web
1526,863,2025-04-10,Delivered,Alexa
1527,826,2025-02-22,Shipped,Alexa
1528,366,2025-08-12,Delivered,Alexa
1529,684,2025-07-30,Shipped,Web
1530,402,2025-11-16,Returned,Web
1531,187,2025-10-17,Shipped,Mobile
1532,839,2025-09-19,Delivered,Alexa
1533,510,2025-03-07,Processing,Web
1534,379,2025-12-03,Processing,Alexa
1535,968,2025-04-17,Shipped,Web
1536,45,2025-05-31,Cancelled,Alexa
1537,543,2025-09-16,Returned,Web
1538,310,2025-05-14,Processing,Mobile
1539,309,2025-10-29,Returned,Web
1540,639,2025-12-02,Shipped,Mobile
1541,348,2025-11-19,Returned,Web
1542,297,2025-05-24,Shipped,Mobile
1543,851,2025-12-01,Shipped,Web
1544,277,2025-10-07,Delivered,Web
1545,261,2025-08-07,Processing,Web
1546,723,2025-07-01,Returned,Alexa
1547,774,2025-07-13,Cancelled,Web
1548,330,2025-08-01,Returned,Alexa
1549,646,2025-08-17,Returned,Alexa
1550,307,2025-11-26,Processing,Alexa
1551,788,2025-11-21,Delivered,Web
1552,299,2025-07-07,Returned,Mobile
1553,336,2025-05-31,Delivered,Alexa
1554,401,2025-08-01,Returned,Web
1555,276,2025-12-12,Shipped,Web
1556,998,2025-02-05,Cancelled,Web
1557,967,2025-12-02,Returned,Web
1558,568,2025-05-04,Cancelled,Mobile
1559,244,2025-07-06,Returned,Mobile
1560,985,2025-05-27,Returned,Alexa
1561,935,2025-10-15,Processing,Mobile
1562,604,2025-04-11,Returned,Alexa
1563,958,2025-05-11,Returned,Alexa
1564,810,2025-12-26,Cancelled,Web
1565,156,2025-10-08,Cancelled,Mobile
1566,266,2025-03-06,Returned,Alexa
1567,232,2025-02-08,Delivered,Web
1568,966,2025-06-04,Shipped,Alexa
1569,148,2025-09-19,Cancelled,Alexa
1570,612,2025-05-28,Cancelled,Web
1571,890,2025-08-16,Delivered,Mobile
1572,428,2025-12-19,Cancelled,Alexa
1573,166,2025-05-23,Shipped,Alexa
1574,326,2025-04-26,Shipped,Web
1575,860,2025-09-30,Processing,Alexa
1576,761,2025-05-13,Shipped,Mobile
1577,200,2025-04-17,Delivered,Web
1578,183,2025-04-28,Shipped,Mobile
1579,567,2025-05-31,Returned,Web
1580,614,2025-11-07,Processing,Alexa
1581,294,2025-09-14,Shipped,Mobile
1582,567,2025-03-09,Processing,Web
1583,477,2025-01-19,Cancelled,Mobile
1584,674,2025-10-19,Returned,Web
1585,62,2025-08-15,Cancelled,Mobile
1586,292,2025-01-25,Shipped,Alexa
1587,563,2025-09-27,Cancelled,Web
1588,684,2025-03-11,Processing,Mobile
1589,57,2025-03-12,Processing,Web
1590,42,2025-06-11,Cancelled,Mobile
1591,670,2025-01-31,Cancelled,Alexa
1592,607,2025-01-29,Cancelled,Mobile
1593,100,2025-05-22,Returned,Mobile
1594,87,2025-11-23,Returned,Mobile
1595,342,2025-02-02,Cancelled,Alexa
1596,137,2025-02-21,Cancelled,Alexa
1597,156,2025-05-21,Shipped,Web
1598,723,2025-10-28,Shipped,Web
1599,928,2025-06-14,Returned,Web
1600,507,2025-09-27,Shipped,Mobile
1601,618,2025-11-02,Delivered,Alexa
1602,252,2025-05-21,Shipped,Web
1603,43,2025-08-21,Returned,Web
1604,861,2025-04-30,Returned,Alexa
1605,161,2025-11-06,Processing,Web
1606,485,2025-04-14,Cancelled,Alexa
1607,40,2025-08-23,Cancelled,Alexa
1608,583,2025-10-29,Returned,Web
1609,536,2025-05-24,Shipped,Mobile
1610,178,2025-09-11,Returned,Mobile
1611,270,2025-07-21,Cancelled,Web
1612,698,2025-12-19,Returned,Web
1613,353,2025-01-27,Shipped,Alexa
1614,641,2025-05-11,Delivered,Mobile
1615,163,2025-12-21,Processing,Web
1616,364,2025-02-06,Delivered,Mobile
1617,155,2025-04-16,Processing,Web
1618,231,2025-09-01,Delivered,Web
1619,193,2025-12-23,Shipped,Mobile
1620,803,2025-06-11,Delivered,Alexa
1621,70,2025-01-20,Shipped,Alexa
1622,428,2025-09-30,Delivered,Mobile
1623,327,2025-04-21,Cancelled,Web
1624,61,2025-06-12,Delivered,Web
1625,710,2025-09-27,Cancelled,Alexa
1626,646,2025-04-01,Delivered,Mobile
1627,158,2025-11-25,Delivered,Alexa
1628,96,2025-02-27,Cancelled,Web
1629,979,2025-05-14,Cancelled,Alexa
1630,652,2025-06-22,Cancelled,Web
1631,483,2025-11-29,Shipped,Alexa
1632,225,2025-01-04,Processing,Web
1633,905,2025-11-30,Delivered,Alexa
1634,614,2025-01-05,Returned,Web
1635,250,2025-06-11,Cancelled,Mobile
1636,835,2025-06-13,Delivered,Web
1637,519,2025-04-26,Cancelled,Mobile
1638,310,2025-10-30,Shipped,Web
1639,935,2025-04-15,Delivered,Web
1640,730,2025-11-06,Returned,Web
1641,641,2025-12-04,Returned,Web
1642,401,2025-03-10,Delivered,Alexa
1643,602,2025-04-16,Delivered,Web
1644,400,2025-10-28,Returned,Web
1645,87,2025-07-29,Delivered,Web
1646,715,2025-06-15,Shipped,Mobile
1647,686,2025-10-01,Processing,Mobile
1648,327,2025-12-04,Delivered,Web
1649,910,2025-08-26,Delivered,Mobile
1650,247,2025-04-17,Cancelled,Mobile
1651,900,2025-09-13,Delivered,Alexa
1652,629,2025-06-28,Delivered,Mobile
1653,386,2025-11-18,Returned,Alexa
1654,101,2025-03-20,Cancelled,Alexa
1655,672,2025-10-12,Processing,Web
1656,453,2025-12-29,Delivered,Web
1657,435,2025-10-26,Returned,Alexa
1658,890,2025-11-14,Delivered,Web
1659,223,2025-06-23,Cancelled,Web
1660,360,2025-12-07,Cancelled,Mobile
1661,819,2025-08-04,Cancelled,Web
1662,317,2025-02-12,Cancelled,Web
1663,119,2025-12-26,Shipped,Mobile
1664,15,2025-04-05,Delivered,Web
1665,906,2025-03-26,Returned,Mobile
1666,980,2025-06-07,Shipped,Mobile
1667,194,2025-11-13,Returned,Alexa
1668,924,2025-04-02,Returned,Web
1669,327,2025-01-09,Delivered,Mobile
1670,915,2025-09-27,Processing,Web
1671,606,2025-12-04,Delivered,Mobile
1672,444,2025-04-30,Shipped,Mobile
1673,967,2025-08-21,Delivered,Web
1674,504,2025-07-08,Processing,Web
1675,232,2025-01-21,Returned,Mobile
1676,796,2025-09-11,Processing,Web
1677,624,2025-10-19,Processing,Web
1678,615,2025-02-13,Delivered,Alexa
1679,329,2025-02-04,Returned,Mobile
1680,741,2025-10-20,Cancelled,Web
1681,113,2025-07-15,Returned,Web
1682,263,2025-04-20,Shipped,Web
1683,523,2025-12-01,Shipped,Web
1684,95,2025-05-29,Returned,Mobile
1685,206,2025-12-26,Cancelled,Mobile
1686,331,2025-03-12,Returned,Mobile
1687,953,2025-03-31,Cancelled,Mobile
1688,75,2025-03-02,Shipped,Mobile
1689,804,2025-11-03,Cancelled,Web
1690,57,2025-07-12,Returned,Alexa
1691,540,2025-12-08,Processing,Alexa
1692,372,2025-04-01,Delivered,Alexa
1693,935,2025-09-25,Returned,Web
1694,804,2025-10-30,Returned,Mobile
1695,175,2025-01-24,Processing,Mobile
1696,463,2025-03-10,Returned,Alexa
1697,532,2025-08-29,Shipped,Web
1698,342,2025-02-14,Shipped,Mobile
1699,981,2025-10-10,Processing,Alexa
1700,672,2025-10-29,Cancelled,Web
1701,107,2025-03-13,Delivered,Alexa
1702,672,2025-09-13,Cancelled,Alexa
1703,389,2025-05-22,Delivered,Alexa
1704,319,2025-05-20,Shipped,Alexa
1705,94,2025-03-29,Returned,Web
1706,661,2025-02-23,Shipped,Alexa
1707,656,2025-06-01,Processing,Alexa
1708,892,2025-11-17,Processing,Web
1709,750,2025-03-16,Shipped,Mobile
1710,683,2025-11-05,Shipped,Web
1711,938,2025-10-23,Cancelled,Web
1712,57,2025-10-23,Cancelled,Alexa
1713,805,2025-06-28,Cancelled,Web
1714,33,2025-07-30,Shipped,Mobile
1715,161,2025-02-14,Delivered,Alexa
1716,643,2025-08-10,Cancelled,Alexa
1717,544,2025-06-10,Returned,Alexa
1718,719,2025-06-28,Processing,Web
1719,26,2025-06-18,Returned,Mobile
1720,362,2025-02-25,Cancelled,Mobile
1721,335,2025-11-26,Cancelled,Alexa
1722,125,2025-02-06,Shipped,Mobile
1723,515,2025-03-14,Delivered,Alexa
1724,316,2025-06-30,Processing,Mobile
1725,86,2025-09-13,Delivered,Web
1726,517,2025-05-24,Cancelled,Alexa
1727,24,2025-05-16,Cancelled,Alexa
1728,121,2025-01-29,Cancelled,Mobile
1729,939,2025-11-09,Processing,Web
1730,697,2025-04-20,Shipped,Mobile
1731,740,2025-08-25,Returned,Alexa
1732,532,2025-11-04,Delivered,Mobile
1733,159,2025-09-29,Processing,Mobile
1734,492,2025-10-13,Cancelled,Web
1735,358,2025-01-17,Processing,Web
1736,464,2025-11-14,Shipped,Web
1737,179,2025-02-27,Shipped,Alexa
1738,533,2025-03-18,Shipped,Mobile
1739,919,2025-07-14,Shipped,Alexa
1740,689,2025-07-02,Shipped,Alexa
1741,742,2025-06-10,Shipped,Web
1742,721,2025-12-26,Delivered,Web
1743,986,2025-05-10,Processing,Web
1744,605,2025-05-14,Shipped,Mobile
1745,162,2025-12-31,Returned,Alexa
1746,436,2025-01-27,Returned,Mobile
1747,136,2025-12-29,Processing,Alexa
1748,40,2025-01-19,Processing,Mobile
1749,728,2025-02-08,Returned,Alexa
1750,421,2025-11-29,Returned,Web
1751,770,2025-07-15,Processing,Web
1752,269,2025-11-24,Delivered,Alexa
1753,268,2025-10-19,Delivered,Alexa
1754,780,2025-09-01,Processing,Alexa
1755,86,2025-03-29,Shipped,Web
1756,581,2025-03-26,Shipped,Web
1757,876,2025-03-19,Processing,Alexa
1758,527,2025-12-28,Processing,Alexa
1759,608,2025-09-12,Delivered,Alexa
1760,564,2025-09-24,Cancelled,Mobile
1761,173,2025-07-04,Returned,Web
1762,205,2025-11-15,Shipped,Web
1763,961,2025-11-08,Delivered,Alexa
1764,199,2025-02-19,Cancelled,Web
1765,833,2025-09-27,Delivered,Mobile
1766,316,2025-02-16,Processing,Alexa
1767,993,2025-12-02,Cancelled,Mobile
1768,214,2025-02-17,Delivered,Alexa
1769,320,2025-02-20,Returned,Alexa
1770,210,2025-01-02,Delivered,Mobile
1771,146,2025-02-02,Shipped,Web
1772,400,2025-11-22,Returned,Web
1773,524,2025-02-19,Cancelled,Alexa
1774,631,2025-04-26,Delivered,Web
1775,743,2025-09-07,Shipped,Alexa
1776,111,2025-03-31,Cancelled,Mobile
1777,893,2025-12-08,Returned,Alexa
1778,121,2025-01-22,Shipped,Alexa
1779,412,2025-11-18,Cancelled,Web
1780,925,2025-03-25,Processing,Alexa
1781,981,2025-05-25,Delivered,Mobile
1782,765,2025-01-14,Returned,Alexa
1783,75,2025-08-06,Processing,Web
1784,993,2025-03-27,Returned,Alexa
1785,38,2025-03-11,Shipped,Web
1786,433,2025-01-25,Returned,Mobile
1787,550,2025-07-31,Cancelled,Web
1788,904,2025-03-17,Processing,Web
1789,814,2025-08-15,Processing,Mobile
1790,563,2025-04-02,Delivered,Alexa
1791,108,2025-05-03,Delivered,Alexa
1792,661,2025-06-21,Returned,Mobile
1793,800,2025-01-30,Shipped,Alexa
1794,994,2025-09-30,Cancelled,Web
1795,755,2025-11-29,Processing,Mobile
1796,131,2025-01-02,Cancelled,Mobile
1797,815,2025-09-14,Shipped,Web
1798,930,2025-01-16,Processing,Mobile
1799,431,2025-04-20,Returned,Web
1800,194,2025-07-08,Returned,Web
1801,583,2025-07-09,Cancelled,Alexa
1802,486,2025-03-10,Shipped,Alexa
1803,193,2025-09-07,Processing,Alexa
1804,662,2025-09-15,Cancelled,Alexa
1805,974,2025-05-21,Shipped,Alexa
1806,332,2025-01-02,Cancelled,Alexa
1807,946,2025-07-26,Returned,Mobile
1808,708,2025-09-11,Cancelled,Mobile
1809,199,2025-04-14,Delivered,Alexa
1810,463,2025-06-24,Cancelled,Alexa
1811,376,2025-02-22,Processing,Alexa
1812,988,2025-02-21,Cancelled,Web
1813,484,2025-01-29,Returned,Alexa
1814,989,2025-12-01,Returned,Alexa
1815,11,2025-02-23,Shipped,Alexa
1816,572,2025-02-08,Shipped,Alexa
1817,476,2025-01-28,Shipped,Alexa
1818,794,2025-08-02,Processing,Mobile
1819,4,2025-08-10,Cancelled,Alexa
1820,159,2025-01-27,Shipped,Mobile
1821,629,2025-11-20,Shipped,Mobile
1822,507,2025-04-05,Delivered,Mobile
1823,683,2025-04-23,Delivered,Web
1824,823,2025-03-20,Processing,Web
1825,984,2025-01-20,Returned,Web
1826,514,2025-09-07,Shipped,Mobile
1827,835,2025-01-19,Returned,Web
1828,47,2025-04-29,Delivered,Alexa
1829,379,2025-06-29,Shipped,Web
1830,735,2025-11-18,Cancelled,Alexa
1831,358,2025-08-11,Delivered,Mobile
1832,884,2025-09-04,Cancelled,Alexa
1833,443,2025-02-19,Cancelled,Alexa
1834,882,2025-01-25,Delivered,Mobile
1835,190,2025-11-06,Returned,Mobile
1836,678,2025-04-25,Processing,Mobile
1837,615,2025-01-24,Shipped,Alexa
1838,84,2025-07-12,Cancelled,Web
1839,145,2025-03-11,Cancelled,Alexa
1840,748,2025-05-08,Cancelled,Alexa
1841,350,2025-04-05,Returned,Mobile
1842,851,2025-07-25,Shipped,Web
1843,549,2025-07-20,Cancelled,Alexa
1844,902,2025-10-14,Shipped,Mobile
1845,445,2025-04-20,Processing,Mobile
1846,773,2025-10-08,Shipped,Mobile
1847,703,2025-02-20,Processing,Web
1848,688,2025-03-23,Shipped,Alexa
1849,457,2025-05-31,Delivered,Web
1850,74,2025-02-05,Delivered,Mobile
1851,381,2025-02-15,Returned,Mobile
1852,579,2025-09-26,Shipped,Web
1853,380,2025-05-19,Delivered,Alexa
1854,107,2025-04-26,Shipped,Alexa
1855,35,2025-10-30,Shipped,Alexa
1856,29,2025-07-29,Returned,Mobile
1857,179,2025-04-10,Delivered,Web
1858,496,2025-06-06,Delivered,Mobile
1859,426,2025-03-25,Delivered,Web
1860,192,2025-11-11,Delivered,Mobile
1861,892,2025-05-08,Returned,Mobile
1862,117,2025-01-07,Processing,Mobile
1863,549,2025-10-05,Shipped,Alexa
1864,758,2025-10-23,Cancelled,Alexa
1865,115,2025-06-19,Cancelled,Alexa
1866,748,2025-12-16,Shipped,Mobile
1867,567,2025-07-30,Delivered,Web
1868,756,2025-09-29,Shipped,Alexa
1869,35,2025-04-02,Delivered,Mobile
1870,192,2025-04-29,Delivered,Web
1871,96,2025-09-30,Returned,Web
1872,790,2025-12-06,Returned,Web
1873,338,2025-06-23,Cancelled,Alexa
1874,589,2025-03-14,Cancelled,Web
1875,99,2025-11-18,Cancelled,Alexa
1876,187,2025-02-28,Shipped,Web
1877,340,2025-11-20,Processing,Web
1878,65,2025-10-25,Shipped,Web
1879,52,2025-03-12,Delivered,Web
1880,752,2025-09-19,Shipped,Alexa
1881,809,2025-07-25,Delivered,Web
1882,255,2025-07-19,Delivered,Alexa
1883,707,2025-06-08,Returned,Alexa
1884,922,2025-04-19,Shipped,Mobile
1885,706,2025-05-08,Cancelled,Mobile
1886,707,2025-03-10,Shipped,Mobile
1887,951,2025-12-30,Processing,Web
1888,407,2025-05-25,Cancelled,Web
1889,219,2025-11-27,Delivered,Web
1890,385,2025-01-15,Delivered,Mobile
1891,106,2025-10-03,Returned,Web
1892,985,2025-01-26,Cancelled,Alexa
1893,684,2025-03-06,Shipped,Web
1894,982,2025-10-14,Shipped,Mobile
1895,328,2025-01-18,Shipped,Mobile
1896,198,2025-07-18,Shipped,Web
1897,701,2025-04-09,Shipped,Web
1898,209,2025-01-23,Delivered,Mobile
1899,919,2025-07-22,Shipped,Mobile
1900,110,2025-10-18,Delivered,Web
1901,616,2025-08-05,Shipped,Alexa
1902,800,2025-04-08,Delivered,Alexa
1903,710,2025-12-31,Delivered,Alexa
1904,256,2025-07-19,Returned,Mobile
1905,140,2025-11-20,Returned,Mobile
1906,310,2025-10-17,Returned,Mobile
1907,105,2025-10-23,Shipped,Mobile
1908,646,2025-11-21,Delivered,Alexa
1909,474,2025-10-10,Returned,Web
1910,170,2025-12-22,Shipped,Web
1911,430,2025-08-28,Returned,Web
1912,40,2025-01-15,Returned,Mobile
1913,64,2025-08-26,Cancelled,Web
1914,730,2025-06-28,Returned,Web
1915,142,2025-08-15,Processing,Mobile
1916,27,2025-03-17,Processing,Mobile
1917,286,2025-09-26,Processing,Web
1918,599,2025-08-10,Returned,Alexa
1919,42,2025-03-17,Returned,Web
1920,845,2025-06-13,Returned,Web
1921,514,2025-07-02,Delivered,Alexa
1922,641,2025-01-11,Delivered,Alexa
1923,148,2025-06-04,Delivered,Mobile
1924,201,2025-04-13,Shipped,Alexa
1925,607,2025-12-11,Returned,Mobile
1926,456,2025-05-08,Returned,Web
1927,257,2025-04-17,Shipped,Mobile
1928,754,2025-05-07,Delivered,Web
1929,525,2025-12-14,Shipped,Mobile
1930,180,2025-01-25,Delivered,Alexa
1931,155,2025-12-20,Delivered,Alexa
1932,983,2025-07-05,Cancelled,Alexa
1933,990,2025-02-15,Returned,Alexa
1934,482,2025-06-06,Returned,Web
1935,978,2025-05-20,Cancelled,Web
1936,628,2025-07-07,Shipped,Alexa
1937,86,2025-08-16,Shipped,Alexa
1938,841,2025-12-11,Processing,Alexa
1939,31,2025-07-23,Returned,Mobile
1940,78,2025-03-06,Cancelled,Mobile
1941,169,2025-04-25,Shipped,Web
1942,16,2025-01-05,Delivered,Alexa
1943,15,2025-01-28,Processing,Web
1944,943,2025-01-02,Processing,Web
1945,262,2025-02-18,Cancelled,Alexa
1946,755,2025-08-05,Shipped,Web
1947,511,2025-04-26,Shipped,Mobile
1948,489,2025-02-03,Delivered,Web
1949,350,2025-02-28,Delivered,Alexa
1950,780,2025-01-28,Delivered,Web
1951,616,2025-12-28,Returned,Mobile
1952,352,2025-03-01,Delivered,Alexa
1953,978,2025-10-12,Cancelled,Web
1954,43,2025-07-26,Cancelled,Alexa
1955,659,2025-02-04,Cancelled,Web
1956,516,2025-10-16,Processing,Alexa
1957,169,2025-04-25,Returned,Mobile
1958,672,2025-11-18,Cancelled,Alexa
1959,624,2025-11-21,Delivered,Mobile
1960,34,2025-10-11,Processing,Alexa
1961,800,2025-09-23,Processing,Mobile
1962,807,2025-07-28,Cancelled,Web
1963,809,2025-10-28,Cancelled,Web
1964,515,2025-02-24,Shipped,Mobile
1965,620,2025-10-29,Processing,Web
1966,809,2025-11-24,Shipped,Mobile
1967,557,2025-12-02,Shipped,Alexa
1968,136,2025-12-12,Delivered,Mobile
1969,626,2025-05-26,Delivered,Alexa
1970,702,2025-12-02,Shipped,Mobile
1971,187,2025-11-14,Shipped,Alexa
1972,992,2025-01-15,Returned,Web
1973,419,2025-11-19,Returned,Alexa
1974,857,2025-12-05,Processing,Mobile
1975,338,2025-12-11,Processing,Web
1976,685,2025-11-17,Shipped,Mobile
1977,155,2025-04-27,Processing,Mobile
1978,646,2025-05-11,Processing,Alexa
1979,308,2025-05-01,Delivered,Web
1980,234,2025-07-04,Returned,Mobile
1981,161,2025-02-24,Cancelled,Web
1982,93,2025-09-21,Cancelled,Web
1983,129,2025-04-07,Delivered,Web
1984,804,2025-10-11,Shipped,Web
1985,798,2025-12-26,Processing,Web
1986,326,2025-07-17,Returned,Alexa
1987,610,2025-09-06,Cancelled,Mobile
1988,255,2025-09-27,Cancelled,Alexa
1989,190,2025-09-06,Cancelled,Mobile
1990,343,2025-04-29,Processing,Web
1991,769,2025-03-05,Cancelled,Web
1992,335,2025-01-14,Processing,Web
1993,412,2025-09-10,Returned,Web
1994,23,2025-03-08,Shipped,Alexa
1995,244,2025-05-29,Cancelled,Web
1996,142,2025-05-15,Returned,Web
1997,763,2025-09-05,Delivered,Alexa
1998,887,2025-12-26,Cancelled,Web
1999,379,2025-02-09,Cancelled,Alexa
2000,204,2025-11-16,Cancelled,Mobile
2001,596,2025-01-11,Cancelled,Mobile
2002,179,2025-05-13,Shipped,Alexa
2003,604,2025-03-11,Delivered,Alexa
2004,333,2025-06-14,Returned,Mobile
2005,491,2025-07-19,Cancelled,Mobile
2006,776,2025-05-20,Delivered,Mobile
2007,706,2025-09-28,Shipped,Web
2008,157,2025-06-17,Shipped,Web
2009,351,2025-12-25,Shipped,Alexa
2010,914,2025-06-06,Cancelled,Web
2011,209,2025-05-25,Shipped,Alexa
2012,34,2025-11-08,Cancelled,Web
2013,693,2025-04-18,Returned,Web
2014,30,2025-08-21,Shipped,Mobile
2015,715,2025-07-14,Cancelled,Web
2016,850,2025-08-12,Processing,Alexa
2017,76,2025-06-10,Shipped,Mobile
2018,330,2025-03-06,Cancelled,Web
2019,51,2025-11-03,Cancelled,Mobile
2020,911,2025-05-14,Delivered,Web
2021,127,2025-09-20,Returned,Web
2022,871,2025-09-21,Delivered,Alexa
2023,320,2025-01-15,Processing,Alexa
2024,999,2025-11-22,Returned,Alexa
2025,915,2025-03-26,Shipped,Mobile
2026,83,2025-06-01,Processing,Alexa
2027,338,2025-05-30,Returned,Web
2028,205,2025-01-15,Cancelled,Mobile
2029,79,2025-11-10,Cancelled,Mobile
2030,802,2025-05-11,Processing,Alexa
2031,353,2025-05-13,Cancelled,Web
2032,160,2025-11-04,Shipped,Mobile
2033,288,2025-07-12,Returned,Mobile
2034,451,2025-05-24,Delivered,Web
2035,24,2025-01-04,Shipped,Alexa
2036,125,2025-01-28,Returned,Web
2037,842,2025-02-23,Cancelled,Web
2038,50,2025-03-31,Processing,Mobile
2039,916,2025-08-05,Shipped,Web
2040,992,2025-02-26,Cancelled,Alexa
2041,117,2025-12-30,Shipped,Web
2042,775,2025-09-14,Delivered,Alexa
2043,780,2025-07-04,Delivered,Web
2044,385,2025-06-02,Processing,Mobile
2045,730,2025-02-13,Returned,Mobile
2046,495,2025-11-27,Shipped,Web
2047,605,2025-04-05,Processing,Mobile
2048,620,2025-07-03,Processing,Mobile
2049,192,2025-11-01,Delivered,Mobile
2050,802,2025-04-05,Cancelled,Web
2051,584,2025-10-08,Cancelled,Mobile
2052,421,2025-02-22,Processing,Web
2053,872,2025-04-03,Delivered,Mobile
2054,654,2025-07-28,Cancelled,Alexa
2055,423,2025-06-14,Shipped,Web
2056,29,2025-03-24,Cancelled,Mobile
2057,986,2025-05-15,Returned,Web
2058,827,2025-10-28,Cancelled,Mobile
2059,397,2025-02-28,Returned,Web
2060,938,2025-09-04,Shipped,Mobile
2061,994,2025-02-10,Delivered,Mobile
2062,289,2025-06-24,Processing,Mobile
2063,188,2025-07-30,Cancelled,Web
2064,207,2025-07-29,Processing,Alexa
2065,259,2025-05-27,Processing,Alexa
2066,861,2025-07-31,Processing,Web
2067,425,2025-12-03,Shipped,Alexa
2068,623,2025-02-17,Cancelled,Mobile
2069,489,2025-03-15,Cancelled,Alexa
2070,929,2025-01-16,Cancelled,Mobile
2071,109,2025-05-10,Returned,Mobile
2072,669,2025-12-03,Cancelled,Web
2073,975,2025-10-03,Processing,Mobile
2074,226,2025-03-10,Delivered,Web
2075,942,2025-04-11,Shipped,Web
2076,742,2025-12-08,Returned,Web
2077,427,2025-02-17,Processing,Web
2078,792,2025-01-08,Shipped,Mobile
2079,967,2025-02-09,Returned,Alexa
2080,493,2025-05-10,Delivered,Web
2081,615,2025-11-22,Shipped,Web
2082,666,2025-02-02,Cancelled,Alexa
2083,153,2025-09-15,Cancelled,Alexa
2084,321,2025-03-05,Cancelled,Alexa
2085,588,2025-04-21,Shipped,Web
2086,449,2025-04-30,Cancelled,Mobile
2087,951,2025-11-20,Delivered,Alexa
2088,899,2025-09-18,Processing,Mobile
2089,780,2025-03-18,Shipped,Web
2090,553,2025-07-03,Returned,Web
2091,737,2025-02-07,Processing,Web
2092,950,2025-01-11,Delivered,Web
2093,201,2025-07-16,Returned,Alexa
2094,633,2025-05-23,Returned,Alexa
2095,761,2025-02-20,Shipped,Alexa
2096,910,2025-11-10,Shipped,Alexa
2097,628,2025-07-10,Shipped,Mobile
2098,601,2025-05-14,Processing,Alexa
2099,134,2025-05-27,Processing,Alexa
2100,713,2025-10-26,Returned,Mobile
2101,427,2025-09-10,Delivered,Mobile
2102,249,2025-10-17,Delivered,Alexa
2103,526,2025-03-14,Delivered,Alexa
2104,477,2025-09-11,Returned,Web
2105,384,2025-11-27,Processing,Alexa
2106,992,2025-01-23,Cancelled,Web
2107,184,2025-03-10,Delivered,Mobile
2108,753,2025-08-01,Returned,Alexa
2109,197,2025-04-22,Cancelled,Web
2110,184,2025-11-08,Processing,Mobile
2111,988,2025-10-14,Shipped,Alexa
2112,985,2025-09-18,Cancelled,Alexa
2113,880,2025-05-25,Cancelled,Alexa
2114,742,2025-09-02,Processing,Alexa
2115,144,2025-06-17,Processing,Alexa
2116,371,2025-10-08,Cancelled,Alexa
2117,155,2025-01-08,Processing,Web
2118,459,2025-08-23,Processing,Mobile
2119,982,2025-04-12,Delivered,Mobile
2120,908,2025-08-26,Processing,Web
2121,381,2025-12-13,Shipped,Mobile
2122,718,2025-07-20,Delivered,Alexa
2123,106,2025-09-13,Returned,Mobile
2124,396,2025-02-06,Shipped,Alexa
2125,41,2025-01-07,Cancelled,Web
2126,712,2025-12-17,Returned,Mobile
2127,204,2025-09-22,Delivered,Mobile
2128,530,2025-06-13,Delivered,Alexa
2129,840,2025-11-27,Delivered,Web
2130,454,2025-08-01,Processing,Web
2131,119,2025-05-24,Delivered,Web
2132,649,2025-05-30,Processing,Alexa
2133,419,2025-12-17,Processing,Mobile
2134,727,2025-11-13,Cancelled,Web
2135,73,2025-12-31,Returned,Web
2136,772,2025-04-13,Shipped,Mobile
2137,323,2025-04-28,Cancelled,Mobile
2138,44,2025-08-20,Processing,Web
2139,439,2025-07-16,Returned,Web
2140,261,2025-10-30,Processing,Mobile
2141,688,2025-03-13,Returned,Alexa
2142,340,2025-03-11,Delivered,Alexa
2143,44,2025-11-04,Returned,Web
2144,820,2025-12-21,Cancelled,Web
2145,551,2025-09-08,Delivered,Alexa
2146,976,2025-09-17,Returned,Web
2147,704,2025-06-25,Shipped,Web
2148,509,2025-02-15,Cancelled,Web
2149,700,2025-10-06,Shipped,Web
2150,595,2025-03-29,Shipped,Web
2151,998,2025-02-06,Delivered,Alexa
2152,512,2025-04-26,Returned,Alexa
2153,588,2025-01-23,Delivered,Web
2154,907,2025-12-20,Processing,Mobile
2155,198,2025-08-05,Cancelled,Mobile
2156,188,2025-02-21,Returned,Web
2157,495,2025-02-11,Returned,Mobile
2158,500,2025-03-04,Processing,Mobile
2159,424,2025-03-31,Cancelled,Web
2160,384,2025-04-04,Delivered,Web
2161,180,2025-01-03,Cancelled,Mobile
2162,858,2025-07-17,Shipped,Web
2163,740,2025-10-11,Returned,Mobile
2164,912,2025-08-12,Processing,Mobile
2165,335,2025-08-19,Processing,Alexa
2166,695,2025-02-12,Cancelled,Web
2167,692,2025-05-26,Delivered,Web
2168,334,2025-07-11,Returned,Alexa
2169,951,2025-04-26,Returned,Mobile
2170,765,2025-05-06,Returned,Alexa
2171,992,2025-09-25,Returned,Web
2172,450,2025-06-15,Returned,Mobile
2173,648,2025-12-02,Processing,Web
2174,182,2025-05-13,Shipped,Mobile
2175,779,2025-11-06,Returned,Mobile
2176,670,2025-08-30,Shipped,Alexa
2177,955,2025-06-11,Shipped,Alexa
2178,615,2025-04-19,Shipped,Mobile
2179,823,2025-11-23,Cancelled,Alexa
2180,701,2025-02-18,Delivered,Mobile
2181,413,2025-01-30,Returned,Mobile
2182,501,2025-09-20,Cancelled,Web
2183,682,2025-06-19,Shipped,Alexa
2184,346,2025-12-21,Returned,Alexa
2185,488,2025-11-05,Returned,Web
2186,690,2025-09-25,Returned,Mobile
2187,49,2025-08-22,Delivered,Web
2188,289,2025-01-06,Returned,Alexa
2189,161,2025-03-10,Processing,Web
2190,970,2025-10-02,Delivered,Web
2191,781,2025-11-06,Shipped,Mobile
2192,168,2025-11-17,Returned,Mobile
2193,606,2025-12-07,Cancelled,Mobile
2194,678,2025-12-03,Processing,Web
2195,242,2025-08-11,Cancelled,Web
2196,61,2025-04-12,Processing,Web
2197,792,2025-01-25,Cancelled,Web
2198,675,2025-01-17,Returned,Alexa
2199,532,2025-08-05,Delivered,Web
2200,613,2025-06-01,Cancelled,Web
2201,940,2025-03-13,Cancelled,Mobile
2202,479,2025-08-09,Shipped,Web
2203,140,2025-02-24,Cancelled,Mobile
2204,456,2025-08-23,Returned,Web
2205,511,2025-04-14,Delivered,Web
2206,417,2025-06-12,Shipped,Mobile
2207,650,2025-11-22,Cancelled,Mobile
2208,74,2025-12-05,Shipped,Mobile
2209,767,2025-09-14,Cancelled,Mobile
2210,704,2025-01-12,Cancelled,Mobile
2211,452,2025-02-14,Processing,Web
2212,153,2025-06-24,Processing,Alexa
2213,571,2025-05-12,Cancelled,Mobile
2214,754,2025-05-18,Processing,Alexa
2215,467,2025-09-13,Returned,Web
2216,787,2025-07-31,Shipped,Alexa
2217,748,2025-07-20,Processing,Mobile
2218,730,2025-06-30,Cancelled,Alexa
2219,428,2025-04-03,Cancelled,Mobile
2220,763,2025-01-25,Shipped,Alexa
2221,950,2025-09-21,Returned,Web
2222,509,2025-04-27,Shipped,Mobile
2223,952,2025-05-27,Delivered,Alexa
2224,113,2025-01-19,Processing,Mobile
2225,285,2025-11-15,Processing,Mobile
2226,592,2025-02-02,Delivered,Mobile
2227,665,2025-07-21,Delivered,Mobile
2228,786,2025-04-18,Delivered,Mobile
2229,71,2025-03-05,Delivered,Mobile
2230,279,2025-01-27,Cancelled,Alexa
2231,545,2025-04-19,Processing,Alexa
2232,52,2025-08-23,Processing,Alexa
2233,606,2025-04-29,Delivered,Web
2234,996,2025-09-08,Shipped,Alexa
2235,736,2025-10-18,Delivered,Mobile
2236,822,2025-08-31,Shipped,Web
2237,979,2025-12-02,Cancelled,Alexa
2238,469,2025-01-01,Delivered,Web
2239,685,2025-09-15,Processing,Alexa
2240,801,2025-01-07,Delivered,Mobile
2241,352,2025-05-15,Shipped,Alexa
2242,20,2025-07-15,Shipped,Mobile
2243,395,2025-03-07,Processing,Web
2244,474,2025-07-28,Shipped,Mobile
2245,114,2025-07-02,Delivered,Web
2246,172,2025-08-05,Cancelled,Web
2247,552,2025-01-13,Delivered,Web
2248,544,2025-08-08,Returned,Mobile
2249,498,2025-12-31,Cancelled,Web
2250,917,2025-10-30,Processing,Web
2251,778,2025-09-25,Delivered,Web
2252,18,2025-12-28,Delivered,Alexa
2253,4,2025-12-01,Delivered,Web
2254,629,2025-06-27,Delivered,Alexa
2255,615,2025-02-16,Cancelled,Alexa
2256,544,2025-10-27,Cancelled,Web
2257,835,2025-07-23,Cancelled,Alexa
2258,379,2025-05-23,Cancelled,Alexa
2259,651,2025-02-11,Processing,Alexa
2260,709,2025-11-23,Processing,Mobile
2261,355,2025-12-04,Processing,Alexa
2262,530,2025-06-26,Processing,Mobile
2263,748,2025-12-30,Processing,Web
2264,483,2025-11-02,Returned,Web
2265,812,2025-07-22,Delivered,Alexa
2266,178,2025-09-08,Cancelled,Alexa
2267,134,2025-04-03,Delivered,Web
2268,938,2025-05-09,Cancelled,Mobile
2269,769,2025-07-07,Returned,Web
2270,429,2025-05-14,Delivered,Web
2271,589,2025-03-18,Delivered,Alexa
2272,309,2025-03-08,Cancelled,Web
2273,69,2025-11-13,Shipped,Alexa
2274,566,2025-10-29,Processing,Mobile
2275,353,2025-10-19,Shipped,Web
2276,920,2025-06-29,Delivered,Web
2277,775,2025-04-04,Returned,Web
2278,37,2025-10-18,Returned,Mobile
2279,656,2025-02-14,Cancelled,Alexa
2280,533,2025-10-10,Cancelled,Mobile
2281,627,2025-03-25,Cancelled,Alexa
2282,777,2025-12-12,Delivered,Alexa
2283,166,2025-03-03,Returned,Mobile
2284,205,2025-05-11,Cancelled,Mobile
2285,163,2025-12-03,Processing,Mobile
2286,539,2025-01-05,Cancelled,Alexa
2287,811,2025-08-22,Shipped,Web
2288,818,2025-05-19,Cancelled,Mobile
2289,978,2025-10-11,Cancelled,Web
2290,862,2025-09-14,Returned,Mobile
2291,192,2025-01-20,Delivered,Mobile
2292,415,2025-02-06,Delivered,Mobile
2293,145,2025-06-24,Processing,Web
2294,508,2025-05-08,Processing,Alexa
2295,578,2025-07-30,Cancelled,Web
2296,703,2025-12-13,Delivered,Mobile
2297,668,2025-10-10,Processing,Alexa
2298,717,2025-04-30,Delivered,Alexa
2299,335,2025-04-06,Cancelled,Alexa
2300,155,2025-06-21,Delivered,Alexa
2301,71,2025-03-13,Processing,Alexa
2302,742,2025-04-14,Delivered,Mobile
2303,986,2025-08-02,Delivered,Web
2304,28,2025-06-23,Cancelled,Alexa
2305,861,2025-04-01,Processing,Mobile
2306,808,2025-12-04,Shipped,Web
2307,411,2025-07-05,Returned,Alexa
2308,829,2025-04-27,Shipped,Mobile
2309,598,2025-10-11,Shipped,Mobile
2310,828,2025-04-10,Cancelled,Alexa
2311,907,2025-02-18,Shipped,Web
2312,220,2025-01-22,Cancelled,Web
2313,948,2025-06-08,Delivered,Mobile
2314,924,2025-09-14,Processing,Mobile
2315,395,2025-07-11,Returned,Mobile
2316,611,2025-11-19,Processing,Web
2317,411,2025-12-04,Cancelled,Web
2318,764,2025-03-23,Returned,Alexa
2319,668,2025-01-06,Processing,Web
2320,249,2025-01-12,Processing,Mobile
2321,31,2025-08-31,Shipped,Mobile
2322,667,2025-12-16,Processing,Alexa
2323,152,2025-05-18,Returned,Web
2324,1,2025-06-24,Returned,Web
2325,715,2025-06-12,Cancelled,Alexa
2326,239,2025-11-02,Returned,Alexa
2327,994,2025-04-15,Returned,Mobile
2328,980,2025-09-04,Returned,Web
2329,973,2025-04-14,Returned,Mobile
2330,827,2025-03-13,Cancelled,Web
2331,743,2025-07-25,Returned,Mobile
2332,534,2025-10-11,Cancelled,Web
2333,187,2025-06-28,Processing,Alexa
2334,367,2025-03-19,Cancelled,Mobile
2335,207,2025-12-17,Cancelled,Alexa
2336,178,2025-02-11,Processing,Mobile
2337,951,2025-03-15,Cancelled,Mobile
2338,454,2025-02-23,Cancelled,Mobile
2339,857,2025-10-27,Returned,Web
2340,258,2025-09-16,Cancelled,Web
2341,11,2025-01-23,Processing,Web
2342,29,2025-12-26,Processing,Mobile
2343,977,2025-03-07,Cancelled,Web
2344,668,2025-05-08,Shipped,Mobile
2345,960,2025-06-29,Processing,Web
2346,156,2025-06-05,Processing,Mobile
2347,139,2025-04-27,Cancelled,Web
2348,308,2025-10-20,Cancelled,Alexa
2349,839,2025-05-13,Returned,Web
2350,675,2025-02-27,Shipped,Mobile
2351,770,2025-12-07,Cancelled,Web
2352,677,2025-02-08,Returned,Mobile
2353,521,2025-02-26,Returned,Web
2354,95,2025-03-21,Processing,Web
2355,490,2025-08-16,Cancelled,Mobile
2356,223,2025-03-11,Returned,Alexa
2357,527,2025-05-12,Cancelled,Mobile
2358,218,2025-03-18,Delivered,Mobile
2359,229,2025-11-08,Shipped,Alexa
2360,866,2025-02-22,Delivered,Alexa
2361,51,2025-01-06,Returned,Alexa
2362,640,2025-07-29,Cancelled,Mobile
2363,339,2025-09-14,Processing,Alexa
2364,207,2025-06-03,Delivered,Mobile
2365,227,2025-05-27,Shipped,Alexa
2366,414,2025-07-20,Processing,Web
2367,549,2025-04-30,Shipped,Alexa
2368,867,2025-01-09,Shipped,Alexa
2369,402,2025-06-07,Delivered,Mobile
2370,778,2025-04-10,Delivered,Web
2371,874,2025-06-14,Processing,Mobile
2372,635,2025-04-02,Returned,Mobile
2373,568,2025-01-20,Returned,Mobile
2374,122,2025-03-19,Delivered,Alexa
2375,427,2025-01-25,Returned,Alexa
2376,101,2025-07-31,Shipped,Alexa
2377,182,2025-04-09,Returned,Web
2378,540,2025-07-25,Returned,Alexa
2379,11,2025-04-01,Cancelled,Web
2380,246,2025-08-07,Cancelled,Alexa
2381,819,2025-05-26,Processing,Web
2382,196,2025-12-23,Delivered,Mobile
2383,590,2025-03-05,Processing,Alexa
2384,858,2025-11-18,Delivered,Web
2385,471,2025-06-27,Shipped,Alexa
2386,580,2025-07-06,Returned,Mobile
2387,458,2025-03-02,Delivered,Alexa
2388,463,2025-05-21,Returned,Alexa
2389,161,2025-03-23,Returned,Alexa
2390,455,2025-02-17,Cancelled,Web
2391,570,2025-05-22,Processing,Web
2392,92,2025-12-26,Shipped,Web
2393,736,2025-08-01,Returned,Alexa
2394,723,2025-01-17,Processing,Web
2395,130,2025-09-15,Cancelled,Alexa
2396,920,2025-06-02,Cancelled,Alexa
2397,712,2025-03-09,Shipped,Web
2398,277,2025-01-08,Delivered,Web
2399,263,2025-06-23,Delivered,Alexa
2400,394,2025-08-23,Cancelled,Mobile
2401,406,2025-01-22,Shipped,Mobile
2402,66,2025-09-26,Processing,Web
2403,380,2025-03-31,Returned,Mobile
2404,957,2025-12-22,Delivered,Mobile
2405,930,2025-08-17,Shipped,Alexa
2406,675,2025-07-27,Shipped,Web
2407,72,2025-02-14,Processing,Web
2408,622,2025-10-17,Shipped,Alexa
2409,626,2025-12-17,Delivered,Alexa
2410,576,2025-10-24,Cancelled,Mobile
2411,457,2025-12-25,Cancelled,Alexa
2412,803,2025-09-04,Processing,Web
2413,663,2025-04-16,Processing,Web
2414,300,2025-08-05,Processing,Mobile
2415,140,2025-12-20,Cancelled,Mobile
2416,553,2025-07-20,Cancelled,Alexa
2417,157,2025-01-25,Delivered,Mobile
2418,138,2025-05-09,Cancelled,Web
2419,350,2025-07-11,Delivered,Alexa
2420,362,2025-10-20,Processing,Mobile
2421,497,2025-03-19,Delivered,Alexa
2422,476,2025-03-07,Processing,Alexa
2423,442,2025-07-10,Cancelled,Mobile
2424,589,2025-11-17,Delivered,Web
2425,458,2025-11-03,Returned,Web
2426,680,2025-01-30,Processing,Mobile
2427,635,2025-07-13,Cancelled,Alexa
2428,178,2025-06-16,Processing,Web
2429,295,2025-10-05,Delivered,Web
2430,657,2025-03-25,Processing,Alexa
2431,125,2025-10-09,Shipped,Web
2432,560,2025-03-26,Returned,Mobile
2433,180,2025-01-13,Cancelled,Web
2434,641,2025-09-22,Cancelled,Web
2435,939,2025-04-02,Processing,Web
2436,913,2025-04-19,Cancelled,Mobile
2437,788,2025-09-05,Delivered,Alexa
2438,948,2025-10-11,Returned,Alexa
2439,858,2025-01-20,Delivered,Web
2440,874,2025-04-10,Delivered,Alexa
2441,513,2025-01-14,Returned,Web
2442,655,2025-11-19,Returned,Web
2443,911,2025-10-26,Processing,Web
2444,757,2025-03-31,Delivered,Web
2445,328,2025-08-10,Returned,Mobile
2446,715,2025-06-15,Delivered,Mobile
2447,742,2025-11-08,Processing,Alexa
2448,17,2025-08-18,Shipped,Web
2449,609,2025-12-09,Delivered,Alexa
2450,816,2025-11-28,Delivered,Mobile
2451,178,2025-10-14,Shipped,Web
2452,37,2025-10-30,Shipped,Alexa
2453,667,2025-04-12,Shipped,Mobile
2454,928,2025-05-11,Shipped,Web
2455,880,2025-05-04,Cancelled,Web
2456,601,2025-04-15,Shipped,Web
2457,468,2025-07-23,Cancelled,Mobile
2458,30,2025-06-17,Cancelled,Alexa
2459,832,2025-06-12,Delivered,Web
2460,80,2025-05-05,Returned,Alexa
2461,541,2025-09-15,Delivered,Alexa
2462,119,2025-04-12,Returned,Mobile
2463,445,2025-06-01,Delivered,Alexa
2464,86,2025-03-06,Delivered,Alexa
2465,101,2025-02-21,Cancelled,Web
2466,404,2025-03-06,Processing,Alexa
2467,356,2025-07-31,Delivered,Mobile
2468,327,2025-10-11,Shipped,Mobile
2469,256,2025-06-16,Returned,Web
2470,30,2025-09-08,Cancelled,Web
2471,827,2025-08-16,Shipped,Alexa
2472,404,2025-12-28,Delivered,Mobile
2473,685,2025-01-22,Returned,Mobile
2474,802,2025-06-10,Shipped,Web
2475,719,2025-09-30,Returned,Alexa
2476,976,2025-08-05,Processing,Alexa
2477,764,2025-04-17,Returned,Alexa
2478,243,2025-07-11,Processing,Mobile
2479,975,2025-11-22,Returned,Mobile
2480,952,2025-05-30,Returned,Alexa
2481,752,2025-06-18,Shipped,Alexa
2482,638,2025-09-30,Processing,Alexa
2483,607,2025-01-16,Shipped,Alexa
2484,489,2025-10-10,Cancelled,Alexa
2485,934,2025-12-12,Delivered,Alexa
2486,13,2025-08-09,Returned,Mobile
2487,865,2025-01-30,Returned,Web
2488,103,2025-01-15,Returned,Alexa
2489,877,2025-01-31,Shipped,Alexa
2490,580,2025-03-28,Processing,Alexa
2491,453,2025-04-21,Returned,Alexa
2492,426,2025-02-04,Shipped,Alexa
2493,407,2025-09-27,Processing,Mobile
2494,197,2025-03-19,Cancelled,Web
2495,576,2025-10-29,Delivered,Mobile
2496,876,2025-10-06,Cancelled,Mobile
2497,504,2025-12-06,Processing,Alexa
2498,431,2025-03-28,Shipped,Mobile
2499,634,2025-12-27,Cancelled,Alexa
2500,917,2025-05-23,Cancelled,Mobile
2501,109,2025-09-11,Shipped,Web
2502,862,2025-03-28,Processing,Alexa
2503,263,2025-06-25,Processing,Alexa
2504,938,2025-12-20,Processing,Mobile
2505,186,2025-03-01,Delivered,Mobile
2506,834,2025-12-27,Shipped,Web
2507,645,2025-09-22,Processing,Web
2508,833,2025-02-16,Shipped,Mobile
2509,351,2025-07-10,Delivered,Alexa
2510,283,2025-02-14,Returned,Alexa
2511,582,2025-05-05,Delivered,Mobile
2512,249,2025-09-22,Shipped,Alexa
2513,730,2025-03-29,Delivered,Mobile
2514,161,2025-04-25,Processing,Mobile
2515,727,2025-07-11,Cancelled,Web
2516,168,2025-01-05,Cancelled,Mobile
2517,314,2025-05-31,Returned,Web
2518,721,2025-01-12,Processing,Alexa
2519,781,2025-11-22,Delivered,Web
2520,184,2025-10-30,Cancelled,Mobile
2521,933,2025-01-29,Shipped,Web
2522,172,2025-10-22,Delivered,Mobile
2523,451,2025-04-02,Returned,Web
2524,610,2025-07-19,Cancelled,Web
2525,678,2025-08-10,Returned,Web
2526,722,2025-03-01,Returned,Alexa
2527,402,2025-08-13,Delivered,Mobile
2528,1,2025-12-17,Processing,Alexa
2529,366,2025-01-01,Delivered,Mobile
2530,444,2025-07-20,Cancelled,Web
2531,356,2025-11-09,Returned,Web
2532,434,2025-06-26,Shipped,Mobile
2533,711,2025-09-17,Shipped,Mobile
2534,604,2025-02-23,Returned,Mobile
2535,352,2025-04-12,Processing,Alexa
2536,876,2025-11-11,Processing,Web
2537,561,2025-08-18,Cancelled,Alexa
2538,184,2025-12-02,Cancelled,Alexa
2539,202,2025-01-07,Delivered,Mobile
2540,915,2025-07-02,Cancelled,Mobile
2541,382,2025-01-15,Delivered,Mobile
2542,646,2025-10-13,Delivered,Mobile
2543,683,2025-04-03,Processing,Web
2544,359,2025-12-01,Cancelled,Web
2545,399,2025-09-15,Processing,Alexa
2546,742,2025-08-08,Delivered,Alexa
2547,699,2025-04-23,Processing,Mobile
2548,213,2025-10-29,Cancelled,Web
2549,146,2025-04-12,Returned,Mobile
2550,967,2025-04-04,Shipped,Alexa
2551,984,2025-09-18,Delivered,Mobile
2552,750,2025-09-01,Returned,Mobile
2553,92,2025-11-23,Processing,Alexa
2554,276,2025-11-20,Delivered,Mobile
2555,382,2025-04-30,Shipped,Alexa
2556,890,2025-09-05,Cancelled,Mobile
2557,106,2025-07-22,Delivered,Web
2558,733,2025-05-27,Processing,Alexa
2559,158,2025-09-07,Shipped,Web
2560,459,2025-06-21,Shipped,Alexa
2561,655,2025-05-12,Cancelled,Web
2562,90,2025-07-17,Cancelled,Mobile
2563,352,2025-08-01,Cancelled,Mobile
2564,692,2025-08-19,Returned,Alexa
2565,169,2025-09-20,Processing,Mobile
2566,265,2025-07-22,Returned,Alexa
2567,257,2025-10-12,Cancelled,Mobile
2568,352,2025-08-28,Processing,Web
2569,787,2025-12-25,Returned,Mobile
2570,805,2025-10-28,Processing,Alexa
2571,246,2025-02-14,Processing,Alexa
2572,86,2025-10-22,Processing,Mobile
2573,561,2025-08-06,Cancelled,Alexa
2574,612,2025-12-30,Returned,Alexa
2575,14,2025-11-20,Shipped,Mobile
2576,433,2025-05-17,Returned,Mobile
2577,21,2025-07-27,Delivered,Alexa
2578,211,2025-07-09,Cancelled,Web
2579,753,2025-01-04,Returned,Mobile
2580,157,2025-03-13,Processing,Alexa
2581,222,2025-02-09,Cancelled,Web
2582,737,2025-10-04,Processing,Web
2583,876,2025-08-24,Cancelled,Mobile
2584,706,2025-04-04,Processing,Web
2585,46,2025-06-10,Cancelled,Alexa
2586,408,2025-03-13,Delivered,Mobile
2587,225,2025-06-24,Delivered,Alexa
2588,87,2025-01-05,Delivered,Alexa
2589,947,2025-06-23,Processing,Web
2590,491,2025-06-03,Returned,Mobile
2591,842,2025-10-14,Cancelled,Alexa
2592,36,2025-06-29,Delivered,Web
2593,23,2025-09-16,Processing,Web
2594,738,2025-05-13,Delivered,Alexa
2595,512,2025-07-15,Shipped,Mobile
2596,124,2025-05-28,Processing,Alexa
2597,829,2025-09-22,Cancelled,Mobile
2598,318,2025-11-27,Processing,Alexa
2599,99,2025-06-29,Shipped,Alexa
2600,63,2025-05-20,Returned,Alexa
2601,539,2025-10-08,Processing,Mobile
2602,8,2025-04-26,Returned,Mobile
2603,319,2025-09-12,Delivered,Mobile
2604,654,2025-08-27,Delivered,Mobile
2605,190,2025-06-28,Cancelled,Alexa
2606,210,2025-02-15,Cancelled,Web
2607,456,2025-06-06,Delivered,Web
2608,767,2025-08-19,Cancelled,Mobile
2609,203,2025-07-16,Cancelled,Web
2610,282,2025-08-11,Processing,Alexa
2611,378,2025-01-11,Cancelled,Web
2612,209,2025-09-20,Returned,Web
2613,374,2025-09-02,Delivered,Mobile
2614,71,2025-04-17,Shipped,Web
2615,795,2025-12-09,Delivered,Alexa
2616,253,2025-01-30,Returned,Mobile
2617,682,2025-12-30,Processing,Web
2618,394,2025-01-04,Returned,Web
2619,969,2025-04-11,Shipped,Alexa
2620,689,2025-08-17,Processing,Alexa
2621,425,2025-04-07,Delivered,Mobile
2622,68,2025-12-10,Cancelled,Web
2623,758,2025-06-25,Shipped,Alexa
2624,99,2025-03-06,Shipped,Mobile
2625,343,2025-02-17,Delivered,Mobile
2626,848,2025-08-09,Processing,Mobile
2627,765,2025-01-17,Cancelled,Mobile
2628,74,2025-06-29,Returned,Mobile
2629,241,2025-08-06,Delivered,Alexa
2630,851,2025-08-30,Delivered,Mobile
2631,191,2025-04-15,Processing,Web
2632,52,2025-06-03,Cancelled,Alexa
2633,928,2025-12-12,Returned,Alexa
2634,61,2025-07-19,Returned,Alexa
2635,18,2025-01-04,Delivered,Alexa
2636,194,2025-10-05,Shipped,Mobile
2637,306,2025-07-23,Shipped,Web
2638,672,2025-01-21,Delivered,Mobile
2639,618,2025-12-23,Shipped,Alexa
2640,17,2025-01-15,Returned,Web
2641,897,2025-11-13,Returned,Mobile
2642,55,2025-02-11,Returned,Web
2643,340,2025-06-03,Returned,Web
2644,470,2025-05-27,Delivered,Alexa
2645,190,2025-11-20,Shipped,Web
2646,273,2025-01-13,Returned,Mobile
2647,341,2025-11-08,Returned,Alexa
2648,481,2025-08-10,Processing,Mobile
2649,885,2025-07-19,Returned,Mobile
2650,98,2025-02-10,Cancelled,Web
2651,405,2025-06-16,Returned,Alexa
2652,238,2025-11-23,Returned,Web
2653,22,2025-08-10,Shipped,Alexa
2654,520,2025-08-27,Processing,Alexa
2655,254,2025-12-26,Processing,Alexa
2656,807,2025-01-28,Processing,Mobile
2657,820,2025-04-18,Cancelled,Web
2658,474,2025-03-26,Returned,Mobile
2659,991,2025-05-30,Cancelled,Alexa
2660,596,2025-10-14,Returned,Web
2661,418,2025-07-01,Returned,Web
2662,433,2025-03-25,Returned,Web
2663,844,2025-07-02,Delivered,Mobile
2664,194,2025-03-05,Shipped,Web
2665,917,2025-05-01,Shipped,Alexa
2666,485,2025-11-30,Delivered,Alexa
2667,131,2025-12-21,Returned,Mobile
2668,912,2025-08-05,Processing,Web
2669,719,2025-09-19,Processing,Web
2670,635,2025-07-30,Delivered,Mobile
2671,770,2025-03-04,Processing,Alexa
2672,424,2025-12-22,Cancelled,Mobile
2673,123,2025-11-21,Processing,Mobile
2674,930,2025-12-05,Processing,Mobile
2675,321,2025-06-05,Processing,Mobile
2676,72,2025-08-22,Cancelled,Alexa
2677,41,2025-11-28,Processing,Alexa
2678,711,2025-10-08,Processing,Alexa
2679,897,2025-06-27,Returned,Mobile
2680,579,2025-09-21,Processing,Alexa
2681,994,2025-08-16,Cancelled,Alexa
2682,172,2025-04-27,Processing,Mobile
2683,439,2025-06-17,Delivered,Mobile
2684,807,2025-05-31,Shipped,Mobile
2685,95,2025-02-28,Cancelled,Alexa
2686,28,2025-02-01,Shipped,Alexa
2687,341,2025-07-16,Returned,Alexa
2688,265,2025-10-02,Processing,Alexa
2689,312,2025-01-27,Processing,Alexa
2690,694,2025-10-25,Delivered,Web
2691,248,2025-11-21,Delivered,Alexa
2692,389,2025-03-31,Processing,Alexa
2693,888,2025-10-05,Delivered,Mobile
2694,539,2025-04-14,Shipped,Mobile
2695,492,2025-10-14,Processing,Web
2696,372,2025-06-19,Processing,Alexa
2697,862,2025-09-26,Delivered,Web
2698,439,2025-03-31,Shipped,Mobile
2699,537,2025-05-31,Returned,Web
2700,822,2025-02-18,Returned,Alexa
2701,428,2025-01-13,Cancelled,Web
2702,39,2025-04-11,Processing,Mobile
2703,457,2025-09-02,Returned,Alexa
2704,362,2025-12-27,Shipped,Alexa
2705,687,2025-01-31,Delivered,Web
2706,198,2025-07-12,Returned,Web
2707,955,2025-10-17,Returned,Mobile
2708,589,2025-12-19,Shipped,Mobile
2709,166,2025-05-06,Cancelled,Alexa
2710,330,2025-11-15,Delivered,Alexa
2711,747,2025-12-01,Shipped,Alexa
2712,145,2025-12-14,Processing,Mobile
2713,322,2025-10-11,Shipped,Mobile
2714,670,2025-02-02,Returned,Mobile
2715,618,2025-09-04,Returned,Alexa
2716,941,2025-11-02,Processing,Web
2717,410,2025-02-04,Shipped,Alexa
2718,233,2025-02-01,Cancelled,Mobile
2719,148,2025-04-02,Shipped,Web
2720,312,2025-02-01,Returned,Alexa
2721,524,2025-12-27,Returned,Mobile
2722,71,2025-12-11,Processing,Alexa
2723,850,2025-02-12,Shipped,Alexa
2724,864,2025-12-10,Shipped,Mobile
2725,698,2025-04-26,Delivered,Mobile
2726,771,2025-10-22,Shipped,Alexa
2727,787,2025-12-15,Shipped,Alexa
2728,197,2025-09-18,Returned,Mobile
2729,883,2025-11-01,Delivered,Alexa
2730,181,2025-10-21,Delivered,Mobile
2731,636,2025-10-03,Processing,Alexa
2732,771,2025-11-10,Processing,Web
2733,172,2025-12-26,Delivered,Mobile
2734,881,2025-09-30,Shipped,Web
2735,76,2025-07-12,Returned,Web
2736,352,2025-07-28,Processing,Web
2737,556,2025-09-17,Processing,Mobile
2738,670,2025-07-10,Cancelled,Web
2739,366,2025-05-04,Delivered,Web
2740,4,2025-03-14,Processing,Web
2741,468,2025-01-06,Shipped,Alexa
2742,583,2025-08-03,Returned,Web
2743,204,2025-08-14,Shipped,Alexa
2744,952,2025-06-15,Shipped,Web
2745,373,2025-08-17,Delivered,Mobile
2746,713,2025-05-13,Delivered,Web
2747,498,2025-05-24,Returned,Mobile
2748,140,2025-03-03,Cancelled,Web
2749,981,2025-12-12,Shipped,Alexa
2750,393,2025-08-06,Cancelled,Alexa
2751,31,2025-06-13,Cancelled,Mobile
2752,887,2025-07-09,Cancelled,Web
2753,41,2025-12-20,Cancelled,Mobile
2754,308,2025-08-02,Returned,Alexa
2755,29,2025-03-20,Delivered,Mobile
2756,954,2025-08-24,Cancelled,Mobile
2757,929,2025-09-20,Returned,Alexa
2758,500,2025-05-10,Cancelled,Mobile
2759,832,2025-03-02,Returned,Alexa
2760,889,2025-03-09,Processing,Web
2761,488,2025-09-10,Returned,Web
2762,119,2025-12-24,Shipped,Web
2763,389,2025-02-27,Delivered,Web
2764,837,2025-11-12,Shipped,Alexa
2765,795,2025-04-03,Shipped,Alexa
2766,351,2025-02-02,Returned,Alexa
2767,362,2025-11-25,Delivered,Alexa
2768,931,2025-03-26,Returned,Mobile
2769,848,2025-03-07,Returned,Alexa
2770,972,2025-12-14,Shipped,Alexa
2771,811,2025-12-28,Delivered,Alexa
2772,785,2025-03-11,Cancelled,Mobile
2773,155,2025-04-15,Cancelled,Mobile
2774,47,2025-07-13,Delivered,Mobile
2775,491,2025-11-27,Cancelled,Mobile
2776,286,2025-08-02,Shipped,Web
2777,137,2025-04-04,Cancelled,Mobile
2778,35,2025-10-01,Processing,Alexa
2779,818,2025-11-12,Shipped,Mobile
2780,276,2025-08-04,Cancelled,Web
2781,550,2025-05-02,Processing,Alexa
2782,381,2025-12-14,Shipped,Mobile
2783,915,2025-01-03,Processing,Alexa
2784,71,2025-12-02,Cancelled,Web
2785,35,2025-09-17,Shipped,Alexa
2786,390,2025-07-28,Delivered,Alexa
2787,336,2025-05-13,Shipped,Alexa
2788,955,2025-07-25,Delivered,Mobile
2789,389,2025-11-30,Cancelled,Web
2790,970,2025-12-11,Cancelled,Alexa
2791,515,2025-03-12,Shipped,Mobile
2792,93,2025-05-23,Cancelled,Alexa
2793,303,2025-02-16,Shipped,Mobile
2794,989,2025-06-29,Returned,Alexa
2795,268,2025-04-30,Processing,Alexa
2796,4,2025-11-11,Shipped,Alexa
2797,463,2025-08-23,Cancelled,Web
2798,892,2025-01-02,Delivered,Mobile
2799,534,2025-11-03,Processing,Mobile
2800,766,2025-07-29,Shipped,Alexa
2801,94,2025-08-14,Delivered,Alexa
2802,182,2025-03-04,Returned,Web
2803,881,2025-05-16,Cancelled,Web
2804,986,2025-04-23,Returned,Mobile
2805,281,2025-03-02,Shipped,Web
2806,415,2025-08-29,Cancelled,Mobile
2807,563,2025-07-01,Cancelled,Web
2808,83,2025-12-18,Returned,Web
2809,513,2025-05-24,Returned,Web
2810,930,2025-06-04,Processing,Web
2811,658,2025-11-19,Cancelled,Mobile
2812,520,2025-05-26,Shipped,Alexa
2813,738,2025-02-20,Shipped,Web
2814,534,2025-04-24,Returned,Web
2815,728,2025-04-11,Returned,Alexa
2816,727,2025-05-15,Cancelled,Web
2817,880,2025-11-08,Delivered,Alexa
2818,474,2025-09-28,Delivered,Web
2819,541,2025-02-15,Delivered,Alexa
2820,847,2025-11-16,Delivered,Web
2821,1000,2025-06-16,Shipped,Mobile
2822,533,2025-04-16,Shipped,Mobile
2823,576,2025-01-21,Cancelled,Web
2824,183,2025-09-24,Shipped,Mobile
2825,79,2025-09-17,Delivered,Alexa
2826,84,2025-10-15,Cancelled,Mobile
2827,730,2025-11-24,Delivered,Web
2828,876,2025-03-08,Shipped,Web
2829,323,2025-03-02,Delivered,Mobile
2830,474,2025-10-08,Processing,Web
2831,428,2025-10-11,Returned,Web
2832,152,2025-12-26,Returned,Alexa
2833,560,2025-06-26,Processing,Alexa
2834,206,2025-03-20,Delivered,Mobile
2835,95,2025-11-11,Delivered,Alexa
2836,947,2025-01-17,Delivered,Web
2837,514,2025-09-22,Cancelled,Alexa
2838,360,2025-07-27,Processing,Web
2839,596,2025-04-03,Returned,Mobile
2840,329,2025-05-30,Cancelled,Alexa
2841,102,2025-06-08,Cancelled,Alexa
2842,956,2025-06-04,Delivered,Web
2843,200,2025-05-07,Processing,Alexa
2844,542,2025-05-09,Shipped,Alexa
2845,321,2025-07-19,Cancelled,Mobile
2846,598,2025-05-04,Cancelled,Web
2847,362,2025-01-28,Cancelled,Mobile
2848,673,2025-03-09,Cancelled,Alexa
2849,904,2025-08-31,Returned,Web
2850,945,2025-01-02,Shipped,Mobile
2851,757,2025-08-31,Returned,Web
2852,579,2025-06-25,Delivered,Web
2853,894,2025-02-12,Delivered,Mobile
2854,801,2025-07-09,Processing,Alexa
2855,703,2025-09-23,Processing,Mobile
2856,832,2025-11-03,Shipped,Web
2857,412,2025-10-12,Delivered,Web
2858,218,2025-01-28,Shipped,Alexa
2859,483,2025-06-29,Shipped,Web
2860,840,2025-08-05,Returned,Mobile
2861,98,2025-10-30,Returned,Web
2862,186,2025-02-20,Shipped,Mobile
2863,609,2025-03-11,Shipped,Web
2864,615,2025-09-04,Shipped,Mobile
2865,660,2025-07-08,Returned,Mobile
2866,870,2025-08-06,Returned,Alexa
2867,441,2025-09-19,Delivered,Alexa
2868,172,2025-09-26,Delivered,Alexa
2869,252,2025-07-27,Processing,Mobile
2870,729,2025-07-18,Delivered,Web
2871,117,2025-10-09,Delivered,Web
2872,232,2025-01-19,Shipped,Mobile
2873,999,2025-06-05,Returned,Web
2874,351,2025-07-09,Cancelled,Web
2875,245,2025-11-15,Returned,Mobile
2876,818,2025-11-26,Processing,Web
2877,324,2025-09-22,Processing,Web
2878,466,2025-02-17,Delivered,Mobile
2879,781,2025-10-19,Returned,Mobile
2880,103,2025-11-15,Returned,Mobile
2881,991,2025-07-12,Delivered,Alexa
2882,707,2025-02-22,Returned,Mobile
2883,437,2025-11-29,Returned,Alexa
2884,534,2025-09-10,Returned,Web
2885,672,2025-03-12,Cancelled,Mobile
2886,720,2025-04-21,Delivered,Alexa
2887,462,2025-05-24,Processing,Web
2888,558,2025-08-18,Delivered,Alexa
2889,767,2025-04-04,Delivered,Web
2890,449,2025-07-22,Delivered,Web
2891,542,2025-09-04,Cancelled,Mobile
2892,812,2025-12-13,Processing,Mobile
2893,424,2025-01-12,Processing,Web
2894,789,2025-05-08,Returned,Alexa
2895,236,2025-08-23,Returned,Alexa
2896,501,2025-09-22,Processing,Alexa
2897,13,2025-05-28,Delivered,Mobile
2898,469,2025-01-17,Processing,Mobile
2899,822,2025-06-17,Processing,Web
2900,32,2025-08-22,Returned,Web
2901,148,2025-11-02,Shipped,Web
2902,648,2025-12-28,Shipped,Mobile
2903,936,2025-08-23,Returned,Alexa
2904,568,2025-02-24,Shipped,Mobile
2905,828,2025-08-05,Cancelled,Mobile
2906,903,2025-04-24,Cancelled,Mobile
2907,140,2025-06-29,Processing,Mobile
2908,567,2025-01-19,Cancelled,Alexa
2909,734,2025-09-09,Processing,Alexa
2910,914,2025-11-08,Processing,Mobile
2911,339,2025-10-12,Shipped,Mobile
2912,188,2025-12-17,Returned,Mobile
2913,626,2025-02-14,Delivered,Mobile
2914,458,2025-09-24,Returned,Web
2915,132,2025-08-27,Shipped,Web
2916,762,2025-02-24,Delivered,Web
2917,323,2025-07-30,Processing,Web
2918,958,2025-07-13,Returned,Alexa
2919,373,2025-08-10,Returned,Web
2920,136,2025-01-08,Cancelled,Web
2921,365,2025-07-17,Cancelled,Web
2922,477,2025-02-14,Delivered,Alexa
2923,172,2025-10-25,Processing,Web
2924,713,2025-11-17,Returned,Web
2925,185,2025-03-15,Returned,Mobile
2926,482,2025-11-22,Delivered,Alexa
2927,887,2025-01-19,Cancelled,Web
2928,893,2025-11-29,Shipped,Web
2929,59,2025-10-11,Shipped,Mobile
2930,265,2025-08-12,Delivered,Web
2931,361,2025-12-02,Delivered,Mobile
2932,441,2025-07-12,Processing,Mobile
2933,113,2025-07-17,Processing,Web
2934,285,2025-04-21,Cancelled,Alexa
2935,363,2025-01-04,Processing,Alexa
2936,326,2025-08-02,Delivered,Web
2937,871,2025-11-08,Returned,Mobile
2938,844,2025-09-07,Delivered,Alexa
2939,468,2025-06-06,Delivered,Alexa
2940,601,2025-11-25,Shipped,Mobile
2941,586,2025-07-02,Cancelled,Web
2942,321,2025-05-27,Processing,Mobile
2943,255,2025-10-23,Returned,Alexa
2944,14,2025-04-17,Returned,Alexa
2945,867,2025-02-11,Shipped,Web
2946,797,2025-05-04,Shipped,Web
2947,301,2025-05-13,Processing,Web
2948,394,2025-01-15,Shipped,Mobile
2949,840,2025-03-27,Shipped,Mobile
2950,960,2025-04-14,Returned,Web
2951,922,2025-07-14,Delivered,Mobile
2952,626,2025-12-20,Processing,Web
2953,608,2025-06-28,Shipped,Mobile
2954,463,2025-11-17,Returned,Web
2955,22,2025-03-07,Processing,Mobile
2956,839,2025-02-21,Cancelled,Web
2957,283,2025-08-31,Returned,Alexa
2958,187,2025-07-02,Delivered,Web
2959,277,2025-07-10,Processing,Mobile
2960,643,2025-05-15,Delivered,Alexa
2961,440,2025-10-30,Cancelled,Alexa
2962,105,2025-06-19,Cancelled,Mobile
2963,968,2025-04-14,Returned,Web
2964,682,2025-09-15,Returned,Mobile
2965,107,2025-09-16,Processing,Mobile
2966,193,2025-05-02,Processing,Mobile
2967,881,2025-07-12,Shipped,Mobile
2968,137,2025-03-30,Delivered,Alexa
2969,494,2025-03-16,Delivered,Alexa
2970,623,2025-09-07,Cancelled,Mobile
2971,612,2025-01-10,Processing,Mobile
2972,570,2025-05-19,Delivered,Mobile
2973,686,2025-05-03,Returned,Mobile
2974,275,2025-10-10,Delivered,Web
2975,437,2025-02-25,Processing,Mobile
2976,433,2025-04-26,Cancelled,Mobile
2977,602,2025-05-09,Returned,Alexa
2978,218,2025-02-13,Shipped,Alexa
2979,505,2025-10-06,Processing,Web
2980,818,2025-09-17,Processing,Web
2981,907,2025-05-19,Delivered,Web
2982,18,2025-07-07,Cancelled,Web
2983,704,2025-07-22,Cancelled,Web
2984,780,2025-01-18,Cancelled,Web
2985,658,2025-02-11,Returned,Mobile
2986,527,2025-05-01,Shipped,Mobile
2987,830,2025-12-20,Processing,Mobile
2988,738,2025-06-22,Returned,Alexa
2989,216,2025-07-22,Returned,Alexa
2990,620,2025-04-16,Delivered,Alexa
2991,71,2025-09-26,Delivered,Mobile
2992,535,2025-10-28,Delivered,Alexa
2993,273,2025-08-02,Processing,Mobile
2994,180,2025-09-14,Returned,Web
2995,98,2025-04-18,Delivered,Mobile
2996,176,2025-08-06,Shipped,Web
2997,571,2025-02-11,Delivered,Alexa
2998,490,2025-09-26,Processing,Web
2999,680,2025-08-28,Shipped,Mobile
3000,403,2025-02-23,Cancelled,Alexa
3001,920,2025-11-16,Delivered,Alexa
3002,184,2025-01-04,Cancelled,Web
3003,565,2025-12-05,Returned,Mobile
3004,762,2025-02-27,Shipped,Web
3005,610,2025-06-11,Delivered,Web
3006,911,2025-10-31,Shipped,Alexa
3007,155,2025-09-08,Returned,Alexa
3008,897,2025-09-02,Processing,Mobile
3009,506,2025-02-07,Delivered,Alexa
3010,961,2025-11-13,Cancelled,Alexa
3011,611,2025-08-17,Delivered,Mobile
3012,883,2025-07-25,Shipped,Mobile
3013,832,2025-07-03,Returned,Alexa
3014,797,2025-08-08,Processing,Mobile
3015,424,2025-12-08,Returned,Mobile
3016,368,2025-03-29,Returned,Mobile
3017,402,2025-07-20,Returned,Mobile
3018,926,2025-07-31,Processing,Mobile
3019,522,2025-05-02,Returned,Mobile
3020,334,2025-06-16,Processing,Alexa
3021,126,2025-09-25,Processing,Alexa
3022,562,2025-04-17,Returned,Alexa
3023,29,2025-05-19,Delivered,Mobile
3024,849,2025-06-15,Delivered,Web
3025,403,2025-08-21,Cancelled,Mobile
3026,504,2025-05-29,Returned,Alexa
3027,151,2025-07-20,Shipped,Mobile
3028,364,2025-01-23,Processing,Alexa
3029,847,2025-07-14,Processing,Web
3030,563,2025-07-03,Delivered,Web
3031,111,2025-05-05,Delivered,Mobile
3032,966,2025-11-11,Processing,Web
3033,225,2025-05-05,Shipped,Web
3034,62,2025-08-26,Delivered,Web
3035,779,2025-07-29,Returned,Web
3036,844,2025-08-24,Shipped,Web
3037,15,2025-12-24,Processing,Mobile
3038,290,2025-03-07,Returned,Web
3039,58,2025-11-16,Processing,Web
3040,636,2025-06-05,Delivered,Alexa
3041,173,2025-05-08,Delivered,Alexa
3042,407,2025-06-26,Returned,Alexa
3043,446,2025-12-12,Shipped,Alexa
3044,298,2025-02-04,Delivered,Mobile
3045,9,2025-01-02,Processing,Web
3046,335,2025-12-04,Delivered,Alexa
3047,554,2025-04-24,Processing,Mobile
3048,456,2025-07-11,Cancelled,Mobile
3049,748,2025-09-08,Cancelled,Web
3050,536,2025-08-22,Processing,Mobile
3051,997,2025-08-20,Delivered,Web
3052,486,2025-04-06,Cancelled,Alexa
3053,987,2025-06-21,Delivered,Mobile
3054,114,2025-02-25,Returned,Web
3055,596,2025-07-08,Delivered,Mobile
3056,568,2025-04-08,Delivered,Web
3057,887,2025-10-19,Processing,Web
3058,584,2025-06-19,Shipped,Web
3059,764,2025-10-01,Delivered,Web
3060,480,2025-12-31,Returned,Mobile
3061,879,2025-05-12,Processing,Alexa
3062,380,2025-06-17,Shipped,Mobile
3063,265,2025-08-28,Returned,Mobile
3064,762,2025-06-08,Returned,Mobile
3065,61,2025-09-23,Returned,Alexa
3066,822,2025-01-25,Returned,Web
3067,903,2025-07-21,Delivered,Alexa
3068,893,2025-12-28,Returned,Web
3069,801,2025-05-24,Cancelled,Mobile
3070,374,2025-11-01,Returned,Mobile
3071,565,2025-06-13,Cancelled,Web
3072,182,2025-02-14,Delivered,Web
3073,309,2025-12-27,Returned,Mobile
3074,119,2025-08-10,Returned,Alexa
3075,363,2025-04-19,Processing,Alexa
3076,925,2025-07-05,Shipped,Web
3077,623,2025-11-28,Returned,Web
3078,26,2025-12-18,Cancelled,Mobile
3079,409,2025-05-13,Returned,Mobile
3080,641,2025-02-27,Shipped,Alexa
3081,106,2025-01-18,Delivered,Web
3082,10,2025-04-30,Returned,Web
3083,137,2025-05-24,Processing,Alexa
3084,140,2025-09-07,Returned,Web
3085,557,2025-05-02,Shipped,Alexa
3086,323,2025-07-13,Cancelled,Alexa
3087,971,2025-01-18,Returned,Web
3088,63,2025-03-09,Delivered,Mobile
3089,536,2025-11-29,Shipped,Mobile
3090,165,2025-12-05,Cancelled,Web
3091,594,2025-11-19,Delivered,Web
3092,12,2025-04-11,Delivered,Web
3093,732,2025-11-04,Shipped,Mobile
3094,738,2025-09-05,Shipped,Web
3095,59,2025-01-10,Delivered,Alexa
3096,940,2025-11-28,Cancelled,Web
3097,353,2025-12-16,Processing,Alexa
3098,549,2025-04-05,Returned,Web
3099,307,2025-02-13,Shipped,Alexa
3100,792,2025-11-29,Shipped,Mobile
3101,956,2025-08-25,Cancelled,Alexa
3102,891,2025-10-23,Returned,Mobile
3103,971,2025-07-26,Delivered,Web
3104,477,2025-09-12,Returned,Alexa
3105,919,2025-04-15,Shipped,Mobile
3106,733,2025-08-30,Shipped,Mobile
3107,556,2025-11-02,Delivered,Web
3108,934,2025-11-13,Processing,Alexa
3109,935,2025-07-22,Shipped,Mobile
3110,640,2025-10-03,Cancelled,Mobile
3111,441,2025-01-24,Processing,Mobile
3112,719,2025-06-05,Processing,Alexa
3113,532,2025-08-04,Shipped,Mobile
3114,547,2025-01-20,Delivered,Web
3115,99,2025-03-08,Returned,Alexa
3116,696,2025-06-08,Returned,Alexa
3117,201,2025-03-18,Delivered,Mobile
3118,830,2025-02-16,Returned,Alexa
3119,452,2025-08-30,Delivered,Alexa
3120,491,2025-11-20,Shipped,Alexa
3121,271,2025-05-02,Cancelled,Mobile
3122,485,2025-06-11,Processing,Web
3123,772,2025-09-24,Shipped,Alexa
3124,811,2025-06-15,Returned,Alexa
3125,773,2025-12-23,Processing,Web
3126,432,2025-10-15,Returned,Alexa
3127,124,2025-10-06,Shipped,Mobile
3128,491,2025-12-14,Returned,Mobile
3129,598,2025-03-24,Returned,Mobile
3130,904,2025-10-08,Cancelled,Mobile
3131,413,2025-07-07,Delivered,Web
3132,984,2025-04-05,Cancelled,Web
3133,887,2025-05-06,Delivered,Alexa
3134,350,2025-07-13,Shipped,Web
3135,598,2025-11-09,Processing,Mobile
3136,517,2025-07-16,Shipped,Alexa
3137,156,2025-10-31,Shipped,Alexa
3138,14,2025-09-25,Returned,Web
3139,826,2025-10-15,Shipped,Mobile
3140,608,2025-01-31,Returned,Web
3141,40,2025-06-22,Returned,Alexa
3142,928,2025-06-11,Delivered,Alexa
3143,908,2025-07-20,Delivered,Web
3144,150,2025-04-06,Delivered,Web
3145,286,2025-01-02,Processing,Alexa
3146,553,2025-09-11,Returned,Mobile
3147,242,2025-07-20,Cancelled,Web
3148,392,2025-08-07,Shipped,Alexa
3149,954,2025-04-20,Returned,Alexa
3150,741,2025-10-13,Shipped,Mobile
3151,566,2025-02-27,Delivered,Mobile
3152,679,2025-05-09,Cancelled,Mobile
3153,750,2025-12-27,Cancelled,Mobile
3154,477,2025-09-18,Returned,Mobile
3155,569,2025-06-24,Shipped,Alexa
3156,431,2025-06-13,Returned,Mobile
3157,686,2025-12-21,Cancelled,Alexa
3158,58,2025-03-23,Delivered,Web
3159,968,2025-02-22,Returned,Mobile
3160,451,2025-03-31,Processing,Web
3161,734,2025-06-27,Delivered,Alexa
3162,370,2025-06-10,Returned,Mobile
3163,82,2025-08-23,Delivered,Mobile
3164,292,2025-11-27,Returned,Web
3165,755,2025-11-26,Shipped,Mobile
3166,615,2025-06-01,Delivered,Mobile
3167,13,2025-06-21,Shipped,Web
3168,229,2025-03-27,Shipped,Web
3169,530,2025-05-08,Cancelled,Alexa
3170,75,2025-04-11,Shipped,Web
3171,729,2025-09-05,Cancelled,Alexa
3172,856,2025-11-12,Returned,Web
3173,963,2025-04-12,Processing,Web
3174,761,2025-04-24,Cancelled,Mobile
3175,590,2025-03-02,Returned,Mobile
3176,118,2025-06-12,Returned,Alexa
3177,226,2025-08-12,Returned,Web
3178,263,2025-12-04,Delivered,Web
3179,182,2025-12-20,Processing,Alexa
3180,78,2025-08-10,Processing,Web
3181,142,2025-08-01,Cancelled,Alexa
3182,812,2025-01-13,Processing,Web
3183,986,2025-11-09,Shipped,Alexa
3184,943,2025-11-26,Processing,Mobile
3185,986,2025-05-12,Returned,Web
3186,328,2025-06-15,Shipped,Web
3187,28,2025-12-04,Cancelled,Web
3188,133,2025-03-24,Shipped,Web
3189,641,2025-05-13,Delivered,Web
3190,486,2025-11-25,Returned,Mobile
3191,729,2025-06-06,Processing,Web
3192,732,2025-11-06,Returned,Alexa
3193,353,2025-12-28,Shipped,Web
3194,55,2025-02-09,Cancelled,Web
3195,279,2025-10-16,Shipped,Alexa
3196,937,2025-08-06,Shipped,Web
3197,17,2025-02-21,Shipped,Alexa
3198,756,2025-06-21,Cancelled,Mobile
3199,797,2025-01-18,Returned,Alexa
3200,982,2025-07-22,Processing,Web
3201,253,2025-07-07,Cancelled,Web
3202,599,2025-12-17,Cancelled,Web
3203,860,2025-12-16,Delivered,Alexa
3204,961,2025-10-29,Cancelled,Alexa
3205,34,2025-09-15,Delivered,Alexa
3206,257,2025-05-24,Delivered,Web
3207,956,2025-02-02,Cancelled,Alexa
3208,530,2025-03-14,Cancelled,Mobile
3209,950,2025-06-23,Returned,Alexa
3210,987,2025-07-03,Cancelled,Web
3211,380,2025-02-13,Delivered,Alexa
3212,18,2025-10-02,Returned,Mobile
3213,81,2025-07-13,Delivered,Web
3214,201,2025-08-15,Shipped,Mobile
3215,589,2025-12-30,Processing,Mobile
3216,645,2025-01-28,Shipped,Mobile
3217,789,2025-01-30,Shipped,Web
3218,442,2025-08-25,Cancelled,Mobile
3219,555,2025-05-24,Delivered,Web
3220,575,2025-07-06,Shipped,Web
3221,195,2025-04-07,Processing,Alexa
3222,656,2025-08-09,Delivered,Mobile
3223,182,2025-11-23,Shipped,Web
3224,79,2025-08-04,Returned,Alexa
3225,612,2025-05-21,Returned,Mobile
3226,202,2025-08-11,Cancelled,Alexa
3227,577,2025-12-08,Cancelled,Web
3228,285,2025-09-27,Returned,Alexa
3229,802,2025-05-09,Returned,Mobile
3230,165,2025-07-15,Shipped,Web
3231,160,2025-07-24,Delivered,Alexa
3232,373,2025-05-29,Processing,Mobile
3233,347,2025-05-15,Delivered,Mobile
3234,944,2025-11-27,Processing,Web
3235,758,2025-09-14,Processing,Mobile
3236,727,2025-09-06,Cancelled,Web
3237,159,2025-05-19,Delivered,Mobile
3238,356,2025-12-13,Delivered,Mobile
3239,565,2025-08-17,Delivered,Alexa
3240,697,2025-03-15,Processing,Alexa
3241,639,2025-03-11,Shipped,Web
3242,209,2025-04-06,Delivered,Alexa
3243,124,2025-05-02,Processing,Mobile
3244,637,2025-01-17,Processing,Alexa
3245,482,2025-03-24,Returned,Alexa
3246,450,2025-06-01,Shipped,Alexa
3247,667,2025-09-18,Shipped,Mobile
3248,487,2025-05-09,Processing,Mobile
3249,550,2025-12-02,Shipped,Alexa
3250,107,2025-07-24,Shipped,Alexa
3251,921,2025-12-13,Delivered,Web
3252,272,2025-09-16,Returned,Alexa
3253,712,2025-06-30,Processing,Alexa
3254,864,2025-10-07,Returned,Alexa
3255,32,2025-10-29,Cancelled,Web
3256,958,2025-01-05,Shipped,Mobile
3257,191,2025-08-20,Processing,Alexa
3258,769,2025-07-14,Cancelled,Mobile
3259,60,2025-04-12,Shipped,Web
3260,77,2025-07-09,Delivered,Alexa
3261,627,2025-02-21,Shipped,Web
3262,740,2025-06-13,Returned,Web
3263,134,2025-06-23,Shipped,Alexa
3264,994,2025-09-27,Returned,Alexa
3265,858,2025-09-17,Shipped,Alexa
3266,710,2025-12-23,Processing,Web
3267,544,2025-09-19,Shipped,Web
3268,24,2025-04-08,Shipped,Alexa
3269,193,2025-04-27,Cancelled,Alexa
3270,621,2025-02-08,Returned,Mobile
3271,396,2025-12-29,Processing,Mobile
3272,702,2025-06-24,Shipped,Mobile
3273,404,2025-09-20,Processing,Alexa
3274,95,2025-09-18,Shipped,Alexa
3275,186,2025-03-31,Cancelled,Mobile
3276,205,2025-02-25,Processing,Web
3277,215,2025-07-17,Processing,Mobile
3278,509,2025-10-06,Returned,Alexa
3279,267,2025-03-15,Cancelled,Mobile
3280,627,2025-12-07,Processing,Mobile
3281,460,2025-08-09,Processing,Mobile
3282,6,2025-10-26,Cancelled,Web
3283,666,2025-05-22,Returned,Alexa
3284,948,2025-02-03,Shipped,Mobile
3285,234,2025-05-14,Cancelled,Mobile
3286,543,2025-10-19,Processing,Alexa
3287,686,2025-10-21,Delivered,Alexa
3288,148,2025-10-26,Shipped,Web
3289,994,2025-10-28,Processing,Mobile
3290,808,2025-02-08,Returned,Web
3291,864,2025-12-06,Delivered,Mobile
3292,392,2025-05-16,Cancelled,Mobile
3293,544,2025-11-25,Processing,Web
3294,157,2025-03-23,Cancelled,Alexa
3295,755,2025-02-05,Cancelled,Alexa
3296,327,2025-02-20,Returned,Alexa
3297,910,2025-07-28,Shipped,Alexa
3298,834,2025-10-11,Shipped,Mobile
3299,890,2025-07-27,Shipped,Mobile
3300,926,2025-04-23,Cancelled,Alexa
3301,434,2025-11-09,Processing,Web
3302,291,2025-05-29,Shipped,Alexa
3303,983,2025-12-01,Cancelled,Web
3304,814,2025-04-21,Processing,Mobile
3305,335,2025-04-06,Cancelled,Web
3306,517,2025-04-08,Delivered,Alexa
3307,692,2025-07-25,Processing,Web
3308,749,2025-02-20,Shipped,Web
3309,330,2025-10-13,Shipped,Web
3310,57,2025-04-26,Cancelled,Alexa
3311,336,2025-08-28,Processing,Web
3312,786,2025-11-28,Returned,Web
3313,668,2025-07-19,Shipped,Mobile
3314,168,2025-12-17,Cancelled,Mobile
3315,710,2025-10-02,Cancelled,Web
3316,623,2025-03-07,Delivered,Mobile
3317,855,2025-11-30,Cancelled,Mobile
3318,407,2025-03-28,Shipped,Mobile
3319,405,2025-01-20,Processing,Mobile
3320,414,2025-08-23,Returned,Mobile
3321,226,2025-10-29,Delivered,Web
3322,748,2025-08-18,Shipped,Alexa
3323,109,2025-11-28,Returned,Mobile
3324,456,2025-02-26,Shipped,Mobile
3325,41,2025-04-18,Processing,Alexa
3326,257,2025-06-28,Delivered,Mobile
3327,848,2025-11-26,Returned,Alexa
3328,673,2025-01-14,Cancelled,Web
3329,993,2025-11-01,Processing,Web
3330,913,2025-05-03,Cancelled,Alexa
3331,51,2025-09-07,Processing,Mobile
3332,510,2025-12-04,Shipped,Mobile
3333,21,2025-09-24,Delivered,Web
3334,169,2025-08-25,Shipped,Mobile
3335,289,2025-09-26,Shipped,Mobile
3336,649,2025-07-06,Processing,Mobile
3337,41,2025-07-13,Shipped,Web
3338,850,2025-01-02,Returned,Web
3339,132,2025-12-30,Returned,Alexa
3340,384,2025-12-31,Cancelled,Alexa
3341,300,2025-01-13,Cancelled,Web
3342,746,2025-02-12,Cancelled,Web
3343,156,2025-10-08,Shipped,Web
3344,667,2025-11-30,Returned,Alexa
3345,869,2025-07-24,Shipped,Mobile
3346,274,2025-07-26,Shipped,Web
3347,98,2025-02-19,Shipped,Alexa
3348,1000,2025-06-07,Cancelled,Mobile
3349,551,2025-04-26,Delivered,Mobile
3350,288,2025-05-21,Processing,Mobile
3351,475,2025-11-25,Returned,Alexa
3352,640,2025-04-05,Cancelled,Mobile
3353,780,2025-09-23,Processing,Alexa
3354,152,2025-03-03,Shipped,Web
3355,251,2025-03-18,Delivered,Mobile
3356,271,2025-05-01,Delivered,Mobile
3357,124,2025-07-24,Shipped,Alexa
3358,40,2025-06-19,Processing,Web
3359,667,2025-09-10,Processing,Alexa
3360,83,2025-06-01,Cancelled,Web
3361,836,2025-04-02,Returned,Alexa
3362,255,2025-11-17,Processing,Mobile
3363,332,2025-03-14,Processing,Mobile
3364,668,2025-03-23,Shipped,Web
3365,114,2025-09-13,Processing,Alexa
3366,479,2025-04-01,Cancelled,Alexa
3367,91,2025-12-02,Delivered,Mobile
3368,989,2025-11-15,Cancelled,Web
3369,487,2025-09-23,Returned,Mobile
3370,30,2025-07-18,Processing,Mobile
3371,290,2025-11-10,Cancelled,Web
3372,561,2025-07-28,Shipped,Web
3373,388,2025-08-19,Processing,Mobile
3374,273,2025-12-09,Cancelled,Mobile
3375,601,2025-09-04,Cancelled,Mobile
3376,701,2025-06-07,Returned,Mobile
3377,615,2025-07-05,Cancelled,Web
3378,280,2025-08-22,Shipped,Alexa
3379,666,2025-09-16,Shipped,Alexa
3380,738,2025-02-09,Shipped,Mobile
3381,237,2025-07-25,Shipped,Alexa
3382,603,2025-07-02,Delivered,Mobile
3383,414,2025-12-24,Delivered,Web
3384,77,2025-08-13,Shipped,Web
3385,783,2025-08-12,Delivered,Mobile
3386,227,2025-11-26,Returned,Mobile
3387,179,2025-02-21,Delivered,Web
3388,800,2025-05-06,Delivered,Mobile
3389,847,2025-05-12,Delivered,Alexa
3390,398,2025-02-11,Processing,Mobile
3391,190,2025-09-24,Processing,Web
3392,248,2025-06-14,Shipped,Mobile
3393,872,2025-05-07,Shipped,Mobile
3394,289,2025-09-05,Delivered,Web
3395,651,2025-08-31,Cancelled,Web
3396,277,2025-10-19,Delivered,Alexa
3397,167,2025-02-10,Shipped,Alexa
3398,32,2025-11-11,Shipped,Alexa
3399,225,2025-06-27,Processing,Web
3400,423,2025-11-17,Returned,Mobile
3401,101,2025-04-21,Cancelled,Alexa
3402,76,2025-08-01,Cancelled,Alexa
3403,524,2025-10-30,Shipped,Mobile
3404,842,2025-08-12,Delivered,Alexa
3405,644,2025-05-09,Returned,Mobile
3406,956,2025-03-30,Cancelled,Mobile
3407,532,2025-05-04,Delivered,Alexa
3408,440,2025-06-14,Delivered,Web
3409,39,2025-09-14,Processing,Web
3410,961,2025-12-26,Delivered,Web
3411,925,2025-04-01,Processing,Web
3412,679,2025-09-30,Processing,Mobile
3413,937,2025-04-30,Returned,Web
3414,793,2025-05-03,Delivered,Web
3415,34,2025-02-07,Cancelled,Mobile
3416,639,2025-01-19,Processing,Alexa
3417,480,2025-01-13,Cancelled,Alexa
3418,742,2025-11-15,Shipped,Mobile
3419,324,2025-08-21,Returned,Web
3420,713,2025-01-21,Delivered,Alexa
3421,95,2025-01-10,Delivered,Mobile
3422,736,2025-11-08,Processing,Web
3423,547,2025-06-04,Shipped,Web
3424,718,2025-02-10,Delivered,Alexa
3425,942,2025-04-03,Returned,Alexa
3426,269,2025-07-21,Shipped,Web
3427,741,2025-03-29,Processing,Alexa
3428,747,2025-12-23,Returned,Mobile
3429,268,2025-06-27,Shipped,Mobile
3430,583,2025-04-09,Delivered,Alexa
3431,837,2025-07-27,Returned,Web
3432,933,2025-03-10,Processing,Mobile
3433,192,2025-05-10,Cancelled,Web
3434,381,2025-08-04,Cancelled,Mobile
3435,183,2025-10-06,Processing,Mobile
3436,77,2025-05-29,Shipped,Mobile
3437,4,2025-09-30,Delivered,Web
3438,858,2025-08-28,Delivered,Web
3439,839,2025-07-18,Cancelled,Mobile
3440,793,2025-10-01,Cancelled,Web
3441,677,2025-01-22,Returned,Mobile
3442,443,2025-11-21,Cancelled,Web
3443,882,2025-09-15,Cancelled,Alexa
3444,477,2025-08-02,Cancelled,Web
3445,866,2025-09-26,Processing,Alexa
3446,975,2025-02-14,Processing,Web
3447,873,2025-11-14,Processing,Web
3448,846,2025-01-04,Delivered,Mobile
3449,458,2025-03-17,Shipped,Alexa
3450,284,2025-10-28,Cancelled,Web
3451,528,2025-04-03,Delivered,Web
3452,41,2025-10-27,Shipped,Mobile
3453,99,2025-04-22,Shipped,Web
3454,655,2025-10-10,Delivered,Mobile
3455,697,2025-04-05,Processing,Alexa
3456,82,2025-11-03,Delivered,Alexa
3457,94,2025-04-22,Processing,Alexa
3458,559,2025-10-31,Returned,Web
3459,615,2025-12-19,Cancelled,Alexa
3460,746,2025-03-26,Returned,Alexa
3461,739,2025-02-01,Returned,Alexa
3462,519,2025-03-07,Delivered,Web
3463,640,2025-11-07,Shipped,Mobile
3464,332,2025-10-18,Processing,Web
3465,938,2025-06-28,Delivered,Web
3466,113,2025-04-26,Processing,Mobile
3467,987,2025-02-07,Shipped,Alexa
3468,878,2025-10-03,Returned,Alexa
3469,835,2025-05-22,Returned,Alexa
3470,510,2025-11-09,Processing,Web
3471,610,2025-12-22,Cancelled,Web
3472,274,2025-07-10,Processing,Mobile
3473,303,2025-08-02,Shipped,Alexa
3474,734,2025-09-22,Shipped,Alexa
3475,201,2025-01-02,Shipped,Web
3476,33,2025-05-16,Delivered,Web
3477,642,2025-01-11,Processing,Alexa
3478,204,2025-07-08,Returned,Web
3479,424,2025-09-23,Cancelled,Web
3480,517,2025-08-22,Shipped,Alexa
3481,456,2025-07-09,Delivered,Alexa
3482,690,2025-05-13,Returned,Mobile
3483,235,2025-08-13,Processing,Web
3484,581,2025-03-28,Shipped,Web
3485,772,2025-10-04,Cancelled,Web
3486,982,2025-08-08,Shipped,Web
3487,190,2025-02-24,Returned,Mobile
3488,310,2025-02-28,Delivered,Mobile
3489,78,2025-10-29,Delivered,Alexa
3490,159,2025-06-06,Delivered,Web
3491,643,2025-02-28,Processing,Mobile
3492,817,2025-12-09,Returned,Mobile
3493,986,2025-12-25,Processing,Mobile
3494,691,2025-10-10,Returned,Mobile
3495,657,2025-09-21,Processing,Alexa
3496,686,2025-10-25,Processing,Web
3497,586,2025-03-12,Returned,Web
3498,566,2025-02-22,Shipped,Web
3499,289,2025-10-09,Returned,Mobile
3500,688,2025-03-25,Shipped,Mobile
3501,315,2025-01-21,Shipped,Alexa
3502,875,2025-10-23,Shipped,Web
3503,103,2025-07-30,Cancelled,Web
3504,935,2025-09-23,Processing,Mobile
3505,963,2025-09-14,Shipped,Alexa
3506,401,2025-02-23,Cancelled,Web
3507,867,2025-03-30,Cancelled,Web
3508,268,2025-09-15,Delivered,Web
3509,282,2025-07-08,Returned,Alexa
3510,510,2025-04-27,Processing,Mobile
3511,535,2025-04-21,Returned,Mobile
3512,162,2025-02-24,Cancelled,Web
3513,417,2025-12-01,Returned,Web
3514,646,2025-03-28,Shipped,Alexa
3515,109,2025-07-17,Cancelled,Alexa
3516,939,2025-05-14,Delivered,Mobile
3517,672,2025-12-30,Shipped,Web
3518,899,2025-07-29,Delivered,Mobile
3519,15,2025-01-02,Processing,Alexa
3520,973,2025-07-15,Returned,Mobile
3521,829,2025-06-26,Shipped,Mobile
3522,35,2025-11-02,Returned,Mobile
3523,955,2025-02-22,Returned,Alexa
3524,485,2025-08-30,Returned,Web
3525,420,2025-02-08,Shipped,Alexa
3526,352,2025-12-09,Cancelled,Alexa
3527,37,2025-07-16,Cancelled,Alexa
3528,549,2025-01-03,Returned,Mobile
3529,425,2025-07-23,Returned,Mobile
3530,712,2025-12-11,Delivered,Alexa
3531,626,2025-07-01,Processing,Alexa
3532,203,2025-09-27,Cancelled,Mobile
3533,678,2025-12-15,Delivered,Mobile
3534,252,2025-09-05,Shipped,Mobile
3535,80,2025-11-29,Delivered,Alexa
3536,323,2025-03-15,Cancelled,Web
3537,900,2025-07-07,Shipped,Alexa
3538,115,2025-06-22,Processing,Mobile
3539,19,2025-04-21,Shipped,Mobile
3540,162,2025-11-08,Processing,Alexa
3541,722,2025-11-10,Returned,Web
3542,402,2025-12-27,Cancelled,Alexa
3543,167,2025-01-06,Returned,Web
3544,715,2025-08-01,Shipped,Alexa
3545,932,2025-09-19,Cancelled,Web
3546,983,2025-05-08,Shipped,Alexa
3547,418,2025-03-13,Delivered,Mobile
3548,333,2025-12-03,Processing,Alexa
3549,84,2025-12-03,Cancelled,Web
3550,758,2025-05-31,Shipped,Mobile
3551,252,2025-05-12,Processing,Alexa
3552,848,2025-12-26,Returned,Web
3553,124,2025-09-19,Shipped,Mobile
3554,601,2025-06-17,Cancelled,Mobile
3555,397,2025-02-08,Delivered,Web
3556,496,2025-04-22,Returned,Mobile
3557,626,2025-11-17,Cancelled,Mobile
3558,993,2025-09-09,Shipped,Alexa
3559,559,2025-09-02,Shipped,Alexa
3560,145,2025-09-22,Shipped,Web
3561,222,2025-10-08,Processing,Alexa
3562,505,2025-04-12,Delivered,Alexa
3563,318,2025-06-06,Processing,Mobile
3564,289,2025-10-13,Returned,Mobile
3565,960,2025-12-11,Delivered,Alexa
3566,805,2025-02-19,Shipped,Mobile
3567,231,2025-06-07,Cancelled,Alexa
3568,146,2025-10-31,Shipped,Web
3569,150,2025-06-05,Shipped,Mobile
3570,270,2025-10-15,Delivered,Mobile
3571,644,2025-10-27,Shipped,Mobile
3572,328,2025-05-05,Cancelled,Mobile
3573,982,2025-12-24,Processing,Web
3574,165,2025-01-10,Shipped,Alexa
3575,427,2025-01-03,Cancelled,Mobile
3576,434,2025-11-30,Cancelled,Web
3577,960,2025-11-02,Cancelled,Web
3578,588,2025-11-27,Returned,Web
3579,5,2025-01-06,Returned,Alexa
3580,277,2025-05-03,Cancelled,Web
3581,101,2025-05-19,Delivered,Web
3582,570,2025-02-03,Cancelled,Mobile
3583,928,2025-10-19,Delivered,Mobile
3584,774,2025-01-03,Processing,Web
3585,225,2025-01-29,Cancelled,Web
3586,181,2025-01-03,Shipped,Web
3587,330,2025-12-09,Returned,Alexa
3588,12,2025-09-20,Processing,Mobile
3589,611,2025-10-31,Processing,Web
3590,569,2025-12-17,Delivered,Mobile
3591,137,2025-10-26,Processing,Alexa
3592,175,2025-06-06,Shipped,Mobile
3593,340,2025-11-27,Processing,Web
3594,384,2025-08-02,Cancelled,Alexa
3595,51,2025-02-04,Returned,Web
3596,422,2025-12-15,Processing,Mobile
3597,62,2025-09-28,Shipped,Web
3598,299,2025-06-28,Delivered,Mobile
3599,22,2025-08-28,Processing,Alexa
3600,37,2025-10-08,Cancelled,Mobile
3601,948,2025-10-15,Returned,Mobile
3602,361,2025-11-04,Processing,Alexa
3603,967,2025-12-03,Cancelled,Web
3604,762,2025-03-18,Shipped,Web
3605,432,2025-12-08,Shipped,Mobile
3606,315,2025-02-05,Cancelled,Web
3607,472,2025-10-26,Returned,Mobile
3608,100,2025-09-12,Shipped,Alexa
3609,968,2025-07-13,Shipped,Mobile
3610,292,2025-02-06,Returned,Alexa
3611,681,2025-09-19,Cancelled,Web
3612,659,2025-12-12,Delivered,Mobile
3613,849,2025-12-01,Delivered,Web
3614,81,2025-05-03,Delivered,Alexa
3615,333,2025-02-09,Delivered,Web
3616,41,2025-08-27,Delivered,Web
3617,258,2025-03-06,Returned,Alexa
3618,494,2025-03-21,Delivered,Alexa
3619,482,2025-06-05,Cancelled,Alexa
3620,761,2025-02-15,Returned,Web
3621,83,2025-07-21,Processing,Mobile
3622,825,2025-09-10,Shipped,Web
3623,685,2025-04-21,Cancelled,Alexa
3624,557,2025-10-14,Cancelled,Alexa
3625,547,2025-01-20,Returned,Web
3626,189,2025-01-11,Delivered,Mobile
3627,139,2025-03-10,Delivered,Web
3628,944,2025-10-30,Shipped,Mobile
3629,752,2025-12-22,Shipped,Web
3630,625,2025-06-30,Shipped,Alexa
3631,623,2025-09-09,Cancelled,Web
3632,998,2025-11-18,Processing,Mobile
3633,369,2025-09-21,Shipped,Web
3634,379,2025-09-13,Processing,Mobile
3635,527,2025-03-01,Returned,Mobile
3636,317,2025-12-28,Shipped,Alexa
3637,175,2025-09-11,Delivered,Mobile
3638,487,2025-03-28,Processing,Mobile
3639,268,2025-11-02,Cancelled,Alexa
3640,715,2025-05-24,Delivered,Mobile
3641,732,2025-11-09,Processing,Web
3642,140,2025-06-15,Returned,Mobile
3643,533,2025-09-12,Cancelled,Web
3644,551,2025-05-23,Returned,Mobile
3645,582,2025-08-06,Processing,Web
3646,140,2025-02-10,Shipped,Mobile
3647,387,2025-05-18,Cancelled,Web
3648,469,2025-07-10,Shipped,Web
3649,156,2025-09-08,Cancelled,Alexa
3650,270,2025-01-27,Delivered,Web
3651,680,2025-06-30,Delivered,Alexa
3652,657,2025-08-17,Returned,Mobile
3653,705,2025-02-03,Cancelled,Web
3654,480,2025-01-23,Returned,Mobile
3655,246,2025-08-14,Processing,Mobile
3656,513,2025-06-17,Cancelled,Web
3657,694,2025-12-03,Processing,Mobile
3658,796,2025-05-30,Shipped,Alexa
3659,489,2025-01-14,Delivered,Mobile
3660,469,2025-12-15,Delivered,Alexa
3661,428,2025-02-01,Cancelled,Alexa
3662,827,2025-03-25,Processing,Mobile
3663,585,2025-12-16,Delivered,Web
3664,516,2025-04-30,Processing,Web
3665,83,2025-07-10,Delivered,Mobile
3666,906,2025-12-31,Processing,Web
3667,951,2025-01-12,Cancelled,Web
3668,461,2025-01-07,Returned,Mobile
3669,891,2025-01-15,Shipped,Alexa
3670,175,2025-04-24,Shipped,Mobile
3671,232,2025-05-08,Cancelled,Web
3672,572,2025-01-25,Delivered,Mobile
3673,557,2025-11-02,Delivered,Alexa
3674,172,2025-01-30,Delivered,Web
3675,156,2025-02-09,Processing,Web
3676,265,2025-01-25,Cancelled,Mobile
3677,245,2025-08-23,Shipped,Alexa
3678,22,2025-02-22,Delivered,Mobile
3679,625,2025-12-28,Processing,Mobile
3680,272,2025-08-19,Delivered,Alexa
3681,122,2025-10-27,Shipped,Mobile
3682,606,2025-12-20,Delivered,Alexa
3683,887,2025-05-30,Cancelled,Alexa
3684,963,2025-10-25,Delivered,Mobile
3685,312,2025-08-04,Cancelled,Web
3686,479,2025-02-02,Delivered,Web
3687,154,2025-09-09,Returned,Mobile
3688,896,2025-02-21,Processing,Alexa
3689,404,2025-04-24,Returned,Web
3690,315,2025-01-13,Shipped,Mobile
3691,966,2025-03-30,Cancelled,Alexa
3692,373,2025-05-22,Delivered,Alexa
3693,191,2025-04-12,Returned,Web
3694,264,2025-03-01,Shipped,Alexa
3695,822,2025-10-10,Delivered,Mobile
3696,516,2025-04-16,Delivered,Mobile
3697,439,2025-01-07,Delivered,Web
3698,951,2025-06-30,Processing,Web
3699,168,2025-05-01,Delivered,Web
3700,720,2025-05-14,Processing,Web
3701,762,2025-06-02,Shipped,Mobile
3702,371,2025-02-07,Cancelled,Web
3703,722,2025-09-01,Processing,Mobile
3704,235,2025-01-29,Delivered,Mobile
3705,144,2025-10-08,Delivered,Alexa
3706,220,2025-08-25,Processing,Mobile
3707,706,2025-01-04,Delivered,Mobile
3708,980,2025-05-29,Delivered,Mobile
3709,772,2025-07-07,Cancelled,Alexa
3710,355,2025-04-23,Cancelled,Web
3711,746,2025-09-11,Returned,Mobile
3712,454,2025-03-17,Shipped,Alexa
3713,485,2025-08-22,Shipped,Alexa
3714,449,2025-03-27,Returned,Mobile
3715,723,2025-10-14,Processing,Alexa
3716,262,2025-01-03,Processing,Mobile
3717,746,2025-05-14,Shipped,Web
3718,316,2025-07-30,Processing,Mobile
3719,35,2025-07-23,Processing,Web
3720,402,2025-01-19,Returned,Mobile
3721,415,2025-06-10,Shipped,Web
3722,57,2025-09-18,Shipped,Web
3723,160,2025-10-07,Processing,Mobile
3724,314,2025-06-19,Processing,Web
3725,4,2025-05-10,Returned,Alexa
3726,365,2025-04-13,Shipped,Mobile
3727,375,2025-02-01,Shipped,Web
3728,758,2025-04-30,Processing,Alexa
3729,299,2025-07-07,Shipped,Mobile
3730,401,2025-12-16,Returned,Web
3731,687,2025-12-18,Returned,Mobile
3732,80,2025-10-25,Processing,Web
3733,958,2025-07-14,Shipped,Alexa
3734,91,2025-04-06,Processing,Mobile
3735,139,2025-09-26,Shipped,Mobile
3736,133,2025-04-22,Returned,Web
3737,867,2025-12-21,Processing,Web
3738,650,2025-05-26,Processing,Mobile
3739,931,2025-03-27,Processing,Alexa
3740,905,2025-12-13,Returned,Alexa
3741,302,2025-03-17,Returned,Web
3742,717,2025-03-10,Processing,Web
3743,66,2025-05-09,Returned,Mobile
3744,300,2025-03-19,Returned,Alexa
3745,715,2025-07-17,Processing,Web
3746,165,2025-08-14,Delivered,Web
3747,544,2025-06-24,Cancelled,Mobile
3748,270,2025-04-06,Shipped,Alexa
3749,697,2025-11-27,Shipped,Web
3750,391,2025-04-13,Returned,Mobile
3751,431,2025-07-11,Delivered,Mobile
3752,947,2025-04-15,Cancelled,Mobile
3753,275,2025-07-31,Shipped,Alexa
3754,45,2025-01-13,Cancelled,Web
3755,187,2025-12-23,Processing,Mobile
3756,795,2025-11-08,Delivered,Web
3757,406,2025-10-14,Returned,Web
3758,13,2025-12-22,Processing,Alexa
3759,768,2025-08-03,Processing,Mobile
3760,513,2025-06-25,Processing,Web
3761,529,2025-10-14,Processing,Alexa
3762,45,2025-01-01,Shipped,Mobile
3763,789,2025-11-04,Delivered,Mobile
3764,704,2025-02-25,Shipped,Mobile
3765,660,2025-01-28,Cancelled,Web
3766,683,2025-06-22,Cancelled,Web
3767,311,2025-07-31,Returned,Mobile
3768,888,2025-09-25,Shipped,Mobile
3769,783,2025-04-26,Shipped,Web
3770,43,2025-12-02,Processing,Mobile
3771,135,2025-04-12,Delivered,Alexa
3772,437,2025-06-27,Returned,Alexa
3773,800,2025-09-30,Cancelled,Alexa
3774,791,2025-01-08,Processing,Web
3775,243,2025-01-15,Processing,Web
3776,660,2025-09-30,Delivered,Web
3777,380,2025-02-02,Delivered,Web
3778,966,2025-07-10,Shipped,Web
3779,475,2025-09-02,Delivered,Alexa
3780,71,2025-04-28,Processing,Web
3781,857,2025-10-24,Shipped,Web
3782,394,2025-07-11,Delivered,Alexa
3783,252,2025-12-10,Cancelled,Mobile
3784,932,2025-08-28,Delivered,Mobile
3785,310,2025-04-28,Processing,Web
3786,73,2025-06-02,Delivered,Mobile
3787,188,2025-06-25,Returned,Alexa
3788,429,2025-03-25,Returned,Alexa
3789,999,2025-09-28,Shipped,Alexa
3790,102,2025-05-24,Cancelled,Alexa
3791,384,2025-12-28,Delivered,Web
3792,536,2025-10-02,Shipped,Alexa
3793,516,2025-03-20,Cancelled,Alexa
3794,376,2025-07-13,Cancelled,Web
3795,696,2025-02-06,Delivered,Alexa
3796,281,2025-10-13,Delivered,Web
3797,86,2025-04-25,Cancelled,Web
3798,562,2025-09-04,Returned,Mobile
3799,815,2025-01-23,Cancelled,Mobile
3800,313,2025-03-01,Processing,Alexa
3801,549,2025-09-24,Shipped,Alexa
3802,296,2025-12-30,Delivered,Mobile
3803,907,2025-01-18,Cancelled,Mobile
3804,61,2025-02-16,Cancelled,Web
3805,189,2025-02-18,Shipped,Mobile
3806,32,2025-05-16,Delivered,Web
3807,65,2025-09-03,Delivered,Web
3808,943,2025-01-28,Processing,Mobile
3809,490,2025-01-07,Processing,Web
3810,532,2025-07-13,Shipped,Alexa
3811,687,2025-09-07,Shipped,Alexa
3812,446,2025-07-16,Shipped,Web
3813,384,2025-09-24,Shipped,Mobile
3814,720,2025-12-07,Shipped,Mobile
3815,933,2025-09-05,Cancelled,Web
3816,302,2025-10-25,Processing,Alexa
3817,266,2025-05-06,Shipped,Alexa
3818,3,2025-05-27,Shipped,Mobile
3819,519,2025-05-07,Delivered,Mobile
3820,735,2025-08-29,Shipped,Web
3821,249,2025-11-26,Returned,Alexa
3822,950,2025-11-28,Processing,Mobile
3823,494,2025-04-19,Cancelled,Web
3824,381,2025-06-29,Delivered,Mobile
3825,155,2025-04-03,Returned,Mobile
3826,43,2025-05-21,Shipped,Mobile
3827,305,2025-08-13,Returned,Web
3828,959,2025-04-26,Shipped,Mobile
3829,838,2025-04-23,Cancelled,Web
3830,831,2025-08-26,Shipped,Mobile
3831,371,2025-09-16,Shipped,Alexa
3832,111,2025-10-04,Returned,Alexa
3833,501,2025-05-20,Cancelled,Mobile
3834,20,2025-12-14,Cancelled,Alexa
3835,772,2025-10-27,Returned,Web
3836,305,2025-05-04,Returned,Mobile
3837,815,2025-09-18,Shipped,Mobile
3838,831,2025-11-03,Delivered,Mobile
3839,945,2025-03-12,Cancelled,Mobile
3840,321,2025-12-08,Delivered,Mobile
3841,755,2025-01-16,Delivered,Alexa
3842,897,2025-11-18,Shipped,Mobile
3843,677,2025-08-07,Shipped,Mobile
3844,128,2025-10-08,Processing,Alexa
3845,835,2025-12-25,Processing,Alexa
3846,397,2025-09-04,Shipped,Alexa
3847,553,2025-12-13,Cancelled,Web
3848,392,2025-11-10,Delivered,Web
3849,597,2025-04-26,Processing,Web
3850,218,2025-12-15,Shipped,Web
3851,197,2025-06-11,Processing,Mobile
3852,611,2025-05-26,Shipped,Mobile
3853,120,2025-11-23,Delivered,Mobile
3854,995,2025-08-07,Processing,Web
3855,451,2025-10-14,Cancelled,Alexa
3856,475,2025-01-22,Cancelled,Web
3857,848,2025-03-28,Returned,Mobile
3858,703,2025-05-25,Processing,Alexa
3859,158,2025-03-11,Processing,Alexa
3860,596,2025-04-11,Returned,Alexa
3861,857,2025-03-23,Returned,Mobile
3862,869,2025-02-21,Returned,Mobile
3863,891,2025-09-21,Shipped,Web
3864,194,2025-05-01,Processing,Web
3865,636,2025-08-17,Returned,Mobile
3866,227,2025-10-15,Cancelled,Web
3867,298,2025-11-22,Shipped,Alexa
3868,284,2025-08-07,Returned,Mobile
3869,437,2025-08-31,Shipped,Mobile
3870,355,2025-12-23,Returned,Web
3871,938,2025-01-19,Delivered,Alexa
3872,771,2025-05-24,Processing,Alexa
3873,510,2025-11-07,Delivered,Web
3874,856,2025-05-26,Shipped,Mobile
3875,630,2025-03-23,Shipped,Mobile
3876,64,2025-09-13,Delivered,Mobile
3877,938,2025-02-13,Returned,Alexa
3878,583,2025-04-29,Cancelled,Alexa
3879,879,2025-01-30,Processing,Alexa
3880,328,2025-04-21,Returned,Web
3881,739,2025-02-05,Returned,Web
3882,697,2025-07-13,Shipped,Mobile
3883,427,2025-12-07,Cancelled,Mobile
3884,630,2025-12-17,Processing,Mobile
3885,592,2025-01-26,Processing,Alexa
3886,862,2025-12-04,Delivered,Mobile
3887,173,2025-06-24,Processing,Web
3888,604,2025-08-07,Cancelled,Web
3889,257,2025-09-27,Delivered,Web
3890,946,2025-01-11,Shipped,Mobile
3891,314,2025-05-19,Shipped,Alexa
3892,943,2025-01-09,Processing,Web
3893,504,2025-12-21,Processing,Mobile
3894,744,2025-08-01,Returned,Alexa
3895,117,2025-02-25,Processing,Web
3896,68,2025-03-24,Delivered,Alexa
3897,461,2025-03-16,Processing,Mobile
3898,926,2025-07-22,Returned,Mobile
3899,476,2025-02-18,Delivered,Web
3900,469,2025-06-11,Processing,Web
3901,174,2025-12-12,Delivered,Mobile
3902,54,2025-11-18,Returned,Alexa
3903,330,2025-09-06,Returned,Alexa
3904,82,2025-11-02,Delivered,Web
3905,807,2025-08-18,Shipped,Alexa
3906,945,2025-02-08,Processing,Mobile
3907,41,2025-10-11,Processing,Mobile
3908,161,2025-02-19,Shipped,Alexa
3909,965,2025-09-22,Cancelled,Alexa
3910,720,2025-07-23,Shipped,Mobile
3911,885,2025-10-24,Delivered,Alexa
3912,444,2025-05-28,Returned,Web
3913,871,2025-01-05,Processing,Mobile
3914,347,2025-03-25,Cancelled,Alexa
3915,798,2025-05-31,Returned,Web
3916,409,2025-11-18,Returned,Mobile
3917,277,2025-05-09,Cancelled,Mobile
3918,185,2025-06-20,Processing,Alexa
3919,556,2025-02-22,Shipped,Mobile
3920,705,2025-09-06,Delivered,Alexa
3921,301,2025-01-27,Shipped,Mobile
3922,825,2025-10-15,Delivered,Mobile
3923,642,2025-05-04,Processing,Alexa
3924,480,2025-08-21,Processing,Mobile
3925,394,2025-06-16,Processing,Web
3926,296,2025-08-31,Processing,Mobile
3927,541,2025-04-03,Returned,Web
3928,58,2025-12-16,Processing,Mobile
3929,79,2025-06-30,Delivered,Web
3930,276,2025-03-12,Delivered,Alexa
3931,421,2025-09-01,Cancelled,Alexa
3932,973,2025-08-08,Delivered,Mobile
3933,964,2025-04-30,Delivered,Mobile
3934,97,2025-07-07,Delivered,Web
3935,936,2025-09-22,Processing,Web
3936,833,2025-05-26,Delivered,Alexa
3937,436,2025-06-16,Cancelled,Mobile
3938,834,2025-11-03,Processing,Mobile
3939,883,2025-08-18,Shipped,Mobile
3940,799,2025-03-10,Processing,Web
3941,869,2025-01-17,Returned,Alexa
3942,134,2025-04-03,Cancelled,Alexa
3943,587,2025-08-17,Returned,Alexa
3944,598,2025-08-14,Cancelled,Mobile
3945,345,2025-08-26,Delivered,Mobile
3946,948,2025-09-12,Processing,Alexa
3947,738,2025-11-10,Shipped,Alexa
3948,154,2025-10-20,Cancelled,Web
3949,530,2025-08-18,Returned,Alexa
3950,611,2025-07-06,Processing,Mobile
3951,236,2025-06-27,Shipped,Web
3952,614,2025-08-20,Shipped,Mobile
3953,511,2025-11-27,Delivered,Mobile
3954,464,2025-01-15,Processing,Mobile
3955,515,2025-07-17,Shipped,Alexa
3956,29,2025-08-19,Delivered,Mobile
3957,830,2025-06-21,Shipped,Web
3958,296,2025-07-05,Delivered,Web
3959,669,2025-01-10,Cancelled,Alexa
3960,283,2025-12-05,Shipped,Alexa
3961,484,2025-03-30,Cancelled,Web
3962,440,2025-05-01,Shipped,Alexa
3963,982,2025-03-25,Shipped,Mobile
3964,809,2025-04-26,Delivered,Web
3965,616,2025-08-01,Returned,Alexa
3966,862,2025-11-07,Shipped,Alexa
3967,28,2025-03-05,Returned,Alexa
3968,333,2025-10-10,Shipped,Web
3969,229,2025-02-18,Returned,Mobile
3970,686,2025-10-10,Shipped,Alexa
3971,509,2025-06-10,Delivered,Mobile
3972,306,2025-04-04,Cancelled,Mobile
3973,829,2025-10-08,Shipped,Alexa
3974,73,2025-07-01,Shipped,Mobile
3975,631,2025-07-04,Shipped,Alexa
3976,844,2025-01-24,Returned,Alexa
3977,358,2025-01-30,Cancelled,Web
3978,380,2025-02-13,Processing,Mobile
3979,355,2025-03-19,Cancelled,Alexa
3980,443,2025-01-31,Cancelled,Web
3981,798,2025-11-05,Returned,Mobile
3982,104,2025-06-11,Shipped,Alexa
3983,473,2025-02-10,Shipped,Web
3984,85,2025-08-06,Processing,Web
3985,908,2025-03-09,Shipped,Alexa
3986,312,2025-04-23,Delivered,Mobile
3987,479,2025-03-09,Processing,Web
3988,425,2025-08-14,Returned,Mobile
3989,941,2025-12-21,Shipped,Alexa
3990,799,2025-11-11,Processing,Mobile
3991,373,2025-12-13,Cancelled,Web
3992,74,2025-12-06,Cancelled,Alexa
3993,572,2025-10-24,Shipped,Web
3994,872,2025-10-02,Delivered,Web
3995,932,2025-05-28,Shipped,Alexa
3996,788,2025-03-17,Cancelled,Alexa
3997,559,2025-05-24,Cancelled,Mobile
3998,525,2025-04-10,Returned,Mobile
3999,891,2025-10-28,Cancelled,Web
4000,377,2025-08-23,Processing,Alexa
4001,419,2025-12-23,Returned,Mobile
4002,512,2025-11-26,Shipped,Alexa
4003,581,2025-11-07,Cancelled,Mobile
4004,482,2025-02-08,Shipped,Web
4005,348,2025-01-06,Shipped,Web
4006,354,2025-02-03,Delivered,Alexa
4007,980,2025-01-24,Returned,Mobile
4008,469,2025-07-26,Shipped,Web
4009,332,2025-06-12,Cancelled,Alexa
4010,5,2025-01-29,Cancelled,Web
4011,390,2025-12-06,Delivered,Mobile
4012,590,2025-07-01,Processing,Web
4013,539,2025-03-25,Cancelled,Alexa
4014,990,2025-04-30,Returned,Web
4015,311,2025-05-27,Shipped,Mobile
4016,647,2025-03-06,Processing,Alexa
4017,384,2025-09-23,Returned,Mobile
4018,126,2025-05-06,Cancelled,Mobile
4019,422,2025-11-04,Processing,Web
4020,433,2025-07-03,Shipped,Web
4021,603,2025-07-06,Returned,Mobile
4022,151,2025-01-09,Cancelled,Web
4023,278,2025-07-07,Returned,Alexa
4024,201,2025-01-06,Shipped,Alexa
4025,674,2025-02-27,Shipped,Alexa
4026,73,2025-11-27,Delivered,Mobile
4027,217,2025-09-26,Returned,Web
4028,409,2025-12-29,Shipped,Mobile
4029,948,2025-06-12,Processing,Mobile
4030,874,2025-12-12,Returned,Web
4031,942,2025-10-27,Shipped,Web
4032,857,2025-10-15,Delivered,Web
4033,208,2025-02-27,Processing,Alexa
4034,117,2025-01-19,Shipped,Web
4035,927,2025-06-16,Delivered,Mobile
4036,999,2025-02-03,Delivered,Alexa
4037,123,2025-10-11,Delivered,Mobile
4038,986,2025-02-10,Cancelled,Web
4039,108,2025-02-27,Processing,Mobile
4040,903,2025-10-07,Cancelled,Web
4041,683,2025-01-27,Shipped,Web
4042,653,2025-07-21,Processing,Alexa
4043,755,2025-06-16,Returned,Alexa
4044,859,2025-05-28,Returned,Mobile
4045,876,2025-04-09,Cancelled,Mobile
4046,546,2025-11-05,Processing,Alexa
4047,783,2025-09-30,Cancelled,Mobile
4048,836,2025-08-22,Returned,Alexa
4049,942,2025-05-13,Processing,Web
4050,972,2025-11-06,Cancelled,Alexa
4051,659,2025-05-20,Returned,Mobile
4052,539,2025-07-13,Delivered,Web
4053,964,2025-07-09,Cancelled,Mobile
4054,861,2025-01-29,Processing,Mobile
4055,307,2025-06-29,Delivered,Mobile
4056,417,2025-10-02,Cancelled,Alexa
4057,282,2025-09-16,Delivered,Web
4058,980,2025-10-25,Delivered,Alexa
4059,634,2025-06-18,Returned,Web
4060,137,2025-01-18,Delivered,Mobile
4061,237,2025-11-28,Returned,Mobile
4062,344,2025-12-26,Shipped,Mobile
4063,866,2025-02-12,Delivered,Alexa
4064,499,2025-12-19,Shipped,Mobile
4065,79,2025-08-24,Delivered,Alexa
4066,212,2025-12-16,Returned,Alexa
4067,195,2025-11-28,Returned,Web
4068,169,2025-08-13,Delivered,Web
4069,699,2025-03-14,Shipped,Mobile
4070,441,2025-05-28,Shipped,Web
4071,694,2025-12-18,Processing,Alexa
4072,774,2025-11-13,Shipped,Mobile
4073,747,2025-09-22,Delivered,Web
4074,869,2025-09-06,Shipped,Mobile
4075,802,2025-08-02,Delivered,Alexa
4076,557,2025-01-26,Delivered,Alexa
4077,306,2025-11-26,Delivered,Alexa
4078,297,2025-12-17,Delivered,Web
4079,219,2025-12-31,Returned,Alexa
4080,625,2025-07-27,Returned,Alexa
4081,952,2025-03-23,Processing,Alexa
4082,704,2025-07-03,Shipped,Alexa
4083,162,2025-05-31,Returned,Web
4084,302,2025-06-16,Shipped,Mobile
4085,658,2025-02-19,Cancelled,Alexa
4086,232,2025-05-26,Processing,Mobile
4087,569,2025-08-06,Delivered,Mobile
4088,753,2025-05-12,Delivered,Alexa
4089,717,2025-02-24,Cancelled,Mobile
4090,706,2025-05-05,Processing,Alexa
4091,174,2025-02-06,Returned,Alexa
4092,621,2025-09-22,Returned,Mobile
4093,994,2025-04-02,Shipped,Mobile
4094,731,2025-12-27,Delivered,Web
4095,707,2025-03-21,Processing,Web
4096,298,2025-12-25,Cancelled,Mobile
4097,926,2025-12-02,Cancelled,Mobile
4098,267,2025-09-17,Delivered,Web
4099,920,2025-05-18,Shipped,Web
4100,659,2025-05-06,Processing,Web
4101,275,2025-11-27,Processing,Alexa
4102,593,2025-03-24,Processing,Mobile
4103,831,2025-07-22,Shipped,Mobile
4104,149,2025-02-05,Processing,Web
4105,385,2025-06-30,Cancelled,Mobile
4106,411,2025-03-25,Delivered,Alexa
4107,244,2025-12-25,Processing,Mobile
4108,273,2025-01-31,Delivered,Mobile
4109,314,2025-06-02,Shipped,Web
4110,66,2025-12-12,Delivered,Web
4111,633,2025-07-13,Delivered,Alexa
4112,841,2025-01-27,Delivered,Alexa
4113,169,2025-07-27,Shipped,Alexa
4114,698,2025-03-03,Cancelled,Web
4115,999,2025-06-19,Processing,Alexa
4116,849,2025-07-05,Shipped,Web
4117,299,2025-10-16,Shipped,Mobile
4118,309,2025-08-21,Returned,Alexa
4119,4,2025-06-14,Delivered,Web
4120,518,2025-06-25,Cancelled,Web
4121,91,2025-12-19,Shipped,Alexa
4122,110,2025-05-15,Processing,Mobile
4123,239,2025-07-05,Cancelled,Mobile
4124,504,2025-10-07,Cancelled,Mobile
4125,31,2025-04-19,Shipped,Alexa
4126,955,2025-02-17,Returned,Web
4127,518,2025-07-22,Shipped,Mobile
4128,876,2025-05-09,Processing,Alexa
4129,82,2025-07-22,Delivered,Web
4130,219,2025-03-14,Returned,Web
4131,250,2025-12-05,Delivered,Mobile
4132,304,2025-10-21,Delivered,Mobile
4133,122,2025-09-15,Delivered,Alexa
4134,812,2025-01-05,Returned,Mobile
4135,42,2025-08-18,Cancelled,Mobile
4136,382,2025-10-21,Returned,Mobile
4137,460,2025-11-24,Cancelled,Web
4138,606,2025-05-18,Delivered,Web
4139,161,2025-12-16,Returned,Alexa
4140,371,2025-08-18,Shipped,Alexa
4141,721,2025-03-16,Shipped,Web
4142,580,2025-10-13,Cancelled,Alexa
4143,165,2025-04-12,Shipped,Web
4144,277,2025-11-05,Shipped,Alexa
4145,653,2025-06-16,Cancelled,Web
4146,382,2025-07-17,Cancelled,Web
4147,32,2025-11-09,Delivered,Mobile
4148,612,2025-10-22,Shipped,Web
4149,213,2025-07-25,Cancelled,Mobile
4150,668,2025-08-15,Shipped,Mobile
4151,599,2025-08-14,Returned,Mobile
4152,195,2025-08-13,Returned,Alexa
4153,873,2025-08-09,Delivered,Alexa
4154,193,2025-09-22,Cancelled,Web
4155,926,2025-03-26,Delivered,Alexa
4156,119,2025-02-01,Processing,Web
4157,43,2025-03-30,Cancelled,Alexa
4158,109,2025-03-31,Cancelled,Web
4159,983,2025-11-11,Cancelled,Mobile
4160,786,2025-12-15,Shipped,Alexa
4161,135,2025-01-05,Shipped,Web
4162,660,2025-03-29,Delivered,Mobile
4163,362,2025-07-22,Shipped,Web
4164,797,2025-05-01,Cancelled,Mobile
4165,434,2025-12-24,Cancelled,Web
4166,58,2025-09-05,Delivered,Alexa
4167,165,2025-09-30,Shipped,Web
4168,913,2025-05-06,Shipped,Alexa
4169,929,2025-08-16,Cancelled,Mobile
4170,921,2025-01-25,Processing,Mobile
4171,812,2025-06-21,Processing,Web
4172,133,2025-11-22,Delivered,Web
4173,815,2025-01-08,Cancelled,Alexa
4174,467,2025-07-15,Returned,Alexa
4175,465,2025-03-15,Delivered,Mobile
4176,4,2025-10-02,Processing,Alexa
4177,47,2025-05-20,Cancelled,Mobile
4178,2,2025-01-30,Returned,Web
4179,510,2025-07-30,Cancelled,Alexa
4180,547,2025-10-02,Returned,Mobile
4181,536,2025-10-30,Returned,Alexa
4182,786,2025-09-08,Cancelled,Web
4183,368,2025-04-20,Delivered,Mobile
4184,37,2025-09-25,Shipped,Mobile
4185,626,2025-06-28,Delivered,Web
4186,256,2025-02-12,Cancelled,Web
4187,191,2025-06-20,Cancelled,Alexa
4188,343,2025-10-26,Delivered,Mobile
4189,179,2025-02-14,Delivered,Web
4190,654,2025-07-27,Delivered,Web
4191,778,2025-06-06,Returned,Mobile
4192,564,2025-02-22,Delivered,Mobile
4193,806,2025-04-19,Processing,Web
4194,919,2025-08-27,Cancelled,Mobile
4195,527,2025-10-12,Processing,Alexa
4196,685,2025-08-21,Processing,Mobile
4197,145,2025-08-02,Returned,Alexa
4198,526,2025-11-15,Returned,Mobile
4199,83,2025-08-09,Cancelled,Mobile
4200,919,2025-06-20,Cancelled,Alexa
4201,233,2025-08-11,Processing,Web
4202,923,2025-04-04,Delivered,Alexa
4203,28,2025-05-19,Cancelled,Web
4204,156,2025-12-14,Returned,Mobile
4205,562,2025-09-16,Shipped,Alexa
4206,294,2025-11-14,Returned,Web
4207,129,2025-09-07,Shipped,Mobile
4208,897,2025-11-11,Cancelled,Alexa
4209,656,2025-09-01,Processing,Web
4210,834,2025-07-03,Delivered,Mobile
4211,588,2025-08-22,Cancelled,Web
4212,409,2025-06-05,Shipped,Mobile
4213,471,2025-04-13,Cancelled,Web
4214,129,2025-03-22,Returned,Web
4215,929,2025-03-04,Returned,Alexa
4216,921,2025-02-16,Delivered,Mobile
4217,760,2025-05-25,Processing,Alexa
4218,573,2025-02-06,Shipped,Web
4219,516,2025-06-20,Shipped,Mobile
4220,603,2025-04-11,Cancelled,Mobile
4221,51,2025-10-28,Delivered,Alexa
4222,130,2025-05-18,Shipped,Alexa
4223,584,2025-11-23,Cancelled,Alexa
4224,827,2025-06-05,Shipped,Web
4225,888,2025-09-09,Returned,Web
4226,477,2025-07-27,Processing,Mobile
4227,937,2025-06-10,Cancelled,Mobile
4228,842,2025-01-13,Delivered,Alexa
4229,225,2025-06-26,Delivered,Web
4230,527,2025-07-05,Delivered,Web
4231,764,2025-09-18,Shipped,Mobile
4232,614,2025-10-21,Shipped,Mobile
4233,818,2025-05-21,Shipped,Alexa
4234,12,2025-02-01,Delivered,Mobile
4235,704,2025-04-12,Cancelled,Mobile
4236,840,2025-01-22,Returned,Alexa
4237,189,2025-08-28,Delivered,Alexa
4238,494,2025-06-03,Cancelled,Alexa
4239,849,2025-03-07,Cancelled,Web
4240,257,2025-04-01,Delivered,Mobile
4241,783,2025-10-03,Processing,Mobile
4242,487,2025-03-25,Returned,Mobile
4243,931,2025-12-22,Returned,Mobile
4244,27,2025-01-16,Shipped,Alexa
4245,629,2025-07-07,Delivered,Mobile
4246,872,2025-03-24,Processing,Alexa
4247,357,2025-06-22,Delivered,Alexa
4248,107,2025-07-08,Cancelled,Web
4249,797,2025-01-27,Processing,Mobile
4250,208,2025-08-07,Returned,Alexa
4251,751,2025-04-18,Delivered,Alexa
4252,884,2025-10-22,Processing,Alexa
4253,600,2025-05-13,Delivered,Web
4254,696,2025-01-21,Processing,Alexa
4255,600,2025-07-20,Returned,Mobile
4256,836,2025-09-10,Processing,Alexa
4257,539,2025-05-07,Cancelled,Web
4258,319,2025-06-23,Processing,Mobile
4259,598,2025-03-01,Processing,Alexa
4260,982,2025-06-27,Shipped,Alexa
4261,628,2025-02-19,Returned,Web
4262,156,2025-11-11,Processing,Mobile
4263,474,2025-01-25,Shipped,Alexa
4264,928,2025-11-16,Shipped,Alexa
4265,369,2025-07-29,Processing,Mobile
4266,466,2025-06-26,Shipped,Mobile
4267,918,2025-10-22,Returned,Alexa
4268,599,2025-05-21,Returned,Web
4269,894,2025-05-02,Cancelled,Mobile
4270,508,2025-10-19,Cancelled,Mobile
4271,223,2025-12-16,Cancelled,Web
4272,177,2025-11-28,Processing,Alexa
4273,776,2025-07-18,Shipped,Web
4274,968,2025-08-26,Processing,Alexa
4275,556,2025-06-29,Delivered,Mobile
4276,709,2025-12-21,Processing,Mobile
4277,979,2025-11-30,Returned,Alexa
4278,329,2025-11-30,Shipped,Alexa
4279,423,2025-09-18,Shipped,Mobile
4280,256,2025-06-21,Processing,Alexa
4281,663,2025-08-02,Shipped,Web
4282,16,2025-09-25,Shipped,Web
4283,372,2025-02-09,Returned,Mobile
4284,519,2025-07-26,Cancelled,Alexa
4285,887,2025-01-25,Cancelled,Alexa
4286,331,2025-03-17,Delivered,Alexa
4287,889,2025-12-06,Processing,Alexa
4288,226,2025-01-21,Processing,Mobile
4289,631,2025-08-06,Delivered,Web
4290,79,2025-03-03,Shipped,Alexa
4291,780,2025-01-05,Returned,Mobile
4292,99,2025-05-11,Cancelled,Web
4293,193,2025-09-25,Shipped,Alexa
4294,819,2025-03-02,Delivered,Alexa
4295,770,2025-03-20,Processing,Mobile
4296,252,2025-03-12,Processing,Mobile
4297,252,2025-03-01,Cancelled,Mobile
4298,163,2025-01-19,Shipped,Web
4299,475,2025-11-20,Cancelled,Web
4300,940,2025-07-25,Returned,Web
4301,921,2025-11-13,Processing,Alexa
4302,213,2025-05-28,Shipped,Mobile
4303,642,2025-07-12,Cancelled,Mobile
4304,387,2025-05-10,Shipped,Alexa
4305,915,2025-10-19,Processing,Web
4306,494,2025-05-15,Delivered,Alexa
4307,333,2025-10-08,Delivered,Web
4308,955,2025-05-13,Shipped,Alexa
4309,851,2025-06-28,Cancelled,Alexa
4310,531,2025-10-03,Returned,Mobile
4311,597,2025-05-02,Delivered,Alexa
4312,847,2025-04-22,Processing,Alexa
4313,971,2025-11-08,Delivered,Mobile
4314,768,2025-11-07,Cancelled,Alexa
4315,13,2025-09-20,Cancelled,Mobile
4316,781,2025-04-13,Shipped,Web
4317,914,2025-05-28,Cancelled,Mobile
4318,584,2025-07-10,Returned,Web
4319,725,2025-07-30,Cancelled,Alexa
4320,60,2025-10-22,Delivered,Mobile
4321,83,2025-02-23,Shipped,Mobile
4322,921,2025-10-01,Cancelled,Alexa
4323,659,2025-09-15,Processing,Web
4324,877,2025-03-21,Returned,Mobile
4325,322,2025-07-30,Delivered,Alexa
4326,240,2025-01-11,Delivered,Alexa
4327,176,2025-03-05,Shipped,Mobile
4328,639,2025-05-18,Cancelled,Mobile
4329,586,2025-08-23,Processing,Web
4330,542,2025-07-08,Returned,Mobile
4331,991,2025-04-06,Returned,Web
4332,152,2025-05-11,Returned,Web
4333,504,2025-08-15,Delivered,Web
4334,12,2025-07-27,Shipped,Mobile
4335,760,2025-07-07,Cancelled,Alexa
4336,715,2025-07-28,Returned,Alexa
4337,446,2025-07-16,Shipped,Alexa
4338,485,2025-08-19,Delivered,Web
4339,507,2025-11-01,Processing,Mobile
4340,864,2025-07-12,Cancelled,Mobile
4341,536,2025-01-29,Cancelled,Web
4342,586,2025-01-03,Delivered,Mobile
4343,396,2025-10-11,Processing,Mobile
4344,602,2025-11-25,Cancelled,Web
4345,319,2025-09-06,Processing,Alexa
4346,965,2025-08-28,Processing,Mobile
4347,45,2025-11-25,Delivered,Alexa
4348,872,2025-04-24,Processing,Alexa
4349,746,2025-11-06,Delivered,Mobile
4350,600,2025-10-09,Delivered,Web
4351,935,2025-02-07,Shipped,Mobile
4352,648,2025-07-04,Shipped,Mobile
4353,817,2025-05-13,Shipped,Alexa
4354,701,2025-09-14,Delivered,Mobile
4355,583,2025-09-02,Shipped,Mobile
4356,464,2025-10-17,Returned,Web
4357,936,2025-06-02,Cancelled,Mobile
4358,952,2025-11-12,Delivered,Alexa
4359,202,2025-05-26,Shipped,Web
4360,251,2025-05-30,Shipped,Mobile
4361,153,2025-04-01,Cancelled,Web
4362,953,2025-12-06,Processing,Alexa
4363,785,2025-12-01,Processing,Alexa
4364,33,2025-05-27,Cancelled,Web
4365,576,2025-12-03,Shipped,Mobile
4366,30,2025-12-24,Processing,Mobile
4367,56,2025-12-11,Processing,Mobile
4368,437,2025-12-07,Shipped,Mobile
4369,106,2025-08-16,Shipped,Mobile
4370,88,2025-02-26,Processing,Web
4371,976,2025-10-17,Returned,Alexa
4372,130,2025-04-30,Processing,Alexa
4373,327,2025-08-24,Shipped,Alexa
4374,980,2025-06-07,Cancelled,Web
4375,315,2025-02-21,Cancelled,Alexa
4376,815,2025-07-16,Delivered,Mobile
4377,239,2025-02-24,Cancelled,Mobile
4378,676,2025-08-23,Shipped,Alexa
4379,337,2025-08-17,Processing,Alexa
4380,924,2025-05-19,Delivered,Web
4381,559,2025-06-10,Returned,Web
4382,38,2025-12-17,Shipped,Web
4383,356,2025-08-02,Cancelled,Mobile
4384,543,2025-05-07,Shipped,Alexa
4385,484,2025-06-21,Delivered,Alexa
4386,75,2025-07-08,Cancelled,Web
4387,856,2025-08-22,Delivered,Web
4388,524,2025-01-17,Delivered,Mobile
4389,502,2025-08-03,Shipped,Mobile
4390,790,2025-10-19,Delivered,Web
4391,493,2025-01-21,Processing,Alexa
4392,556,2025-09-18,Delivered,Mobile
4393,166,2025-08-15,Delivered,Mobile
4394,905,2025-04-18,Returned,Web
4395,605,2025-03-07,Returned,Web
4396,746,2025-05-19,Cancelled,Mobile
4397,640,2025-08-18,Cancelled,Mobile
4398,346,2025-03-06,Cancelled,Alexa
4399,868,2025-08-06,Delivered,Mobile
4400,920,2025-10-10,Returned,Mobile
4401,619,2025-04-14,Shipped,Web
4402,170,2025-03-28,Delivered,Mobile
4403,139,2025-10-19,Shipped,Web
4404,551,2025-08-04,Delivered,Alexa
4405,505,2025-03-28,Delivered,Alexa
4406,408,2025-10-29,Processing,Web
4407,482,2025-05-08,Processing,Web
4408,958,2025-07-15,Returned,Mobile
4409,198,2025-03-23,Returned,Alexa
4410,591,2025-05-08,Shipped,Alexa
4411,547,2025-06-10,Delivered,Mobile
4412,631,2025-07-12,Processing,Mobile
4413,751,2025-11-28,Processing,Alexa
4414,121,2025-08-04,Cancelled,Mobile
4415,216,2025-01-15,Processing,Mobile
4416,92,2025-09-01,Processing,Web
4417,455,2025-06-05,Shipped,Alexa
4418,807,2025-12-18,Delivered,Alexa
4419,797,2025-08-24,Processing,Alexa
4420,939,2025-06-15,Returned,Mobile
4421,987,2025-07-15,Cancelled,Alexa
4422,144,2025-09-15,Processing,Web
4423,873,2025-10-10,Delivered,Web
4424,372,2025-02-14,Processing,Web
4425,968,2025-09-20,Shipped,Mobile
4426,131,2025-03-04,Processing,Web
4427,510,2025-07-10,Cancelled,Web
4428,348,2025-01-21,Processing,Mobile
4429,736,2025-06-15,Shipped,Web
4430,270,2025-09-04,Returned,Alexa
4431,857,2025-09-25,Shipped,Mobile
4432,994,2025-10-04,Returned,Mobile
4433,628,2025-09-25,Cancelled,Web
4434,836,2025-03-24,Shipped,Mobile
4435,812,2025-09-29,Shipped,Alexa
4436,230,2025-01-07,Processing,Web
4437,964,2025-01-13,Processing,Mobile
4438,860,2025-03-20,Shipped,Mobile
4439,270,2025-09-20,Returned,Web
4440,280,2025-11-10,Returned,Alexa
4441,99,2025-11-20,Shipped,Alexa
4442,652,2025-04-25,Returned,Web
4443,610,2025-08-21,Cancelled,Web
4444,486,2025-02-25,Shipped,Mobile
4445,507,2025-04-10,Processing,Web
4446,142,2025-11-23,Delivered,Mobile
4447,788,2025-05-08,Processing,Web
4448,258,2025-10-19,Processing,Mobile
4449,54,2025-12-12,Processing,Alexa
4450,370,2025-08-11,Shipped,Web
4451,101,2025-02-01,Returned,Mobile
4452,59,2025-05-29,Delivered,Mobile
4453,541,2025-05-07,Cancelled,Alexa
4454,124,2025-01-02,Processing,Alexa
4455,361,2025-09-06,Returned,Alexa
4456,206,2025-06-20,Delivered,Mobile
4457,752,2025-08-26,Delivered,Alexa
4458,394,2025-04-25,Processing,Mobile
4459,221,2025-07-28,Cancelled,Mobile
4460,70,2025-12-07,Processing,Mobile
4461,530,2025-09-06,Returned,Alexa
4462,955,2025-11-24,Shipped,Alexa
4463,944,2025-08-25,Processing,Web
4464,961,2025-10-09,Processing,Web
4465,890,2025-10-17,Cancelled,Mobile
4466,335,2025-01-02,Processing,Web
4467,637,2025-06-05,Processing,Web
4468,370,2025-09-28,Returned,Mobile
4469,761,2025-06-29,Processing,Web
4470,920,2025-08-17,Processing,Mobile
4471,127,2025-10-17,Cancelled,Mobile
4472,628,2025-03-03,Delivered,Web
4473,327,2025-03-21,Returned,Web
4474,352,2025-11-11,Delivered,Alexa
4475,870,2025-02-24,Delivered,Alexa
4476,733,2025-02-24,Shipped,Alexa
4477,881,2025-03-20,Delivered,Mobile
4478,512,2025-08-09,Returned,Web
4479,608,2025-05-09,Delivered,Web
4480,338,2025-07-15,Delivered,Web
4481,532,2025-06-22,Returned,Mobile
4482,405,2025-11-14,Cancelled,Alexa
4483,428,2025-08-29,Cancelled,Alexa
4484,715,2025-12-07,Shipped,Alexa
4485,673,2025-08-13,Delivered,Mobile
4486,766,2025-12-17,Cancelled,Web
4487,527,2025-12-26,Delivered,Web
4488,73,2025-12-01,Processing,Alexa
4489,33,2025-04-03,Returned,Alexa
4490,462,2025-07-27,Delivered,Mobile
4491,564,2025-04-27,Shipped,Web
4492,553,2025-09-03,Processing,Web
4493,604,2025-07-19,Delivered,Mobile
4494,340,2025-05-02,Processing,Web
4495,243,2025-08-20,Delivered,Alexa
4496,163,2025-08-04,Shipped,Alexa
4497,582,2025-09-08,Cancelled,Web
4498,296,2025-03-09,Shipped,Mobile
4499,768,2025-11-19,Processing,Web
4500,446,2025-04-13,Returned,Alexa
4501,639,2025-05-12,Returned,Web
4502,401,2025-01-04,Cancelled,Web
4503,718,2025-08-29,Cancelled,Mobile
4504,83,2025-10-07,Delivered,Mobile
4505,683,2025-10-14,Returned,Alexa
4506,677,2025-12-09,Processing,Mobile
4507,983,2025-04-10,Returned,Web
4508,45,2025-03-12,Processing,Mobile
4509,455,2025-10-13,Shipped,Alexa
4510,894,2025-09-11,Shipped,Alexa
4511,387,2025-11-28,Cancelled,Alexa
4512,8,2025-07-04,Delivered,Alexa
4513,192,2025-08-01,Processing,Mobile
4514,691,2025-03-10,Returned,Mobile
4515,529,2025-06-26,Cancelled,Web
4516,159,2025-09-03,Processing,Alexa
4517,797,2025-02-04,Delivered,Mobile
4518,23,2025-12-25,Cancelled,Mobile
4519,886,2025-08-22,Cancelled,Web
4520,813,2025-07-16,Returned,Mobile
4521,571,2025-08-15,Processing,Web
4522,65,2025-09-25,Processing,Alexa
4523,165,2025-08-01,Shipped,Web
4524,652,2025-01-28,Cancelled,Mobile
4525,560,2025-05-21,Delivered,Web
4526,423,2025-04-13,Returned,Alexa
4527,87,2025-01-18,Returned,Alexa
4528,991,2025-06-26,Shipped,Alexa
4529,921,2025-07-11,Returned,Web
4530,36,2025-10-15,Processing,Alexa
4531,276,2025-04-13,Delivered,Mobile
4532,544,2025-01-20,Processing,Web
4533,854,2025-06-24,Shipped,Alexa
4534,361,2025-09-08,Delivered,Mobile
4535,571,2025-06-16,Returned,Alexa
4536,414,2025-05-15,Shipped,Web
4537,552,2025-01-03,Returned,Web
4538,523,2025-10-27,Delivered,Mobile
4539,83,2025-02-06,Delivered,Mobile
4540,54,2025-06-02,Cancelled,Alexa
4541,454,2025-06-08,Returned,Web
4542,850,2025-03-23,Cancelled,Mobile
4543,33,2025-11-17,Cancelled,Mobile
4544,855,2025-04-15,Returned,Alexa
4545,840,2025-03-24,Returned,Alexa
4546,79,2025-07-05,Delivered,Web
4547,696,2025-05-05,Delivered,Alexa
4548,373,2025-04-29,Delivered,Alexa
4549,460,2025-12-13,Returned,Web
4550,263,2025-07-02,Cancelled,Web
4551,169,2025-03-17,Returned,Mobile
4552,448,2025-07-20,Returned,Alexa
4553,417,2025-02-12,Cancelled,Web
4554,286,2025-10-02,Delivered,Web
4555,158,2025-07-16,Shipped,Mobile
4556,498,2025-07-17,Shipped,Alexa
4557,710,2025-05-27,Cancelled,Web
4558,207,2025-09-04,Returned,Mobile
4559,501,2025-11-01,Cancelled,Alexa
4560,542,2025-01-07,Delivered,Web
4561,695,2025-11-17,Returned,Mobile
4562,585,2025-07-02,Cancelled,Alexa
4563,283,2025-02-06,Returned,Mobile
4564,237,2025-12-14,Shipped,Mobile
4565,473,2025-03-10,Delivered,Alexa
4566,253,2025-08-16,Delivered,Mobile
4567,178,2025-03-09,Cancelled,Mobile
4568,744,2025-02-04,Returned,Mobile
4569,787,2025-10-29,Cancelled,Alexa
4570,644,2025-10-06,Shipped,Web
4571,377,2025-02-18,Returned,Alexa
4572,774,2025-09-04,Shipped,Mobile
4573,804,2025-04-17,Shipped,Web
4574,847,2025-02-13,Returned,Web
4575,714,2025-10-17,Delivered,Web
4576,104,2025-06-11,Returned,Web
4577,619,2025-10-14,Cancelled,Mobile
4578,486,2025-10-19,Shipped,Web
4579,97,2025-12-28,Shipped,Mobile
4580,392,2025-05-07,Cancelled,Alexa
4581,466,2025-09-02,Delivered,Web
4582,41,2025-11-14,Processing,Web
4583,965,2025-07-29,Returned,Mobile
4584,8,2025-04-09,Returned,Alexa
4585,956,2025-05-26,Cancelled,Web
4586,512,2025-08-07,Cancelled,Web
4587,814,2025-09-19,Returned,Mobile
4588,612,2025-05-23,Delivered,Mobile
4589,440,2025-10-29,Cancelled,Alexa
4590,67,2025-11-16,Returned,Mobile
4591,584,2025-02-24,Delivered,Web
4592,151,2025-12-15,Cancelled,Web
4593,831,2025-10-06,Delivered,Mobile
4594,456,2025-03-17,Shipped,Mobile
4595,532,2025-07-26,Shipped,Mobile
4596,475,2025-02-10,Processing,Alexa
4597,762,2025-07-12,Returned,Alexa
4598,362,2025-04-14,Shipped,Web
4599,988,2025-05-17,Delivered,Alexa
4600,577,2025-03-12,Returned,Mobile
4601,831,2025-10-17,Cancelled,Mobile
4602,128,2025-11-25,Cancelled,Mobile
4603,308,2025-01-31,Returned,Web
4604,155,2025-11-11,Delivered,Mobile
4605,861,2025-01-24,Processing,Web
4606,740,2025-03-05,Shipped,Web
4607,307,2025-01-09,Delivered,Alexa
4608,537,2025-10-27,Processing,Alexa
4609,608,2025-09-26,Shipped,Mobile
4610,666,2025-11-14,Delivered,Alexa
4611,101,2025-09-09,Cancelled,Web
4612,64,2025-08-27,Processing,Mobile
4613,998,2025-11-02,Cancelled,Alexa
4614,61,2025-07-08,Returned,Alexa
4615,767,2025-12-21,Processing,Web
4616,546,2025-02-22,Shipped,Alexa
4617,854,2025-06-26,Cancelled,Web
4618,604,2025-09-07,Returned,Web
4619,554,2025-03-17,Cancelled,Mobile
4620,909,2025-02-20,Shipped,Mobile
4621,606,2025-02-03,Cancelled,Mobile
4622,653,2025-04-14,Processing,Alexa
4623,462,2025-07-27,Cancelled,Alexa
4624,542,2025-03-21,Processing,Mobile
4625,505,2025-08-16,Processing,Web
4626,673,2025-10-03,Processing,Alexa
4627,547,2025-09-08,Returned,Web
4628,66,2025-08-23,Cancelled,Alexa
4629,781,2025-06-21,Returned,Mobile
4630,105,2025-04-16,Cancelled,Web
4631,940,2025-05-07,Processing,Web
4632,505,2025-03-24,Cancelled,Web
4633,51,2025-10-07,Cancelled,Web
4634,548,2025-05-16,Delivered,Alexa
4635,860,2025-09-29,Delivered,Alexa
4636,377,2025-02-04,Delivered,Alexa
4637,503,2025-02-04,Shipped,Mobile
4638,806,2025-08-20,Delivered,Mobile
4639,728,2025-11-27,Cancelled,Mobile
4640,244,2025-03-24,Cancelled,Alexa
4641,588,2025-05-30,Shipped,Alexa
4642,780,2025-04-28,Processing,Web
4643,549,2025-10-14,Cancelled,Web
4644,313,2025-03-28,Processing,Mobile
4645,942,2025-06-28,Processing,Web
4646,755,2025-11-11,Returned,Mobile
4647,188,2025-12-23,Returned,Mobile
4648,383,2025-12-10,Delivered,Alexa
4649,426,2025-11-01,Processing,Web
4650,162,2025-01-28,Delivered,Mobile
4651,776,2025-08-18,Processing,Alexa
4652,87,2025-10-11,Processing,Web
4653,394,2025-08-21,Delivered,Alexa
4654,911,2025-07-17,Shipped,Web
4655,509,2025-09-10,Cancelled,Mobile
4656,399,2025-02-07,Delivered,Alexa
4657,980,2025-07-12,Cancelled,Mobile
4658,796,2025-03-19,Processing,Web
4659,48,2025-02-28,Cancelled,Alexa
4660,979,2025-06-05,Processing,Web
4661,758,2025-01-27,Cancelled,Alexa
4662,268,2025-10-23,Returned,Alexa
4663,378,2025-11-19,Cancelled,Alexa
4664,445,2025-04-26,Shipped,Web
4665,462,2025-09-29,Cancelled,Web
4666,86,2025-05-01,Returned,Web
4667,164,2025-04-23,Shipped,Mobile
4668,875,2025-06-07,Processing,Web
4669,513,2025-10-28,Cancelled,Web
4670,553,2025-04-22,Cancelled,Alexa
4671,213,2025-11-18,Shipped,Mobile
4672,402,2025-01-16,Processing,Alexa
4673,11,2025-11-11,Delivered,Mobile
4674,944,2025-07-30,Returned,Alexa
4675,661,2025-08-01,Shipped,Mobile
4676,741,2025-02-12,Shipped,Web
4677,330,2025-10-20,Shipped,Web
4678,302,2025-09-20,Shipped,Mobile
4679,505,2025-09-09,Delivered,Mobile
4680,661,2025-10-01,Returned,Web
4681,96,2025-01-08,Delivered,Mobile
4682,108,2025-12-08,Returned,Alexa
4683,474,2025-04-28,Cancelled,Web
4684,979,2025-04-25,Cancelled,Alexa
4685,359,2025-10-02,Returned,Alexa
4686,246,2025-07-10,Cancelled,Web
4687,110,2025-09-09,Shipped,Web
4688,212,2025-05-04,Delivered,Web
4689,327,2025-12-14,Processing,Mobile
4690,300,2025-05-31,Delivered,Alexa
4691,663,2025-08-28,Returned,Mobile
4692,361,2025-10-26,Returned,Web
4693,690,2025-02-28,Delivered,Mobile
4694,614,2025-01-30,Delivered,Web
4695,488,2025-12-26,Processing,Alexa
4696,280,2025-08-17,Shipped,Web
4697,296,2025-01-17,Returned,Mobile
4698,782,2025-05-06,Delivered,Alexa
4699,9,2025-12-02,Cancelled,Alexa
4700,988,2025-01-10,Processing,Alexa
4701,605,2025-02-14,Shipped,Mobile
4702,295,2025-09-26,Processing,Alexa
4703,165,2025-01-21,Cancelled,Alexa
4704,23,2025-06-26,Shipped,Mobile
4705,287,2025-07-14,Returned,Alexa
4706,717,2025-04-11,Shipped,Alexa
4707,425,2025-08-22,Returned,Web
4708,368,2025-08-10,Cancelled,Web
4709,830,2025-03-11,Delivered,Mobile
4710,883,2025-06-14,Cancelled,Mobile
4711,895,2025-03-23,Processing,Mobile
4712,982,2025-11-24,Returned,Alexa
4713,363,2025-04-29,Returned,Mobile
4714,628,2025-07-23,Returned,Mobile
4715,63,2025-08-15,Returned,Mobile
4716,654,2025-06-23,Cancelled,Web
4717,826,2025-10-07,Processing,Web
4718,844,2025-07-11,Returned,Alexa
4719,415,2025-09-10,Shipped,Web
4720,908,2025-05-18,Returned,Web
4721,190,2025-11-14,Delivered,Mobile
4722,585,2025-06-18,Returned,Mobile
4723,739,2025-01-07,Delivered,Mobile
4724,417,2025-10-30,Processing,Web
4725,629,2025-11-20,Delivered,Web
4726,838,2025-06-23,Shipped,Web
4727,589,2025-03-24,Delivered,Mobile
4728,872,2025-09-19,Shipped,Alexa
4729,431,2025-08-07,Processing,Mobile
4730,35,2025-02-01,Cancelled,Mobile
4731,738,2025-01-20,Shipped,Alexa
4732,608,2025-11-16,Shipped,Mobile
4733,392,2025-01-17,Delivered,Web
4734,305,2025-09-24,Cancelled,Mobile
4735,207,2025-06-12,Cancelled,Web
4736,467,2025-02-06,Cancelled,Mobile
4737,167,2025-10-25,Delivered,Alexa
4738,76,2025-01-01,Processing,Web
4739,349,2025-06-02,Returned,Alexa
4740,92,2025-01-03,Delivered,Alexa
4741,245,2025-10-15,Returned,Mobile
4742,101,2025-03-17,Returned,Mobile
4743,99,2025-11-10,Returned,Mobile
4744,442,2025-05-28,Processing,Web
4745,523,2025-10-01,Cancelled,Web
4746,503,2025-04-04,Delivered,Web
4747,414,2025-11-14,Delivered,Mobile
4748,497,2025-11-13,Shipped,Web
4749,211,2025-06-03,Returned,Mobile
4750,660,2025-06-16,Delivered,Mobile
4751,586,2025-08-28,Delivered,Mobile
4752,272,2025-04-07,Shipped,Web
4753,611,2025-11-03,Shipped,Alexa
4754,793,2025-06-27,Processing,Alexa
4755,330,2025-02-03,Delivered,Alexa
4756,112,2025-01-09,Shipped,Mobile
4757,86,2025-02-24,Delivered,Alexa
4758,695,2025-05-01,Cancelled,Mobile
4759,682,2025-03-31,Returned,Alexa
4760,876,2025-06-17,Shipped,Mobile
4761,384,2025-12-28,Delivered,Alexa
4762,871,2025-08-17,Returned,Web
4763,393,2025-11-10,Cancelled,Mobile
4764,781,2025-08-04,Cancelled,Alexa
4765,375,2025-08-11,Cancelled,Mobile
4766,44,2025-03-07,Processing,Web
4767,856,2025-10-17,Processing,Alexa
4768,183,2025-09-28,Returned,Alexa
4769,708,2025-04-05,Delivered,Web
4770,347,2025-11-20,Delivered,Web
4771,59,2025-12-21,Cancelled,Alexa
4772,299,2025-12-10,Delivered,Alexa
4773,567,2025-10-15,Processing,Mobile
4774,477,2025-08-03,Delivered,Web
4775,234,2025-09-17,Delivered,Mobile
4776,438,2025-06-02,Cancelled,Web
4777,959,2025-07-28,Cancelled,Alexa
4778,261,2025-07-25,Delivered,Web
4779,341,2025-04-16,Shipped,Mobile
4780,644,2025-06-25,Cancelled,Web
4781,866,2025-09-04,Cancelled,Alexa
4782,558,2025-09-12,Delivered,Web
4783,662,2025-08-18,Processing,Web
4784,278,2025-07-05,Returned,Web
4785,503,2025-05-10,Processing,Web
4786,575,2025-04-13,Returned,Alexa
4787,591,2025-12-15,Shipped,Mobile
4788,171,2025-10-31,Shipped,Alexa
4789,915,2025-01-31,Processing,Alexa
4790,92,2025-07-05,Shipped,Web
4791,845,2025-08-28,Returned,Mobile
4792,235,2025-03-03,Cancelled,Alexa
4793,744,2025-07-25,Shipped,Web
4794,410,2025-07-02,Delivered,Web
4795,732,2025-04-24,Returned,Alexa
4796,134,2025-04-06,Shipped,Alexa
4797,8,2025-08-28,Cancelled,Web
4798,51,2025-09-30,Cancelled,Mobile
4799,645,2025-04-22,Delivered,Web
4800,321,2025-12-20,Cancelled,Alexa
4801,151,2025-06-08,Cancelled,Alexa
4802,375,2025-09-20,Returned,Web
4803,545,2025-03-03,Processing,Alexa
4804,367,2025-11-30,Processing,Alexa
4805,867,2025-12-08,Shipped,Mobile
4806,602,2025-01-29,Delivered,Web
4807,287,2025-01-31,Cancelled,Alexa
4808,509,2025-01-31,Cancelled,Alexa
4809,466,2025-12-02,Delivered,Mobile
4810,851,2025-04-12,Shipped,Alexa
4811,676,2025-03-09,Cancelled,Web
4812,923,2025-07-11,Returned,Web
4813,380,2025-01-10,Returned,Mobile
4814,814,2025-09-18,Processing,Web
4815,479,2025-07-24,Cancelled,Web
4816,167,2025-03-19,Returned,Mobile
4817,656,2025-01-07,Delivered,Web
4818,585,2025-10-30,Cancelled,Alexa
4819,670,2025-06-19,Returned,Alexa
4820,877,2025-05-24,Shipped,Alexa
4821,3,2025-05-02,Delivered,Mobile
4822,432,2025-09-16,Returned,Web
4823,823,2025-12-14,Shipped,Web
4824,631,2025-11-01,Cancelled,Mobile
4825,848,2025-07-29,Returned,Mobile
4826,501,2025-04-05,Cancelled,Mobile
4827,200,2025-08-12,Cancelled,Web
4828,87,2025-01-15,Returned,Mobile
4829,131,2025-11-22,Delivered,Alexa
4830,454,2025-12-27,Shipped,Mobile
4831,762,2025-05-25,Processing,Alexa
4832,917,2025-12-15,Processing,Web
4833,192,2025-06-04,Returned,Mobile
4834,268,2025-08-05,Delivered,Mobile
4835,259,2025-11-22,Cancelled,Web
4836,426,2025-01-14,Processing,Mobile
4837,349,2025-04-14,Shipped,Alexa
4838,397,2025-09-04,Cancelled,Alexa
4839,88,2025-08-01,Delivered,Alexa
4840,360,2025-07-16,Shipped,Alexa
4841,966,2025-10-18,Shipped,Web
4842,825,2025-06-21,Shipped,Mobile
4843,395,2025-02-18,Delivered,Web
4844,934,2025-04-25,Returned,Alexa
4845,749,2025-02-26,Cancelled,Mobile
4846,403,2025-08-18,Processing,Web
4847,811,2025-01-08,Delivered,Alexa
4848,35,2025-02-24,Cancelled,Web
4849,612,2025-11-14,Returned,Mobile
4850,5,2025-12-15,Cancelled,Alexa
4851,697,2025-02-26,Shipped,Alexa
4852,673,2025-04-08,Shipped,Alexa
4853,594,2025-01-10,Processing,Mobile
4854,771,2025-03-18,Delivered,Web
4855,584,2025-08-08,Processing,Alexa
4856,637,2025-03-20,Cancelled,Alexa
4857,698,2025-01-22,Processing,Alexa
4858,87,2025-10-16,Shipped,Mobile
4859,516,2025-01-12,Delivered,Mobile
4860,912,2025-07-11,Processing,Mobile
4861,834,2025-12-03,Shipped,Alexa
4862,994,2025-09-13,Delivered,Alexa
4863,899,2025-11-17,Cancelled,Alexa
4864,120,2025-11-08,Shipped,Alexa
4865,738,2025-02-13,Delivered,Mobile
4866,278,2025-09-10,Cancelled,Alexa
4867,532,2025-08-14,Shipped,Web
4868,764,2025-09-16,Cancelled,Web
4869,734,2025-06-02,Processing,Mobile
4870,883,2025-01-13,Processing,Web
4871,383,2025-08-06,Delivered,Mobile
4872,353,2025-06-19,Processing,Mobile
4873,462,2025-12-24,Cancelled,Web
4874,830,2025-12-21,Processing,Alexa
4875,380,2025-05-22,Returned,Mobile
4876,456,2025-05-29,Delivered,Mobile
4877,610,2025-04-18,Shipped,Web
4878,307,2025-04-16,Processing,Web
4879,504,2025-05-31,Delivered,Alexa
4880,180,2025-06-05,Returned,Alexa
4881,493,2025-12-31,Returned,Alexa
4882,826,2025-04-17,Shipped,Mobile
4883,103,2025-06-29,Cancelled,Mobile
4884,498,2025-07-04,Delivered,Alexa
4885,346,2025-12-29,Returned,Web
4886,130,2025-07-03,Cancelled,Mobile
4887,730,2025-02-24,Delivered,Alexa
4888,700,2025-05-14,Processing,Web
4889,841,2025-02-19,Shipped,Mobile
4890,760,2025-08-06,Shipped,Web
4891,589,2025-11-09,Delivered,Mobile
4892,749,2025-04-22,Delivered,Web
4893,481,2025-11-29,Returned,Mobile
4894,462,2025-02-08,Shipped,Alexa
4895,51,2025-04-16,Cancelled,Web
4896,325,2025-06-19,Shipped,Mobile
4897,851,2025-10-31,Shipped,Alexa
4898,125,2025-10-30,Processing,Web
4899,821,2025-03-14,Returned,Mobile
4900,698,2025-12-09,Returned,Web
4901,310,2025-06-24,Delivered,Alexa
4902,283,2025-04-07,Returned,Mobile
4903,238,2025-10-24,Cancelled,Mobile
4904,984,2025-10-18,Processing,Web
4905,969,2025-08-03,Shipped,Alexa
4906,58,2025-09-19,Shipped,Web
4907,121,2025-07-06,Delivered,Mobile
4908,166,2025-05-05,Delivered,Web
4909,181,2025-04-21,Shipped,Mobile
4910,573,2025-01-04,Delivered,Alexa
4911,658,2025-04-23,Delivered,Mobile
4912,914,2025-05-10,Returned,Web
4913,447,2025-11-03,Processing,Alexa
4914,652,2025-01-28,Processing,Web
4915,948,2025-02-16,Cancelled,Web
4916,781,2025-09-16,Processing,Alexa
4917,869,2025-04-12,Shipped,Mobile
4918,681,2025-05-18,Returned,Alexa
4919,942,2025-02-10,Processing,Mobile
4920,357,2025-02-09,Shipped,Mobile
4921,85,2025-04-30,Delivered,Alexa
4922,117,2025-05-21,Cancelled,Web
4923,809,2025-12-19,Processing,Web
4924,806,2025-09-16,Shipped,Web
4925,211,2025-09-20,Cancelled,Mobile
4926,558,2025-01-25,Processing,Mobile
4927,282,2025-09-24,Processing,Mobile
4928,972,2025-11-30,Processing,Mobile
4929,741,2025-09-13,Delivered,Alexa
4930,552,2025-07-02,Returned,Web
4931,137,2025-12-06,Cancelled,Alexa
4932,971,2025-01-11,Shipped,Alexa
4933,593,2025-10-20,Processing,Web
4934,61,2025-11-11,Cancelled,Alexa
4935,216,2025-12-18,Cancelled,Mobile
4936,221,2025-04-13,Cancelled,Web
4937,460,2025-11-20,Processing,Alexa
4938,376,2025-09-20,Processing,Mobile
4939,911,2025-08-12,Delivered,Mobile
4940,450,2025-03-04,Shipped,Web
4941,922,2025-03-02,Processing,Alexa
4942,879,2025-01-09,Cancelled,Alexa
4943,754,2025-12-25,Cancelled,Web
4944,256,2025-10-26,Shipped,Alexa
4945,542,2025-04-29,Cancelled,Web
4946,251,2025-07-24,Processing,Web
4947,349,2025-08-04,Shipped,Alexa
4948,649,2025-10-04,Returned,Alexa
4949,977,2025-08-22,Cancelled,Alexa
4950,892,2025-11-07,Shipped,Alexa
4951,970,2025-07-11,Cancelled,Mobile
4952,770,2025-05-21,Cancelled,Alexa
4953,835,2025-06-13,Delivered,Mobile
4954,235,2025-10-26,Shipped,Alexa
4955,879,2025-08-01,Processing,Mobile
4956,998,2025-08-02,Cancelled,Alexa
4957,830,2025-07-19,Processing,Web
4958,886,2025-02-13,Cancelled,Mobile
4959,217,2025-11-11,Processing,Mobile
4960,908,2025-11-07,Shipped,Mobile
4961,533,2025-08-24,Shipped,Web
4962,387,2025-03-20,Delivered,Web
4963,176,2025-11-24,Cancelled,Mobile
4964,105,2025-11-21,Shipped,Web
4965,234,2025-10-05,Returned,Mobile
4966,241,2025-10-12,Cancelled,Mobile
4967,792,2025-09-08,Delivered,Mobile
4968,396,2025-02-09,Delivered,Alexa
4969,500,2025-01-27,Cancelled,Web
4970,656,2025-08-30,Shipped,Mobile
4971,497,2025-01-29,Shipped,Alexa
4972,914,2025-08-29,Processing,Web
4973,279,2025-11-26,Processing,Mobile
4974,239,2025-07-06,Cancelled,Alexa
4975,480,2025-03-18,Shipped,Mobile
4976,203,2025-02-04,Shipped,Alexa
4977,342,2025-09-10,Cancelled,Web
4978,242,2025-04-05,Delivered,Web
4979,699,2025-06-18,Processing,Web
4980,515,2025-02-14,Cancelled,Web
4981,581,2025-12-19,Delivered,Alexa
4982,5,2025-03-30,Shipped,Web
4983,353,2025-10-09,Returned,Mobile
4984,790,2025-11-21,Returned,Web
4985,188,2025-06-15,Delivered,Mobile
4986,729,2025-07-30,Processing,Alexa
4987,21,2025-03-05,Cancelled,Alexa
4988,525,2025-08-12,Returned,Web
4989,520,2025-03-15,Processing,Alexa
4990,276,2025-01-01,Cancelled,Web
4991,604,2025-03-31,Processing,Mobile
4992,204,2025-12-10,Returned,Mobile
4993,85,2025-03-05,Shipped,Alexa
4994,563,2025-10-19,Cancelled,Mobile
4995,366,2025-05-27,Delivered,Alexa
4996,491,2025-12-13,Processing,Mobile
4997,303,2025-06-13,Shipped,Mobile
4998,32,2025-10-16,Cancelled,Mobile
4999,136,2025-07-02,Shipped,Web
5000,1000,2025-12-30,Shipped,Alexa
