OrderItemID,OrderID,ProductID,Qty,UnitPrice,DiscountPct,Tax,LineTotal
1,1,320,2,1027.99,15,139.81,1887.39
2,1,281,4,1147.99,15,312.25,4215.42
3,1,344,4,791.99,5,240.76,3250.32
4,1,488,1,732.99,15,49.84,672.88
5,1,471,3,873.99,5,199.27,2690.14
6,1,389,1,1452.99,10,104.62,1412.31
7,2,247,4,1255.99,0,401.92,5425.88
8,2,380,4,1349.99,5,410.4,5540.36
9,2,31,1,542.99,10,39.1,527.79
10,3,175,3,667.99,10,144.29,1947.86
11,3,192,3,192.99,10,41.69,562.76
12,3,497,2,681.99,15,92.75,1252.13
13,3,208,1,1001.99,10,72.14,973.93
14,3,443,2,941.99,10,135.65,1831.23
15,4,395,2,1497.99,15,203.73,2750.31
16,4,373,2,1329.99,0,212.8,2872.78
17,4,287,2,549.99,15,74.8,1009.78
18,4,6,3,98.99,5,22.57,304.69
19,5,107,4,384.99,0,123.2,1663.16
20,5,10,4,551.99,15,150.14,2026.91
21,5,447,4,1108.99,10,319.39,4311.75
22,6,248,1,804.99,10,57.96,782.45
23,6,43,3,423.99,15,86.49,1167.66
24,6,268,4,1229.99,5,373.92,5047.88
25,6,41,3,549.99,15,112.2,1514.67
26,6,92,4,1065.99,10,307.01,4144.57
27,6,215,2,686.99,5,104.42,1409.7
28,7,468,2,757.99,5,115.21,1555.39
29,7,65,2,72.99,5,11.09,149.77
30,7,91,3,1053.99,15,215.01,2902.68
31,8,409,2,773.99,10,111.45,1504.63
32,9,62,1,516.99,0,41.36,558.35
33,9,122,1,1350.99,5,102.68,1386.12
34,9,307,3,1360.99,10,293.97,3968.64
35,9,127,3,1200.99,15,245,3307.52
36,9,442,4,799.99,15,217.6,2937.57
37,9,65,4,72.99,5,22.19,299.55
38,10,20,3,632.99,15,129.13,1743.25
39,10,330,4,791.99,10,228.09,3079.25
40,10,39,2,1415.99,10,203.9,2752.68
41,11,124,1,388.99,15,26.45,357.09
42,11,177,4,1234.99,10,355.68,4801.64
43,11,233,2,133.99,10,19.29,260.47
44,11,195,4,420.99,5,127.98,1727.74
45,11,238,2,280.99,5,42.71,576.59
46,11,439,2,168.99,15,22.98,310.26
47,12,218,3,790.99,15,161.36,2178.38
48,12,283,1,63.99,0,5.12,69.11
49,13,50,4,1364.99,0,436.8,5896.76
50,13,403,2,760.99,10,109.58,1479.36
51,13,26,4,270.99,0,86.72,1170.68
52,13,126,4,1486.99,10,428.25,5781.41
53,13,431,2,124.99,10,18,242.98
54,13,446,2,169.99,10,24.48,330.46
55,14,186,2,937.99,15,127.57,1722.15
56,14,450,1,670.99,10,48.31,652.2
57,14,109,1,1104.99,15,75.14,1014.38
58,14,425,4,817.99,15,222.49,3003.66
59,14,224,4,462.99,15,125.93,1700.1
60,14,53,2,766.99,10,110.45,1491.03
61,15,308,3,1135.99,10,245.37,3312.54
62,15,364,4,968.99,5,294.57,3976.73
63,16,334,2,597.99,15,81.33,1097.91
64,16,227,4,1337.99,0,428.16,5780.12
65,16,491,2,891.99,10,128.45,1734.03
66,16,224,1,462.99,10,33.34,450.03
67,16,203,1,992.99,15,67.52,911.56
68,16,96,2,545.99,0,87.36,1179.34
69,17,441,4,766.99,5,233.16,3147.72
70,17,341,1,558.99,0,44.72,603.71
71,17,482,1,774.99,0,62,836.99
72,18,41,1,549.99,0,44,593.99
73,18,48,4,1148.99,10,330.91,4467.27
74,19,44,2,586.99,10,84.53,1141.11
75,19,178,1,1071.99,10,77.18,1041.97
76,20,41,2,549.99,0,88,1187.98
77,20,356,1,328.99,5,25,337.54
78,21,353,3,155.99,15,31.82,429.59
79,21,295,1,1309.99,0,104.8,1414.79
80,22,117,2,957.99,0,153.28,2069.26
81,22,318,1,300.99,5,22.88,308.82
82,22,198,1,1083.99,0,86.72,1170.71
83,22,491,2,891.99,0,142.72,1926.7
84,23,39,1,1415.99,10,101.95,1376.34
85,23,328,2,197.99,10,28.51,384.89
86,23,483,3,897.99,5,204.74,2764.01
87,23,101,3,1394.99,10,301.32,4067.79
88,24,433,2,834.99,15,113.56,1533.04
89,25,10,1,551.99,0,44.16,596.15
90,25,45,1,896.99,5,68.17,920.31
91,25,425,4,817.99,15,222.49,3003.66
92,25,32,3,471.99,15,96.29,1299.86
93,26,372,4,364.99,10,105.12,1419.08
94,26,161,4,1385.99,10,399.17,5388.73
95,26,379,3,571.99,10,123.55,1667.92
96,26,224,4,462.99,5,140.75,1900.11
97,26,494,3,1384.99,5,315.78,4263
98,26,129,3,251.99,10,54.43,734.8
99,27,251,2,134.99,10,19.44,262.42
100,27,49,1,124.99,15,8.5,114.74
101,27,211,2,440.99,5,67.03,904.91
102,28,291,2,1046.99,0,167.52,2261.5
103,28,234,1,405.99,0,32.48,438.47
104,28,438,1,1482.99,0,118.64,1601.63
105,28,162,2,259.99,0,41.6,561.58
106,29,379,2,571.99,15,77.79,1050.17
107,29,58,3,1408.99,0,338.16,4565.13
108,29,330,2,791.99,0,126.72,1710.7
109,29,399,3,94.99,10,20.52,276.99
110,30,398,4,512.99,10,147.74,1994.5
111,30,446,2,169.99,10,24.48,330.46
112,30,171,4,399.99,0,128,1727.96
113,30,413,2,1416.99,5,215.38,2907.66
114,30,118,4,213.99,15,58.21,785.78
115,31,464,1,820.99,5,62.4,842.34
116,31,480,2,833.99,15,113.42,1531.2
117,31,84,1,186.99,10,13.46,181.75
118,32,257,2,1143.99,10,164.73,2223.91
119,32,104,2,1343.99,0,215.04,2903.02
120,32,484,4,622.99,15,169.45,2287.62
121,33,95,2,449.99,5,68.4,923.38
122,33,48,4,1148.99,0,367.68,4963.64
123,34,444,3,682.99,5,155.72,2102.24
124,34,363,3,1073.99,5,244.87,3305.74
125,35,14,3,1137.99,15,232.15,3134.02
126,35,358,4,94.99,0,30.4,410.36
127,35,439,3,168.99,15,34.47,465.39
128,35,216,2,979.99,10,141.12,1905.1
129,35,296,1,52.99,0,4.24,57.23
130,36,327,4,975.99,15,265.47,3583.84
131,36,432,3,423.99,10,91.58,1236.35
132,37,137,1,1014.99,0,81.2,1096.19
133,37,5,4,1162.99,10,334.94,4521.7
134,37,226,1,278.99,15,18.97,256.11
135,37,188,4,1278.99,5,388.81,5248.97
136,37,291,3,1046.99,0,251.28,3392.25
137,37,223,3,526.99,10,113.83,1536.7
138,38,200,2,330.99,10,47.66,643.44
139,38,179,4,251.99,15,68.54,925.31
140,39,42,2,1420.99,15,193.25,2608.93
141,39,359,4,147.99,15,40.25,543.42
142,39,314,3,159.99,15,32.64,440.61
143,39,28,4,176.99,10,50.97,688.13
144,39,16,4,809.99,0,259.2,3499.16
145,39,472,1,393.99,5,29.94,404.23
146,40,366,1,1373.99,0,109.92,1483.91
147,40,69,1,998.99,0,79.92,1078.91
148,40,235,4,1232.99,5,374.83,5060.19
149,40,325,4,527.99,5,160.51,2166.87
150,41,162,3,259.99,5,59.28,800.25
151,41,184,1,446.99,5,33.97,458.61
152,41,297,2,1086.99,10,156.53,2113.11
153,41,21,2,683.99,5,103.97,1403.55
154,41,355,2,45.99,0,7.36,99.34
155,41,321,1,679.99,15,46.24,624.23
156,42,284,2,1112.99,15,151.37,2043.45
157,42,490,4,968.99,0,310.08,4186.04
158,42,415,4,1290.99,15,351.15,4740.52
159,42,116,3,1096.99,5,250.11,3376.53
160,42,185,1,252.99,15,17.2,232.24
161,42,322,3,291.99,10,63.07,851.44
162,43,69,4,998.99,10,287.71,3884.07
163,43,77,3,453.99,15,92.61,1250.28
164,43,65,4,72.99,0,23.36,315.32
165,43,48,3,1148.99,5,261.97,3536.59
166,43,413,1,1416.99,15,96.36,1300.8
167,44,144,4,260.99,10,75.17,1014.73
168,44,233,1,133.99,5,10.18,137.47
169,44,30,2,307.99,15,41.89,565.47
170,45,55,3,856.99,15,174.83,2360.15
171,45,103,2,310.99,5,47.27,638.15
172,45,51,4,246.99,0,79.04,1067
173,46,490,2,968.99,10,139.53,1883.71
174,46,439,4,168.99,5,51.37,693.53
175,46,324,3,135.99,0,32.64,440.61
176,46,270,2,213.99,0,34.24,462.22
177,46,53,2,766.99,15,104.31,1408.19
178,46,500,3,835.99,10,180.57,2437.74
179,47,129,4,251.99,15,68.54,925.31
180,47,35,4,1193.99,0,382.08,5158.04
181,47,138,2,1243.99,15,169.18,2283.96
182,47,242,1,1500.99,0,120.08,1621.07
183,47,270,2,213.99,0,34.24,462.22
184,47,197,1,659.99,15,44.88,605.87
185,48,168,3,387.99,5,88.46,1194.23
186,48,266,2,232.99,10,33.55,452.93
187,48,479,4,1129.99,15,307.36,4149.33
188,48,450,2,670.99,15,91.25,1231.93
189,49,417,2,897.99,5,136.49,1842.67
190,49,439,3,168.99,5,38.53,520.15
191,49,172,3,1080.99,15,220.52,2977.04
192,50,171,3,399.99,15,81.6,1101.57
193,50,367,1,419.99,15,28.56,385.55
194,50,52,2,449.99,5,68.4,923.38
195,50,103,3,310.99,0,74.64,1007.61
196,51,29,4,573.99,5,174.49,2355.65
197,51,319,2,336.99,5,51.22,691.5
198,51,240,1,1188.99,10,85.61,1155.7
199,51,184,2,446.99,10,64.37,868.95
200,51,103,3,310.99,10,67.17,906.84
201,52,460,2,1118.99,15,152.18,2054.46
202,52,265,4,454.99,0,145.6,1965.56
203,52,223,2,526.99,15,71.67,967.55
204,52,448,2,420.99,5,63.99,863.87
205,52,101,2,1394.99,0,223.2,3013.18
206,52,274,4,729.99,15,198.56,2680.53
207,53,428,4,160.99,5,48.94,660.7
208,54,463,4,1279.99,0,409.6,5529.56
209,54,462,4,30.99,15,8.43,113.8
210,54,136,1,182.99,5,13.91,187.75
211,55,91,1,1053.99,0,84.32,1138.31
212,55,452,2,364.99,10,52.56,709.54
213,55,229,3,611.99,15,124.85,1685.42
214,55,358,3,94.99,5,21.66,292.38
215,55,172,1,1080.99,15,73.51,992.35
216,56,394,1,198.99,10,14.33,193.42
217,56,376,4,121.99,0,39.04,527
218,56,418,1,445.99,0,35.68,481.67
219,56,469,2,489.99,10,70.56,952.54
220,56,88,3,322.99,5,73.64,994.16
221,56,176,3,1323.99,5,301.87,4075.24
222,57,125,2,1036.99,0,165.92,2239.9
223,57,338,1,674.99,10,48.6,656.09
224,58,192,3,192.99,5,44,594.02
225,59,181,3,332.99,5,75.92,1024.94
226,59,447,4,1108.99,10,319.39,4311.75
227,59,243,4,1487.99,10,428.54,5785.3
228,59,209,1,565.99,0,45.28,611.27
229,59,415,4,1290.99,15,351.15,4740.52
230,60,251,2,134.99,5,20.52,277
231,60,302,4,1319.99,5,401.28,5417.24
232,60,211,3,440.99,5,100.55,1357.37
233,60,269,1,794.99,5,60.42,815.66
234,60,76,2,1285.99,10,185.18,2499.96
235,61,300,4,991.99,10,285.69,3856.85
236,61,22,4,1226.99,5,373,5035.56
237,61,123,3,271.99,5,62.01,837.18
238,61,366,4,1373.99,15,373.73,5045.3
239,62,15,2,1374.99,0,220,2969.98
240,62,62,3,516.99,10,111.67,1507.54
241,62,465,1,1287.99,15,87.58,1182.37
242,63,158,3,1369.99,5,312.36,4216.83
243,63,120,1,1301.99,5,98.95,1335.84
244,63,64,4,546.99,0,175.04,2363
245,63,423,2,1494.99,5,227.24,3067.72
246,64,36,4,624.99,10,180,2429.96
247,64,445,4,20.99,15,5.71,77.08
248,64,113,2,549.99,0,88,1187.98
249,64,330,1,791.99,15,53.86,727.05
250,65,30,4,307.99,5,93.63,1263.99
251,66,322,1,291.99,5,22.19,299.58
252,67,151,4,683.99,0,218.88,2954.84
253,67,354,2,946.99,5,143.94,1943.22
254,67,407,2,160.99,15,21.89,295.57
255,67,60,2,1245.99,0,199.36,2691.34
256,67,231,2,121.99,15,16.59,223.97
257,67,292,4,907.99,5,276.03,3726.39
258,68,31,3,542.99,15,110.77,1495.39
259,68,340,4,1235.99,0,395.52,5339.48
260,68,107,1,384.99,5,29.26,395
261,68,421,3,1020.99,5,232.79,3142.61
262,68,207,4,1123.99,5,341.69,4612.85
263,69,270,1,213.99,10,15.41,208
264,70,253,4,978.99,10,281.95,3806.31
265,70,310,1,1363.99,10,98.21,1325.8
266,70,226,2,278.99,0,44.64,602.62
267,70,264,3,1444.99,10,312.12,4213.59
268,70,179,4,251.99,15,68.54,925.31
269,71,465,2,1287.99,5,195.77,2642.95
270,71,153,3,850.99,0,204.24,2757.21
271,71,309,1,103.99,0,8.32,112.31
272,72,248,4,804.99,15,218.96,2955.93
273,72,91,2,1053.99,15,143.34,1935.12
274,72,120,1,1301.99,5,98.95,1335.84
275,72,466,4,796.99,10,229.53,3098.69
276,72,76,2,1285.99,0,205.76,2777.74
277,73,428,4,160.99,10,46.37,625.93
278,73,353,3,155.99,15,31.82,429.59
279,73,327,2,975.99,0,156.16,2108.14
280,73,270,2,213.99,0,34.24,462.22
281,73,146,2,26.99,10,3.89,52.47
282,74,44,2,586.99,5,89.22,1204.5
283,74,231,3,121.99,0,29.28,395.25
284,74,315,2,852.99,5,129.65,1750.33
285,75,78,1,1476.99,10,106.34,1435.63
286,75,361,3,531.99,5,121.29,1637.46
287,75,449,1,634.99,15,43.18,582.92
288,75,180,1,656.99,10,47.3,638.59
289,75,227,2,1337.99,10,192.67,2601.05
290,76,486,1,220.99,15,15.03,202.87
291,76,130,4,1187.99,0,380.16,5132.12
292,76,433,2,834.99,0,133.6,1803.58
293,77,469,2,489.99,0,78.4,1058.38
294,77,410,3,169.99,10,36.72,495.69
295,77,427,3,378.99,0,90.96,1227.93
296,77,291,2,1046.99,0,167.52,2261.5
297,77,19,3,1251.99,15,255.41,3447.98
298,78,98,3,1194.99,10,258.12,3484.59
299,78,243,4,1487.99,15,404.73,5463.9
300,78,249,2,462.99,0,74.08,1000.06
301,78,368,2,1159.99,10,167.04,2255.02
302,79,500,1,835.99,15,56.85,767.44
303,79,51,3,246.99,10,53.35,720.22
304,79,384,2,898.99,5,136.65,1844.73
305,79,442,1,799.99,15,54.4,734.39
306,79,286,3,365.99,15,74.66,1007.93
307,80,444,4,682.99,5,207.63,2802.99
308,81,312,2,522.99,10,75.31,1016.69
309,81,78,3,1476.99,0,354.48,4785.45
310,81,212,2,893.99,5,135.89,1834.47
311,81,108,3,1184.99,10,255.96,3455.43
312,81,382,1,88.99,10,6.41,86.5
313,82,15,4,1374.99,0,440,5939.96
314,82,391,1,1383.99,10,99.65,1345.24
315,82,17,1,517.99,5,39.37,531.46
316,82,364,2,968.99,0,155.04,2093.02
317,82,222,2,1259.99,10,181.44,2449.42
318,82,123,3,271.99,10,58.75,793.12
319,83,307,4,1360.99,10,391.97,5291.53
320,83,110,3,628.99,5,143.41,1936.03
321,83,500,3,835.99,10,180.57,2437.74
322,83,164,2,135.99,15,18.49,249.67
323,83,122,1,1350.99,0,108.08,1459.07
324,83,101,1,1394.99,5,106.02,1431.26
325,84,202,3,721.99,0,173.28,2339.25
326,84,203,3,992.99,5,226.4,3056.42
327,84,431,4,124.99,15,34,458.97
328,84,379,3,571.99,10,123.55,1667.92
329,85,95,2,449.99,0,72,971.98
330,85,358,2,94.99,15,12.92,174.4
331,86,220,3,620.99,15,126.68,1710.2
332,86,366,3,1373.99,0,329.76,4451.73
333,86,150,3,335.99,15,68.54,925.31
334,86,212,2,893.99,15,121.58,1641.36
335,86,381,2,1077.99,0,172.48,2328.46
336,87,138,1,1243.99,10,89.57,1209.16
337,87,164,2,135.99,15,18.49,249.67
338,87,397,2,635.99,0,101.76,1373.74
339,87,33,3,1048.99,10,226.58,3058.85
340,88,125,4,1036.99,15,282.06,3807.83
341,88,466,1,796.99,15,54.2,731.64
342,88,374,4,1025.99,10,295.49,3989.05
343,88,261,4,718.99,10,207.07,2795.43
344,89,322,1,291.99,0,23.36,315.35
345,89,379,1,571.99,15,38.9,525.09
346,89,5,4,1162.99,5,353.55,4772.91
347,90,478,3,296.99,10,64.15,866.02
348,90,465,3,1287.99,10,278.21,3755.78
349,90,100,3,291.99,10,63.07,851.44
350,90,145,1,864.99,5,65.74,887.48
351,91,362,2,285.99,15,38.89,525.07
352,91,231,2,121.99,10,17.57,237.15
353,91,104,3,1343.99,5,306.43,4136.8
354,91,417,2,897.99,15,122.13,1648.71
355,91,115,1,548.99,0,43.92,592.91
356,91,481,2,413.99,10,59.61,804.79
357,92,414,1,1426.99,0,114.16,1541.15
358,92,492,4,494.99,0,158.4,2138.36
359,93,66,4,276.99,0,88.64,1196.6
360,93,254,2,621.99,0,99.52,1343.5
361,93,207,3,1123.99,10,242.78,3277.55
362,93,58,1,1408.99,0,112.72,1521.71
363,94,300,3,991.99,0,238.08,3214.05
364,94,493,4,451.99,15,122.94,1659.71
365,94,27,1,788.99,10,56.81,766.9
366,94,215,3,686.99,5,156.63,2114.55
367,94,120,2,1301.99,0,208.32,2812.3
368,95,369,4,1321.99,5,401.88,5425.44
369,96,310,4,1363.99,0,436.48,5892.44
370,96,408,1,474.99,10,34.2,461.69
371,96,420,1,653.99,5,49.7,670.99
372,97,144,3,260.99,5,59.51,803.33
373,97,486,2,220.99,15,30.05,405.73
374,97,15,3,1374.99,5,313.5,4232.22
375,97,493,3,451.99,10,97.63,1318
376,97,426,2,887.99,5,134.97,1822.15
377,97,355,3,45.99,15,9.38,126.65
378,98,358,3,94.99,5,21.66,292.38
379,98,180,1,656.99,10,47.3,638.59
380,99,347,4,89.99,0,28.8,388.76
381,99,440,3,637.99,10,137.81,1860.38
382,100,58,2,1408.99,10,202.89,2739.07
383,100,166,2,247.99,0,39.68,535.66
384,100,115,4,548.99,0,175.68,2371.64
385,100,388,2,1182.99,0,189.28,2555.26
386,100,126,3,1486.99,15,303.35,4095.17
387,101,444,1,682.99,15,46.44,626.98
388,101,375,4,541.99,15,147.42,1990.19
389,101,170,2,865.99,10,124.7,1683.48
390,102,482,2,774.99,15,105.4,1422.88
391,102,16,3,809.99,10,174.96,2361.93
392,102,477,3,1192.99,15,243.37,3285.49
393,103,221,3,1084.99,10,234.36,3163.83
394,103,74,3,143.99,10,31.1,419.87
395,103,500,3,835.99,5,190.61,2573.18
396,104,131,1,371.99,10,26.78,361.57
397,104,55,3,856.99,15,174.83,2360.15
398,104,376,1,121.99,10,8.78,118.57
399,104,168,4,387.99,10,111.74,1508.5
400,104,436,3,541.99,10,117.07,1580.44
401,105,31,1,542.99,15,36.92,498.46
402,105,4,1,935.99,5,71.14,960.33
403,106,13,3,241.99,10,52.27,705.64
404,107,264,1,1444.99,10,104.04,1404.53
405,107,291,1,1046.99,15,71.2,961.14
406,108,452,3,364.99,10,78.84,1064.31
407,108,358,2,94.99,15,12.92,174.4
408,108,49,3,124.99,0,30,404.97
409,108,17,2,517.99,5,78.73,1062.91
410,108,383,2,888.99,0,142.24,1920.22
411,109,487,4,417.99,15,113.69,1534.86
412,109,201,3,501.99,0,120.48,1626.45
413,109,481,4,413.99,10,119.23,1609.59
414,109,319,4,336.99,0,107.84,1455.8
415,109,180,4,656.99,0,210.24,2838.2
416,109,333,1,1238.99,15,84.25,1137.39
417,110,348,2,586.99,5,89.22,1204.5
418,111,496,4,484.99,10,139.68,1885.64
419,111,351,3,321.99,15,65.69,886.76
420,111,62,4,516.99,0,165.44,2233.4
421,111,72,1,436.99,5,33.21,448.35
422,111,102,1,1242.99,0,99.44,1342.43
423,112,332,1,1276.99,0,102.16,1379.15
424,112,168,2,387.99,5,58.97,796.15
425,112,340,2,1235.99,5,187.87,2536.25
426,112,229,3,611.99,15,124.85,1685.42
427,113,399,3,94.99,15,19.38,261.6
428,113,142,2,614.99,10,88.56,1195.54
429,113,239,4,133.99,10,38.59,520.95
430,114,411,3,1232.99,5,281.12,3795.14
431,114,342,4,1071.99,5,325.88,4399.44
432,114,428,2,160.99,10,23.18,312.96
433,114,395,4,1497.99,0,479.36,6471.32
434,114,357,4,481.99,10,138.81,1873.97
435,114,49,4,124.99,10,36,485.96
436,115,106,3,151.99,10,32.83,443.2
437,115,121,3,318.99,10,68.9,930.17
438,115,348,2,586.99,15,79.83,1077.71
439,115,465,3,1287.99,5,293.66,3964.43
440,116,76,1,1285.99,15,87.45,1180.54
441,116,475,1,1263.99,10,91.01,1228.6
442,116,366,4,1373.99,0,439.68,5935.64
443,116,390,3,33.99,10,7.34,99.11
444,117,281,1,1147.99,10,82.66,1115.85
445,117,395,1,1497.99,0,119.84,1617.83
446,117,214,3,423.99,0,101.76,1373.73
447,117,267,2,1201.99,5,182.7,2466.48
448,117,250,2,314.99,15,42.84,578.32
449,118,7,2,814.99,5,123.88,1672.36
450,118,249,3,462.99,0,111.12,1500.09
451,119,442,1,799.99,15,54.4,734.39
452,119,160,4,1272.99,15,346.25,4674.42
453,119,175,1,667.99,0,53.44,721.43
454,119,222,2,1259.99,10,181.44,2449.42
455,119,152,2,47.99,0,7.68,103.66
456,119,234,4,405.99,10,116.93,1578.49
457,120,229,1,611.99,15,41.62,561.81
458,120,304,4,119.99,0,38.4,518.36
459,120,25,3,109.99,10,23.76,320.73
460,120,124,2,388.99,5,59.13,798.21
461,120,120,2,1301.99,0,208.32,2812.3
462,120,190,4,1002.99,15,272.81,3682.98
463,121,300,1,991.99,0,79.36,1071.35
464,121,447,1,1108.99,5,84.28,1137.82
465,121,275,3,329.99,15,67.32,908.79
466,122,266,4,232.99,10,67.1,905.86
467,122,81,3,1111.99,0,266.88,3602.85
468,122,76,3,1285.99,15,262.34,3541.61
469,122,4,2,935.99,0,149.76,2021.74
470,123,344,2,791.99,0,126.72,1710.7
471,123,303,3,230.99,10,49.89,673.56
472,124,387,3,947.99,15,193.39,2610.76
473,124,213,4,700.99,15,190.67,2574.04
474,124,225,1,861.99,10,62.06,837.85
475,124,159,3,229.99,5,52.44,707.91
476,125,354,2,946.99,5,143.94,1943.22
477,125,247,2,1255.99,0,200.96,2712.94
478,125,284,1,1112.99,0,89.04,1202.03
479,125,234,3,405.99,10,87.69,1183.86
480,126,61,2,130.99,5,19.91,268.79
481,126,15,1,1374.99,10,99,1336.49
482,126,129,1,251.99,15,17.14,231.33
483,126,440,3,637.99,15,130.15,1757.02
484,127,469,4,489.99,15,133.28,1799.25
485,127,119,4,975.99,10,281.09,3794.65
486,127,439,4,168.99,15,45.97,620.54
487,127,472,3,393.99,10,85.1,1148.87
488,128,480,4,833.99,5,253.53,3422.69
489,128,14,3,1137.99,5,259.46,3502.73
490,129,386,4,300.99,5,91.5,1235.26
491,129,465,3,1287.99,15,262.75,3547.12
492,129,236,1,1306.99,15,88.88,1199.82
493,129,56,4,425.99,5,129.5,1748.26
494,129,153,1,850.99,5,64.68,873.12
495,129,135,4,933.99,15,254.05,3429.62
496,130,356,4,328.99,15,89.49,1208.06
497,131,177,4,1234.99,15,335.92,4534.89
498,131,140,2,1240.99,0,198.56,2680.54
499,131,211,1,440.99,0,35.28,476.27
500,131,68,2,230.99,15,31.41,424.09
501,132,89,1,794.99,0,63.6,858.59
502,132,491,3,891.99,10,192.67,2601.04
503,132,293,2,1158.99,5,176.17,2378.25
504,132,337,3,1160.99,0,278.64,3761.61
505,132,26,2,270.99,15,36.85,497.53
506,133,62,2,516.99,10,74.45,1005.03
507,133,176,2,1323.99,5,201.25,2716.83
508,133,35,4,1193.99,10,343.87,4642.23
509,133,33,1,1048.99,5,79.72,1076.26
510,133,389,4,1452.99,5,441.71,5963.07
511,133,435,4,214.99,5,65.36,882.32
512,134,230,2,875.99,15,119.13,1608.31
513,134,408,3,474.99,0,114,1538.97
514,135,39,1,1415.99,15,96.29,1299.88
515,135,400,4,1305.99,0,417.92,5641.88
516,135,412,2,1121.99,10,161.57,2181.15
517,136,247,3,1255.99,5,286.37,3865.94
518,136,336,2,743.99,0,119.04,1607.02
519,136,478,1,296.99,0,23.76,320.75
520,136,51,4,246.99,10,71.13,960.29
521,137,346,2,406.99,0,65.12,879.1
522,137,129,4,251.99,15,68.54,925.31
523,138,342,4,1071.99,0,343.04,4631
524,139,283,3,63.99,5,14.59,196.96
525,139,44,3,586.99,5,133.83,1806.75
526,139,57,1,461.99,5,35.11,474
527,140,163,3,911.99,15,186.05,2511.62
528,140,57,2,461.99,10,66.53,898.11
529,140,314,2,159.99,5,24.32,328.3
530,140,431,2,124.99,15,17,229.48
531,140,151,4,683.99,5,207.93,2807.09
532,140,112,2,652.99,15,88.81,1198.89
533,141,177,3,1234.99,0,296.4,4001.37
534,141,176,3,1323.99,10,285.98,3860.75
535,141,295,4,1309.99,5,398.24,5376.2
536,141,218,4,790.99,10,227.81,3075.37
537,142,240,2,1188.99,10,171.21,2311.39
538,142,345,2,1180.99,0,188.96,2550.94
539,142,250,2,314.99,15,42.84,578.32
540,142,254,2,621.99,15,84.59,1141.97
541,142,318,4,300.99,10,86.69,1170.25
542,142,204,2,1355.99,10,195.26,2636.04
543,143,283,2,63.99,0,10.24,138.22
544,143,261,3,718.99,5,163.93,2213.05
545,143,137,1,1014.99,0,81.2,1096.19
546,143,255,3,677.99,10,146.45,1977.02
547,143,463,3,1279.99,5,291.84,3939.81
548,143,298,1,1045.99,5,79.5,1073.19
549,144,453,4,351.99,10,101.37,1368.53
550,144,324,1,135.99,15,9.25,124.84
551,144,390,2,33.99,0,5.44,73.42
552,144,457,1,929.99,0,74.4,1004.39
553,144,221,2,1084.99,10,156.24,2109.22
554,145,446,1,169.99,10,12.24,165.23
555,145,10,4,551.99,15,150.14,2026.91
556,145,129,2,251.99,10,36.29,489.87
557,145,374,4,1025.99,15,279.07,3767.44
558,145,414,1,1426.99,5,108.45,1464.09
559,145,498,2,525.99,10,75.74,1022.52
560,146,170,1,865.99,15,58.89,794.98
561,146,149,1,1056.99,10,76.1,1027.39
562,146,121,3,318.99,10,68.9,930.17
563,147,422,4,572.99,10,165.02,2227.78
564,147,52,1,449.99,5,34.2,461.69
565,147,73,4,1030.99,15,280.43,3785.8
566,148,325,3,527.99,5,120.38,1625.15
567,148,181,2,332.99,5,50.61,683.29
568,148,198,2,1083.99,0,173.44,2341.42
569,148,357,2,481.99,10,69.41,936.99
570,149,11,1,1445.99,0,115.68,1561.67
571,150,346,4,406.99,0,130.24,1758.2
572,150,226,4,278.99,10,80.35,1084.71
573,150,191,4,676.99,0,216.64,2924.6
574,150,476,2,732.99,0,117.28,1583.26
575,150,328,4,197.99,0,63.36,855.32
576,150,123,3,271.99,10,58.75,793.12
577,151,208,1,1001.99,0,80.16,1082.15
578,151,61,1,130.99,0,10.48,141.47
579,151,299,4,71.99,15,19.58,264.35
580,151,328,2,197.99,5,30.09,406.27
581,151,289,4,1112.99,5,338.35,4567.71
582,152,59,2,254.99,15,34.68,468.16
583,152,364,1,968.99,0,77.52,1046.51
584,152,133,4,514.99,0,164.8,2224.76
585,153,197,2,659.99,0,105.6,1425.58
586,153,181,4,332.99,15,90.57,1222.74
587,153,20,1,632.99,10,45.58,615.27
588,153,358,4,94.99,10,27.36,369.32
589,153,195,1,420.99,15,28.63,386.47
590,153,298,3,1045.99,0,251.04,3389.01
591,154,305,2,1235.99,10,177.98,2402.76
592,155,284,3,1112.99,5,253.76,3425.78
593,156,190,3,1002.99,15,204.61,2762.23
594,156,205,4,727.99,15,198.01,2673.18
595,156,266,3,232.99,0,55.92,754.89
596,157,401,1,487.99,0,39.04,527.03
597,157,338,2,674.99,15,91.8,1239.28
598,158,385,1,1224.99,15,83.3,1124.54
599,159,416,3,444.99,10,96.12,1297.59
600,159,324,3,135.99,5,31.01,418.58
601,159,190,1,1002.99,0,80.24,1083.23
602,159,32,1,471.99,5,35.87,484.26
603,159,171,2,399.99,10,57.6,777.58
604,160,208,4,1001.99,5,304.6,4112.16
605,160,253,1,978.99,0,78.32,1057.31
606,160,405,3,33.99,15,6.93,93.6
607,160,233,3,133.99,15,27.33,369
608,160,474,3,500.99,10,108.21,1460.88
609,160,365,1,1002.99,10,72.22,974.91
610,161,122,2,1350.99,0,216.16,2918.14
611,161,497,2,681.99,15,92.75,1252.13
612,162,80,4,811.99,5,246.84,3332.4
613,162,367,3,419.99,15,85.68,1156.65
614,162,159,1,229.99,10,16.56,223.55
615,162,244,4,42.99,10,12.38,167.14
616,162,341,3,558.99,10,120.74,1630.01
617,163,81,1,1111.99,15,75.62,1020.81
618,163,375,2,541.99,0,86.72,1170.7
619,163,142,4,614.99,15,167.28,2258.25
620,164,311,1,1079.99,10,77.76,1049.75
621,164,420,4,653.99,15,177.89,2401.46
622,164,139,4,1205.99,5,366.62,4949.38
623,165,355,1,45.99,15,3.13,42.22
624,166,17,4,517.99,15,140.89,1902.06
625,166,264,4,1444.99,15,393.04,5306.01
626,167,79,1,1262.99,0,101.04,1364.03
627,167,465,1,1287.99,15,87.58,1182.37
628,167,138,4,1243.99,15,338.37,4567.94
629,167,67,4,879.99,0,281.6,3801.56
630,168,367,2,419.99,10,60.48,816.46
631,168,346,4,406.99,15,110.7,1494.47
632,168,111,2,282.99,0,45.28,611.26
633,168,178,2,1071.99,10,154.37,2083.95
634,169,90,3,825.99,0,198.24,2676.21
635,169,284,4,1112.99,15,302.73,4086.9
636,169,242,2,1500.99,10,216.14,2917.92
637,169,99,1,1421.99,5,108.07,1458.96
638,169,131,4,371.99,0,119.04,1607
639,169,206,3,1275.99,10,275.61,3720.78
640,170,474,1,500.99,15,34.07,459.91
641,171,262,1,140.99,10,10.15,137.04
642,172,7,4,814.99,5,247.76,3344.72
643,172,424,1,823.99,0,65.92,889.91
644,172,124,1,388.99,10,28.01,378.1
645,172,134,2,290.99,15,39.57,534.25
646,173,81,3,1111.99,10,240.19,3242.56
647,173,199,4,882.99,15,240.17,3242.34
648,173,185,4,252.99,10,72.86,983.62
649,173,244,4,42.99,5,13.07,176.43
650,174,205,3,727.99,15,148.51,2004.88
651,174,323,4,599.99,15,163.2,2203.17
652,174,202,2,721.99,10,103.97,1403.55
653,174,100,3,291.99,0,70.08,946.05
654,175,19,4,1251.99,0,400.64,5408.6
655,175,410,3,169.99,15,34.68,468.15
656,175,299,1,71.99,5,5.47,73.86
657,175,301,2,517.99,10,74.59,1006.97
658,175,340,2,1235.99,15,168.09,2269.27
659,175,273,3,1167.99,15,238.27,3216.64
660,176,224,2,462.99,5,70.37,950.05
661,176,452,1,364.99,5,27.74,374.48
662,176,217,3,1491.99,0,358.08,4834.05
663,176,61,2,130.99,10,18.86,254.64
664,177,452,1,364.99,5,27.74,374.48
665,177,497,3,681.99,10,147.31,1988.68
666,177,271,1,242.99,5,18.47,249.31
667,177,189,1,612.99,5,46.59,628.93
668,178,227,3,1337.99,0,321.12,4335.09
669,178,481,4,413.99,5,125.85,1699.01
670,178,54,4,685.99,0,219.52,2963.48
671,178,404,3,1238.99,5,282.49,3813.61
672,179,21,3,683.99,0,164.16,2216.13
673,179,70,3,453.99,10,98.06,1323.83
674,180,321,1,679.99,0,54.4,734.39
675,180,489,2,800.99,5,121.75,1643.63
676,181,255,2,677.99,0,108.48,1464.46
677,181,364,3,968.99,0,232.56,3139.53
678,182,127,1,1200.99,15,81.67,1102.51
679,182,103,4,310.99,5,94.54,1276.3
680,182,92,2,1065.99,15,144.97,1957.15
681,182,20,2,632.99,0,101.28,1367.26
682,183,58,3,1408.99,5,321.25,4336.87
683,183,424,4,823.99,10,237.31,3203.67
684,183,242,1,1500.99,0,120.08,1621.07
685,183,160,4,1272.99,15,346.25,4674.42
686,183,199,4,882.99,15,240.17,3242.34
687,184,468,4,757.99,0,242.56,3274.52
688,185,210,1,919.99,5,69.92,943.91
689,185,99,3,1421.99,10,307.15,4146.52
690,185,12,1,403.99,15,27.47,370.86
691,185,334,4,597.99,5,181.79,2454.15
692,185,347,4,89.99,0,28.8,388.76
693,185,423,4,1494.99,5,454.48,6135.44
694,186,470,2,203.99,15,27.74,374.52
695,186,347,1,89.99,15,6.12,82.61
696,186,197,2,659.99,10,95.04,1283.02
697,186,213,2,700.99,0,112.16,1514.14
698,186,92,4,1065.99,15,289.95,3914.32
699,186,358,4,94.99,10,27.36,369.32
700,187,411,4,1232.99,15,335.37,4527.54
701,188,295,1,1309.99,15,89.08,1202.57
702,188,222,1,1259.99,0,100.8,1360.79
703,189,362,2,285.99,5,43.47,586.85
704,189,319,3,336.99,0,80.88,1091.85
705,189,256,4,395.99,15,107.71,1454.08
706,190,407,1,160.99,10,11.59,156.48
707,190,56,2,425.99,0,68.16,920.14
708,190,140,1,1240.99,15,84.39,1139.23
709,191,375,1,541.99,5,41.19,556.08
710,191,466,2,796.99,0,127.52,1721.5
711,191,13,3,241.99,5,55.17,744.84
712,192,185,4,252.99,5,76.91,1038.27
713,192,292,3,907.99,15,185.23,2500.6
714,192,289,3,1112.99,15,227.05,3065.17
715,192,237,1,1263.99,10,91.01,1228.6
716,193,2,2,102.99,5,15.65,211.33
717,193,143,2,553.99,0,88.64,1196.62
718,194,423,1,1494.99,15,101.66,1372.4
719,194,351,1,321.99,15,21.9,295.59
720,194,294,1,184.99,10,13.32,179.81
721,194,94,1,827.99,0,66.24,894.23
722,194,279,1,814.99,15,55.42,748.16
723,194,214,2,423.99,5,64.45,870.03
724,195,128,3,987.99,0,237.12,3201.09
725,195,116,4,1096.99,5,333.48,4502.04
726,196,154,2,156.99,5,23.86,322.14
727,197,230,2,875.99,0,140.16,1892.14
728,197,276,2,293.99,15,39.98,539.76
729,197,217,2,1491.99,10,214.85,2900.43
730,198,321,2,679.99,15,92.48,1248.46
731,198,49,4,124.99,10,36,485.96
732,198,298,4,1045.99,0,334.72,4518.68
733,198,154,2,156.99,0,25.12,339.1
734,198,481,4,413.99,0,132.48,1788.44
735,199,236,1,1306.99,15,88.88,1199.82
736,199,193,3,973.99,5,222.07,2997.94
737,199,207,3,1123.99,15,229.29,3095.46
738,199,242,1,1500.99,15,102.07,1377.91
739,200,238,1,280.99,15,19.11,257.95
740,200,40,1,506.99,5,38.53,520.17
741,200,209,3,565.99,5,129.05,1742.12
742,200,374,2,1025.99,5,155.95,2105.33
743,201,379,4,571.99,0,183.04,2471
744,201,415,2,1290.99,15,175.57,2370.25
745,201,197,1,659.99,10,47.52,641.51
746,201,376,2,121.99,15,16.59,223.97
747,202,333,2,1238.99,0,198.24,2676.22
748,202,136,3,182.99,10,39.53,533.6
749,202,264,4,1444.99,5,439.28,5930.24
750,203,329,1,464.99,5,35.34,477.08
751,203,480,2,833.99,10,120.09,1621.27
752,203,43,4,423.99,0,135.68,1831.64
753,203,263,1,787.99,15,53.58,723.37
754,203,226,4,278.99,0,89.28,1205.24
755,204,320,4,1027.99,15,279.61,3774.78
756,204,496,2,484.99,0,77.6,1047.58
757,205,78,3,1476.99,15,301.31,4067.63
758,205,276,3,293.99,10,63.5,857.27
759,206,407,3,160.99,5,36.71,495.53
760,206,286,4,365.99,10,105.41,1422.97
761,207,297,4,1086.99,5,330.44,4461
762,207,366,3,1373.99,5,313.27,4229.14
763,208,219,1,737.99,15,50.18,677.47
764,208,332,2,1276.99,15,173.67,2344.55
765,208,234,2,405.99,10,58.46,789.24
766,209,228,1,836.99,0,66.96,903.95
767,209,349,3,29.99,0,7.2,97.17
768,209,146,4,26.99,10,7.77,104.93
769,209,437,2,257.99,10,37.15,501.53
770,210,482,1,774.99,10,55.8,753.29
771,210,160,1,1272.99,5,96.75,1306.09
772,210,488,4,732.99,5,222.83,3008.19
773,210,191,1,676.99,0,54.16,731.15
774,210,344,2,791.99,0,126.72,1710.7
775,211,193,2,973.99,5,148.05,1998.63
776,211,499,1,1078.99,10,77.69,1048.78
777,211,314,1,159.99,15,10.88,146.87
778,211,182,1,766.99,0,61.36,828.35
779,212,77,4,453.99,5,138.01,1863.17
780,212,44,1,586.99,0,46.96,633.95
781,212,97,2,432.99,15,58.89,794.97
782,212,313,4,1158.99,0,370.88,5006.84
783,213,266,4,232.99,15,63.37,855.54
784,213,215,3,686.99,0,164.88,2225.85
785,213,75,2,927.99,0,148.48,2004.46
786,213,329,1,464.99,0,37.2,502.19
787,214,394,3,198.99,0,47.76,644.73
788,214,315,4,852.99,15,232.01,3132.18
789,214,306,3,842.99,0,202.32,2731.29
790,215,320,3,1027.99,15,209.71,2831.08
791,215,419,2,351.99,5,53.5,722.28
792,215,432,4,423.99,0,135.68,1831.64
793,216,492,4,494.99,10,142.56,1924.52
794,216,464,2,820.99,5,124.79,1684.67
795,217,383,4,888.99,15,241.81,3264.38
796,217,347,4,89.99,10,25.92,349.88
797,217,226,1,278.99,10,20.09,271.18
798,217,283,1,63.99,15,4.35,58.74
799,217,32,3,471.99,0,113.28,1529.25
800,218,83,4,549.99,10,158.4,2138.36
801,218,184,3,446.99,15,91.19,1231.01
802,218,428,1,160.99,10,11.59,156.48
803,218,43,3,423.99,0,101.76,1373.73
804,219,204,2,1355.99,10,195.26,2636.04
805,219,19,1,1251.99,10,90.14,1216.93
806,219,151,1,683.99,5,51.98,701.77
807,219,303,1,230.99,15,15.71,212.05
808,219,1,1,524.99,10,37.8,510.29
809,220,405,1,33.99,10,2.45,33.04
810,220,490,4,968.99,0,310.08,4186.04
811,220,359,3,147.99,10,31.97,431.54
812,221,378,3,1307.99,10,282.53,3814.1
813,221,412,3,1121.99,15,228.89,3089.96
814,221,375,1,541.99,0,43.36,585.35
815,222,286,1,365.99,0,29.28,395.27
816,222,277,4,422.99,10,121.82,1644.58
817,222,435,4,214.99,10,61.92,835.88
818,222,142,2,614.99,0,98.4,1328.38
819,222,183,2,56.99,5,8.66,116.94
820,222,445,3,20.99,0,5.04,68.01
821,223,54,1,685.99,5,52.14,703.83
822,223,8,2,586.99,10,84.53,1141.11
823,223,271,3,242.99,5,55.4,747.92
824,223,411,3,1232.99,15,251.53,3395.65
825,223,297,2,1086.99,15,147.83,1995.71
826,223,380,3,1349.99,0,324,4373.97
827,224,372,4,364.99,15,99.28,1340.25
828,224,360,4,407.99,15,110.97,1498.14
829,224,267,2,1201.99,15,163.47,2206.85
830,225,130,4,1187.99,5,361.15,4875.51
831,225,338,1,674.99,10,48.6,656.09
832,225,327,2,975.99,0,156.16,2108.14
833,225,319,4,336.99,0,107.84,1455.8
834,225,354,1,946.99,15,64.4,869.34
835,226,472,2,393.99,0,63.04,851.02
836,226,428,4,160.99,0,51.52,695.48
837,226,94,3,827.99,5,188.78,2548.55
838,227,208,1,1001.99,10,72.14,973.93
839,227,50,4,1364.99,0,436.8,5896.76
840,227,44,2,586.99,15,79.83,1077.71
841,227,189,4,612.99,10,176.54,2383.3
842,227,284,2,1112.99,0,178.08,2404.06
843,228,351,2,321.99,0,51.52,695.5
844,228,396,3,777.99,5,177.38,2394.65
845,228,55,2,856.99,0,137.12,1851.1
846,228,2,3,102.99,10,22.25,300.32
847,228,14,4,1137.99,15,309.53,4178.7
848,229,479,1,1129.99,0,90.4,1220.39
849,229,97,1,432.99,0,34.64,467.63
850,229,415,1,1290.99,15,87.79,1185.13
851,230,329,4,464.99,0,148.8,2008.76
852,231,142,4,614.99,5,186.96,2523.92
853,231,169,1,755.99,15,51.41,694
854,231,76,4,1285.99,15,349.79,4722.16
855,231,96,2,545.99,0,87.36,1179.34
856,231,135,2,933.99,5,141.97,1916.55
857,232,481,1,413.99,0,33.12,447.11
858,232,452,2,364.99,10,52.56,709.54
859,233,265,4,454.99,15,123.76,1670.73
860,233,88,4,322.99,10,93.02,1255.78
861,233,166,4,247.99,10,71.42,964.18
862,234,277,4,422.99,0,135.36,1827.32
863,234,118,3,213.99,15,43.65,589.32
864,234,296,1,52.99,10,3.82,51.51
865,234,351,4,321.99,0,103.04,1391
866,235,483,3,897.99,15,183.19,2473.06
867,235,497,3,681.99,5,155.49,2099.16
868,235,72,1,436.99,0,34.96,471.95
869,236,478,2,296.99,5,45.14,609.42
870,236,462,4,30.99,15,8.43,113.8
871,236,166,3,247.99,15,50.59,682.96
872,236,28,1,176.99,10,12.74,172.03
873,236,96,4,545.99,15,148.51,2004.88
874,236,49,1,124.99,10,9,121.49
875,237,45,1,896.99,15,61,823.44
876,237,201,1,501.99,15,34.14,460.83
877,237,39,3,1415.99,5,322.85,4358.42
878,237,146,3,26.99,15,5.51,74.33
879,237,44,1,586.99,10,42.26,570.55
880,237,192,4,192.99,0,61.76,833.72
881,238,442,1,799.99,0,64,863.99
882,238,308,4,1135.99,0,363.52,4907.48
883,238,394,3,198.99,5,45.37,612.49
884,238,411,2,1232.99,5,187.41,2530.09
885,239,330,4,791.99,15,215.42,2908.19
886,239,42,1,1420.99,0,113.68,1534.67
887,239,391,4,1383.99,0,442.88,5978.84
888,239,174,3,688.99,10,148.82,2009.09
889,240,331,1,1061.99,5,80.71,1089.6
890,240,241,4,753.99,10,217.15,2931.51
891,240,80,4,811.99,0,259.84,3507.8
892,240,58,1,1408.99,15,95.81,1293.45
893,240,249,2,462.99,5,70.37,950.05
894,241,472,4,393.99,5,119.77,1616.93
895,242,71,4,1311.99,15,356.86,4817.63
896,242,249,4,462.99,15,125.93,1700.1
897,243,257,3,1143.99,5,260.83,3521.2
898,243,340,2,1235.99,15,168.09,2269.27
899,243,122,1,1350.99,10,97.27,1313.16
900,243,109,1,1104.99,0,88.4,1193.39
901,243,446,2,169.99,5,25.84,348.82
902,244,227,4,1337.99,15,363.93,4913.1
903,244,458,2,449.99,10,64.8,874.78
904,244,492,4,494.99,10,142.56,1924.52
905,244,320,2,1027.99,5,156.25,2109.43
906,244,381,3,1077.99,5,245.78,3318.05
907,244,60,2,1245.99,15,169.45,2287.63
908,245,203,1,992.99,15,67.52,911.56
909,245,125,2,1036.99,0,165.92,2239.9
910,245,397,2,635.99,10,91.58,1236.36
911,245,43,2,423.99,0,67.84,915.82
912,245,152,4,47.99,0,15.36,207.32
913,246,77,4,453.99,5,138.01,1863.17
914,246,330,4,791.99,0,253.44,3421.4
915,246,437,1,257.99,0,20.64,278.63
916,246,411,2,1232.99,0,197.28,2663.26
917,246,351,2,321.99,5,48.94,660.72
918,246,405,3,33.99,15,6.93,93.6
919,247,76,3,1285.99,0,308.64,4166.61
920,247,96,3,545.99,15,111.38,1503.65
921,247,252,4,896.99,10,258.33,3487.49
922,247,477,3,1192.99,15,243.37,3285.49
923,247,393,3,363.99,15,74.25,1002.42
924,248,184,3,446.99,0,107.28,1448.25
925,248,263,3,787.99,0,189.12,2553.09
926,248,267,1,1201.99,0,96.16,1298.15
927,248,436,4,541.99,0,173.44,2341.4
928,248,36,1,624.99,0,50,674.99
929,248,389,1,1452.99,5,110.43,1490.77
930,249,137,1,1014.99,10,73.08,986.57
931,249,344,4,791.99,15,215.42,2908.19
932,249,296,2,52.99,5,8.05,108.73
933,250,75,4,927.99,0,296.96,4008.92
934,251,211,4,440.99,5,134.06,1809.82
935,251,459,4,868.99,0,278.08,3754.04
936,251,372,4,364.99,0,116.8,1576.76
937,251,65,4,72.99,10,21.02,283.78
938,251,237,2,1263.99,10,182.01,2457.19
939,252,243,4,1487.99,15,404.73,5463.9
940,252,321,3,679.99,0,163.2,2203.17
941,252,29,2,573.99,10,82.65,1115.83
942,252,358,3,94.99,10,20.52,276.99
943,252,316,1,1218.99,5,92.64,1250.68
944,253,204,3,1355.99,15,276.62,3734.39
945,253,208,1,1001.99,0,80.16,1082.15
946,253,144,3,260.99,10,56.37,761.04
947,254,221,1,1084.99,0,86.8,1171.79
948,254,158,3,1369.99,10,295.92,3994.89
949,254,498,2,525.99,5,79.95,1079.33
950,255,118,2,213.99,15,29.1,392.88
951,255,43,3,423.99,5,96.67,1305.04
952,256,192,2,192.99,5,29.33,396.01
953,256,413,3,1416.99,0,340.08,4591.05
954,257,10,1,551.99,0,44.16,596.15
955,257,256,3,395.99,10,85.53,1154.7
956,257,311,2,1079.99,15,146.88,1982.86
957,257,410,4,169.99,5,51.68,697.64
958,257,332,1,1276.99,10,91.94,1241.23
959,257,139,2,1205.99,15,164.01,2214.19
960,258,188,2,1278.99,15,173.94,2348.22
961,259,297,3,1086.99,5,247.83,3345.75
962,259,395,1,1497.99,10,107.86,1456.05
963,259,216,3,979.99,5,223.44,3016.41
964,260,215,4,686.99,0,219.84,2967.8
965,260,422,1,572.99,0,45.84,618.83
966,260,5,2,1162.99,5,176.77,2386.45
967,260,96,1,545.99,5,41.5,560.19
968,260,33,3,1048.99,5,239.17,3228.79
969,261,197,4,659.99,0,211.2,2851.16
970,261,356,3,328.99,5,75.01,1012.63
971,261,211,3,440.99,5,100.55,1357.37
972,262,212,2,893.99,5,135.89,1834.47
973,262,375,3,541.99,15,110.57,1492.64
974,262,249,2,462.99,15,62.97,850.05
975,263,79,4,1262.99,0,404.16,5456.12
976,263,465,4,1287.99,0,412.16,5564.12
977,263,15,2,1374.99,10,198,2672.98
978,263,28,1,176.99,0,14.16,191.15
979,263,409,2,773.99,5,117.65,1588.23
980,264,469,4,489.99,5,148.96,2010.92
981,265,267,2,1201.99,15,163.47,2206.85
982,265,328,2,197.99,15,26.93,363.51
983,265,386,2,300.99,10,43.34,585.12
984,265,373,1,1329.99,0,106.4,1436.39
985,265,377,2,808.99,15,110.02,1485.3
986,266,184,3,446.99,5,101.91,1375.83
987,266,129,2,251.99,0,40.32,544.3
988,267,403,4,760.99,10,219.17,2958.73
989,267,299,1,71.99,10,5.18,69.97
990,267,278,1,714.99,15,48.62,656.36
991,268,259,2,491.99,10,70.85,956.43
992,269,135,1,933.99,0,74.72,1008.71
993,270,169,4,755.99,0,241.92,3265.88
994,270,329,3,464.99,15,94.86,1280.58
995,270,309,3,103.99,5,23.71,320.08
996,270,378,3,1307.99,10,282.53,3814.1
997,271,406,3,1125.99,10,243.21,3283.38
998,271,56,2,425.99,10,61.34,828.12
999,271,137,3,1014.99,15,207.06,2795.28
1000,271,415,2,1290.99,10,185.9,2509.68
1001,272,171,1,399.99,0,32,431.99
1002,272,447,3,1108.99,10,239.54,3233.81
1003,272,326,4,879.99,0,281.6,3801.56
1004,272,451,3,1029.99,15,210.12,2836.59
1005,272,467,1,827.99,10,59.62,804.81
1006,272,49,3,124.99,5,28.5,384.72
1007,273,79,2,1262.99,10,181.87,2455.25
1008,273,38,4,385.99,10,111.17,1500.73
1009,274,86,3,113.99,5,25.99,350.86
1010,274,241,1,753.99,10,54.29,732.88
1011,275,381,3,1077.99,5,245.78,3318.05
1012,275,364,4,968.99,5,294.57,3976.73
1013,276,194,4,1138.99,0,364.48,4920.44
1014,276,342,2,1071.99,10,154.37,2083.95
1015,276,404,4,1238.99,0,396.48,5352.44
1016,276,356,1,328.99,0,26.32,355.31
1017,276,377,2,808.99,10,116.49,1572.67
1018,277,121,4,318.99,15,86.77,1171.34
1019,277,155,4,635.99,0,203.52,2747.48
1020,277,133,4,514.99,10,148.32,2002.28
1021,277,192,3,192.99,5,44,594.02
1022,277,357,1,481.99,0,38.56,520.55
1023,277,347,2,89.99,15,12.24,165.22
1024,278,361,1,531.99,15,36.18,488.37
1025,278,356,1,328.99,0,26.32,355.31
1026,278,404,2,1238.99,10,178.41,2408.59
1027,279,302,1,1319.99,10,95.04,1283.03
1028,280,175,1,667.99,5,50.77,685.36
1029,280,321,2,679.99,0,108.8,1468.78
1030,280,41,3,549.99,15,112.2,1514.67
1031,281,336,4,743.99,5,226.17,3053.33
1032,281,305,4,1235.99,0,395.52,5339.48
1033,281,114,2,879.99,5,133.76,1805.74
1034,281,293,3,1158.99,5,264.25,3567.37
1035,282,237,4,1263.99,15,343.81,4641.38
1036,283,57,2,461.99,10,66.53,898.11
1037,283,347,2,89.99,5,13.68,184.66
1038,283,134,4,290.99,0,93.12,1257.08
1039,284,459,2,868.99,0,139.04,1877.02
1040,284,309,4,103.99,15,28.29,381.86
1041,284,134,4,290.99,0,93.12,1257.08
1042,285,386,4,300.99,5,91.5,1235.26
1043,285,172,2,1080.99,0,172.96,2334.94
1044,285,445,2,20.99,5,3.19,43.07
1045,286,427,2,378.99,10,54.57,736.75
1046,286,376,3,121.99,0,29.28,395.25
1047,287,224,2,462.99,0,74.08,1000.06
1048,287,244,2,42.99,5,6.53,88.21
1049,287,261,3,718.99,10,155.3,2096.57
1050,287,476,3,732.99,0,175.92,2374.89
1051,287,211,3,440.99,10,95.25,1285.92
1052,287,344,4,791.99,15,215.42,2908.19
1053,288,75,4,927.99,0,296.96,4008.92
1054,288,359,3,147.99,10,31.97,431.54
1055,288,274,1,729.99,15,49.64,670.13
1056,289,109,3,1104.99,0,265.2,3580.17
1057,290,434,4,1392.99,0,445.76,6017.72
1058,290,175,3,667.99,0,160.32,2164.29
1059,290,365,3,1002.99,15,204.61,2762.23
1060,290,489,1,800.99,10,57.67,778.56
1061,290,69,3,998.99,15,203.79,2751.21
1062,291,211,3,440.99,10,95.25,1285.92
1063,291,403,1,760.99,15,51.75,698.59
1064,291,203,3,992.99,5,226.4,3056.42
1065,292,249,4,462.99,5,140.75,1900.11
1066,292,243,4,1487.99,10,428.54,5785.3
1067,292,229,4,611.99,5,186.04,2511.6
1068,292,481,1,413.99,15,28.15,380.04
1069,292,330,2,791.99,5,120.38,1625.16
1070,292,322,2,291.99,0,46.72,630.7
1071,293,355,3,45.99,5,10.49,141.56
1072,293,456,2,1330.99,10,191.66,2587.44
1073,294,341,4,558.99,0,178.88,2414.84
1074,294,236,2,1306.99,15,177.75,2399.63
1075,295,383,1,888.99,15,60.45,816.09
1076,295,116,4,1096.99,0,351.04,4739
1077,295,132,2,728.99,5,110.81,1495.89
1078,295,227,4,1337.99,5,406.75,5491.11
1079,296,291,4,1046.99,15,284.78,3844.55
1080,297,328,3,197.99,5,45.14,609.41
1081,297,279,4,814.99,15,221.68,2992.65
1082,297,303,2,230.99,15,31.41,424.09
1083,297,422,1,572.99,0,45.84,618.83
1084,298,316,1,1218.99,5,92.64,1250.68
1085,298,367,3,419.99,10,90.72,1224.69
1086,298,93,3,498.99,15,101.79,1374.21
1087,298,339,4,200.99,10,57.89,781.45
1088,298,255,2,677.99,5,103.05,1391.23
1089,298,116,4,1096.99,10,315.93,4265.09
1090,299,329,3,464.99,0,111.6,1506.57
1091,299,419,2,351.99,15,47.87,646.25
1092,299,110,1,628.99,15,42.77,577.41
1093,299,388,2,1182.99,15,160.89,2171.97
1094,299,152,1,47.99,15,3.26,44.05
1095,299,495,3,974.99,10,210.6,2843.07
1096,300,311,2,1079.99,0,172.8,2332.78
1097,300,179,2,251.99,10,36.29,489.87
1098,301,1,3,524.99,10,113.4,1530.87
1099,301,140,4,1240.99,10,357.41,4824.97
1100,301,365,1,1002.99,10,72.22,974.91
1101,301,144,3,260.99,5,59.51,803.33
1102,302,290,2,963.99,0,154.24,2082.22
1103,302,235,2,1232.99,0,197.28,2663.26
1104,302,72,4,436.99,15,118.86,1604.63
1105,302,241,4,753.99,5,229.21,3094.37
1106,302,425,2,817.99,0,130.88,1766.86
1107,302,37,2,303.99,0,48.64,656.62
1108,303,462,2,30.99,0,4.96,66.94
1109,303,272,2,425.99,15,57.93,782.11
1110,303,18,1,825.99,15,56.17,758.26
1111,303,128,4,987.99,5,300.35,4054.71
1112,303,143,3,553.99,5,126.31,1705.18
1113,303,125,3,1036.99,15,211.55,2855.87
1114,304,254,3,621.99,5,141.81,1914.48
1115,304,132,2,728.99,0,116.64,1574.62
1116,304,300,1,991.99,0,79.36,1071.35
1117,304,2,2,102.99,0,16.48,222.46
1118,304,452,1,364.99,5,27.74,374.48
1119,304,119,2,975.99,0,156.16,2108.14
1120,305,301,1,517.99,5,39.37,531.46
1121,305,252,3,896.99,5,204.51,2760.93
1122,305,450,4,670.99,0,214.72,2898.68
1123,306,184,1,446.99,5,33.97,458.61
1124,306,23,1,347.99,15,23.66,319.45
1125,306,2,3,102.99,10,22.25,300.32
1126,307,180,2,656.99,10,94.61,1277.19
1127,307,432,3,423.99,15,86.49,1167.66
1128,307,23,4,347.99,15,94.65,1277.82
1129,307,266,1,232.99,15,15.84,213.88
1130,308,414,4,1426.99,10,410.97,5548.13
1131,308,252,1,896.99,0,71.76,968.75
1132,308,329,1,464.99,10,33.48,451.97
1133,308,219,3,737.99,0,177.12,2391.09
1134,308,396,4,777.99,0,248.96,3360.92
1135,308,454,4,499.99,0,160,2159.96
1136,309,89,4,794.99,15,216.24,2919.21
1137,309,289,1,1112.99,5,84.59,1141.93
1138,309,476,1,732.99,15,49.84,672.88
1139,309,373,2,1329.99,0,212.8,2872.78
1140,309,196,1,347.99,10,25.06,338.25
1141,309,231,1,121.99,10,8.78,118.57
1142,310,499,2,1078.99,5,164.01,2214.09
1143,310,42,2,1420.99,15,193.25,2608.93
1144,310,428,3,160.99,15,32.84,443.36
1145,310,186,2,937.99,0,150.08,2026.06
1146,311,38,2,385.99,15,52.49,708.67
1147,311,480,4,833.99,15,226.85,3062.42
1148,312,106,2,151.99,0,24.32,328.3
1149,312,474,2,500.99,10,72.14,973.92
1150,312,260,3,301.99,10,65.23,880.6
1151,313,321,4,679.99,10,195.84,2643.8
1152,313,311,4,1079.99,0,345.6,4665.56
1153,313,299,3,71.99,5,16.41,221.58
1154,313,370,4,1201.99,5,365.4,4932.96
1155,314,235,4,1232.99,15,335.37,4527.54
1156,314,331,2,1061.99,15,144.43,1949.81
1157,314,139,2,1205.99,10,173.66,2344.44
1158,315,45,4,896.99,10,258.33,3487.49
1159,315,409,4,773.99,10,222.91,3009.27
1160,315,302,4,1319.99,5,401.28,5417.24
1161,315,326,2,879.99,15,119.68,1615.66
1162,315,433,1,834.99,0,66.8,901.79
1163,316,476,3,732.99,0,175.92,2374.89
1164,316,308,1,1135.99,15,77.25,1042.84
1165,316,189,4,612.99,5,186.35,2515.71
1166,316,17,2,517.99,0,82.88,1118.86
1167,316,98,4,1194.99,10,344.16,4646.12
1168,316,482,2,774.99,0,124,1673.98
1169,317,11,4,1445.99,0,462.72,6246.68
1170,317,493,3,451.99,15,92.21,1244.78
1171,317,196,3,347.99,5,79.34,1071.11
1172,318,3,1,889.99,15,60.52,817.01
1173,318,493,3,451.99,0,108.48,1464.45
1174,318,452,2,364.99,0,58.4,788.38
1175,318,65,3,72.99,10,15.77,212.84
1176,319,404,1,1238.99,5,94.16,1271.2
1177,319,96,1,545.99,0,43.68,589.67
1178,319,475,1,1263.99,15,85.95,1160.34
1179,319,167,1,715.99,0,57.28,773.27
1180,319,218,3,790.99,5,180.35,2434.67
1181,319,165,2,1057.99,5,160.81,2170.99
1182,320,445,4,20.99,0,6.72,90.68
1183,321,367,4,419.99,5,127.68,1723.64
1184,322,122,2,1350.99,15,183.73,2480.41
1185,322,42,3,1420.99,15,289.88,3913.4
1186,322,454,4,499.99,10,144,1943.96
1187,322,222,2,1259.99,0,201.6,2721.58
1188,322,385,3,1224.99,0,294,3968.97
1189,323,133,2,514.99,0,82.4,1112.38
1190,323,18,3,825.99,10,178.41,2408.58
1191,323,147,1,22.99,10,1.66,22.35
1192,324,244,2,42.99,15,5.85,78.93
1193,325,227,4,1337.99,5,406.75,5491.11
1194,326,447,3,1108.99,10,239.54,3233.81
1195,326,363,1,1073.99,5,81.62,1101.91
1196,327,267,4,1201.99,15,326.94,4413.71
1197,327,152,1,47.99,10,3.46,46.65
1198,327,24,1,371.99,5,28.27,381.66
1199,328,456,1,1330.99,0,106.48,1437.47
1200,328,364,1,968.99,15,65.89,889.53
1201,328,236,1,1306.99,0,104.56,1411.55
1202,328,420,4,653.99,5,198.81,2683.97
1203,329,108,1,1184.99,10,85.32,1151.81
1204,329,378,1,1307.99,15,88.94,1200.73
1205,329,25,3,109.99,10,23.76,320.73
1206,329,123,4,271.99,0,87.04,1175
1207,329,208,4,1001.99,0,320.64,4328.6
1208,329,49,3,124.99,10,27,364.47
1209,330,363,2,1073.99,10,154.65,2087.83
1210,330,409,4,773.99,0,247.68,3343.64
1211,331,193,2,973.99,5,148.05,1998.63
1212,331,436,1,541.99,15,36.86,497.55
1213,331,112,4,652.99,15,177.61,2397.78
1214,332,159,4,229.99,5,69.92,943.88
1215,332,187,1,1184.99,15,80.58,1087.82
1216,333,72,3,436.99,15,89.15,1203.47
1217,334,116,2,1096.99,15,149.19,2014.07
1218,334,222,1,1259.99,10,90.72,1224.71
1219,335,203,1,992.99,15,67.52,911.56
1220,335,448,1,420.99,15,28.63,386.47
1221,335,75,3,927.99,10,200.45,2706.02
1222,335,108,4,1184.99,15,322.32,4351.29
1223,336,303,1,230.99,10,16.63,224.52
1224,336,447,4,1108.99,5,337.13,4551.29
1225,336,358,3,94.99,15,19.38,261.6
1226,336,311,2,1079.99,0,172.8,2332.78
1227,337,330,4,791.99,10,228.09,3079.25
1228,338,209,2,565.99,5,86.03,1161.41
1229,338,73,2,1030.99,10,148.46,2004.24
1230,338,310,2,1363.99,10,196.41,2651.59
1231,338,301,4,517.99,15,140.89,1902.06
1232,339,306,2,842.99,0,134.88,1820.86
1233,340,202,3,721.99,15,147.29,1988.36
1234,340,63,1,1206.99,5,91.73,1238.37
1235,340,187,4,1184.99,5,360.24,4863.2
1236,340,255,1,677.99,15,46.1,622.39
1237,340,468,4,757.99,15,206.17,2783.34
1238,341,51,3,246.99,15,50.39,680.21
1239,341,240,4,1188.99,5,361.45,4879.61
1240,341,151,1,683.99,5,51.98,701.77
1241,341,69,4,998.99,0,319.68,4315.64
1242,342,44,2,586.99,5,89.22,1204.5
1243,342,319,3,336.99,15,68.75,928.07
1244,342,60,2,1245.99,10,179.42,2422.2
1245,342,486,4,220.99,15,60.11,811.48
1246,342,360,4,407.99,0,130.56,1762.52
1247,342,455,4,1465.99,15,398.75,5383.12
1248,343,340,2,1235.99,5,187.87,2536.25
1249,343,298,3,1045.99,15,213.38,2880.65
1250,343,83,3,549.99,5,125.4,1692.87
1251,343,382,1,88.99,5,6.76,91.3
1252,344,191,1,676.99,0,54.16,731.15
1253,344,87,2,1443.99,0,231.04,3119.02
1254,344,67,2,879.99,15,119.68,1615.66
1255,344,288,3,1187.99,0,285.12,3849.09
1256,344,330,2,791.99,0,126.72,1710.7
1257,344,81,2,1111.99,5,169.02,2281.8
1258,345,379,4,571.99,15,155.58,2100.35
1259,345,291,3,1046.99,15,213.59,2883.41
1260,345,126,3,1486.99,0,356.88,4817.85
1261,345,119,2,975.99,15,132.73,1791.91
1262,345,21,1,683.99,10,49.25,664.84
1263,345,340,3,1235.99,5,281.81,3804.38
1264,346,402,3,723.99,15,147.69,1993.86
1265,346,187,2,1184.99,15,161.16,2175.64
1266,346,32,3,471.99,5,107.61,1452.78
1267,347,386,2,300.99,0,48.16,650.14
1268,347,24,2,371.99,10,53.57,723.15
1269,348,75,3,927.99,15,189.31,2555.68
1270,348,18,3,825.99,0,198.24,2676.21
1271,348,237,1,1263.99,15,85.95,1160.34
1272,348,469,3,489.99,15,99.96,1349.43
1273,348,266,3,232.99,5,53.12,717.14
1274,349,449,2,634.99,15,86.36,1165.84
1275,349,28,4,176.99,15,48.14,649.91
1276,349,474,1,500.99,15,34.07,459.91
1277,350,441,4,766.99,15,208.62,2816.39
1278,351,329,4,464.99,15,126.48,1707.45
1279,351,347,1,89.99,10,6.48,87.47
1280,351,305,1,1235.99,10,88.99,1201.38
1281,351,25,3,109.99,10,23.76,320.73
1282,351,433,2,834.99,10,120.24,1623.22
1283,351,341,1,558.99,0,44.72,603.71
1284,352,33,2,1048.99,5,159.45,2152.53
1285,352,126,2,1486.99,5,226.02,3051.3
1286,352,445,2,20.99,0,3.36,45.34
1287,352,315,2,852.99,15,116.01,1566.09
1288,352,370,4,1201.99,15,326.94,4413.71
1289,353,376,1,121.99,0,9.76,131.75
1290,353,205,4,727.99,0,232.96,3144.92
1291,353,5,1,1162.99,0,93.04,1256.03
1292,354,459,2,868.99,10,125.13,1689.31
1293,355,409,1,773.99,15,52.63,710.52
1294,355,190,1,1002.99,15,68.2,920.74
1295,355,405,4,33.99,15,9.25,124.82
1296,355,400,4,1305.99,5,397.02,5359.78
1297,355,74,2,143.99,0,23.04,311.02
1298,355,328,1,197.99,5,15.05,203.14
1299,356,165,1,1057.99,5,80.41,1085.5
1300,356,406,1,1125.99,15,76.57,1033.66
1301,356,24,4,371.99,5,113.08,1526.64
1302,357,199,4,882.99,15,240.17,3242.34
1303,357,477,3,1192.99,15,243.37,3285.49
1304,357,378,1,1307.99,5,99.41,1342
1305,358,77,2,453.99,5,69.01,931.59
1306,358,245,2,1338.99,10,192.81,2602.99
1307,358,47,4,498.99,15,135.73,1832.3
1308,358,317,1,1482.99,10,106.78,1441.47
1309,358,300,4,991.99,0,317.44,4285.4
1310,358,227,3,1337.99,15,272.95,3684.82
1311,359,30,3,307.99,10,66.53,898.1
1312,359,493,3,451.99,0,108.48,1464.45
1313,359,456,2,1330.99,10,191.66,2587.44
1314,359,33,4,1048.99,15,285.33,3851.9
1315,360,465,4,1287.99,5,391.55,5285.91
1316,361,23,1,347.99,0,27.84,375.83
1317,361,46,3,941.99,5,214.77,2899.44
1318,361,101,3,1394.99,15,284.58,3841.8
1319,361,314,2,159.99,0,25.6,345.58
1320,361,395,1,1497.99,10,107.86,1456.05
1321,362,247,4,1255.99,15,341.63,4612
1322,363,468,3,757.99,15,154.63,2087.5
1323,363,17,1,517.99,5,39.37,531.46
1324,363,226,1,278.99,5,21.2,286.24
1325,363,25,4,109.99,10,31.68,427.64
1326,363,365,1,1002.99,0,80.24,1083.23
1327,364,280,1,1103.99,10,79.49,1073.08
1328,364,40,1,506.99,5,38.53,520.17
1329,364,428,4,160.99,0,51.52,695.48
1330,364,230,4,875.99,10,252.29,3405.85
1331,364,95,4,449.99,5,136.8,1846.76
1332,365,199,4,882.99,10,254.3,3433.06
1333,366,154,3,156.99,0,37.68,508.65
1334,366,322,1,291.99,10,21.02,283.81
1335,367,135,1,933.99,10,67.25,907.84
1336,367,74,1,143.99,5,10.94,147.73
1337,367,497,2,681.99,5,103.66,1399.44
1338,368,214,1,423.99,15,28.83,389.22
1339,369,365,1,1002.99,15,68.2,920.74
1340,369,184,1,446.99,5,33.97,458.61
1341,370,496,2,484.99,5,73.72,995.2
1342,371,404,2,1238.99,15,168.5,2274.78
1343,371,378,3,1307.99,15,266.83,3602.2
1344,371,44,3,586.99,0,140.88,1901.85
1345,372,255,2,677.99,15,92.21,1244.79
1346,372,175,3,667.99,5,152.3,2056.07
1347,372,193,3,973.99,0,233.76,3155.73
1348,372,495,4,974.99,5,296.4,4001.36
1349,372,189,3,612.99,10,132.41,1787.48
1350,373,34,1,67.99,15,4.62,62.41
1351,373,412,4,1121.99,15,305.18,4119.95
1352,373,286,4,365.99,0,117.12,1581.08
1353,373,134,2,290.99,0,46.56,628.54
1354,373,213,1,700.99,0,56.08,757.07
1355,374,69,3,998.99,5,227.77,3074.89
1356,374,16,3,809.99,15,165.24,2230.71
1357,375,376,1,121.99,5,9.27,125.16
1358,375,125,1,1036.99,15,70.52,951.96
1359,375,9,1,896.99,0,71.76,968.75
1360,376,452,2,364.99,0,58.4,788.38
1361,376,164,3,135.99,10,29.37,396.54
1362,376,419,4,351.99,15,95.74,1292.51
1363,376,56,4,425.99,15,115.87,1564.24
1364,377,247,2,1255.99,10,180.86,2441.64
1365,378,422,4,572.99,15,155.85,2104.02
1366,378,374,3,1025.99,10,221.61,2991.78
1367,378,166,2,247.99,15,33.73,455.31
1368,378,184,2,446.99,10,64.37,868.95
1369,378,180,2,656.99,10,94.61,1277.19
1370,378,231,3,121.99,5,27.81,375.48
1371,379,144,4,260.99,10,75.17,1014.73
1372,379,194,3,1138.99,0,273.36,3690.33
1373,379,426,3,887.99,10,191.81,2589.38
1374,379,164,4,135.99,5,41.34,558.1
1375,380,208,1,1001.99,0,80.16,1082.15
1376,380,131,4,371.99,15,101.18,1365.95
1377,380,421,2,1020.99,10,147.02,1984.8
1378,380,428,1,160.99,15,10.95,147.79
1379,380,494,4,1384.99,10,398.88,5384.84
1380,381,133,2,514.99,15,70.04,945.52
1381,381,4,4,935.99,5,284.54,3841.3
1382,382,30,2,307.99,15,41.89,565.47
1383,383,201,3,501.99,5,114.45,1545.12
1384,383,215,4,686.99,15,186.86,2522.63
1385,383,394,3,198.99,10,42.98,580.25
1386,383,107,3,384.99,5,87.78,1185
1387,383,286,4,365.99,5,111.26,1502.02
1388,384,182,3,766.99,10,165.67,2236.54
1389,385,17,4,517.99,10,149.18,2013.94
1390,385,64,3,546.99,15,111.59,1506.41
1391,385,407,3,160.99,5,36.71,495.53
1392,385,267,4,1201.99,10,346.17,4673.33
1393,385,229,4,611.99,5,186.04,2511.6
1394,385,330,4,791.99,0,253.44,3421.4
1395,386,476,2,732.99,10,105.55,1424.93
1396,386,58,3,1408.99,10,304.34,4108.61
1397,387,149,1,1056.99,0,84.56,1141.55
1398,387,216,2,979.99,0,156.8,2116.78
1399,387,361,1,531.99,5,40.43,545.82
1400,387,122,2,1350.99,10,194.54,2626.32
1401,387,158,4,1369.99,15,372.64,5030.61
1402,388,487,1,417.99,15,28.42,383.71
1403,388,259,1,491.99,15,33.46,451.65
1404,388,446,3,169.99,0,40.8,550.77
1405,388,73,4,1030.99,0,329.92,4453.88
1406,388,411,2,1232.99,10,177.55,2396.93
1407,389,3,1,889.99,5,67.64,913.13
1408,389,309,2,103.99,5,15.81,213.39
1409,390,66,1,276.99,0,22.16,299.15
1410,391,55,2,856.99,5,130.26,1758.54
1411,391,289,2,1112.99,5,169.17,2283.85
1412,392,116,3,1096.99,10,236.95,3198.82
1413,392,171,3,399.99,0,96,1295.97
1414,392,4,1,935.99,15,63.65,859.24
1415,392,19,4,1251.99,15,340.54,4597.31
1416,392,418,1,445.99,5,33.9,457.59
1417,393,101,1,1394.99,0,111.6,1506.59
1418,393,382,2,88.99,15,12.1,163.38
1419,393,306,4,842.99,15,229.29,3095.46
1420,393,283,4,63.99,10,18.43,248.79
1421,393,387,2,947.99,5,144.09,1945.27
1422,393,15,2,1374.99,10,198,2672.98
1423,394,438,2,1482.99,5,225.41,3043.09
1424,394,332,1,1276.99,0,102.16,1379.15
1425,395,222,1,1259.99,10,90.72,1224.71
1426,395,180,2,656.99,15,89.35,1206.23
1427,396,467,1,827.99,15,56.3,760.09
1428,396,311,3,1079.99,15,220.32,2974.29
1429,396,272,2,425.99,10,61.34,828.12
1430,396,350,4,1204.99,0,385.6,5205.56
1431,396,472,1,393.99,15,26.79,361.68
1432,397,103,3,310.99,5,70.91,957.23
1433,397,74,4,143.99,15,39.17,528.74
1434,398,232,4,1001.99,0,320.64,4328.6
1435,398,298,4,1045.99,10,301.25,4066.81
1436,398,140,3,1240.99,15,253.16,3417.68
1437,399,319,2,336.99,10,48.53,655.11
1438,399,300,2,991.99,0,158.72,2142.7
1439,399,270,4,213.99,10,61.63,831.99
1440,399,236,3,1306.99,5,297.99,4022.91
1441,399,152,2,47.99,0,7.68,103.66
1442,399,461,1,345.99,15,23.53,317.62
1443,400,491,3,891.99,15,181.97,2456.54
1444,400,191,4,676.99,10,194.97,2632.13
1445,400,413,2,1416.99,0,226.72,3060.7
1446,400,263,2,787.99,0,126.08,1702.06
1447,400,163,2,911.99,10,131.33,1772.91
1448,401,271,1,242.99,15,16.52,223.06
1449,401,309,1,103.99,10,7.49,101.08
1450,402,187,3,1184.99,15,241.74,3263.46
1451,403,210,1,919.99,0,73.6,993.59
1452,404,311,1,1079.99,10,77.76,1049.75
1453,404,374,1,1025.99,5,77.98,1052.67
1454,404,43,3,423.99,10,91.58,1236.35
1455,404,165,4,1057.99,10,304.7,4113.46
1456,405,157,3,33.99,15,6.93,93.6
1457,405,234,3,405.99,5,92.57,1249.64
1458,405,292,4,907.99,15,246.97,3334.14
1459,405,389,2,1452.99,5,220.85,2981.53
1460,405,499,2,1078.99,10,155.37,2097.55
1461,405,78,3,1476.99,5,336.75,4546.17
1462,406,397,2,635.99,5,96.67,1305.05
1463,406,55,4,856.99,15,233.1,3146.87
1464,406,155,2,635.99,0,101.76,1373.74
1465,407,71,4,1311.99,15,356.86,4817.63
1466,408,109,3,1104.99,5,251.94,3401.16
1467,409,478,3,296.99,10,64.15,866.02
1468,409,175,3,667.99,0,160.32,2164.29
1469,409,435,2,214.99,10,30.96,417.94
1470,409,363,1,1073.99,5,81.62,1101.91
1471,409,461,1,345.99,15,23.53,317.62
1472,410,224,1,462.99,10,33.34,450.03
1473,411,327,1,975.99,0,78.08,1054.07
1474,411,60,4,1245.99,5,378.78,5113.54
1475,411,198,4,1083.99,15,294.85,3980.42
1476,412,471,3,873.99,0,209.76,2831.73
1477,412,139,4,1205.99,0,385.92,5209.88
1478,412,453,3,351.99,15,71.81,969.38
1479,413,393,2,363.99,5,55.33,746.91
1480,414,117,3,957.99,5,218.42,2948.69
1481,414,320,4,1027.99,5,312.51,4218.87
1482,414,457,2,929.99,10,133.92,1807.9
1483,414,194,4,1138.99,5,346.25,4674.41
1484,415,236,2,1306.99,5,198.66,2681.94
1485,415,42,1,1420.99,0,113.68,1534.67
1486,416,116,4,1096.99,10,315.93,4265.09
1487,416,231,3,121.99,10,26.35,355.72
1488,416,226,3,278.99,0,66.96,903.93
1489,417,179,1,251.99,5,19.15,258.54
1490,417,359,4,147.99,15,40.25,543.42
1491,417,3,4,889.99,10,256.32,3460.28
1492,417,180,3,656.99,15,134.03,1809.35
1493,418,470,4,203.99,15,55.49,749.06
1494,418,208,3,1001.99,5,228.45,3084.12
1495,418,395,2,1497.99,5,227.69,3073.87
1496,419,234,1,405.99,10,29.23,394.62
1497,420,372,1,364.99,10,26.28,354.77
1498,420,168,2,387.99,10,55.87,754.25
1499,421,46,2,941.99,5,143.18,1932.96
1500,421,209,4,565.99,5,172.06,2322.82
1501,422,452,2,364.99,0,58.4,788.38
1502,422,432,4,423.99,0,135.68,1831.64
1503,422,82,4,807.99,10,232.7,3141.46
1504,423,14,3,1137.99,5,259.46,3502.73
1505,423,42,2,1420.99,10,204.62,2762.4
1506,423,346,1,406.99,15,27.68,373.62
1507,424,498,1,525.99,5,39.98,539.67
1508,424,4,4,935.99,15,254.59,3436.96
1509,424,170,2,865.99,5,131.63,1777.01
1510,424,305,4,1235.99,0,395.52,5339.48
1511,425,180,3,656.99,15,134.03,1809.35
1512,426,87,2,1443.99,10,207.93,2807.11
1513,426,25,4,109.99,15,29.92,403.89
1514,426,100,1,291.99,15,19.86,268.05
1515,426,280,1,1103.99,0,88.32,1192.31
1516,426,348,4,586.99,15,159.66,2155.43
1517,426,166,3,247.99,15,50.59,682.96
1518,427,494,2,1384.99,5,210.52,2842
1519,428,359,1,147.99,10,10.66,143.85
1520,428,447,3,1108.99,5,252.85,3413.47
1521,428,104,2,1343.99,5,204.29,2757.87
1522,428,205,3,727.99,15,148.51,2004.88
1523,429,425,1,817.99,15,55.62,750.91
1524,430,202,4,721.99,15,196.38,2651.15
1525,430,366,3,1373.99,0,329.76,4451.73
1526,430,401,1,487.99,0,39.04,527.03
1527,430,229,1,611.99,0,48.96,660.95
1528,431,73,1,1030.99,15,70.11,946.45
1529,431,41,2,549.99,10,79.2,1069.18
1530,431,451,1,1029.99,10,74.16,1001.15
1531,432,111,4,282.99,5,86.03,1161.39
1532,432,32,1,471.99,5,35.87,484.26
1533,432,493,2,451.99,5,68.7,927.48
1534,433,219,4,737.99,0,236.16,3188.12
1535,433,418,4,445.99,15,121.31,1637.68
1536,434,467,4,827.99,15,225.21,3040.38
1537,434,246,4,1215.99,10,350.21,4727.77
1538,434,313,2,1158.99,0,185.44,2503.42
1539,435,201,2,501.99,5,76.3,1030.08
1540,435,139,3,1205.99,15,246.02,3321.29
1541,435,54,3,685.99,0,164.64,2222.61
1542,435,483,4,897.99,15,244.25,3297.42
1543,435,138,2,1243.99,5,189.09,2552.67
1544,436,415,2,1290.99,15,175.57,2370.25
1545,436,255,4,677.99,5,206.11,2782.47
1546,436,126,1,1486.99,10,107.06,1445.35
1547,436,366,4,1373.99,15,373.73,5045.3
1548,437,87,1,1443.99,0,115.52,1559.51
1549,437,237,2,1263.99,5,192.13,2593.71
1550,438,131,4,371.99,0,119.04,1607
1551,439,26,4,270.99,5,82.38,1112.14
1552,440,209,2,565.99,10,81.5,1100.28
1553,440,376,1,121.99,0,9.76,131.75
1554,440,185,1,252.99,10,18.22,245.91
1555,440,156,1,1366.99,15,92.96,1254.9
1556,440,458,1,449.99,5,34.2,461.69
1557,440,52,3,449.99,15,91.8,1239.27
1558,441,409,1,773.99,0,61.92,835.91
1559,441,9,1,896.99,10,64.58,871.87
1560,441,243,2,1487.99,5,226.17,3053.35
1561,441,376,4,121.99,5,37.08,500.64
1562,442,340,4,1235.99,10,355.97,4805.53
1563,442,56,2,425.99,15,57.93,782.11
1564,442,106,1,151.99,5,11.55,155.94
1565,442,246,2,1215.99,15,165.37,2232.55
1566,443,165,3,1057.99,0,253.92,3427.89
1567,444,185,3,252.99,15,51.61,696.73
1568,444,271,4,242.99,0,77.76,1049.72
1569,445,231,4,121.99,10,35.13,474.29
1570,445,321,3,679.99,5,155.04,2093.01
1571,445,309,3,103.99,10,22.46,303.23
1572,445,19,1,1251.99,15,85.14,1149.33
1573,445,92,3,1065.99,5,243.05,3281.12
1574,445,275,3,329.99,0,79.2,1069.17
1575,446,273,2,1167.99,10,168.19,2270.57
1576,446,80,3,811.99,10,175.39,2367.76
1577,446,151,1,683.99,15,46.51,627.9
1578,446,326,2,879.99,10,126.72,1710.7
1579,446,119,3,975.99,10,210.81,2845.98
1580,447,162,2,259.99,5,39.52,533.5
1581,447,343,1,758.99,10,54.65,737.74
1582,448,422,3,572.99,10,123.77,1670.84
1583,448,294,3,184.99,0,44.4,599.37
1584,448,484,1,622.99,0,49.84,672.83
1585,448,59,3,254.99,5,58.14,784.86
1586,448,76,3,1285.99,10,277.77,3749.94
1587,449,371,4,105.99,0,33.92,457.88
1588,449,13,3,241.99,5,55.17,744.84
1589,449,171,2,399.99,5,60.8,820.78
1590,449,432,4,423.99,10,122.11,1648.47
1591,450,94,2,827.99,15,112.61,1520.19
1592,450,261,1,718.99,10,51.77,698.86
1593,450,271,2,242.99,10,34.99,472.37
1594,451,36,2,624.99,5,95,1282.48
1595,452,78,3,1476.99,15,301.31,4067.63
1596,453,268,1,1229.99,15,83.64,1129.13
1597,453,368,3,1159.99,10,250.56,3382.53
1598,453,280,2,1103.99,10,158.97,2146.15
1599,453,255,3,677.99,10,146.45,1977.02
1600,454,296,1,52.99,5,4.03,54.37
1601,454,122,2,1350.99,15,183.73,2480.41
1602,454,490,4,968.99,10,279.07,3767.43
1603,455,291,2,1046.99,10,150.77,2035.35
1604,455,94,3,827.99,5,188.78,2548.55
1605,455,12,4,403.99,0,129.28,1745.24
1606,455,29,4,573.99,0,183.68,2479.64
1607,456,4,1,935.99,5,71.14,960.33
1608,456,357,4,481.99,10,138.81,1873.97
1609,456,322,4,291.99,10,84.09,1135.25
1610,456,95,4,449.99,15,122.4,1652.37
1611,457,49,3,124.99,0,30,404.97
1612,457,301,4,517.99,15,140.89,1902.06
1613,458,180,4,656.99,15,178.7,2412.47
1614,458,303,3,230.99,0,55.44,748.41
1615,458,305,2,1235.99,5,187.87,2536.25
1616,458,48,2,1148.99,10,165.45,2233.63
1617,458,235,3,1232.99,15,251.53,3395.65
1618,459,261,4,718.99,0,230.08,3106.04
1619,460,426,2,887.99,5,134.97,1822.15
1620,460,59,1,254.99,15,17.34,234.08
1621,461,189,2,612.99,0,98.08,1324.06
1622,462,496,2,484.99,15,65.96,890.44
1623,462,264,2,1444.99,5,219.64,2965.12
1624,462,302,4,1319.99,5,401.28,5417.24
1625,462,422,2,572.99,10,82.51,1113.89
1626,462,332,1,1276.99,5,97.05,1310.19
1627,463,214,3,423.99,10,91.58,1236.35
1628,464,30,2,307.99,0,49.28,665.26
1629,465,431,1,124.99,5,9.5,128.24
1630,465,264,2,1444.99,5,219.64,2965.12
1631,465,263,2,787.99,15,107.17,1446.75
1632,466,399,2,94.99,0,15.2,205.18
1633,466,83,4,549.99,0,176,2375.96
1634,466,395,4,1497.99,5,455.39,6147.75
1635,466,238,3,280.99,15,57.32,773.84
1636,466,294,2,184.99,15,25.16,339.64
1637,467,145,1,864.99,10,62.28,840.77
1638,467,362,1,285.99,15,19.45,262.54
1639,468,284,1,1112.99,10,80.14,1081.83
1640,468,198,1,1083.99,10,78.05,1053.64
1641,468,19,3,1251.99,0,300.48,4056.45
1642,468,431,3,124.99,10,27,364.47
1643,469,407,1,160.99,15,10.95,147.79
1644,470,325,4,527.99,0,168.96,2280.92
1645,471,57,3,461.99,15,94.25,1272.32
1646,471,401,1,487.99,5,37.09,500.68
1647,471,434,4,1392.99,0,445.76,6017.72
1648,471,191,4,676.99,10,194.97,2632.13
1649,472,22,1,1226.99,5,93.25,1258.89
1650,472,312,4,522.99,5,158.99,2146.35
1651,472,309,4,103.99,10,29.95,404.31
1652,472,99,2,1421.99,0,227.52,3071.5
1653,472,120,4,1301.99,15,354.14,4780.91
1654,473,297,1,1086.99,0,86.96,1173.95
1655,474,340,4,1235.99,15,336.19,4538.56
1656,474,302,2,1319.99,5,200.64,2708.62
1657,474,274,3,729.99,5,166.44,2246.91
1658,474,476,3,732.99,5,167.12,2256.14
1659,474,45,1,896.99,5,68.17,920.31
1660,474,166,3,247.99,5,56.54,763.31
1661,475,466,3,796.99,5,181.71,2453.13
1662,475,48,1,1148.99,0,91.92,1240.91
1663,475,312,3,522.99,5,119.24,1609.76
1664,475,383,3,888.99,0,213.36,2880.33
1665,476,120,3,1301.99,5,296.85,4007.52
1666,477,145,4,864.99,15,235.28,3176.25
1667,477,292,1,907.99,5,69.01,931.6
1668,477,187,4,1184.99,15,322.32,4351.29
1669,477,211,2,440.99,10,63.5,857.28
1670,477,431,2,124.99,5,19,256.48
1671,478,19,4,1251.99,10,360.57,4867.73
1672,478,498,4,525.99,0,168.32,2272.28
1673,478,283,4,63.99,15,17.41,234.98
1674,479,345,3,1180.99,0,283.44,3826.41
1675,479,118,4,213.99,15,58.21,785.78
1676,479,354,1,946.99,0,75.76,1022.75
1677,479,220,3,620.99,10,134.13,1810.8
1678,479,490,4,968.99,15,263.57,3558.14
1679,480,113,1,549.99,10,39.6,534.59
1680,480,255,4,677.99,10,195.26,2636.02
1681,481,118,4,213.99,10,61.63,831.99
1682,481,61,2,130.99,15,17.81,240.49
1683,482,51,3,246.99,5,56.31,760.23
1684,482,199,1,882.99,5,67.11,905.95
1685,483,391,4,1383.99,15,376.45,5082.02
1686,483,98,3,1194.99,5,272.46,3678.18
1687,483,158,1,1369.99,10,98.64,1331.63
1688,483,22,1,1226.99,5,93.25,1258.89
1689,483,257,4,1143.99,5,347.77,4694.93
1690,484,277,4,422.99,15,115.05,1553.22
1691,484,379,2,571.99,15,77.79,1050.17
1692,484,188,1,1278.99,15,86.97,1174.11
1693,485,52,3,449.99,15,91.8,1239.27
1694,486,449,1,634.99,10,45.72,617.21
1695,486,473,3,1377.99,10,297.65,4018.22
1696,486,64,2,546.99,0,87.52,1181.5
1697,486,281,2,1147.99,0,183.68,2479.66
1698,486,83,4,549.99,5,167.2,2257.16
1699,487,258,3,277.99,10,60.05,810.62
1700,487,454,4,499.99,0,160,2159.96
1701,487,135,3,933.99,15,190.53,2572.2
1702,487,304,1,119.99,0,9.6,129.59
1703,487,324,1,135.99,10,9.79,132.18
1704,488,103,1,310.99,10,22.39,302.28
1705,489,295,1,1309.99,5,99.56,1344.05
1706,489,213,2,700.99,10,100.94,1362.72
1707,489,275,2,329.99,15,44.88,605.86
1708,489,36,3,624.99,0,150,2024.97
1709,490,468,2,757.99,0,121.28,1637.26
1710,490,116,3,1096.99,10,236.95,3198.82
1711,490,420,1,653.99,10,47.09,635.68
1712,490,75,1,927.99,10,66.82,902.01
1713,490,409,2,773.99,0,123.84,1671.82
1714,490,263,4,787.99,15,214.33,2893.5
1715,491,9,3,896.99,15,182.99,2470.31
1716,491,415,3,1290.99,5,294.35,3973.67
1717,491,290,3,963.99,0,231.36,3123.33
1718,491,289,3,1112.99,10,240.41,3245.48
1719,492,130,3,1187.99,5,270.86,3656.63
1720,492,338,2,674.99,0,108,1457.98
1721,493,210,3,919.99,0,220.8,2980.77
1722,493,326,1,879.99,5,66.88,902.87
1723,493,409,4,773.99,10,222.91,3009.27
1724,493,394,1,198.99,5,15.12,204.16
1725,493,430,4,421.99,15,114.78,1549.55
1726,493,331,2,1061.99,0,169.92,2293.9
1727,494,58,1,1408.99,15,95.81,1293.45
1728,494,160,1,1272.99,10,91.66,1237.35
1729,494,231,4,121.99,5,37.08,500.64
1730,494,481,1,413.99,10,29.81,402.4
1731,495,429,4,940.99,0,301.12,4065.08
1732,495,273,1,1167.99,0,93.44,1261.43
1733,496,464,1,820.99,5,62.4,842.34
1734,496,360,2,407.99,5,62.01,837.19
1735,496,41,4,549.99,15,149.6,2019.57
1736,496,150,3,335.99,5,76.61,1034.18
1737,496,264,3,1444.99,0,346.8,4681.77
1738,497,357,4,481.99,10,138.81,1873.97
1739,497,167,4,715.99,15,194.75,2629.12
1740,497,308,2,1135.99,5,172.67,2331.05
1741,497,177,4,1234.99,0,395.2,5335.16
1742,497,339,3,200.99,15,41,553.52
1743,498,252,3,896.99,10,193.75,2615.62
1744,499,142,2,614.99,10,88.56,1195.54
1745,499,273,2,1167.99,5,177.53,2396.71
1746,499,360,2,407.99,10,58.75,793.13
1747,500,321,2,679.99,5,103.36,1395.34
1748,501,53,4,766.99,0,245.44,3313.4
1749,502,101,1,1394.99,15,94.86,1280.6
1750,502,352,1,1453.99,0,116.32,1570.31
1751,502,196,4,347.99,0,111.36,1503.32
1752,502,115,1,548.99,5,41.72,563.26
1753,503,253,1,978.99,0,78.32,1057.31
1754,503,110,4,628.99,15,171.09,2309.66
1755,503,152,4,47.99,5,14.59,196.95
1756,504,349,1,29.99,15,2.04,27.53
1757,504,475,2,1263.99,15,171.9,2320.68
1758,504,30,3,307.99,10,66.53,898.1
1759,504,299,2,71.99,10,10.37,139.95
1760,504,114,4,879.99,0,281.6,3801.56
1761,505,389,2,1452.99,15,197.61,2667.69
1762,505,429,3,940.99,0,225.84,3048.81
1763,506,492,3,494.99,10,106.92,1443.39
1764,506,211,2,440.99,10,63.5,857.28
1765,507,444,4,682.99,15,185.77,2507.94
1766,507,235,4,1232.99,0,394.56,5326.52
1767,507,41,4,549.99,15,149.6,2019.57
1768,507,283,1,63.99,10,4.61,62.2
1769,507,37,4,303.99,5,92.41,1247.57
1770,507,162,1,259.99,0,20.8,280.79
1771,508,353,1,155.99,15,10.61,143.2
1772,508,438,1,1482.99,0,118.64,1601.63
1773,508,89,4,794.99,5,241.68,3262.64
1774,508,134,2,290.99,5,44.23,597.11
1775,508,180,1,656.99,10,47.3,638.59
1776,508,224,2,462.99,15,62.97,850.05
1777,509,425,4,817.99,10,235.58,3180.34
1778,509,430,3,421.99,15,86.09,1162.16
1779,509,37,3,303.99,5,69.31,935.68
1780,510,249,3,462.99,0,111.12,1500.09
1781,510,430,2,421.99,10,60.77,820.35
1782,510,256,4,395.99,0,126.72,1710.68
1783,510,190,3,1002.99,15,204.61,2762.23
1784,510,319,1,336.99,10,24.26,327.55
1785,511,341,2,558.99,15,76.02,1026.3
1786,511,12,4,403.99,15,109.89,1483.46
1787,511,103,2,310.99,5,47.27,638.15
1788,511,421,4,1020.99,0,326.72,4410.68
1789,511,158,4,1369.99,15,372.64,5030.61
1790,511,27,1,788.99,0,63.12,852.11
1791,512,437,3,257.99,15,52.63,710.5
1792,512,182,3,766.99,15,156.47,2112.29
1793,512,243,2,1487.99,10,214.27,2892.65
1794,512,353,2,155.99,10,22.46,303.24
1795,512,286,1,365.99,10,26.35,355.74
1796,513,121,3,318.99,15,65.07,878.49
1797,513,109,3,1104.99,5,251.94,3401.16
1798,513,238,3,280.99,15,57.32,773.84
1799,513,445,1,20.99,10,1.51,20.4
1800,513,282,2,427.99,5,65.05,878.23
1801,514,426,3,887.99,5,202.46,2733.23
1802,514,413,4,1416.99,15,385.42,5203.19
1803,515,251,1,134.99,0,10.8,145.79
1804,515,76,2,1285.99,0,205.76,2777.74
1805,515,237,3,1263.99,5,288.19,3890.56
1806,516,240,1,1188.99,15,80.85,1091.49
1807,516,321,2,679.99,10,97.92,1321.9
1808,516,61,3,130.99,10,28.29,381.96
1809,517,411,1,1232.99,10,88.78,1198.47
1810,517,179,1,251.99,10,18.14,244.93
1811,517,57,2,461.99,15,62.83,848.21
1812,518,344,2,791.99,5,120.38,1625.16
1813,518,363,2,1073.99,5,163.25,2203.83
1814,518,408,2,474.99,10,68.4,923.38
1815,518,87,2,1443.99,15,196.38,2651.16
1816,519,28,3,176.99,5,40.35,544.77
1817,519,312,2,522.99,5,79.49,1073.17
1818,519,58,3,1408.99,15,287.43,3880.35
1819,519,197,2,659.99,0,105.6,1425.58
1820,519,380,3,1349.99,15,275.4,3717.87
1821,519,35,3,1193.99,15,243.57,3288.24
1822,520,118,2,213.99,15,29.1,392.88
1823,520,275,1,329.99,10,23.76,320.75
1824,521,364,4,968.99,5,294.57,3976.73
1825,521,294,4,184.99,15,50.32,679.29
1826,521,441,1,766.99,15,52.16,704.1
1827,521,14,4,1137.99,10,327.74,4424.5
1828,522,41,4,549.99,0,176,2375.96
1829,522,351,3,321.99,5,73.41,991.08
1830,523,164,1,135.99,15,9.25,124.84
1831,523,491,4,891.99,0,285.44,3853.4
1832,524,142,1,614.99,0,49.2,664.19
1833,524,493,1,451.99,15,30.74,414.93
1834,524,120,4,1301.99,0,416.64,5624.6
1835,525,373,3,1329.99,10,287.28,3878.25
1836,525,34,1,67.99,10,4.9,66.09
1837,525,286,1,365.99,5,27.82,375.51
1838,525,457,4,929.99,5,282.72,3816.68
1839,525,193,2,973.99,15,132.46,1788.24
1840,526,122,1,1350.99,0,108.08,1459.07
1841,526,207,2,1123.99,0,179.84,2427.82
1842,527,490,3,968.99,10,209.3,2825.57
1843,527,425,4,817.99,5,248.67,3357.03
1844,527,390,4,33.99,5,10.33,139.49
1845,527,408,4,474.99,15,129.2,1744.17
1846,527,131,3,371.99,0,89.28,1205.25
1847,527,82,2,807.99,0,129.28,1745.26
1848,528,191,3,676.99,0,162.48,2193.45
1849,528,246,3,1215.99,5,277.25,3742.82
1850,528,350,3,1204.99,15,245.82,3318.54
1851,529,87,3,1443.99,15,294.57,3976.74
1852,529,83,3,549.99,5,125.4,1692.87
1853,529,358,2,94.99,10,13.68,184.66
1854,529,232,3,1001.99,0,240.48,3246.45
1855,529,370,4,1201.99,15,326.94,4413.71
1856,530,128,4,987.99,0,316.16,4268.12
1857,530,378,1,1307.99,5,99.41,1342
1858,530,329,4,464.99,5,141.36,1908.32
1859,530,401,2,487.99,10,70.27,948.65
1860,531,70,2,453.99,10,65.37,882.55
1861,531,64,3,546.99,15,111.59,1506.41
1862,531,11,1,1445.99,15,98.33,1327.42
1863,531,26,3,270.99,0,65.04,878.01
1864,532,388,3,1182.99,15,241.33,3257.95
1865,532,26,3,270.99,5,61.79,834.11
1866,533,209,1,565.99,5,43.02,580.71
1867,533,220,4,620.99,0,198.72,2682.68
1868,533,87,4,1443.99,0,462.08,6238.04
1869,534,88,1,322.99,10,23.26,313.95
1870,534,245,3,1338.99,10,289.22,3904.49
1871,534,431,2,124.99,10,18,242.98
1872,534,388,1,1182.99,10,85.18,1149.87
1873,534,445,2,20.99,15,2.85,38.53
1874,535,33,3,1048.99,0,251.76,3398.73
1875,535,29,3,573.99,0,137.76,1859.73
1876,535,66,1,276.99,15,18.84,254.28
1877,535,35,1,1193.99,5,90.74,1225.03
1878,535,167,1,715.99,5,54.42,734.61
1879,535,236,2,1306.99,15,177.75,2399.63
1880,536,499,4,1078.99,10,310.75,4195.11
1881,536,9,2,896.99,10,129.17,1743.75
1882,536,219,2,737.99,0,118.08,1594.06
1883,536,97,2,432.99,10,62.35,841.73
1884,537,285,3,936.99,5,213.63,2884.05
1885,538,352,3,1453.99,0,348.96,4710.93
1886,538,120,1,1301.99,15,88.54,1195.23
1887,538,206,1,1275.99,15,86.77,1171.36
1888,538,403,3,760.99,15,155.24,2095.76
1889,538,268,2,1229.99,15,167.28,2258.26
1890,538,24,3,371.99,0,89.28,1205.25
1891,539,317,3,1482.99,0,355.92,4804.89
1892,539,413,2,1416.99,10,204.05,2754.63
1893,539,299,1,71.99,15,4.9,66.09
1894,539,142,1,614.99,10,44.28,597.77
1895,539,34,3,67.99,5,15.5,209.27
1896,540,81,4,1111.99,15,302.46,4083.23
1897,541,222,3,1259.99,5,287.28,3878.25
1898,541,243,2,1487.99,0,238.08,3214.06
1899,541,75,1,927.99,15,63.1,851.89
1900,541,365,2,1002.99,10,144.43,1949.81
1901,541,313,3,1158.99,15,236.43,3191.85
1902,541,55,1,856.99,5,65.13,879.27
1903,542,483,3,897.99,10,193.97,2618.54
1904,542,64,3,546.99,10,118.15,1595.02
1905,542,106,1,151.99,5,11.55,155.94
1906,543,398,1,512.99,0,41.04,554.03
1907,543,208,4,1001.99,0,320.64,4328.6
1908,543,324,2,135.99,0,21.76,293.74
1909,543,211,1,440.99,10,31.75,428.64
1910,543,439,1,168.99,15,11.49,155.13
1911,544,142,4,614.99,0,196.8,2656.76
1912,544,363,3,1073.99,15,219.09,2957.76
1913,544,42,1,1420.99,0,113.68,1534.67
1914,544,403,2,760.99,5,115.67,1561.55
1915,544,377,4,808.99,10,232.99,3145.35
1916,544,439,4,168.99,5,51.37,693.53
1917,545,245,3,1338.99,15,273.15,3687.57
1918,545,100,2,291.99,10,42.05,567.63
1919,545,192,3,192.99,10,41.69,562.76
1920,545,87,3,1443.99,10,311.9,4210.67
1921,546,484,1,622.99,0,49.84,672.83
1922,546,14,3,1137.99,0,273.12,3687.09
1923,547,214,3,423.99,15,86.49,1167.66
1924,547,401,3,487.99,5,111.26,1502.03
1925,547,414,2,1426.99,0,228.32,3082.3
1926,547,157,3,33.99,0,8.16,110.13
1927,547,350,4,1204.99,15,327.76,4424.73
1928,547,61,1,130.99,10,9.43,127.32
1929,548,200,2,330.99,10,47.66,643.44
1930,548,438,4,1482.99,10,427.1,5765.86
1931,548,263,1,787.99,5,59.89,808.48
1932,548,439,1,168.99,15,11.49,155.13
1933,548,195,2,420.99,0,67.36,909.34
1934,548,21,2,683.99,10,98.49,1329.67
1935,549,153,3,850.99,15,173.6,2343.62
1936,549,346,3,406.99,15,83.03,1120.85
1937,549,415,3,1290.99,0,309.84,4182.81
1938,549,431,2,124.99,15,17,229.48
1939,549,352,3,1453.99,0,348.96,4710.93
1940,549,158,1,1369.99,5,104.12,1405.61
1941,550,7,1,814.99,5,61.94,836.18
1942,550,111,2,282.99,0,45.28,611.26
1943,550,191,2,676.99,5,102.9,1389.18
1944,550,90,3,825.99,15,168.5,2274.77
1945,550,303,4,230.99,15,62.83,848.2
1946,551,80,4,811.99,10,233.85,3157.01
1947,551,277,1,422.99,0,33.84,456.83
1948,551,278,2,714.99,0,114.4,1544.38
1949,551,55,2,856.99,10,123.41,1665.99
1950,551,284,3,1112.99,5,253.76,3425.78
1951,552,292,1,907.99,15,61.74,833.53
1952,552,456,3,1330.99,10,287.49,3881.16
1953,552,205,2,727.99,0,116.48,1572.46
1954,552,475,4,1263.99,5,384.25,5187.41
1955,552,52,4,449.99,15,122.4,1652.37
1956,552,370,1,1201.99,0,96.16,1298.15
1957,553,152,3,47.99,0,11.52,155.49
1958,553,285,3,936.99,0,224.88,3035.85
1959,553,300,3,991.99,5,226.17,3053.34
1960,554,20,4,632.99,10,182.3,2461.06
1961,554,18,1,825.99,15,56.17,758.26
1962,555,416,3,444.99,5,101.46,1369.68
1963,555,149,4,1056.99,0,338.24,4566.2
1964,555,465,4,1287.99,10,370.94,5007.7
1965,556,441,3,766.99,5,174.87,2360.79
1966,556,79,1,1262.99,10,90.94,1227.63
1967,556,101,3,1394.99,5,318.06,4293.78
1968,556,403,2,760.99,15,103.49,1397.17
1969,556,42,4,1420.99,5,431.98,5831.74
1970,556,337,2,1160.99,0,185.76,2507.74
1971,557,174,4,688.99,10,198.43,2678.79
1972,557,271,2,242.99,10,34.99,472.37
1973,557,487,3,417.99,0,100.32,1354.29
1974,558,66,2,276.99,15,37.67,508.55
1975,558,31,3,542.99,0,130.32,1759.29
1976,558,234,2,405.99,10,58.46,789.24
1977,558,241,1,753.99,10,54.29,732.88
1978,558,154,3,156.99,0,37.68,508.65
1979,559,146,2,26.99,5,4.1,55.38
1980,559,379,1,571.99,0,45.76,617.75
1981,559,391,1,1383.99,5,105.18,1419.97
1982,559,65,4,72.99,0,23.36,315.32
1983,559,328,2,197.99,10,28.51,384.89
1984,560,285,2,936.99,10,134.93,1821.51
1985,560,52,1,449.99,15,30.6,413.09
1986,560,216,2,979.99,5,148.96,2010.94
1987,560,406,4,1125.99,5,342.3,4621.06
1988,560,382,3,88.99,5,20.29,273.91
1989,560,199,1,882.99,5,67.11,905.95
1990,561,267,2,1201.99,10,173.09,2336.67
1991,561,254,2,621.99,5,94.54,1276.32
1992,561,167,4,715.99,10,206.21,2783.77
1993,561,206,1,1275.99,10,91.87,1240.26
1994,561,309,1,103.99,10,7.49,101.08
1995,562,281,4,1147.99,0,367.36,4959.32
1996,563,17,4,517.99,15,140.89,1902.06
1997,563,298,3,1045.99,15,213.38,2880.65
1998,563,199,3,882.99,5,201.32,2717.84
1999,563,483,2,897.99,5,136.49,1842.67
2000,563,101,2,1394.99,15,189.72,2561.2
2001,563,141,2,1173.99,5,178.45,2409.03
2002,564,120,3,1301.99,0,312.48,4218.45
2003,564,482,2,774.99,10,111.6,1506.58
2004,564,375,3,541.99,5,123.57,1668.24
2005,564,289,2,1112.99,15,151.37,2043.45
2006,565,78,1,1476.99,10,106.34,1435.63
2007,565,378,3,1307.99,0,313.92,4237.89
2008,565,249,2,462.99,10,66.67,900.05
2009,565,474,3,500.99,0,120.24,1623.21
2010,565,414,1,1426.99,15,97.04,1309.98
2011,565,32,1,471.99,15,32.1,433.29
2012,566,279,2,814.99,10,117.36,1584.34
2013,566,397,1,635.99,10,45.79,618.18
2014,566,45,4,896.99,15,243.98,3293.75
2015,566,267,4,1201.99,10,346.17,4673.33
2016,566,339,2,200.99,5,30.55,412.43
2017,567,390,4,33.99,15,9.25,124.82
2018,567,487,2,417.99,15,56.85,767.43
2019,567,364,2,968.99,10,139.53,1883.71
2020,568,476,4,732.99,5,222.83,3008.19
2021,568,348,2,586.99,0,93.92,1267.9
2022,568,259,2,491.99,10,70.85,956.43
2023,569,69,4,998.99,5,303.69,4099.85
2024,569,165,1,1057.99,15,71.94,971.23
2025,569,343,2,758.99,0,121.44,1639.42
2026,569,435,1,214.99,0,17.2,232.19
2027,570,219,4,737.99,10,212.54,2869.3
2028,570,234,2,405.99,0,64.96,876.94
2029,570,380,2,1349.99,0,216,2915.98
2030,570,266,3,232.99,5,53.12,717.14
2031,570,402,1,723.99,15,49.23,664.62
2032,571,276,3,293.99,0,70.56,952.53
2033,571,193,4,973.99,5,296.09,3997.25
2034,571,253,3,978.99,0,234.96,3171.93
2035,571,141,3,1173.99,5,267.67,3613.54
2036,571,74,3,143.99,15,29.37,396.54
2037,571,2,1,102.99,15,7,94.54
2038,572,185,1,252.99,10,18.22,245.91
2039,573,123,4,271.99,0,87.04,1175
2040,573,68,2,230.99,15,31.41,424.09
2041,573,418,2,445.99,0,71.36,963.34
2042,574,281,2,1147.99,15,156.13,2107.71
2043,575,16,1,809.99,0,64.8,874.79
2044,575,158,4,1369.99,0,438.4,5918.36
2045,575,375,4,541.99,10,156.09,2107.25
2046,576,24,1,371.99,5,28.27,381.66
2047,576,487,4,417.99,5,127.07,1715.43
2048,576,401,4,487.99,15,132.73,1791.9
2049,576,48,2,1148.99,0,183.84,2481.82
2050,577,70,1,453.99,5,34.5,465.79
2051,577,300,1,991.99,15,67.46,910.65
2052,577,62,1,516.99,5,39.29,530.43
2053,577,48,1,1148.99,15,78.13,1054.77
2054,577,78,3,1476.99,10,319.03,4306.9
2055,577,306,3,842.99,15,171.97,2321.59
2056,578,406,3,1125.99,0,270.24,3648.21
2057,578,457,1,929.99,15,63.24,853.73
2058,578,397,3,635.99,0,152.64,2060.61
2059,578,237,4,1263.99,0,404.48,5460.44
2060,578,453,4,351.99,5,107,1444.56
2061,578,464,1,820.99,0,65.68,886.67
2062,579,384,3,898.99,0,215.76,2912.73
2063,580,86,3,113.99,10,24.62,332.39
2064,580,125,4,1036.99,5,315.24,4255.8
2065,580,372,4,364.99,15,99.28,1340.25
2066,580,55,3,856.99,0,205.68,2776.65
2067,581,78,1,1476.99,10,106.34,1435.63
2068,582,98,3,1194.99,10,258.12,3484.59
2069,582,374,4,1025.99,0,328.32,4432.28
2070,582,302,1,1319.99,5,100.32,1354.31
2071,582,460,1,1118.99,0,89.52,1208.51
2072,582,59,1,254.99,0,20.4,275.39
2073,583,461,2,345.99,15,47.05,635.23
2074,583,109,1,1104.99,0,88.4,1193.39
2075,583,41,3,549.99,15,112.2,1514.67
2076,583,474,4,500.99,10,144.29,1947.85
2077,584,88,3,322.99,0,77.52,1046.49
2078,584,360,3,407.99,15,83.23,1123.6
2079,584,352,3,1453.99,5,331.51,4475.38
2080,585,357,2,481.99,5,73.26,989.04
2081,585,412,4,1121.99,0,359.04,4847
2082,585,420,2,653.99,5,99.41,1341.99
2083,585,363,1,1073.99,15,73.03,985.92
2084,586,378,3,1307.99,15,266.83,3602.2
2085,586,152,2,47.99,0,7.68,103.66
2086,586,160,1,1272.99,0,101.84,1374.83
2087,587,77,2,453.99,15,61.74,833.52
2088,587,184,1,446.99,15,30.4,410.34
2089,587,380,1,1349.99,10,97.2,1312.19
2090,587,365,4,1002.99,15,272.81,3682.98
2091,588,208,2,1001.99,0,160.32,2164.3
2092,588,205,4,727.99,10,209.66,2830.42
2093,589,362,4,285.99,0,91.52,1235.48
2094,589,163,3,911.99,0,218.88,2954.85
2095,589,368,3,1159.99,5,264.48,3570.45
2096,589,230,4,875.99,0,280.32,3784.28
2097,589,88,3,322.99,15,65.89,889.51
2098,590,236,1,1306.99,5,99.33,1340.97
2099,590,428,4,160.99,10,46.37,625.93
2100,591,223,3,526.99,0,126.48,1707.45
2101,591,183,4,56.99,10,16.41,221.57
2102,591,83,4,549.99,15,149.6,2019.57
2103,592,457,3,929.99,10,200.88,2711.85
2104,592,435,3,214.99,10,46.44,626.91
2105,592,68,4,230.99,5,70.22,947.98
2106,592,376,4,121.99,0,39.04,527
2107,592,224,2,462.99,10,66.67,900.05
2108,592,175,1,667.99,5,50.77,685.36
2109,593,306,3,842.99,5,192.2,2594.72
2110,594,190,2,1002.99,0,160.48,2166.46
2111,594,105,1,1499.99,5,114,1538.99
2112,594,6,1,98.99,15,6.73,90.87
2113,594,167,3,715.99,5,163.25,2203.82
2114,595,15,2,1374.99,10,198,2672.98
2115,595,254,4,621.99,10,179.13,2418.29
2116,595,248,1,804.99,10,57.96,782.45
2117,596,346,2,406.99,5,61.86,835.14
2118,596,72,4,436.99,5,132.84,1793.4
2119,596,192,2,192.99,0,30.88,416.86
2120,596,465,1,1287.99,0,103.04,1391.03
2121,597,270,3,213.99,0,51.36,693.33
2122,597,13,2,241.99,5,36.78,496.56
2123,598,188,4,1278.99,10,368.35,4972.71
2124,598,278,1,714.99,0,57.2,772.19
2125,598,183,3,56.99,15,11.63,156.95
2126,598,189,4,612.99,5,186.35,2515.71
2127,598,81,1,1111.99,15,75.62,1020.81
2128,599,293,4,1158.99,15,315.25,4255.82
2129,600,483,3,897.99,10,193.97,2618.54
2130,600,308,1,1135.99,0,90.88,1226.87
2131,600,211,4,440.99,10,127.01,1714.57
2132,601,258,1,277.99,15,18.9,255.19
2133,601,98,4,1194.99,15,325.04,4388.01
2134,601,31,3,542.99,0,130.32,1759.29
2135,601,244,3,42.99,5,9.8,132.32
2136,601,17,2,517.99,10,74.59,1006.97
2137,601,439,1,168.99,0,13.52,182.51
2138,602,327,1,975.99,5,74.18,1001.37
2139,602,126,2,1486.99,10,214.13,2890.71
2140,602,431,3,124.99,10,27,364.47
2141,602,409,2,773.99,10,111.45,1504.63
2142,603,26,1,270.99,0,21.68,292.67
2143,603,410,2,169.99,10,24.48,330.46
2144,603,293,4,1158.99,10,333.79,4506.15
2145,603,117,1,957.99,15,65.14,879.43
2146,604,92,3,1065.99,0,255.84,3453.81
2147,604,264,1,1444.99,5,109.82,1482.56
2148,605,326,3,879.99,5,200.64,2708.61
2149,605,229,2,611.99,0,97.92,1321.9
2150,606,403,3,760.99,15,155.24,2095.76
2151,606,179,4,251.99,0,80.64,1088.6
2152,606,283,3,63.99,0,15.36,207.33
2153,606,160,4,1272.99,10,366.62,4949.38
2154,607,88,4,322.99,15,87.85,1186.02
2155,607,305,3,1235.99,5,281.81,3804.38
2156,608,78,3,1476.99,15,301.31,4067.63
2157,608,191,1,676.99,10,48.74,658.03
2158,608,452,2,364.99,0,58.4,788.38
2159,608,139,2,1205.99,0,192.96,2604.94
2160,608,64,3,546.99,0,131.28,1772.25
2161,609,456,1,1330.99,15,90.51,1221.85
2162,609,106,1,151.99,10,10.94,147.73
2163,609,385,4,1224.99,5,372.4,5027.36
2164,609,488,3,732.99,10,158.33,2137.4
2165,609,281,3,1147.99,10,247.97,3347.54
2166,610,304,3,119.99,15,24.48,330.45
2167,610,391,4,1383.99,0,442.88,5978.84
2168,610,52,3,449.99,5,102.6,1385.07
2169,611,293,4,1158.99,0,370.88,5006.84
2170,611,149,2,1056.99,0,169.12,2283.1
2171,611,339,3,200.99,0,48.24,651.21
2172,612,330,2,791.99,5,120.38,1625.16
2173,612,98,3,1194.99,0,286.8,3871.77
2174,612,19,4,1251.99,0,400.64,5408.6
2175,612,103,1,310.99,10,22.39,302.28
2176,612,223,2,526.99,0,84.32,1138.3
2177,613,46,4,941.99,10,271.29,3662.45
2178,613,199,1,882.99,10,63.58,858.27
2179,613,231,3,121.99,15,24.89,335.96
2180,613,465,1,1287.99,0,103.04,1391.03
2181,613,246,4,1215.99,5,369.66,4990.42
2182,613,391,2,1383.99,15,188.22,2541
2183,614,155,4,635.99,0,203.52,2747.48
2184,614,358,3,94.99,10,20.52,276.99
2185,614,174,3,688.99,15,140.55,1897.47
2186,614,265,4,454.99,5,138.32,1867.28
2187,614,59,3,254.99,15,52.02,702.24
2188,615,242,2,1500.99,10,216.14,2917.92
2189,615,268,2,1229.99,15,167.28,2258.26
2190,616,184,2,446.99,0,71.52,965.5
2191,616,185,1,252.99,15,17.2,232.24
2192,617,147,4,22.99,10,6.62,89.38
2193,617,80,3,811.99,10,175.39,2367.76
2194,618,155,2,635.99,10,91.58,1236.36
2195,618,421,3,1020.99,15,208.28,2811.8
2196,618,348,4,586.99,5,178.44,2409
2197,618,457,1,929.99,10,66.96,903.95
2198,618,255,1,677.99,0,54.24,732.23
2199,618,177,4,1234.99,10,355.68,4801.64
2200,619,72,4,436.99,15,118.86,1604.63
2201,619,202,3,721.99,5,164.61,2222.28
2202,619,81,3,1111.99,15,226.85,3062.42
2203,619,188,3,1278.99,0,306.96,4143.93
2204,620,364,1,968.99,10,69.77,941.86
2205,620,318,2,300.99,0,48.16,650.14
2206,621,87,3,1443.99,5,329.23,4444.6
2207,621,90,1,825.99,15,56.17,758.26
2208,621,486,3,220.99,0,53.04,716.01
2209,621,39,2,1415.99,10,203.9,2752.68
2210,621,454,1,499.99,15,34,458.99
2211,621,195,3,420.99,0,101.04,1364.01
2212,622,184,2,446.99,15,60.79,820.67
2213,622,484,2,622.99,0,99.68,1345.66
2214,622,324,1,135.99,15,9.25,124.84
2215,623,201,1,501.99,10,36.14,487.93
2216,623,390,3,33.99,15,6.93,93.6
2217,623,94,1,827.99,15,56.3,760.09
2218,624,6,4,98.99,0,31.68,427.64
2219,624,22,2,1226.99,0,196.32,2650.3
2220,624,134,1,290.99,5,22.12,298.56
2221,624,354,3,946.99,5,215.91,2914.83
2222,624,375,2,541.99,10,78.05,1053.63
2223,624,382,3,88.99,0,21.36,288.33
2224,625,409,1,773.99,5,58.82,794.11
2225,625,103,1,310.99,15,21.15,285.49
2226,625,263,1,787.99,5,59.89,808.48
2227,625,428,1,160.99,5,12.24,165.18
2228,626,118,1,213.99,5,16.26,219.55
2229,626,269,1,794.99,10,57.24,772.73
2230,626,321,4,679.99,10,195.84,2643.8
2231,626,427,1,378.99,15,25.77,347.91
2232,626,446,1,169.99,0,13.6,183.59
2233,627,84,2,186.99,15,25.43,343.31
2234,627,199,4,882.99,0,282.56,3814.52
2235,627,432,2,423.99,5,64.45,870.03
2236,627,210,1,919.99,15,62.56,844.55
2237,627,212,3,893.99,10,193.1,2606.87
2238,628,345,3,1180.99,15,240.92,3252.44
2239,628,494,4,1384.99,0,443.2,5983.16
2240,628,191,3,676.99,0,162.48,2193.45
2241,629,337,3,1160.99,15,236.84,3197.36
2242,629,33,3,1048.99,10,226.58,3058.85
2243,629,183,2,56.99,5,8.66,116.94
2244,629,272,4,425.99,5,129.5,1748.26
2245,629,358,3,94.99,15,19.38,261.6
2246,629,144,1,260.99,10,18.79,253.68
2247,630,424,2,823.99,10,118.65,1601.83
2248,631,365,3,1002.99,10,216.65,2924.72
2249,631,91,3,1053.99,0,252.96,3414.93
2250,631,388,1,1182.99,0,94.64,1277.63
2251,631,342,3,1071.99,0,257.28,3473.25
2252,632,228,2,836.99,10,120.53,1627.11
2253,632,126,3,1486.99,10,321.19,4336.06
2254,632,223,2,526.99,0,84.32,1138.3
2255,632,98,4,1194.99,0,382.4,5162.36
2256,633,472,1,393.99,0,31.52,425.51
2257,633,192,1,192.99,0,15.44,208.43
2258,633,268,3,1229.99,10,265.68,3586.65
2259,633,127,2,1200.99,0,192.16,2594.14
2260,633,231,4,121.99,0,39.04,527
2261,634,225,3,861.99,15,175.85,2373.92
2262,635,306,2,842.99,10,121.39,1638.77
2263,635,451,2,1029.99,15,140.08,1891.06
2264,635,44,2,586.99,10,84.53,1141.11
2265,636,242,3,1500.99,5,342.23,4620.05
2266,636,254,4,621.99,5,189.08,2552.64
2267,637,39,2,1415.99,10,203.9,2752.68
2268,637,241,4,753.99,10,217.15,2931.51
2269,637,30,1,307.99,5,23.41,316
2270,637,409,4,773.99,5,235.29,3176.45
2271,638,342,2,1071.99,0,171.52,2315.5
2272,639,424,1,823.99,0,65.92,889.91
2273,639,290,1,963.99,5,73.26,989.05
2274,639,231,4,121.99,5,37.08,500.64
2275,639,156,1,1366.99,0,109.36,1476.35
2276,639,458,1,449.99,0,36,485.99
2277,640,25,4,109.99,15,29.92,403.89
2278,641,389,1,1452.99,15,98.8,1333.84
2279,641,11,3,1445.99,10,312.33,4216.5
2280,641,305,3,1235.99,10,266.97,3604.14
2281,642,117,4,957.99,5,291.23,3931.59
2282,642,490,1,968.99,5,73.64,994.18
2283,642,494,2,1384.99,5,210.52,2842
2284,642,70,2,453.99,15,61.74,833.52
2285,642,236,4,1306.99,10,376.41,5081.57
2286,642,393,3,363.99,15,74.25,1002.42
2287,643,459,2,868.99,0,139.04,1877.02
2288,643,208,4,1001.99,15,272.54,3679.31
2289,643,84,4,186.99,5,56.84,767.4
2290,643,217,3,1491.99,0,358.08,4834.05
2291,643,36,2,624.99,5,95,1282.48
2292,643,171,4,399.99,5,121.6,1641.56
2293,644,15,2,1374.99,0,220,2969.98
2294,644,68,2,230.99,10,33.26,449.04
2295,644,486,1,220.99,0,17.68,238.67
2296,644,443,1,941.99,15,64.06,864.75
2297,644,181,1,332.99,5,25.31,341.65
2298,645,130,2,1187.99,15,161.57,2181.15
2299,645,476,1,732.99,0,58.64,791.63
2300,645,492,4,494.99,5,150.48,2031.44
2301,645,218,2,790.99,5,120.23,1623.11
2302,646,14,2,1137.99,15,154.77,2089.35
2303,646,259,4,491.99,0,157.44,2125.4
2304,647,96,1,545.99,10,39.31,530.7
2305,648,280,4,1103.99,15,300.29,4053.86
2306,648,412,1,1121.99,10,80.78,1090.57
2307,648,454,1,499.99,5,38,512.99
2308,648,424,4,823.99,0,263.68,3559.64
2309,648,313,4,1158.99,10,333.79,4506.15
2310,648,311,1,1079.99,5,82.08,1108.07
2311,649,277,1,422.99,0,33.84,456.83
2312,650,1,3,524.99,5,119.7,1615.92
2313,651,148,4,705.99,5,214.62,2897.38
2314,651,250,3,314.99,15,64.26,867.48
2315,651,298,1,1045.99,0,83.68,1129.67
2316,652,148,3,705.99,0,169.44,2287.41
2317,652,87,1,1443.99,0,115.52,1559.51
2318,652,180,4,656.99,5,199.72,2696.28
2319,652,363,1,1073.99,10,77.33,1043.92
2320,652,345,1,1180.99,0,94.48,1275.47
2321,653,130,4,1187.99,15,323.13,4362.3
2322,654,175,1,667.99,5,50.77,685.36
2323,654,292,4,907.99,0,290.56,3922.52
2324,654,65,4,72.99,15,19.85,268.02
2325,655,232,1,1001.99,0,80.16,1082.15
2326,655,451,2,1029.99,5,156.56,2113.54
2327,655,315,4,852.99,0,272.96,3684.92
2328,655,500,3,835.99,15,170.54,2302.31
2329,655,122,3,1350.99,10,291.81,3939.48
2330,656,280,3,1103.99,5,251.71,3398.08
2331,656,118,2,213.99,15,29.1,392.88
2332,656,384,1,898.99,5,68.32,922.36
2333,656,449,2,634.99,15,86.36,1165.84
2334,656,146,4,26.99,10,7.77,104.93
2335,657,175,2,667.99,5,101.53,1370.71
2336,657,108,2,1184.99,0,189.6,2559.58
2337,657,366,4,1373.99,10,395.71,5342.07
2338,657,263,1,787.99,0,63.04,851.03
2339,657,451,4,1029.99,10,296.64,4004.6
2340,658,307,2,1360.99,5,206.87,2792.75
2341,658,54,1,685.99,15,46.65,629.74
2342,659,124,2,388.99,0,62.24,840.22
2343,659,208,1,1001.99,5,76.15,1028.04
2344,659,42,3,1420.99,10,306.93,4143.6
2345,659,69,3,998.99,5,227.77,3074.89
2346,659,304,4,119.99,0,38.4,518.36
2347,660,3,4,889.99,5,270.56,3652.52
2348,660,103,4,310.99,15,84.59,1141.96
2349,660,196,1,347.99,10,25.06,338.25
2350,660,76,2,1285.99,5,195.47,2638.85
2351,660,220,4,620.99,10,178.85,2414.41
2352,661,385,3,1224.99,15,249.9,3373.62
2353,662,415,4,1290.99,10,371.81,5019.37
2354,662,372,2,364.99,10,52.56,709.54
2355,662,269,2,794.99,5,120.84,1631.32
2356,663,321,2,679.99,10,97.92,1321.9
2357,663,388,3,1182.99,15,241.33,3257.95
2358,663,324,2,135.99,10,19.58,264.36
2359,663,288,2,1187.99,10,171.07,2309.45
2360,664,116,2,1096.99,5,166.74,2251.02
2361,664,413,2,1416.99,0,226.72,3060.7
2362,664,48,2,1148.99,10,165.45,2233.63
2363,664,50,1,1364.99,15,92.82,1253.06
2364,664,91,2,1053.99,10,151.77,2048.95
2365,664,159,2,229.99,5,34.96,471.94
2366,665,49,2,124.99,10,18,242.98
2367,665,24,2,371.99,15,50.59,682.97
2368,665,183,2,56.99,10,8.21,110.79
2369,665,336,1,743.99,0,59.52,803.51
2370,665,277,3,422.99,15,86.29,1164.91
2371,665,355,2,45.99,10,6.62,89.4
2372,666,475,4,1263.99,0,404.48,5460.44
2373,666,424,3,823.99,10,177.98,2402.75
2374,667,306,1,842.99,10,60.7,819.39
2375,667,485,4,875.99,0,280.32,3784.28
2376,667,146,3,26.99,15,5.51,74.33
2377,667,139,1,1205.99,15,82.01,1107.1
2378,667,259,4,491.99,15,133.82,1806.59
2379,667,89,2,794.99,10,114.48,1545.46
2380,668,425,4,817.99,10,235.58,3180.34
2381,668,89,4,794.99,5,241.68,3262.64
2382,668,381,1,1077.99,0,86.24,1164.23
2383,668,245,2,1338.99,15,182.1,2458.38
2384,669,319,1,336.99,5,25.61,345.75
2385,669,149,2,1056.99,0,169.12,2283.1
2386,669,333,2,1238.99,15,168.5,2274.78
2387,669,218,3,790.99,0,189.84,2562.81
2388,670,271,2,242.99,5,36.93,498.61
2389,670,488,1,732.99,0,58.64,791.63
2390,670,461,3,345.99,0,83.04,1121.01
2391,670,104,3,1343.99,15,274.17,3701.34
2392,670,231,4,121.99,0,39.04,527
2393,671,324,3,135.99,5,31.01,418.58
2394,671,431,4,124.99,5,38,512.96
2395,671,347,4,89.99,15,24.48,330.45
2396,671,377,4,808.99,5,245.93,3320.09
2397,672,213,3,700.99,10,151.41,2044.08
2398,672,130,1,1187.99,0,95.04,1283.03
2399,672,411,1,1232.99,0,98.64,1331.63
2400,672,482,1,774.99,0,62,836.99
2401,673,340,2,1235.99,0,197.76,2669.74
2402,673,424,1,823.99,10,59.33,800.92
2403,673,101,3,1394.99,5,318.06,4293.78
2404,673,367,4,419.99,0,134.4,1814.36
2405,673,331,4,1061.99,15,288.86,3899.63
2406,673,77,1,453.99,15,30.87,416.76
2407,674,82,1,807.99,15,54.94,741.73
2408,674,395,1,1497.99,15,101.86,1375.15
2409,674,269,2,794.99,15,108.12,1459.6
2410,674,462,1,30.99,10,2.23,30.12
2411,674,438,1,1482.99,15,100.84,1361.38
2412,675,189,1,612.99,0,49.04,662.03
2413,675,53,1,766.99,5,58.29,786.93
2414,675,311,3,1079.99,5,246.24,3324.21
2415,676,177,4,1234.99,10,355.68,4801.64
2416,676,6,2,98.99,5,15.05,203.13
2417,676,414,3,1426.99,0,342.48,4623.45
2418,676,304,2,119.99,5,18.24,246.22
2419,676,423,1,1494.99,15,101.66,1372.4
2420,676,172,2,1080.99,15,147.01,1984.69
2421,677,392,4,691.99,10,199.29,2690.45
2422,677,226,1,278.99,10,20.09,271.18
2423,677,1,1,524.99,5,39.9,538.64
2424,677,299,3,71.99,10,15.55,209.92
2425,677,13,2,241.99,0,38.72,522.7
2426,678,220,4,620.99,15,168.91,2280.28
2427,678,176,1,1323.99,0,105.92,1429.91
2428,678,272,3,425.99,10,92.01,1242.18
2429,678,253,4,978.99,10,281.95,3806.31
2430,679,360,3,407.99,0,97.92,1321.89
2431,679,91,2,1053.99,5,160.21,2162.79
2432,680,16,2,809.99,5,123.12,1662.1
2433,680,115,1,548.99,0,43.92,592.91
2434,681,247,4,1255.99,10,361.73,4883.29
2435,681,57,1,461.99,5,35.11,474
2436,681,64,3,546.99,15,111.59,1506.41
2437,682,264,4,1444.99,10,416.16,5618.12
2438,682,216,2,979.99,5,148.96,2010.94
2439,682,5,1,1162.99,15,79.08,1067.62
2440,682,94,3,827.99,0,198.72,2682.69
2441,682,133,2,514.99,15,70.04,945.52
2442,682,239,1,133.99,5,10.18,137.47
2443,683,143,3,553.99,15,113.01,1525.68
2444,683,151,3,683.99,0,164.16,2216.13
2445,683,413,1,1416.99,10,102.02,1377.31
2446,683,118,1,213.99,15,14.55,196.44
2447,683,74,2,143.99,5,21.89,295.47
2448,684,261,1,718.99,15,48.89,660.03
2449,684,370,3,1201.99,15,245.21,3310.28
2450,684,489,2,800.99,5,121.75,1643.63
2451,685,412,2,1121.99,15,152.59,2059.97
2452,685,187,2,1184.99,15,161.16,2175.64
2453,686,190,4,1002.99,5,304.91,4116.27
2454,686,467,3,827.99,0,198.72,2682.69
2455,686,402,2,723.99,15,98.46,1329.24
2456,686,48,1,1148.99,15,78.13,1054.77
2457,687,15,1,1374.99,0,110,1484.99
2458,687,279,2,814.99,10,117.36,1584.34
2459,688,47,1,498.99,10,35.93,485.02
2460,689,425,1,817.99,5,62.17,839.26
2461,689,465,2,1287.99,0,206.08,2782.06
2462,690,71,4,1311.99,15,356.86,4817.63
2463,690,25,1,109.99,5,8.36,112.85
2464,690,439,1,168.99,0,13.52,182.51
2465,690,313,2,1158.99,5,176.17,2378.25
2466,690,466,3,796.99,15,162.59,2194.91
2467,690,394,2,198.99,5,30.25,408.33
2468,691,305,3,1235.99,10,266.97,3604.14
2469,692,286,4,365.99,0,117.12,1581.08
2470,692,438,2,1482.99,10,213.55,2882.93
2471,692,68,1,230.99,5,17.56,237
2472,692,338,3,674.99,0,162,2186.97
2473,692,450,3,670.99,10,144.93,1956.6
2474,692,209,4,565.99,15,153.95,2078.32
2475,693,185,4,252.99,15,68.81,928.98
2476,694,145,1,864.99,5,65.74,887.48
2477,695,289,1,1112.99,5,84.59,1141.93
2478,695,85,3,978.99,0,234.96,3171.93
2479,695,255,3,677.99,10,146.45,1977.02
2480,695,420,1,653.99,0,52.32,706.31
2481,695,333,4,1238.99,5,376.65,5084.81
2482,695,80,1,811.99,10,58.46,789.25
2483,696,69,2,998.99,0,159.84,2157.82
2484,697,273,2,1167.99,10,168.19,2270.57
2485,697,430,4,421.99,5,128.28,1731.84
2486,697,105,3,1499.99,5,342,4616.97
2487,697,245,4,1338.99,15,364.21,4916.78
2488,697,199,1,882.99,5,67.11,905.95
2489,697,259,3,491.99,15,100.37,1354.94
2490,698,158,1,1369.99,5,104.12,1405.61
2491,699,154,4,156.99,0,50.24,678.2
2492,699,198,2,1083.99,5,164.77,2224.35
2493,700,374,2,1025.99,10,147.74,1994.52
2494,700,124,2,388.99,0,62.24,840.22
2495,700,134,2,290.99,10,41.9,565.68
2496,701,313,1,1158.99,10,83.45,1126.54
2497,701,155,4,635.99,10,183.17,2472.73
2498,701,107,3,384.99,10,83.16,1122.63
2499,702,52,1,449.99,15,30.6,413.09
2500,702,310,3,1363.99,15,278.25,3756.42
2501,702,25,1,109.99,10,7.92,106.91
2502,702,4,2,935.99,15,127.29,1718.47
2503,703,337,4,1160.99,5,352.94,4764.7
2504,703,464,3,820.99,15,167.48,2261
2505,703,376,1,121.99,0,9.76,131.75
2506,704,72,3,436.99,0,104.88,1415.85
2507,704,315,4,852.99,0,272.96,3684.92
2508,704,252,3,896.99,5,204.51,2760.93
2509,704,76,1,1285.99,0,102.88,1388.87
2510,705,321,4,679.99,10,195.84,2643.8
2511,705,322,4,291.99,10,84.09,1135.25
2512,705,428,3,160.99,15,32.84,443.36
2513,705,166,1,247.99,15,16.86,227.65
2514,705,462,3,30.99,5,7.07,95.39
2515,706,218,1,790.99,15,53.79,726.13
2516,706,88,4,322.99,10,93.02,1255.78
2517,706,184,2,446.99,10,64.37,868.95
2518,706,142,3,614.99,15,125.46,1693.68
2519,706,15,2,1374.99,5,209,2821.48
2520,707,11,3,1445.99,10,312.33,4216.5
2521,707,210,1,919.99,15,62.56,844.55
2522,707,308,3,1135.99,0,272.64,3680.61
2523,708,56,4,425.99,0,136.32,1840.28
2524,709,481,2,413.99,15,56.3,760.08
2525,710,110,2,628.99,5,95.61,1290.69
2526,710,139,2,1205.99,15,164.01,2214.19
2527,711,192,3,192.99,10,41.69,562.76
2528,712,300,4,991.99,15,269.82,3642.59
2529,712,340,3,1235.99,5,281.81,3804.38
2530,712,290,2,963.99,5,146.53,1978.11
2531,712,205,2,727.99,5,110.65,1493.83
2532,712,483,4,897.99,5,272.99,3685.35
2533,712,134,2,290.99,5,44.23,597.11
2534,713,64,4,546.99,15,148.78,2008.55
2535,714,146,3,26.99,15,5.51,74.33
2536,714,409,3,773.99,5,176.47,2382.34
2537,714,260,4,301.99,10,86.97,1174.13
2538,714,470,3,203.99,0,48.96,660.93
2539,714,54,4,685.99,0,219.52,2963.48
2540,714,178,1,1071.99,5,81.47,1099.86
2541,715,393,1,363.99,5,27.66,373.45
2542,715,143,4,553.99,5,168.41,2273.57
2543,715,107,4,384.99,15,104.72,1413.69
2544,715,72,4,436.99,10,125.85,1699.01
2545,715,8,2,586.99,5,89.22,1204.5
2546,715,99,4,1421.99,5,432.28,5835.84
2547,716,313,4,1158.99,10,333.79,4506.15
2548,716,306,1,842.99,10,60.7,819.39
2549,717,174,1,688.99,10,49.61,669.7
2550,717,398,4,512.99,0,164.16,2216.12
2551,718,246,2,1215.99,0,194.56,2626.54
2552,718,6,4,98.99,10,28.51,384.87
2553,718,73,1,1030.99,10,74.23,1002.12
2554,719,285,1,936.99,0,74.96,1011.95
2555,719,31,1,542.99,15,36.92,498.46
2556,719,225,1,861.99,5,65.51,884.4
2557,719,119,3,975.99,5,222.53,3004.1
2558,719,434,2,1392.99,10,200.59,2707.97
2559,719,133,1,514.99,0,41.2,556.19
2560,720,317,3,1482.99,5,338.12,4564.64
2561,720,470,4,203.99,15,55.49,749.06
2562,720,248,3,804.99,10,173.88,2347.35
2563,720,183,2,56.99,5,8.66,116.94
2564,721,154,1,156.99,10,11.3,152.59
2565,721,270,1,213.99,15,14.55,196.44
2566,721,293,4,1158.99,5,352.33,4756.49
2567,722,371,1,105.99,10,7.63,103.02
2568,722,411,2,1232.99,10,177.55,2396.93
2569,722,271,1,242.99,5,18.47,249.31
2570,722,185,4,252.99,0,80.96,1092.92
2571,723,313,4,1158.99,5,352.33,4756.49
2572,723,350,3,1204.99,15,245.82,3318.54
2573,724,87,3,1443.99,5,329.23,4444.6
2574,724,327,1,975.99,15,66.37,895.96
2575,724,233,1,133.99,15,9.11,123
2576,724,48,3,1148.99,0,275.76,3722.73
2577,724,289,2,1112.99,5,169.17,2283.85
2578,724,199,3,882.99,15,180.13,2431.75
2579,725,194,1,1138.99,15,77.45,1045.59
2580,725,361,1,531.99,0,42.56,574.55
2581,725,142,1,614.99,10,44.28,597.77
2582,725,3,3,889.99,5,202.92,2739.39
2583,726,104,4,1343.99,10,387.07,5225.43
2584,726,230,3,875.99,15,178.7,2412.47
2585,726,146,2,26.99,15,3.67,49.55
2586,727,388,4,1182.99,15,321.77,4343.94
2587,727,427,1,378.99,0,30.32,409.31
2588,727,296,1,52.99,5,4.03,54.37
2589,727,216,4,979.99,0,313.6,4233.56
2590,728,202,3,721.99,15,147.29,1988.36
2591,728,257,1,1143.99,15,77.79,1050.18
2592,729,422,3,572.99,0,137.52,1856.49
2593,729,217,1,1491.99,10,107.42,1450.21
2594,729,194,2,1138.99,0,182.24,2460.22
2595,730,117,4,957.99,5,291.23,3931.59
2596,730,271,1,242.99,10,17.5,236.19
2597,730,23,4,347.99,5,105.79,1428.15
2598,730,25,3,109.99,0,26.4,356.37
2599,731,497,3,681.99,10,147.31,1988.68
2600,731,312,1,522.99,15,35.56,480.1
2601,731,303,4,230.99,10,66.53,898.09
2602,731,379,3,571.99,15,116.69,1575.26
2603,732,395,1,1497.99,15,101.86,1375.15
2604,732,50,4,1364.99,0,436.8,5896.76
2605,732,112,4,652.99,0,208.96,2820.92
2606,733,284,4,1112.99,10,320.54,4327.3
2607,733,298,2,1045.99,10,150.62,2033.4
2608,733,285,1,936.99,5,71.21,961.35
2609,733,454,2,499.99,15,68,917.98
2610,734,378,1,1307.99,10,94.18,1271.37
2611,734,385,4,1224.99,15,333.2,4498.17
2612,734,9,4,896.99,5,272.68,3681.24
2613,734,261,4,718.99,5,218.57,2950.73
2614,734,291,4,1046.99,0,335.04,4523
2615,734,372,1,364.99,0,29.2,394.19
2616,735,11,1,1445.99,0,115.68,1561.67
2617,735,300,1,991.99,15,67.46,910.65
2618,735,265,4,454.99,0,145.6,1965.56
2619,735,250,2,314.99,10,45.36,612.34
2620,735,319,3,336.99,15,68.75,928.07
2621,735,135,1,933.99,5,70.98,958.27
2622,736,117,1,957.99,10,68.98,931.17
2623,736,451,4,1029.99,0,329.6,4449.56
2624,736,239,3,133.99,5,30.55,412.42
2625,736,22,1,1226.99,15,83.44,1126.38
2626,736,351,4,321.99,0,103.04,1391
2627,736,489,1,800.99,5,60.88,821.82
2628,737,40,2,506.99,5,77.06,1040.34
2629,737,68,4,230.99,10,66.53,898.09
2630,737,246,1,1215.99,5,92.42,1247.61
2631,737,479,2,1129.99,15,153.68,2074.66
2632,738,281,2,1147.99,0,183.68,2479.66
2633,738,106,1,151.99,0,12.16,164.15
2634,738,313,2,1158.99,0,185.44,2503.42
2635,739,94,2,827.99,15,112.61,1520.19
2636,739,24,2,371.99,0,59.52,803.5
2637,740,189,3,612.99,10,132.41,1787.48
2638,740,168,2,387.99,10,55.87,754.25
2639,740,99,1,1421.99,0,113.76,1535.75
2640,740,210,1,919.99,15,62.56,844.55
2641,740,118,1,213.99,10,15.41,208
2642,740,380,1,1349.99,10,97.2,1312.19
2643,741,404,2,1238.99,15,168.5,2274.78
2644,742,385,1,1224.99,0,98,1322.99
2645,742,336,3,743.99,15,151.77,2048.94
2646,742,484,1,622.99,5,47.35,639.19
2647,742,261,3,718.99,15,146.67,1980.09
2648,743,451,3,1029.99,0,247.2,3337.17
2649,743,104,2,1343.99,15,182.78,2467.56
2650,743,223,4,526.99,0,168.64,2276.6
2651,743,446,2,169.99,10,24.48,330.46
2652,744,423,3,1494.99,10,322.92,4359.39
2653,744,359,4,147.99,15,40.25,543.42
2654,744,434,4,1392.99,15,378.89,5115.06
2655,744,295,4,1309.99,0,419.2,5659.16
2656,744,23,1,347.99,10,25.06,338.25
2657,745,440,1,637.99,0,51.04,689.03
2658,745,232,3,1001.99,10,216.43,2921.8
2659,745,481,4,413.99,5,125.85,1699.01
2660,746,462,3,30.99,15,6.32,85.34
2661,746,92,2,1065.99,5,162.03,2187.41
2662,747,484,4,622.99,15,169.45,2287.62
2663,747,368,3,1159.99,15,236.64,3194.61
2664,748,63,1,1206.99,10,86.9,1173.19
2665,748,237,4,1263.99,15,343.81,4641.38
2666,748,466,3,796.99,5,181.71,2453.13
2667,748,312,3,522.99,10,112.97,1525.04
2668,749,163,4,911.99,0,291.84,3939.8
2669,749,484,2,622.99,0,99.68,1345.66
2670,750,249,1,462.99,15,31.48,425.02
2671,750,338,2,674.99,0,108,1457.98
2672,750,484,4,622.99,15,169.45,2287.62
2673,750,226,2,278.99,5,42.41,572.49
2674,750,120,1,1301.99,5,98.95,1335.84
2675,751,157,1,33.99,10,2.45,33.04
2676,751,334,1,597.99,0,47.84,645.83
2677,751,217,4,1491.99,0,477.44,6445.4
2678,751,71,4,1311.99,15,356.86,4817.63
2679,752,404,4,1238.99,15,337.01,4549.58
2680,752,28,1,176.99,15,12.04,162.48
2681,752,234,1,405.99,10,29.23,394.62
2682,752,310,1,1363.99,10,98.21,1325.8
2683,752,148,2,705.99,15,96.01,1296.19
2684,753,9,3,896.99,15,182.99,2470.31
2685,754,454,4,499.99,15,136,1835.97
2686,754,59,3,254.99,0,61.2,826.17
2687,754,137,1,1014.99,15,69.02,931.76
2688,754,114,1,879.99,10,63.36,855.35
2689,755,433,3,834.99,0,200.4,2705.37
2690,755,285,2,936.99,10,134.93,1821.51
2691,756,202,1,721.99,15,49.1,662.79
2692,757,322,3,291.99,0,70.08,946.05
2693,757,151,3,683.99,10,147.74,1994.51
2694,757,352,2,1453.99,0,232.64,3140.62
2695,757,29,2,573.99,15,78.06,1053.84
2696,758,442,4,799.99,10,230.4,3110.36
2697,758,419,1,351.99,10,25.34,342.13
2698,758,132,4,728.99,0,233.28,3149.24
2699,758,298,2,1045.99,10,150.62,2033.4
2700,758,382,2,88.99,0,14.24,192.22
2701,759,243,1,1487.99,15,101.18,1365.97
2702,759,118,1,213.99,5,16.26,219.55
2703,760,460,1,1118.99,15,76.09,1027.23
2704,761,209,4,565.99,5,172.06,2322.82
2705,761,448,3,420.99,5,95.99,1295.81
2706,761,493,4,451.99,0,144.64,1952.6
2707,762,316,1,1218.99,10,87.77,1184.86
2708,762,357,2,481.99,5,73.26,989.04
2709,762,178,4,1071.99,15,291.58,3936.35
2710,763,108,4,1184.99,5,360.24,4863.2
2711,763,330,1,791.99,15,53.86,727.05
2712,763,432,1,423.99,15,28.83,389.22
2713,764,343,3,758.99,0,182.16,2459.13
2714,764,110,4,628.99,5,191.21,2581.37
2715,764,441,2,766.99,0,122.72,1656.7
2716,765,179,3,251.99,5,57.45,775.62
2717,765,195,3,420.99,10,90.93,1227.6
2718,766,421,2,1020.99,10,147.02,1984.8
2719,766,190,3,1002.99,15,204.61,2762.23
2720,766,363,3,1073.99,10,231.98,3131.75
2721,766,496,3,484.99,15,98.94,1335.66
2722,766,264,3,1444.99,5,329.46,4447.68
2723,766,276,4,293.99,5,89.37,1206.53
2724,767,42,3,1420.99,15,289.88,3913.4
2725,767,196,1,347.99,5,26.45,357.04
2726,767,182,2,766.99,15,104.31,1408.19
2727,767,245,3,1338.99,5,305.29,4121.41
2728,767,214,1,423.99,10,30.53,412.12
2729,768,213,3,700.99,15,143,1930.52
2730,768,71,2,1311.99,5,199.42,2692.2
2731,769,189,4,612.99,0,196.16,2648.12
2732,769,363,3,1073.99,5,244.87,3305.74
2733,770,457,2,929.99,15,126.48,1707.46
2734,770,202,1,721.99,15,49.1,662.79
2735,771,223,3,526.99,5,120.15,1622.07
2736,772,11,4,1445.99,10,416.45,5622.01
2737,772,107,1,384.99,15,26.18,353.42
2738,773,127,2,1200.99,5,182.55,2464.43
2739,773,370,2,1201.99,5,182.7,2466.48
2740,773,225,1,861.99,5,65.51,884.4
2741,773,16,2,809.99,5,123.12,1662.1
2742,774,78,1,1476.99,0,118.16,1595.15
2743,774,68,3,230.99,10,49.89,673.56
2744,774,46,1,941.99,15,64.06,864.75
2745,775,36,2,624.99,5,95,1282.48
2746,776,351,4,321.99,10,92.73,1251.89
2747,776,491,4,891.99,15,242.62,3275.39
2748,776,81,4,1111.99,10,320.25,4323.41
2749,776,160,4,1272.99,5,386.99,5224.35
2750,777,78,1,1476.99,0,118.16,1595.15
2751,778,146,2,26.99,10,3.89,52.47
2752,779,221,1,1084.99,5,82.46,1113.2
2753,779,82,4,807.99,0,258.56,3490.52
2754,779,131,1,371.99,15,25.3,341.49
2755,779,414,4,1426.99,5,433.8,5856.36
2756,779,445,1,20.99,10,1.51,20.4
2757,780,42,1,1420.99,15,96.63,1304.47
2758,780,222,3,1259.99,5,287.28,3878.25
2759,780,110,3,628.99,0,150.96,2037.93
2760,780,313,3,1158.99,10,250.34,3379.61
2761,780,294,1,184.99,5,14.06,189.8
2762,781,160,3,1272.99,0,305.52,4124.49
2763,782,353,2,155.99,5,23.71,320.09
2764,783,72,1,436.99,0,34.96,471.95
2765,783,256,2,395.99,10,57.02,769.8
2766,783,218,2,790.99,10,113.9,1537.68
2767,783,1,2,524.99,0,84,1133.98
2768,784,76,3,1285.99,10,277.77,3749.94
2769,784,391,4,1383.99,0,442.88,5978.84
2770,784,86,3,113.99,10,24.62,332.39
2771,784,472,1,393.99,0,31.52,425.51
2772,785,328,1,197.99,5,15.05,203.14
2773,786,127,2,1200.99,10,172.94,2334.72
2774,786,472,2,393.99,5,59.89,808.47
2775,786,28,3,176.99,10,38.23,516.1
2776,786,134,1,290.99,15,19.79,267.13
2777,786,37,2,303.99,0,48.64,656.62
2778,786,296,4,52.99,10,15.26,206.02
2779,787,387,2,947.99,0,151.68,2047.66
2780,787,269,3,794.99,0,190.8,2575.77
2781,787,433,1,834.99,10,60.12,811.61
2782,787,492,3,494.99,0,118.8,1603.77
2783,788,45,3,896.99,15,182.99,2470.31
2784,789,41,4,549.99,0,176,2375.96
2785,789,157,4,33.99,15,9.25,124.82
2786,789,71,4,1311.99,5,398.84,5384.4
2787,789,275,2,329.99,5,50.16,677.14
2788,790,349,1,29.99,15,2.04,27.53
2789,791,79,3,1262.99,5,287.96,3887.48
2790,791,350,4,1204.99,0,385.6,5205.56
2791,791,155,1,635.99,0,50.88,686.87
2792,791,420,4,653.99,10,188.35,2542.71
2793,791,246,1,1215.99,5,92.42,1247.61
2794,791,449,2,634.99,10,91.44,1234.42
2795,792,315,1,852.99,10,61.42,829.11
2796,792,384,1,898.99,5,68.32,922.36
2797,792,254,3,621.99,5,141.81,1914.48
2798,792,269,2,794.99,0,127.2,1717.18
2799,793,221,1,1084.99,15,73.78,996.02
2800,793,404,2,1238.99,5,188.33,2542.41
2801,793,182,4,766.99,15,208.62,2816.39
2802,793,436,3,541.99,10,117.07,1580.44
2803,793,41,1,549.99,15,37.4,504.89
2804,793,7,4,814.99,0,260.8,3520.76
2805,794,371,3,105.99,5,24.17,326.24
2806,794,27,2,788.99,10,113.61,1533.79
2807,794,368,1,1159.99,5,88.16,1190.15
2808,795,160,4,1272.99,5,386.99,5224.35
2809,795,130,3,1187.99,0,285.12,3849.09
2810,795,421,2,1020.99,5,155.19,2095.07
2811,795,102,2,1242.99,10,178.99,2416.37
2812,795,212,3,893.99,10,193.1,2606.87
2813,795,398,3,512.99,10,110.81,1495.88
2814,796,439,3,168.99,0,40.56,547.53
2815,796,314,1,159.99,15,10.88,146.87
2816,796,458,2,449.99,15,61.2,826.18
2817,797,174,2,688.99,15,93.7,1264.98
2818,797,249,4,462.99,5,140.75,1900.11
2819,797,459,1,868.99,5,66.04,891.58
2820,798,499,4,1078.99,10,310.75,4195.11
2821,798,129,3,251.99,15,51.41,693.98
2822,798,473,3,1377.99,10,297.65,4018.22
2823,798,34,4,67.99,10,19.58,264.34
2824,799,262,2,140.99,0,22.56,304.54
2825,799,304,2,119.99,10,17.28,233.26
2826,799,133,3,514.99,5,117.42,1585.14
2827,800,281,2,1147.99,10,165.31,2231.69
2828,800,192,3,192.99,0,46.32,625.29
2829,800,67,4,879.99,5,267.52,3611.48
2830,800,41,4,549.99,5,167.2,2257.16
2831,800,374,1,1025.99,10,73.87,997.26
2832,801,367,1,419.99,5,31.92,430.91
2833,801,296,4,52.99,15,14.41,194.58
2834,802,272,3,425.99,0,102.24,1380.21
2835,802,76,1,1285.99,5,97.74,1319.43
2836,802,121,1,318.99,10,22.97,310.06
2837,802,163,2,911.99,0,145.92,1969.9
2838,802,87,3,1443.99,10,311.9,4210.67
2839,803,45,3,896.99,5,204.51,2760.93
2840,803,318,1,300.99,0,24.08,325.07
2841,803,315,1,852.99,0,68.24,921.23
2842,803,370,3,1201.99,0,288.48,3894.45
2843,803,104,2,1343.99,5,204.29,2757.87
2844,803,385,3,1224.99,5,279.3,3770.52
2845,804,155,1,635.99,5,48.34,652.53
2846,804,94,1,827.99,0,66.24,894.23
2847,804,288,3,1187.99,5,270.86,3656.63
2848,805,305,3,1235.99,0,296.64,4004.61
2849,806,391,4,1383.99,0,442.88,5978.84
2850,806,104,2,1343.99,10,193.53,2612.71
2851,807,71,3,1311.99,10,283.39,3825.76
2852,807,47,2,498.99,10,71.85,970.03
2853,807,292,3,907.99,10,196.13,2647.7
2854,808,324,4,135.99,0,43.52,587.48
2855,809,498,3,525.99,0,126.24,1704.21
2856,809,433,2,834.99,10,120.24,1623.22
2857,809,340,3,1235.99,5,281.81,3804.38
2858,810,77,1,453.99,10,32.69,441.28
2859,810,322,1,291.99,10,21.02,283.81
2860,810,76,1,1285.99,15,87.45,1180.54
2861,810,241,3,753.99,0,180.96,2442.93
2862,810,295,2,1309.99,10,188.64,2546.62
2863,811,470,4,203.99,5,62.01,837.17
2864,811,116,2,1096.99,10,157.97,2132.55
2865,811,471,1,873.99,0,69.92,943.91
2866,811,480,3,833.99,15,170.13,2296.8
2867,812,179,2,251.99,15,34.27,462.65
2868,812,159,2,229.99,10,33.12,447.1
2869,812,450,2,670.99,5,101.99,1376.87
2870,812,279,1,814.99,10,58.68,792.17
2871,812,336,3,743.99,10,160.7,2169.47
2872,813,210,2,919.99,15,125.12,1689.1
2873,813,491,3,891.99,15,181.97,2456.54
2874,813,302,4,1319.99,15,359.04,4847.01
2875,814,472,1,393.99,5,29.94,404.23
2876,814,51,1,246.99,5,18.77,253.41
2877,814,348,2,586.99,15,79.83,1077.71
2878,815,344,4,791.99,10,228.09,3079.25
2879,815,316,2,1218.99,10,175.53,2369.71
2880,815,422,3,572.99,5,130.64,1763.66
2881,815,277,3,422.99,0,101.52,1370.49
2882,816,57,3,461.99,0,110.88,1496.85
2883,816,357,3,481.99,5,109.89,1483.56
2884,816,127,2,1200.99,5,182.55,2464.43
2885,816,66,4,276.99,15,75.34,1017.11
2886,816,271,4,242.99,5,73.87,997.23
2887,816,130,1,1187.99,15,80.78,1090.57
2888,817,460,1,1118.99,15,76.09,1027.23
2889,817,350,2,1204.99,10,173.52,2342.5
2890,817,220,2,620.99,0,99.36,1341.34
2891,817,67,4,879.99,5,267.52,3611.48
2892,817,154,4,156.99,15,42.7,576.47
2893,817,319,2,336.99,10,48.53,655.11
2894,818,287,1,549.99,5,41.8,564.29
2895,819,436,3,541.99,15,110.57,1492.64
2896,819,397,3,635.99,15,129.74,1751.51
2897,819,159,4,229.99,5,69.92,943.88
2898,819,455,4,1465.99,5,445.66,6016.42
2899,819,256,4,395.99,15,107.71,1454.08
2900,819,23,2,347.99,10,50.11,676.49
2901,820,178,3,1071.99,15,218.69,2952.26
2902,820,333,1,1238.99,10,89.21,1204.3
2903,820,466,1,796.99,0,63.76,860.75
2904,821,401,1,487.99,15,33.18,447.97
2905,821,418,4,445.99,10,128.45,1734.01
2906,821,459,3,868.99,15,177.27,2393.19
2907,821,44,4,586.99,0,187.84,2535.8
2908,822,324,3,135.99,5,31.01,418.58
2909,822,422,2,572.99,15,77.93,1052.01
2910,822,341,1,558.99,5,42.48,573.52
2911,823,46,4,941.99,5,286.36,3865.92
2912,823,300,4,991.99,15,269.82,3642.59
2913,823,270,1,213.99,5,16.26,219.55
2914,823,192,1,192.99,10,13.9,187.59
2915,824,189,3,612.99,0,147.12,1986.09
2916,825,352,4,1453.99,5,442.01,5967.17
2917,826,274,4,729.99,5,221.92,2995.88
2918,827,273,1,1167.99,15,79.42,1072.21
2919,827,88,2,322.99,15,43.93,593.01
2920,827,42,3,1420.99,5,323.99,4373.81
2921,828,229,3,611.99,10,132.19,1784.56
2922,828,107,4,384.99,15,104.72,1413.69
2923,829,427,3,378.99,0,90.96,1227.93
2924,830,84,1,186.99,0,14.96,201.95
2925,830,45,3,896.99,15,182.99,2470.31
2926,830,476,3,732.99,5,167.12,2256.14
2927,830,21,4,683.99,0,218.88,2954.84
2928,831,452,1,364.99,0,29.2,394.19
2929,832,295,1,1309.99,0,104.8,1414.79
2930,833,477,2,1192.99,0,190.88,2576.86
2931,833,218,1,790.99,0,63.28,854.27
2932,833,155,2,635.99,5,96.67,1305.05
2933,833,318,2,300.99,15,40.93,552.61
2934,833,406,1,1125.99,5,85.58,1155.27
2935,833,67,1,879.99,0,70.4,950.39
2936,834,486,4,220.99,5,67.18,906.94
2937,834,116,3,1096.99,5,250.11,3376.53
2938,834,409,4,773.99,10,222.91,3009.27
2939,835,127,3,1200.99,0,288.24,3891.21
2940,835,162,2,259.99,15,35.36,477.34
2941,835,215,1,686.99,10,49.46,667.75
2942,835,293,2,1158.99,10,166.89,2253.07
2943,835,198,1,1083.99,0,86.72,1170.71
2944,835,379,1,571.99,5,43.47,586.86
2945,836,353,1,155.99,15,10.61,143.2
2946,836,48,3,1148.99,5,261.97,3536.59
2947,836,469,4,489.99,5,148.96,2010.92
2948,836,496,2,484.99,10,69.84,942.82
2949,836,10,3,551.99,15,112.61,1520.18
2950,837,301,1,517.99,5,39.37,531.46
2951,837,350,4,1204.99,10,347.04,4685
2952,838,225,1,861.99,5,65.51,884.4
2953,838,373,3,1329.99,15,271.32,3662.79
2954,839,458,3,449.99,5,102.6,1385.07
2955,839,89,4,794.99,15,216.24,2919.21
2956,839,125,4,1036.99,15,282.06,3807.83
2957,839,215,2,686.99,0,109.92,1483.9
2958,839,253,1,978.99,10,70.49,951.58
2959,839,497,3,681.99,5,155.49,2099.16
2960,840,153,3,850.99,5,194.03,2619.35
2961,840,185,4,252.99,15,68.81,928.98
2962,841,246,4,1215.99,0,389.12,5253.08
2963,841,211,2,440.99,0,70.56,952.54
2964,842,165,4,1057.99,15,287.77,3884.94
2965,842,449,3,634.99,0,152.4,2057.37
2966,842,154,4,156.99,15,42.7,576.47
2967,842,60,4,1245.99,10,358.85,4844.41
2968,842,383,2,888.99,10,128.01,1728.19
2969,842,320,1,1027.99,15,69.9,943.69
2970,843,405,3,33.99,15,6.93,93.6
2971,843,315,3,852.99,5,194.48,2625.5
2972,843,149,2,1056.99,5,160.66,2168.94
2973,843,30,1,307.99,10,22.18,299.37
2974,843,389,1,1452.99,5,110.43,1490.77
2975,844,351,1,321.99,15,21.9,295.59
2976,844,118,3,213.99,0,51.36,693.33
2977,845,153,4,850.99,5,258.7,3492.46
2978,845,129,2,251.99,0,40.32,544.3
2979,846,182,2,766.99,10,110.45,1491.03
2980,846,17,1,517.99,15,35.22,475.51
2981,846,315,2,852.99,10,122.83,1658.21
2982,846,152,3,47.99,10,10.37,139.94
2983,846,453,1,351.99,5,26.75,361.14
2984,846,137,2,1014.99,0,162.4,2192.38
2985,847,411,3,1232.99,10,266.33,3595.4
2986,848,296,2,52.99,0,8.48,114.46
2987,848,174,2,688.99,0,110.24,1488.22
2988,849,27,1,788.99,15,53.65,724.29
2989,849,168,2,387.99,15,52.77,712.35
2990,849,141,4,1173.99,0,375.68,5071.64
2991,850,218,3,790.99,0,189.84,2562.81
2992,850,105,2,1499.99,0,240,3239.98
2993,850,316,4,1218.99,5,370.57,5002.73
2994,850,23,1,347.99,0,27.84,375.83
2995,850,229,3,611.99,10,132.19,1784.56
2996,850,388,3,1182.99,5,269.72,3641.24
2997,851,124,1,388.99,15,26.45,357.09
2998,852,152,4,47.99,5,14.59,196.95
2999,853,146,1,26.99,5,2.05,27.69
3000,853,48,3,1148.99,10,248.18,3350.45
3001,853,197,4,659.99,15,179.52,2423.49
3002,854,172,4,1080.99,15,294.03,3969.4
3003,855,172,1,1080.99,0,86.48,1167.47
3004,856,26,4,270.99,10,78.05,1053.61
3005,856,144,4,260.99,5,79.34,1071.1
3006,856,184,1,446.99,15,30.4,410.34
3007,857,3,2,889.99,5,135.28,1826.26
3008,857,59,4,254.99,5,77.52,1046.48
3009,858,399,2,94.99,15,12.92,174.4
3010,858,373,3,1329.99,15,271.32,3662.79
3011,858,500,4,835.99,15,227.39,3069.76
3012,858,319,2,336.99,15,45.83,618.71
3013,858,485,4,875.99,0,280.32,3784.28
3014,859,491,1,891.99,0,71.36,963.35
3015,860,47,4,498.99,0,159.68,2155.64
3016,861,221,2,1084.99,5,164.92,2226.4
3017,861,283,4,63.99,10,18.43,248.79
3018,861,49,1,124.99,0,10,134.99
3019,861,148,1,705.99,5,53.66,724.35
3020,861,99,1,1421.99,5,108.07,1458.96
3021,861,136,2,182.99,5,27.81,375.49
3022,862,465,4,1287.99,5,391.55,5285.91
3023,862,159,3,229.99,10,49.68,670.65
3024,863,421,1,1020.99,5,77.6,1047.54
3025,863,382,4,88.99,5,27.05,365.21
3026,863,443,1,941.99,15,64.06,864.75
3027,863,301,3,517.99,0,124.32,1678.29
3028,863,69,3,998.99,5,227.77,3074.89
3029,863,84,3,186.99,0,44.88,605.85
3030,864,150,1,335.99,15,22.85,308.44
3031,864,247,2,1255.99,0,200.96,2712.94
3032,864,419,4,351.99,15,95.74,1292.51
3033,864,498,4,525.99,5,159.9,2158.66
3034,865,107,3,384.99,5,87.78,1185
3035,865,170,1,865.99,0,69.28,935.27
3036,865,168,1,387.99,15,26.38,356.17
3037,865,325,1,527.99,15,35.9,484.69
3038,865,328,4,197.99,15,53.85,727.02
3039,866,18,1,825.99,0,66.08,892.07
3040,866,160,4,1272.99,5,386.99,5224.35
3041,866,491,2,891.99,15,121.31,1637.69
3042,866,306,4,842.99,0,269.76,3641.72
3043,867,240,3,1188.99,10,256.82,3467.09
3044,867,261,2,718.99,15,97.78,1320.06
3045,868,300,3,991.99,0,238.08,3214.05
3046,868,279,2,814.99,0,130.4,1760.38
3047,868,258,1,277.99,15,18.9,255.19
3048,868,117,4,957.99,0,306.56,4138.52
3049,869,260,4,301.99,10,86.97,1174.13
3050,869,401,4,487.99,5,148.35,2002.71
3051,869,79,4,1262.99,10,363.74,4910.5
3052,870,362,4,285.99,15,77.79,1050.16
3053,870,3,3,889.99,0,213.6,2883.57
3054,870,330,1,791.99,5,60.19,812.58
3055,870,56,3,425.99,15,86.9,1173.17
3056,870,6,3,98.99,15,20.19,272.61
3057,870,212,4,893.99,10,257.47,3475.83
3058,871,306,3,842.99,15,171.97,2321.59
3059,871,400,1,1305.99,0,104.48,1410.47
3060,871,50,4,1364.99,15,371.28,5012.25
3061,871,454,2,499.99,10,72,971.98
3062,871,236,3,1306.99,5,297.99,4022.91
3063,871,79,3,1262.99,0,303.12,4092.09
3064,872,431,4,124.99,0,40,539.96
3065,872,99,4,1421.99,10,409.53,5528.69
3066,872,113,2,549.99,0,88,1187.98
3067,872,396,1,777.99,0,62.24,840.23
3068,872,116,4,1096.99,0,351.04,4739
3069,872,6,3,98.99,15,20.19,272.61
3070,873,42,4,1420.99,15,386.51,5217.88
3071,873,22,4,1226.99,15,333.74,4505.51
3072,873,254,2,621.99,10,89.57,1209.15
3073,873,229,4,611.99,15,166.46,2247.23
3074,874,11,1,1445.99,15,98.33,1327.42
3075,874,370,2,1201.99,10,173.09,2336.67
3076,874,309,3,103.99,5,23.71,320.08
3077,874,172,2,1080.99,10,155.66,2101.44
3078,874,342,4,1071.99,10,308.73,4167.89
3079,874,142,2,614.99,15,83.64,1129.12
3080,875,222,4,1259.99,0,403.2,5443.16
3081,876,491,2,891.99,0,142.72,1926.7
3082,876,211,4,440.99,10,127.01,1714.57
3083,876,150,4,335.99,5,102.14,1378.9
3084,876,83,2,549.99,0,88,1187.98
3085,876,93,4,498.99,5,151.69,2047.85
3086,877,396,2,777.99,0,124.48,1680.46
3087,877,381,4,1077.99,10,310.46,4191.22
3088,877,134,1,290.99,10,20.95,282.84
3089,878,254,3,621.99,5,141.81,1914.48
3090,878,130,1,1187.99,15,80.78,1090.57
3091,878,405,2,33.99,10,4.89,66.07
3092,878,255,2,677.99,5,103.05,1391.23
3093,879,420,3,653.99,15,133.41,1801.08
3094,879,10,1,551.99,5,41.95,566.34
3095,879,478,1,296.99,0,23.76,320.75
3096,879,307,2,1360.99,10,195.98,2645.76
3097,880,476,1,732.99,10,52.78,712.47
3098,880,423,2,1494.99,10,215.28,2906.26
3099,881,465,4,1287.99,0,412.16,5564.12
3100,881,452,1,364.99,15,24.82,335.06
3101,881,50,1,1364.99,0,109.2,1474.19
3102,881,395,3,1497.99,10,323.57,4368.14
3103,881,293,4,1158.99,0,370.88,5006.84
3104,882,357,1,481.99,0,38.56,520.55
3105,882,400,4,1305.99,0,417.92,5641.88
3106,882,314,4,159.99,10,46.08,622.04
3107,882,152,4,47.99,5,14.59,196.95
3108,883,499,2,1078.99,10,155.37,2097.55
3109,884,456,1,1330.99,0,106.48,1437.47
3110,884,393,1,363.99,15,24.75,334.14
3111,884,103,1,310.99,0,24.88,335.87
3112,884,246,2,1215.99,0,194.56,2626.54
3113,884,82,4,807.99,0,258.56,3490.52
3114,884,175,3,667.99,5,152.3,2056.07
3115,885,359,3,147.99,10,31.97,431.54
3116,885,224,3,462.99,5,105.56,1425.08
3117,885,356,4,328.99,0,105.28,1421.24
3118,885,150,2,335.99,0,53.76,725.74
3119,886,264,4,1444.99,5,439.28,5930.24
3120,886,37,3,303.99,15,62.01,837.18
3121,886,346,2,406.99,0,65.12,879.1
3122,886,300,4,991.99,0,317.44,4285.4
3123,887,238,4,280.99,0,89.92,1213.88
3124,888,136,3,182.99,15,37.33,503.95
3125,889,395,1,1497.99,0,119.84,1617.83
3126,889,98,2,1194.99,15,162.52,2194
3127,889,408,3,474.99,10,102.6,1385.07
3128,889,396,4,777.99,15,211.61,2856.78
3129,889,222,1,1259.99,10,90.72,1224.71
3130,890,169,3,755.99,5,172.37,2326.94
3131,890,55,1,856.99,10,61.7,832.99
3132,890,241,2,753.99,5,114.61,1547.19
3133,891,189,1,612.99,5,46.59,628.93
3134,891,364,4,968.99,15,263.57,3558.14
3135,891,436,3,541.99,15,110.57,1492.64
3136,891,443,2,941.99,10,135.65,1831.23
3137,892,302,4,1319.99,15,359.04,4847.01
3138,892,92,2,1065.99,15,144.97,1957.15
3139,892,399,2,94.99,15,12.92,174.4
3140,892,194,4,1138.99,0,364.48,4920.44
3141,892,149,1,1056.99,10,76.1,1027.39
3142,892,312,1,522.99,10,37.66,508.35
3143,893,140,1,1240.99,10,89.35,1206.24
3144,894,476,4,732.99,10,211.1,2849.86
3145,894,176,3,1323.99,10,285.98,3860.75
3146,894,18,4,825.99,15,224.67,3033.04
3147,894,322,1,291.99,5,22.19,299.58
3148,895,117,3,957.99,5,218.42,2948.69
3149,896,77,3,453.99,15,92.61,1250.28
3150,896,355,2,45.99,5,6.99,94.37
3151,896,270,1,213.99,10,15.41,208
3152,896,142,3,614.99,5,140.22,1892.94
3153,896,172,3,1080.99,10,233.49,3152.16
3154,897,83,3,549.99,10,118.8,1603.77
3155,897,120,4,1301.99,5,395.8,5343.36
3156,898,378,2,1307.99,10,188.35,2542.73
3157,898,258,1,277.99,0,22.24,300.23
3158,898,67,3,879.99,5,200.64,2708.61
3159,899,468,3,757.99,0,181.92,2455.89
3160,900,241,3,753.99,15,153.81,2076.48
3161,900,401,1,487.99,5,37.09,500.68
3162,900,72,2,436.99,5,66.42,896.7
3163,900,78,2,1476.99,10,212.69,2871.27
3164,900,259,4,491.99,10,141.69,1912.85
3165,900,290,4,963.99,5,293.05,3956.21
3166,901,386,4,300.99,15,81.87,1105.24
3167,901,319,3,336.99,10,72.79,982.66
3168,902,41,2,549.99,15,74.8,1009.78
3169,903,254,3,621.99,15,126.89,1712.96
3170,903,172,1,1080.99,15,73.51,992.35
3171,903,437,2,257.99,15,35.09,473.67
3172,904,185,4,252.99,10,72.86,983.62
3173,904,150,4,335.99,0,107.52,1451.48
3174,904,366,2,1373.99,15,186.86,2522.64
3175,905,13,4,241.99,0,77.44,1045.4
3176,905,326,1,879.99,0,70.4,950.39
3177,905,96,3,545.99,15,111.38,1503.65
3178,905,54,3,685.99,15,139.94,1889.21
3179,906,8,4,586.99,5,178.44,2409
3180,906,150,2,335.99,15,45.69,616.87
3181,906,66,3,276.99,15,56.51,762.83
3182,907,304,3,119.99,15,24.48,330.45
3183,907,441,2,766.99,15,104.31,1408.19
3184,907,163,1,911.99,5,69.31,935.7
3185,907,181,3,332.99,15,67.93,917.05
3186,908,137,4,1014.99,5,308.56,4165.52
3187,908,220,1,620.99,5,47.2,637.14
3188,909,461,1,345.99,0,27.68,373.67
3189,909,416,1,444.99,5,33.82,456.56
3190,909,449,1,634.99,10,45.72,617.21
3191,909,187,4,1184.99,5,360.24,4863.2
3192,910,188,4,1278.99,0,409.28,5525.24
3193,910,211,1,440.99,5,33.52,452.46
3194,911,245,1,1338.99,5,101.76,1373.8
3195,911,433,3,834.99,10,180.36,2434.83
3196,911,166,4,247.99,15,67.45,910.62
3197,911,179,4,251.99,10,72.57,979.73
3198,911,289,4,1112.99,5,338.35,4567.71
3199,911,224,3,462.99,5,105.56,1425.08
3200,912,121,1,318.99,5,24.24,327.28
3201,913,122,3,1350.99,10,291.81,3939.48
3202,913,137,2,1014.99,5,154.28,2082.76
3203,913,274,1,729.99,10,52.56,709.55
3204,913,345,2,1180.99,5,179.51,2423.39
3205,913,208,1,1001.99,10,72.14,973.93
3206,914,90,3,825.99,5,188.33,2542.4
3207,914,181,4,332.99,15,90.57,1222.74
3208,914,408,1,474.99,10,34.2,461.69
3209,915,382,3,88.99,0,21.36,288.33
3210,916,191,4,676.99,0,216.64,2924.6
3211,916,302,1,1319.99,5,100.32,1354.31
3212,916,316,3,1218.99,0,292.56,3949.53
3213,916,406,3,1125.99,15,229.7,3100.97
3214,916,382,1,88.99,5,6.76,91.3
3215,916,20,3,632.99,5,144.32,1948.34
3216,917,62,3,516.99,0,124.08,1675.05
3217,917,117,2,957.99,0,153.28,2069.26
3218,917,332,4,1276.99,5,388.2,5240.76
3219,917,228,3,836.99,5,190.83,2576.25
3220,917,347,3,89.99,10,19.44,262.41
3221,918,497,4,681.99,0,218.24,2946.2
3222,918,120,4,1301.99,10,374.97,5062.13
3223,918,170,2,865.99,5,131.63,1777.01
3224,918,201,2,501.99,5,76.3,1030.08
3225,918,86,1,113.99,15,7.75,104.64
3226,919,262,2,140.99,15,19.17,258.85
3227,919,487,3,417.99,10,90.29,1218.86
3228,920,342,3,1071.99,10,231.55,3125.92
3229,920,403,1,760.99,15,51.75,698.59
3230,920,355,4,45.99,5,13.98,188.74
3231,921,252,3,896.99,5,204.51,2760.93
3232,921,214,4,423.99,15,115.33,1556.9
3233,921,92,4,1065.99,0,341.12,4605.08
3234,922,367,1,419.99,15,28.56,385.55
3235,923,313,3,1158.99,0,278.16,3755.13
3236,923,374,3,1025.99,5,233.93,3158
3237,923,291,1,1046.99,15,71.2,961.14
3238,924,480,2,833.99,15,113.42,1531.2
3239,925,136,4,182.99,10,52.7,711.46
3240,925,216,3,979.99,0,235.2,3175.17
3241,925,452,1,364.99,15,24.82,335.06
3242,926,458,4,449.99,5,136.8,1846.76
3243,926,155,3,635.99,5,145.01,1957.58
3244,926,437,2,257.99,0,41.28,557.26
3245,927,475,2,1263.99,15,171.9,2320.68
3246,927,312,4,522.99,0,167.36,2259.32
3247,927,60,4,1245.99,15,338.91,4575.28
3248,927,118,1,213.99,15,14.55,196.44
3249,927,27,3,788.99,10,170.42,2300.69
3250,928,165,2,1057.99,0,169.28,2285.26
3251,928,253,1,978.99,10,70.49,951.58
3252,928,127,3,1200.99,5,273.83,3696.65
3253,929,137,2,1014.99,5,154.28,2082.76
3254,929,386,3,300.99,15,61.4,828.92
3255,930,105,3,1499.99,10,324,4373.97
3256,930,316,2,1218.99,15,165.78,2238.06
3257,930,223,2,526.99,10,75.89,1024.47
3258,931,296,4,52.99,5,16.11,217.47
3259,931,240,1,1188.99,0,95.12,1284.11
3260,931,183,4,56.99,10,16.41,221.57
3261,932,495,4,974.99,0,312,4211.96
3262,932,131,4,371.99,15,101.18,1365.95
3263,933,426,3,887.99,15,181.15,2445.52
3264,933,161,4,1385.99,5,421.34,5688.1
3265,933,244,1,42.99,10,3.1,41.79
3266,934,186,1,937.99,15,63.78,861.07
3267,934,378,4,1307.99,5,397.63,5367.99
3268,934,445,3,20.99,15,4.28,57.8
3269,934,328,3,197.99,5,45.14,609.41
3270,935,468,2,757.99,5,115.21,1555.39
3271,935,180,4,656.99,0,210.24,2838.2
3272,935,9,2,896.99,15,121.99,1646.87
3273,935,430,1,421.99,0,33.76,455.75
3274,935,433,1,834.99,0,66.8,901.79
3275,936,257,2,1143.99,0,183.04,2471.02
3276,936,452,2,364.99,15,49.64,670.12
3277,936,468,3,757.99,5,172.82,2333.09
3278,936,447,4,1108.99,5,337.13,4551.29
3279,937,23,2,347.99,5,52.89,714.07
3280,937,198,4,1083.99,15,294.85,3980.42
3281,937,84,1,186.99,10,13.46,181.75
3282,937,380,4,1349.99,10,388.8,5248.76
3283,937,319,3,336.99,5,76.83,1037.25
3284,937,39,2,1415.99,10,203.9,2752.68
3285,938,113,1,549.99,15,37.4,504.89
3286,938,332,4,1276.99,5,388.2,5240.76
3287,938,487,3,417.99,0,100.32,1354.29
3288,938,96,2,545.99,0,87.36,1179.34
3289,939,498,4,525.99,0,168.32,2272.28
3290,939,68,3,230.99,15,47.12,636.14
3291,939,7,3,814.99,15,166.26,2244.48
3292,939,150,1,335.99,15,22.85,308.44
3293,939,465,4,1287.99,10,370.94,5007.7
3294,939,394,3,198.99,10,42.98,580.25
3295,940,221,1,1084.99,0,86.8,1171.79
3296,941,154,2,156.99,10,22.61,305.19
3297,942,302,4,1319.99,0,422.4,5702.36
3298,942,360,4,407.99,5,124.03,1674.39
3299,943,153,1,850.99,15,57.87,781.21
3300,944,227,2,1337.99,10,192.67,2601.05
3301,944,295,2,1309.99,5,199.12,2688.1
3302,944,7,2,814.99,15,110.84,1496.32
3303,945,212,3,893.99,0,214.56,2896.53
3304,945,410,2,169.99,10,24.48,330.46
3305,945,59,4,254.99,0,81.6,1101.56
3306,945,88,4,322.99,10,93.02,1255.78
3307,946,18,2,825.99,15,112.33,1516.51
3308,946,92,2,1065.99,10,153.5,2072.28
3309,946,407,4,160.99,0,51.52,695.48
3310,946,357,3,481.99,10,104.11,1405.48
3311,946,479,4,1129.99,15,307.36,4149.33
3312,946,320,4,1027.99,5,312.51,4218.87
3313,947,178,4,1071.99,15,291.58,3936.35
3314,948,214,2,423.99,10,61.05,824.23
3315,948,331,4,1061.99,15,288.86,3899.63
3316,949,500,1,835.99,0,66.88,902.87
3317,949,420,1,653.99,15,44.47,600.36
3318,949,268,2,1229.99,5,186.96,2523.94
3319,949,283,4,63.99,5,19.45,262.61
3320,950,46,1,941.99,0,75.36,1017.35
3321,950,333,4,1238.99,15,337.01,4549.58
3322,950,221,2,1084.99,5,164.92,2226.4
3323,950,12,4,403.99,15,109.89,1483.46
3324,951,399,2,94.99,0,15.2,205.18
3325,951,70,3,453.99,10,98.06,1323.83
3326,951,332,2,1276.99,5,194.1,2620.38
3327,952,431,3,124.99,15,25.5,344.22
3328,953,169,3,755.99,5,172.37,2326.94
3329,953,129,4,251.99,15,68.54,925.31
3330,953,455,4,1465.99,15,398.75,5383.12
3331,953,223,4,526.99,0,168.64,2276.6
3332,953,440,4,637.99,10,183.74,2480.5
3333,954,29,3,573.99,5,130.87,1766.74
3334,954,16,3,809.99,0,194.4,2624.37
3335,955,351,3,321.99,15,65.69,886.76
3336,955,108,3,1184.99,15,241.74,3263.46
3337,955,325,3,527.99,10,114.05,1539.62
3338,955,206,4,1275.99,15,347.07,4685.44
3339,955,286,4,365.99,15,99.55,1343.92
3340,956,265,3,454.99,15,92.82,1253.04
3341,956,442,1,799.99,0,64,863.99
3342,956,313,2,1158.99,15,157.62,2127.9
3343,956,178,1,1071.99,5,81.47,1099.86
3344,956,348,3,586.99,10,126.79,1711.66
3345,956,277,4,422.99,10,121.82,1644.58
3346,957,76,3,1285.99,0,308.64,4166.61
3347,957,14,3,1137.99,10,245.81,3318.38
3348,958,87,4,1443.99,10,415.87,5614.23
3349,959,165,3,1057.99,0,253.92,3427.89
3350,959,259,3,491.99,0,118.08,1594.05
3351,959,195,2,420.99,10,60.62,818.4
3352,959,114,4,879.99,0,281.6,3801.56
3353,960,381,1,1077.99,10,77.62,1047.81
3354,960,290,4,963.99,0,308.48,4164.44
3355,960,263,4,787.99,15,214.33,2893.5
3356,960,483,2,897.99,5,136.49,1842.67
3357,961,471,4,873.99,10,251.71,3398.07
3358,962,176,4,1323.99,10,381.31,5147.67
3359,962,40,1,506.99,15,34.48,465.42
3360,962,360,4,407.99,0,130.56,1762.52
3361,962,292,3,907.99,5,207.02,2794.79
3362,962,22,3,1226.99,0,294.48,3975.45
3363,962,353,3,155.99,0,37.44,505.41
3364,963,104,3,1343.99,0,322.56,4354.53
3365,963,21,2,683.99,10,98.49,1329.67
3366,963,276,1,293.99,10,21.17,285.76
3367,963,394,2,198.99,10,28.65,386.83
3368,963,103,2,310.99,10,44.78,604.56
3369,964,401,2,487.99,10,70.27,948.65
3370,964,314,3,159.99,0,38.4,518.37
3371,964,32,2,471.99,15,64.19,866.57
3372,964,244,4,42.99,15,11.69,157.86
3373,965,382,1,88.99,10,6.41,86.5
3374,965,348,2,586.99,0,93.92,1267.9
3375,966,298,4,1045.99,10,301.25,4066.81
3376,966,283,4,63.99,10,18.43,248.79
3377,966,446,4,169.99,10,48.96,660.92
3378,966,381,4,1077.99,0,344.96,4656.92
3379,967,4,2,935.99,10,134.78,1819.56
3380,967,348,4,586.99,15,159.66,2155.43
3381,967,53,3,766.99,0,184.08,2485.05
3382,967,27,2,788.99,5,119.93,1619.01
3383,968,176,1,1323.99,15,90.03,1215.42
3384,968,348,3,586.99,5,133.83,1806.75
3385,968,399,2,94.99,5,14.44,194.92
3386,968,46,2,941.99,5,143.18,1932.96
3387,968,180,3,656.99,5,149.79,2022.21
3388,969,356,4,328.99,15,89.49,1208.06
3389,969,303,3,230.99,10,49.89,673.56
3390,969,472,1,393.99,0,31.52,425.51
3391,969,18,2,825.99,10,118.94,1605.72
3392,970,466,4,796.99,10,229.53,3098.69
3393,970,452,2,364.99,15,49.64,670.12
3394,971,24,4,371.99,10,107.13,1446.29
3395,971,350,1,1204.99,10,86.76,1171.25
3396,971,93,4,498.99,10,143.71,1940.07
3397,972,362,4,285.99,10,82.37,1111.93
3398,972,193,1,973.99,15,66.23,894.12
3399,972,44,3,586.99,5,133.83,1806.75
3400,972,479,3,1129.99,0,271.2,3661.17
3401,972,473,2,1377.99,10,198.43,2678.81
3402,973,363,3,1073.99,15,219.09,2957.76
3403,973,454,1,499.99,10,36,485.99
3404,973,211,1,440.99,0,35.28,476.27
3405,973,209,3,565.99,15,115.46,1558.73
3406,973,426,4,887.99,10,255.74,3452.5
3407,974,308,4,1135.99,15,308.99,4171.36
3408,974,252,3,896.99,10,193.75,2615.62
3409,975,18,4,825.99,15,224.67,3033.04
3410,976,281,3,1147.99,10,247.97,3347.54
3411,976,113,1,549.99,10,39.6,534.59
3412,977,101,1,1394.99,5,106.02,1431.26
3413,977,405,2,33.99,15,4.62,62.4
3414,978,372,1,364.99,10,26.28,354.77
3415,978,22,1,1226.99,15,83.44,1126.38
3416,978,278,4,714.99,5,217.36,2934.32
3417,978,221,4,1084.99,5,329.84,4452.8
3418,978,348,4,586.99,5,178.44,2409
3419,978,322,3,291.99,15,59.57,804.14
3420,979,332,1,1276.99,5,97.05,1310.19
3421,979,383,1,888.99,10,64.01,864.1
3422,979,143,2,553.99,15,75.34,1017.12
3423,979,334,1,597.99,5,45.45,613.54
3424,979,107,1,384.99,15,26.18,353.42
3425,979,2,2,102.99,5,15.65,211.33
3426,980,241,3,753.99,10,162.86,2198.63
3427,980,453,1,351.99,0,28.16,380.15
3428,981,230,2,875.99,5,133.15,1797.53
3429,981,31,2,542.99,0,86.88,1172.86
3430,981,261,4,718.99,0,230.08,3106.04
3431,981,435,2,214.99,0,34.4,464.38
3432,981,186,2,937.99,15,127.57,1722.15
3433,982,47,3,498.99,5,113.77,1535.89
3434,982,78,4,1476.99,10,425.37,5742.53
3435,982,61,2,130.99,5,19.91,268.79
3436,982,261,1,718.99,15,48.89,660.03
3437,983,5,4,1162.99,5,353.55,4772.91
3438,984,329,3,464.99,15,94.86,1280.58
3439,984,481,3,413.99,10,89.42,1207.19
3440,985,154,1,156.99,0,12.56,169.55
3441,985,119,1,975.99,15,66.37,895.96
3442,986,331,3,1061.99,15,216.65,2924.72
3443,986,262,2,140.99,0,22.56,304.54
3444,986,362,3,285.99,15,58.34,787.61
3445,986,442,1,799.99,10,57.6,777.59
3446,986,475,1,1263.99,10,91.01,1228.6
3447,987,332,1,1276.99,15,86.84,1172.28
3448,987,416,4,444.99,10,128.16,1730.12
3449,987,8,3,586.99,15,119.75,1616.57
3450,987,156,3,1366.99,5,311.67,4207.59
3451,988,455,2,1465.99,0,234.56,3166.54
3452,988,209,4,565.99,15,153.95,2078.32
3453,988,282,2,427.99,5,65.05,878.23
3454,989,361,4,531.99,10,153.21,2068.37
3455,989,320,4,1027.99,10,296.06,3996.82
3456,989,32,2,471.99,0,75.52,1019.5
3457,990,360,3,407.99,5,93.02,1255.79
3458,991,102,1,1242.99,10,89.5,1208.19
3459,991,248,4,804.99,10,231.84,3129.8
3460,991,254,4,621.99,0,199.04,2687
3461,991,188,4,1278.99,5,388.81,5248.97
3462,991,98,2,1194.99,5,181.64,2452.12
3463,992,140,4,1240.99,5,377.26,5093.02
3464,992,495,3,974.99,0,234,3158.97
3465,992,389,4,1452.99,0,464.96,6276.92
3466,992,415,1,1290.99,10,92.95,1254.84
3467,993,16,3,809.99,10,174.96,2361.93
3468,994,286,3,365.99,15,74.66,1007.93
3469,994,304,1,119.99,15,8.16,110.15
3470,994,472,3,393.99,5,89.83,1212.7
3471,994,91,4,1053.99,15,286.69,3870.26
3472,995,13,3,241.99,5,55.17,744.84
3473,996,137,4,1014.99,15,276.08,3727.05
3474,996,387,2,947.99,15,128.93,1740.51
3475,996,489,4,800.99,15,217.87,2941.24
3476,997,18,2,825.99,0,132.16,1784.14
3477,997,107,3,384.99,0,92.4,1247.37
3478,997,49,3,124.99,15,25.5,344.22
3479,997,75,2,927.99,0,148.48,2004.46
3480,998,94,3,827.99,5,188.78,2548.55
3481,998,380,3,1349.99,10,291.6,3936.57
3482,998,140,2,1240.99,10,178.7,2412.48
3483,998,67,1,879.99,10,63.36,855.35
3484,998,308,2,1135.99,0,181.76,2453.74
3485,999,464,3,820.99,5,187.19,2527.01
3486,999,86,2,113.99,15,15.5,209.28
3487,999,348,3,586.99,0,140.88,1901.85
3488,999,126,4,1486.99,10,428.25,5781.41
3489,999,162,3,259.99,5,59.28,800.25
3490,1000,309,1,103.99,5,7.9,106.69
3491,1001,495,4,974.99,0,312,4211.96
3492,1002,182,4,766.99,0,245.44,3313.4
3493,1002,201,2,501.99,10,72.29,975.87
3494,1002,361,2,531.99,5,80.86,1091.64
3495,1002,492,3,494.99,0,118.8,1603.77
3496,1002,312,4,522.99,0,167.36,2259.32
3497,1002,337,3,1160.99,10,250.77,3385.44
3498,1003,232,1,1001.99,0,80.16,1082.15
3499,1003,93,1,498.99,10,35.93,485.02
3500,1003,85,1,978.99,5,74.4,1004.44
3501,1003,263,3,787.99,15,160.75,2170.12
3502,1004,181,3,332.99,0,79.92,1078.89
3503,1004,448,3,420.99,10,90.93,1227.6
3504,1004,45,4,896.99,5,272.68,3681.24
3505,1005,373,1,1329.99,0,106.4,1436.39
3506,1005,261,4,718.99,5,218.57,2950.73
3507,1005,451,2,1029.99,0,164.8,2224.78
3508,1005,237,2,1263.99,0,202.24,2730.22
3509,1005,313,3,1158.99,0,278.16,3755.13
3510,1005,49,3,124.99,15,25.5,344.22
3511,1006,284,4,1112.99,5,338.35,4567.71
3512,1006,427,2,378.99,10,54.57,736.75
3513,1007,454,4,499.99,5,152,2051.96
3514,1007,28,4,176.99,0,56.64,764.6
3515,1007,397,3,635.99,10,137.37,1854.54
3516,1007,69,4,998.99,15,271.73,3668.3
3517,1007,105,2,1499.99,15,204,2753.98
3518,1007,307,4,1360.99,5,413.74,5585.5
3519,1008,417,3,897.99,0,215.52,2909.49
3520,1008,124,1,388.99,10,28.01,378.1
3521,1008,131,3,371.99,5,84.81,1144.98
3522,1008,158,3,1369.99,15,279.48,3772.95
3523,1008,328,4,197.99,5,60.19,812.55
3524,1009,72,3,436.99,15,89.15,1203.47
3525,1009,399,4,94.99,15,25.84,348.81
3526,1010,163,1,911.99,5,69.31,935.7
3527,1010,383,3,888.99,5,202.69,2736.31
3528,1010,36,1,624.99,10,45,607.49
3529,1011,60,2,1245.99,5,189.39,2556.77
3530,1011,420,3,653.99,5,149.11,2012.98
3531,1011,165,1,1057.99,10,76.18,1028.37
3532,1012,271,1,242.99,15,16.52,223.06
3533,1012,117,3,957.99,10,206.93,2793.5
3534,1013,327,3,975.99,10,210.81,2845.98
3535,1013,440,1,637.99,10,45.94,620.13
3536,1014,333,1,1238.99,10,89.21,1204.3
3537,1014,391,1,1383.99,5,105.18,1419.97
3538,1014,314,4,159.99,10,46.08,622.04
3539,1014,365,3,1002.99,15,204.61,2762.23
3540,1014,224,1,462.99,15,31.48,425.02
3541,1014,312,2,522.99,5,79.49,1073.17
3542,1015,273,3,1167.99,10,252.29,3405.86
3543,1016,288,3,1187.99,15,242.35,3271.72
3544,1016,110,4,628.99,0,201.28,2717.24
3545,1016,427,4,378.99,5,115.21,1555.37
3546,1016,177,4,1234.99,10,355.68,4801.64
3547,1016,48,1,1148.99,10,82.73,1116.82
3548,1017,478,4,296.99,0,95.04,1283
3549,1017,262,3,140.99,10,30.45,411.12
3550,1017,240,1,1188.99,10,85.61,1155.7
3551,1018,423,1,1494.99,0,119.6,1614.59
3552,1018,55,1,856.99,5,65.13,879.27
3553,1018,18,1,825.99,0,66.08,892.07
3554,1018,226,2,278.99,5,42.41,572.49
3555,1019,187,4,1184.99,0,379.2,5119.16
3556,1019,351,1,321.99,15,21.9,295.59
3557,1019,427,2,378.99,10,54.57,736.75
3558,1019,206,1,1275.99,0,102.08,1378.07
3559,1019,322,1,291.99,10,21.02,283.81
3560,1019,171,2,399.99,10,57.6,777.58
3561,1020,450,1,670.99,0,53.68,724.67
3562,1020,193,1,973.99,0,77.92,1051.91
3563,1020,158,3,1369.99,15,279.48,3772.95
3564,1020,111,4,282.99,10,81.5,1100.26
3565,1020,107,1,384.99,15,26.18,353.42
3566,1021,229,4,611.99,15,166.46,2247.23
3567,1021,261,1,718.99,0,57.52,776.51
3568,1021,162,1,259.99,15,17.68,238.67
3569,1021,401,1,487.99,10,35.14,474.33
3570,1021,194,2,1138.99,10,164.01,2214.19
3571,1022,395,4,1497.99,15,407.45,5500.62
3572,1023,136,2,182.99,5,27.81,375.49
3573,1023,75,2,927.99,0,148.48,2004.46
3574,1023,267,3,1201.99,15,245.21,3310.28
3575,1023,248,1,804.99,5,61.18,825.92
3576,1023,141,4,1173.99,10,338.11,4564.47
3577,1024,55,4,856.99,5,260.52,3517.08
3578,1024,496,3,484.99,15,98.94,1335.66
3579,1024,388,2,1182.99,0,189.28,2555.26
3580,1025,392,3,691.99,10,149.47,2017.84
3581,1025,264,1,1444.99,5,109.82,1482.56
3582,1025,158,3,1369.99,0,328.8,4438.77
3583,1025,476,4,732.99,5,222.83,3008.19
3584,1026,432,1,423.99,10,30.53,412.12
3585,1026,43,4,423.99,5,128.89,1740.05
3586,1027,294,2,184.99,0,29.6,399.58
3587,1027,382,2,88.99,0,14.24,192.22
3588,1027,206,3,1275.99,0,306.24,4134.21
3589,1027,487,1,417.99,10,30.1,406.29
3590,1028,343,3,758.99,5,173.05,2336.17
3591,1028,176,3,1323.99,10,285.98,3860.75
3592,1028,357,1,481.99,5,36.63,494.52
3593,1028,345,1,1180.99,0,94.48,1275.47
3594,1028,27,2,788.99,5,119.93,1619.01
3595,1029,392,3,691.99,10,149.47,2017.84
3596,1029,156,4,1366.99,10,393.69,5314.85
3597,1030,254,3,621.99,10,134.35,1813.72
3598,1030,66,1,276.99,15,18.84,254.28
3599,1030,151,2,683.99,15,93.02,1255.8
3600,1030,331,2,1061.99,5,161.42,2179.2
3601,1030,361,3,531.99,5,121.29,1637.46
3602,1031,432,1,423.99,0,33.92,457.91
3603,1031,133,1,514.99,15,35.02,472.76
3604,1031,238,4,280.99,10,80.93,1092.49
3605,1032,469,1,489.99,15,33.32,449.81
3606,1032,95,3,449.99,15,91.8,1239.27
3607,1032,91,4,1053.99,5,320.41,4325.57
3608,1032,151,2,683.99,5,103.97,1403.55
3609,1032,498,1,525.99,5,39.98,539.67
3610,1033,172,4,1080.99,10,311.33,4202.89
3611,1033,498,1,525.99,5,39.98,539.67
3612,1033,283,4,63.99,5,19.45,262.61
3613,1033,384,3,898.99,15,183.39,2475.81
3614,1034,233,3,133.99,0,32.16,434.13
3615,1035,4,4,935.99,15,254.59,3436.96
3616,1035,440,2,637.99,15,86.77,1171.35
3617,1035,406,2,1125.99,10,162.14,2188.92
3618,1035,119,1,975.99,10,70.27,948.66
3619,1035,5,4,1162.99,5,353.55,4772.91
3620,1035,207,4,1123.99,0,359.68,4855.64
3621,1036,10,1,551.99,10,39.74,536.53
3622,1036,25,1,109.99,5,8.36,112.85
3623,1036,27,3,788.99,5,179.89,2428.51
3624,1036,179,2,251.99,5,38.3,517.08
3625,1036,175,1,667.99,15,45.42,613.21
3626,1036,492,3,494.99,5,112.86,1523.58
3627,1037,1,1,524.99,0,42,566.99
3628,1037,352,1,1453.99,15,98.87,1334.76
3629,1037,190,4,1002.99,10,288.86,3899.62
3630,1037,350,4,1204.99,15,327.76,4424.73
3631,1038,159,1,229.99,10,16.56,223.55
3632,1038,353,3,155.99,0,37.44,505.41
3633,1038,152,3,47.99,0,11.52,155.49
3634,1038,236,3,1306.99,0,313.68,4234.65
3635,1038,133,4,514.99,5,156.56,2113.52
3636,1038,382,2,88.99,5,13.53,182.61
3637,1039,382,1,88.99,15,6.05,81.69
3638,1040,62,4,516.99,15,140.62,1898.39
3639,1040,245,1,1338.99,15,91.05,1229.19
3640,1041,216,3,979.99,5,223.44,3016.41
3641,1041,263,3,787.99,0,189.12,2553.09
3642,1042,343,4,758.99,15,206.45,2787.02
3643,1042,372,2,364.99,15,49.64,670.12
3644,1042,250,4,314.99,5,95.76,1292.72
3645,1042,51,4,246.99,0,79.04,1067
3646,1043,196,3,347.99,0,83.52,1127.49
3647,1043,273,4,1167.99,0,373.76,5045.72
3648,1043,217,1,1491.99,10,107.42,1450.21
3649,1044,231,4,121.99,10,35.13,474.29
3650,1044,436,2,541.99,10,78.05,1053.63
3651,1044,132,4,728.99,10,209.95,2834.31
3652,1045,13,1,241.99,0,19.36,261.35
3653,1045,412,4,1121.99,15,305.18,4119.95
3654,1045,222,1,1259.99,10,90.72,1224.71
3655,1045,389,3,1452.99,5,331.28,4472.3
3656,1046,455,4,1465.99,15,398.75,5383.12
3657,1047,278,1,714.99,15,48.62,656.36
3658,1048,484,3,622.99,0,149.52,2018.49
3659,1048,92,3,1065.99,5,243.05,3281.12
3660,1049,236,1,1306.99,15,88.88,1199.82
3661,1049,85,1,978.99,5,74.4,1004.44
3662,1050,101,1,1394.99,10,100.44,1355.93
3663,1051,316,4,1218.99,10,351.07,4739.43
3664,1051,218,1,790.99,5,60.12,811.56
3665,1052,421,2,1020.99,5,155.19,2095.07
3666,1052,269,2,794.99,0,127.2,1717.18
3667,1052,326,3,879.99,10,190.08,2566.05
3668,1052,315,1,852.99,0,68.24,921.23
3669,1052,77,4,453.99,0,145.28,1961.24
3670,1053,65,2,72.99,10,10.51,141.89
3671,1053,69,4,998.99,5,303.69,4099.85
3672,1053,181,1,332.99,0,26.64,359.63
3673,1054,420,2,653.99,0,104.64,1412.62
3674,1054,441,2,766.99,5,116.58,1573.86
3675,1055,348,1,586.99,0,46.96,633.95
3676,1056,326,3,879.99,5,200.64,2708.61
3677,1056,233,4,133.99,5,40.73,549.89
3678,1056,34,4,67.99,5,20.67,279.03
3679,1056,402,1,723.99,5,55.02,742.81
3680,1056,429,1,940.99,5,71.52,965.46
3681,1057,27,1,788.99,15,53.65,724.29
3682,1058,266,3,232.99,15,47.53,641.65
3683,1058,15,4,1374.99,5,418,5642.96
3684,1058,31,4,542.99,0,173.76,2345.72
3685,1058,485,2,875.99,0,140.16,1892.14
3686,1059,144,2,260.99,10,37.58,507.36
3687,1059,398,3,512.99,5,116.96,1578.98
3688,1059,129,2,251.99,5,38.3,517.08
3689,1059,251,1,134.99,10,9.72,131.21
3690,1059,8,1,586.99,15,39.92,538.86
3691,1059,53,2,766.99,10,110.45,1491.03
3692,1060,334,3,597.99,0,143.52,1937.49
3693,1060,432,1,423.99,5,32.22,435.01
3694,1061,365,4,1002.99,15,272.81,3682.98
3695,1061,301,3,517.99,0,124.32,1678.29
3696,1061,402,2,723.99,0,115.84,1563.82
3697,1061,102,3,1242.99,10,268.49,3624.56
3698,1061,280,3,1103.99,0,264.96,3576.93
3699,1061,36,2,624.99,15,85,1147.48
3700,1062,8,4,586.99,10,169.05,2282.21
3701,1062,89,3,794.99,5,181.26,2446.98
3702,1062,368,3,1159.99,15,236.64,3194.61
3703,1063,285,4,936.99,5,284.84,3845.4
3704,1064,76,2,1285.99,15,174.89,2361.07
3705,1064,236,1,1306.99,10,94.1,1270.39
3706,1064,494,2,1384.99,15,188.36,2542.84
3707,1065,492,3,494.99,15,100.98,1363.2
3708,1065,141,1,1173.99,15,79.83,1077.72
3709,1065,181,1,332.99,5,25.31,341.65
3710,1065,99,2,1421.99,15,193.39,2610.77
3711,1065,413,2,1416.99,15,192.71,2601.59
3712,1066,145,1,864.99,0,69.2,934.19
3713,1067,386,3,300.99,5,68.63,926.45
3714,1067,350,3,1204.99,15,245.82,3318.54
3715,1067,179,4,251.99,0,80.64,1088.6
3716,1067,262,4,140.99,15,38.35,517.72
3717,1067,184,1,446.99,15,30.4,410.34
3718,1068,21,4,683.99,15,186.05,2511.62
3719,1068,345,4,1180.99,15,321.23,4336.6
3720,1068,347,2,89.99,5,13.68,184.66
3721,1068,231,2,121.99,10,17.57,237.15
3722,1069,7,2,814.99,5,123.88,1672.36
3723,1069,160,4,1272.99,10,366.62,4949.38
3724,1069,268,1,1229.99,0,98.4,1328.39
3725,1070,185,1,252.99,10,18.22,245.91
3726,1070,119,1,975.99,10,70.27,948.66
3727,1070,416,4,444.99,0,142.4,1922.36
3728,1070,203,3,992.99,5,226.4,3056.42
3729,1070,267,1,1201.99,15,81.74,1103.43
3730,1070,293,4,1158.99,0,370.88,5006.84
3731,1071,323,4,599.99,0,192,2591.96
3732,1071,471,3,873.99,0,209.76,2831.73
3733,1071,487,4,417.99,5,127.07,1715.43
3734,1071,144,1,260.99,0,20.88,281.87
3735,1072,120,1,1301.99,10,93.74,1265.53
3736,1073,48,4,1148.99,0,367.68,4963.64
3737,1073,258,3,277.99,5,63.38,855.65
3738,1073,147,1,22.99,15,1.56,21.1
3739,1073,432,2,423.99,15,57.66,778.44
3740,1073,77,4,453.99,10,130.75,1765.11
3741,1073,270,2,213.99,10,30.81,415.99
3742,1074,339,2,200.99,0,32.16,434.14
3743,1074,94,2,827.99,0,132.48,1788.46
3744,1075,59,2,254.99,15,34.68,468.16
3745,1075,291,2,1046.99,10,150.77,2035.35
3746,1075,209,3,565.99,0,135.84,1833.81
3747,1075,294,1,184.99,0,14.8,199.79
3748,1075,224,4,462.99,10,133.34,1800.1
3749,1076,82,4,807.99,0,258.56,3490.52
3750,1076,236,3,1306.99,10,282.31,3811.18
3751,1076,334,3,597.99,5,136.34,1840.61
3752,1077,133,4,514.99,0,164.8,2224.76
3753,1077,179,1,251.99,0,20.16,272.15
3754,1077,199,4,882.99,10,254.3,3433.06
3755,1077,418,1,445.99,0,35.68,481.67
3756,1077,290,2,963.99,10,138.81,1873.99
3757,1077,27,1,788.99,15,53.65,724.29
3758,1078,498,3,525.99,15,107.3,1448.57
3759,1078,400,3,1305.99,15,266.42,3596.69
3760,1078,267,1,1201.99,0,96.16,1298.15
3761,1078,471,2,873.99,5,132.85,1793.43
3762,1078,476,4,732.99,15,199.37,2691.54
3763,1079,409,1,773.99,0,61.92,835.91
3764,1079,354,1,946.99,15,64.4,869.34
3765,1079,491,2,891.99,5,135.58,1830.36
3766,1079,337,2,1160.99,0,185.76,2507.74
3767,1080,142,4,614.99,5,186.96,2523.92
3768,1080,401,3,487.99,10,105.41,1422.98
3769,1081,273,2,1167.99,5,177.53,2396.71
3770,1081,251,1,134.99,10,9.72,131.21
3771,1081,309,3,103.99,0,24.96,336.93
3772,1081,425,1,817.99,15,55.62,750.91
3773,1081,379,1,571.99,15,38.9,525.09
3774,1082,108,3,1184.99,0,284.4,3839.37
3775,1082,494,4,1384.99,15,376.72,5085.69
3776,1083,117,4,957.99,5,291.23,3931.59
3777,1083,490,3,968.99,10,209.3,2825.57
3778,1083,246,1,1215.99,10,87.55,1181.94
3779,1083,119,1,975.99,10,70.27,948.66
3780,1084,237,3,1263.99,10,273.02,3685.79
3781,1084,304,3,119.99,15,24.48,330.45
3782,1084,488,2,732.99,10,105.55,1424.93
3783,1084,392,3,691.99,15,141.17,1905.74
3784,1084,454,2,499.99,0,80,1079.98
3785,1084,280,3,1103.99,5,251.71,3398.08
3786,1085,134,1,290.99,0,23.28,314.27
3787,1085,345,1,1180.99,5,89.76,1211.7
3788,1085,334,2,597.99,5,90.89,1227.07
3789,1086,6,4,98.99,10,28.51,384.87
3790,1086,480,1,833.99,5,63.38,855.67
3791,1086,310,1,1363.99,15,92.75,1252.14
3792,1086,372,4,364.99,5,110.96,1497.92
3793,1086,139,2,1205.99,10,173.66,2344.44
3794,1086,201,1,501.99,5,38.15,515.04
3795,1087,38,2,385.99,5,58.67,792.05
3796,1087,281,1,1147.99,10,82.66,1115.85
3797,1087,114,4,879.99,5,267.52,3611.48
3798,1087,21,2,683.99,5,103.97,1403.55
3799,1088,218,2,790.99,5,120.23,1623.11
3800,1088,379,2,571.99,15,77.79,1050.17
3801,1088,178,4,1071.99,10,308.73,4167.89
3802,1088,169,4,755.99,0,241.92,3265.88
3803,1088,315,1,852.99,10,61.42,829.11
3804,1088,129,2,251.99,0,40.32,544.3
3805,1089,172,1,1080.99,5,82.16,1109.1
3806,1089,311,3,1079.99,0,259.2,3499.17
3807,1089,363,1,1073.99,5,81.62,1101.91
3808,1090,452,2,364.99,15,49.64,670.12
3809,1090,429,4,940.99,10,271.01,3658.57
3810,1090,129,2,251.99,0,40.32,544.3
3811,1090,127,2,1200.99,10,172.94,2334.72
3812,1090,466,3,796.99,5,181.71,2453.13
3813,1091,24,3,371.99,10,80.35,1084.72
3814,1092,170,4,865.99,15,235.55,3179.92
3815,1092,333,1,1238.99,0,99.12,1338.11
3816,1092,308,2,1135.99,15,154.49,2085.67
3817,1092,472,3,393.99,0,94.56,1276.53
3818,1092,156,2,1366.99,0,218.72,2952.7
3819,1092,278,4,714.99,0,228.8,3088.76
3820,1093,366,3,1373.99,15,280.29,3783.96
3821,1093,31,1,542.99,0,43.44,586.43
3822,1093,350,2,1204.99,0,192.8,2602.78
3823,1093,33,4,1048.99,15,285.33,3851.9
3824,1093,19,2,1251.99,10,180.29,2433.87
3825,1093,295,3,1309.99,0,314.4,4244.37
3826,1094,274,3,729.99,0,175.2,2365.17
3827,1094,383,1,888.99,5,67.56,912.1
3828,1094,242,4,1500.99,10,432.29,5835.85
3829,1094,21,2,683.99,5,103.97,1403.55
3830,1095,282,1,427.99,15,29.1,392.89
3831,1095,362,2,285.99,15,38.89,525.07
3832,1095,472,3,393.99,0,94.56,1276.53
3833,1095,317,4,1482.99,5,450.83,6086.19
3834,1096,450,2,670.99,5,101.99,1376.87
3835,1096,16,1,809.99,15,55.08,743.57
3836,1097,276,4,293.99,5,89.37,1206.53
3837,1097,428,1,160.99,15,10.95,147.79
3838,1098,235,1,1232.99,5,93.71,1265.05
3839,1098,270,1,213.99,15,14.55,196.44
3840,1099,245,2,1338.99,15,182.1,2458.38
3841,1099,204,3,1355.99,5,309.17,4173.74
3842,1099,164,4,135.99,15,36.99,499.36
3843,1099,482,2,774.99,0,124,1673.98
3844,1100,213,4,700.99,5,213.1,2876.86
3845,1100,142,4,614.99,0,196.8,2656.76
3846,1100,40,3,506.99,10,109.51,1478.38
3847,1101,353,4,155.99,0,49.92,673.88
3848,1101,324,1,135.99,5,10.34,139.53
3849,1101,83,3,549.99,0,132,1781.97
3850,1101,82,2,807.99,0,129.28,1745.26
3851,1101,390,3,33.99,0,8.16,110.13
3852,1101,214,2,423.99,5,64.45,870.03
3853,1102,157,4,33.99,15,9.25,124.82
3854,1103,198,2,1083.99,5,164.77,2224.35
3855,1103,474,3,500.99,15,102.2,1379.72
3856,1103,176,4,1323.99,10,381.31,5147.67
3857,1103,476,3,732.99,5,167.12,2256.14
3858,1103,481,1,413.99,15,28.15,380.04
3859,1103,340,4,1235.99,15,336.19,4538.56
3860,1104,171,2,399.99,5,60.8,820.78
3861,1104,357,1,481.99,5,36.63,494.52
3862,1105,356,2,328.99,15,44.74,604.02
3863,1106,105,4,1499.99,5,456,6155.96
3864,1106,107,2,384.99,5,58.52,790
3865,1106,192,3,192.99,0,46.32,625.29
3866,1107,283,4,63.99,10,18.43,248.79
3867,1107,21,1,683.99,15,46.51,627.9
3868,1107,447,3,1108.99,0,266.16,3593.13
3869,1107,463,2,1279.99,10,184.32,2488.3
3870,1107,412,3,1121.99,5,255.81,3453.48
3871,1107,27,2,788.99,5,119.93,1619.01
3872,1108,364,4,968.99,5,294.57,3976.73
3873,1108,113,3,549.99,5,125.4,1692.87
3874,1108,442,3,799.99,0,192,2591.97
3875,1108,478,3,296.99,10,64.15,866.02
3876,1108,131,3,371.99,10,80.35,1084.72
3877,1109,449,3,634.99,5,144.78,1954.5
3878,1109,394,3,198.99,0,47.76,644.73
3879,1110,377,3,808.99,5,184.45,2490.07
3880,1110,422,4,572.99,15,155.85,2104.02
3881,1110,3,2,889.99,15,121.04,1634.02
3882,1110,6,4,98.99,15,26.93,363.5
3883,1110,62,1,516.99,5,39.29,530.43
3884,1110,307,3,1360.99,10,293.97,3968.64
3885,1111,64,3,546.99,5,124.71,1683.63
3886,1111,437,1,257.99,0,20.64,278.63
3887,1111,439,3,168.99,15,34.47,465.39
3888,1111,59,4,254.99,10,73.44,991.4
3889,1111,88,3,322.99,5,73.64,994.16
3890,1111,469,1,489.99,0,39.2,529.19
3891,1112,22,4,1226.99,15,333.74,4505.51
3892,1113,453,2,351.99,15,47.87,646.25
3893,1113,182,4,766.99,5,233.16,3147.72
3894,1113,258,2,277.99,15,37.81,510.39
3895,1113,467,1,827.99,0,66.24,894.23
3896,1113,233,2,133.99,15,18.22,246
3897,1113,228,3,836.99,15,170.75,2305.07
3898,1114,161,3,1385.99,5,316.01,4266.08
3899,1114,357,4,481.99,5,146.52,1978.08
3900,1114,75,1,927.99,5,70.53,952.12
3901,1114,121,2,318.99,0,51.04,689.02
3902,1114,338,1,674.99,5,51.3,692.54
3903,1114,105,1,1499.99,0,120,1619.99
3904,1115,316,4,1218.99,0,390.08,5266.04
3905,1115,153,1,850.99,0,68.08,919.07
3906,1115,137,1,1014.99,0,81.2,1096.19
3907,1116,122,1,1350.99,10,97.27,1313.16
3908,1117,232,4,1001.99,15,272.54,3679.31
3909,1117,467,1,827.99,0,66.24,894.23
3910,1117,342,4,1071.99,15,291.58,3936.35
3911,1117,468,3,757.99,0,181.92,2455.89
3912,1118,337,2,1160.99,0,185.76,2507.74
3913,1118,195,1,420.99,5,32,431.94
3914,1118,150,2,335.99,10,48.38,653.16
3915,1118,106,4,151.99,15,41.34,558.11
3916,1119,291,3,1046.99,15,213.59,2883.41
3917,1119,423,2,1494.99,5,227.24,3067.72
3918,1119,35,1,1193.99,15,81.19,1096.08
3919,1119,119,1,975.99,10,70.27,948.66
3920,1119,70,2,453.99,10,65.37,882.55
3921,1120,201,1,501.99,0,40.16,542.15
3922,1120,81,2,1111.99,0,177.92,2401.9
3923,1120,498,1,525.99,0,42.08,568.07
3924,1120,363,4,1073.99,0,343.68,4639.64
3925,1121,378,2,1307.99,10,188.35,2542.73
3926,1121,26,2,270.99,15,36.85,497.53
3927,1121,119,3,975.99,15,199.1,2687.87
3928,1121,429,1,940.99,15,63.99,863.83
3929,1122,394,2,198.99,15,27.06,365.34
3930,1122,430,4,421.99,10,121.53,1640.69
3931,1123,420,2,653.99,15,88.94,1200.72
3932,1123,133,1,514.99,5,39.14,528.38
3933,1123,351,3,321.99,5,73.41,991.08
3934,1123,142,3,614.99,5,140.22,1892.94
3935,1124,67,2,879.99,0,140.8,1900.78
3936,1124,92,2,1065.99,15,144.97,1957.15
3937,1124,53,3,766.99,10,165.67,2236.54
3938,1124,93,4,498.99,15,135.73,1832.3
3939,1125,434,4,1392.99,0,445.76,6017.72
3940,1125,99,3,1421.99,5,324.21,4376.88
3941,1125,234,1,405.99,0,32.48,438.47
3942,1126,471,4,873.99,10,251.71,3398.07
3943,1126,118,2,213.99,15,29.1,392.88
3944,1126,57,1,461.99,5,35.11,474
3945,1126,389,2,1452.99,0,232.48,3138.46
3946,1126,479,3,1129.99,0,271.2,3661.17
3947,1126,322,3,291.99,15,59.57,804.14
3948,1127,325,1,527.99,10,38.02,513.21
3949,1127,153,4,850.99,10,245.09,3308.65
3950,1127,125,2,1036.99,0,165.92,2239.9
3951,1127,209,1,565.99,0,45.28,611.27
3952,1127,296,3,52.99,5,12.08,163.1
3953,1127,283,1,63.99,5,4.86,65.65
3954,1128,403,1,760.99,5,57.84,780.78
3955,1128,499,2,1078.99,0,172.64,2330.62
3956,1128,25,2,109.99,0,17.6,237.58
3957,1128,462,2,30.99,15,4.21,56.89
3958,1128,481,1,413.99,0,33.12,447.11
3959,1129,282,2,427.99,10,61.63,832.01
3960,1130,130,2,1187.99,15,161.57,2181.15
3961,1131,327,2,975.99,0,156.16,2108.14
3962,1132,14,2,1137.99,0,182.08,2458.06
3963,1132,314,4,159.99,10,46.08,622.04
3964,1132,319,4,336.99,15,91.66,1237.43
3965,1132,432,1,423.99,5,32.22,435.01
3966,1132,165,2,1057.99,15,143.89,1942.47
3967,1132,275,2,329.99,5,50.16,677.14
3968,1133,310,4,1363.99,0,436.48,5892.44
3969,1133,16,3,809.99,0,194.4,2624.37
3970,1134,402,2,723.99,0,115.84,1563.82
3971,1134,462,1,30.99,10,2.23,30.12
3972,1134,297,2,1086.99,10,156.53,2113.11
3973,1134,244,3,42.99,10,9.29,125.36
3974,1135,464,4,820.99,10,236.45,3192.01
3975,1136,229,4,611.99,5,186.04,2511.6
3976,1136,445,1,20.99,10,1.51,20.4
3977,1136,414,4,1426.99,5,433.8,5856.36
3978,1136,175,1,667.99,5,50.77,685.36
3979,1136,278,4,714.99,10,205.92,2779.88
3980,1136,333,1,1238.99,0,99.12,1338.11
3981,1137,405,3,33.99,5,7.75,104.62
3982,1137,163,4,911.99,5,277.24,3742.8
3983,1137,492,2,494.99,0,79.2,1069.18
3984,1137,67,1,879.99,10,63.36,855.35
3985,1137,242,4,1500.99,10,432.29,5835.85
3986,1137,312,4,522.99,10,150.62,2033.38
3987,1138,73,4,1030.99,15,280.43,3785.8
3988,1138,468,1,757.99,10,54.58,736.77
3989,1138,105,2,1499.99,10,216,2915.98
3990,1138,320,3,1027.99,0,246.72,3330.69
3991,1138,13,3,241.99,0,58.08,784.05
3992,1138,401,3,487.99,10,105.41,1422.98
3993,1139,67,2,879.99,10,126.72,1710.7
3994,1139,399,4,94.99,5,28.88,389.84
3995,1140,371,2,105.99,10,15.26,206.04
3996,1140,313,3,1158.99,15,236.43,3191.85
3997,1140,253,1,978.99,15,66.57,898.71
3998,1140,443,4,941.99,10,271.29,3662.45
3999,1140,103,1,310.99,5,23.64,319.08
4000,1140,96,3,545.99,10,117.93,1592.1
4001,1141,67,1,879.99,10,63.36,855.35
4002,1141,29,4,573.99,10,165.31,2231.67
4003,1142,378,3,1307.99,10,282.53,3814.1
4004,1142,12,1,403.99,15,27.47,370.86
4005,1142,161,3,1385.99,5,316.01,4266.08
4006,1142,186,1,937.99,15,63.78,861.07
4007,1142,393,4,363.99,0,116.48,1572.44
4008,1143,457,2,929.99,0,148.8,2008.78
4009,1143,479,3,1129.99,10,244.08,3295.05
4010,1143,327,1,975.99,5,74.18,1001.37
4011,1143,322,1,291.99,10,21.02,283.81
4012,1143,439,1,168.99,0,13.52,182.51
4013,1144,386,2,300.99,10,43.34,585.12
4014,1144,177,3,1234.99,5,281.58,3801.3
4015,1144,469,2,489.99,15,66.64,899.62
4016,1144,239,2,133.99,10,19.29,260.47
4017,1144,71,2,1311.99,10,188.93,2550.51
4018,1145,29,1,573.99,5,43.62,588.91
4019,1146,453,3,351.99,5,80.25,1083.42
4020,1146,66,4,276.99,10,79.77,1076.93
4021,1146,303,4,230.99,10,66.53,898.09
4022,1146,236,3,1306.99,10,282.31,3811.18
4023,1146,95,3,449.99,15,91.8,1239.27
4024,1147,331,3,1061.99,5,242.13,3268.8
4025,1147,311,2,1079.99,5,164.16,2216.14
4026,1147,82,2,807.99,10,116.35,1570.73
4027,1148,395,3,1497.99,5,341.54,4610.81
4028,1148,357,1,481.99,15,32.78,442.47
4029,1148,463,4,1279.99,15,348.16,4700.13
4030,1148,120,1,1301.99,10,93.74,1265.53
4031,1148,186,2,937.99,5,142.57,1924.75
4032,1149,43,1,423.99,15,28.83,389.22
4033,1149,230,1,875.99,15,59.57,804.16
4034,1150,367,1,419.99,0,33.6,453.59
4035,1151,289,3,1112.99,5,253.76,3425.78
4036,1151,119,1,975.99,15,66.37,895.96
4037,1151,269,2,794.99,10,114.48,1545.46
4038,1151,77,1,453.99,15,30.87,416.76
4039,1152,56,3,425.99,15,86.9,1173.17
4040,1152,49,4,124.99,5,38,512.96
4041,1152,239,1,133.99,15,9.11,123
4042,1152,478,2,296.99,0,47.52,641.5
4043,1153,353,3,155.99,5,35.57,480.14
4044,1153,335,4,758.99,5,230.73,3114.89
4045,1153,98,3,1194.99,10,258.12,3484.59
4046,1153,349,4,29.99,5,9.12,123.08
4047,1154,34,1,67.99,10,4.9,66.09
4048,1154,373,4,1329.99,5,404.32,5458.28
4049,1154,389,4,1452.99,0,464.96,6276.92
4050,1154,90,1,825.99,0,66.08,892.07
4051,1155,391,2,1383.99,10,199.29,2690.47
4052,1155,116,3,1096.99,10,236.95,3198.82
4053,1155,31,4,542.99,0,173.76,2345.72
4054,1155,131,3,371.99,10,80.35,1084.72
4055,1156,433,3,834.99,10,180.36,2434.83
4056,1156,455,1,1465.99,5,111.42,1504.11
4057,1157,222,2,1259.99,5,191.52,2585.5
4058,1157,308,3,1135.99,0,272.64,3680.61
4059,1157,125,1,1036.99,5,78.81,1063.95
4060,1157,130,4,1187.99,5,361.15,4875.51
4061,1157,11,4,1445.99,5,439.58,5934.34
4062,1158,385,4,1224.99,0,392,5291.96
4063,1159,217,1,1491.99,15,101.46,1369.65
4064,1159,268,1,1229.99,15,83.64,1129.13
4065,1159,219,2,737.99,10,106.27,1434.65
4066,1159,142,3,614.99,15,125.46,1693.68
4067,1159,286,1,365.99,15,24.89,335.98
4068,1159,137,1,1014.99,0,81.2,1096.19
4069,1160,181,2,332.99,5,50.61,683.29
4070,1161,200,3,330.99,15,67.52,911.54
4071,1162,483,2,897.99,10,129.31,1745.69
4072,1162,108,4,1184.99,0,379.2,5119.16
4073,1162,309,4,103.99,10,29.95,404.31
4074,1163,489,3,800.99,15,163.4,2205.92
4075,1163,42,2,1420.99,5,215.99,2915.87
4076,1163,62,3,516.99,5,117.87,1591.29
4077,1164,169,1,755.99,15,51.41,694
4078,1164,428,4,160.99,10,46.37,625.93
4079,1164,25,1,109.99,10,7.92,106.91
4080,1164,44,3,586.99,5,133.83,1806.75
4081,1165,467,2,827.99,5,125.85,1699.03
4082,1165,134,3,290.99,5,66.35,895.67
4083,1165,323,3,599.99,0,144,1943.97
4084,1166,465,3,1287.99,10,278.21,3755.78
4085,1166,264,4,1444.99,15,393.04,5306.01
4086,1166,218,2,790.99,0,126.56,1708.54
4087,1167,137,3,1014.99,10,219.24,2959.71
4088,1167,264,2,1444.99,10,208.08,2809.06
4089,1167,55,2,856.99,10,123.41,1665.99
4090,1167,186,3,937.99,15,191.35,2583.22
4091,1168,424,2,823.99,10,118.65,1601.83
4092,1169,458,4,449.99,0,144,1943.96
4093,1169,150,4,335.99,15,91.39,1233.76
4094,1169,15,4,1374.99,5,418,5642.96
4095,1169,385,3,1224.99,0,294,3968.97
4096,1169,127,2,1200.99,5,182.55,2464.43
4097,1169,229,3,611.99,15,124.85,1685.42
4098,1170,287,2,549.99,10,79.2,1069.18
4099,1170,57,1,461.99,15,31.42,424.11
4100,1170,216,1,979.99,5,74.48,1005.47
4101,1170,448,3,420.99,5,95.99,1295.81
4102,1170,73,3,1030.99,5,235.07,3173.39
4103,1170,46,3,941.99,15,192.17,2594.24
4104,1171,278,3,714.99,0,171.6,2316.57
4105,1171,265,2,454.99,15,61.88,835.36
4106,1171,146,3,26.99,0,6.48,87.45
4107,1171,440,1,637.99,15,43.38,585.67
4108,1172,164,1,135.99,5,10.34,139.53
4109,1172,396,1,777.99,10,56.02,756.21
4110,1172,125,3,1036.99,0,248.88,3359.85
4111,1172,153,1,850.99,10,61.27,827.16
4112,1173,208,2,1001.99,0,160.32,2164.3
4113,1173,311,3,1079.99,15,220.32,2974.29
4114,1173,417,2,897.99,15,122.13,1648.71
4115,1174,365,1,1002.99,5,76.23,1029.07
4116,1174,328,1,197.99,10,14.26,192.45
4117,1174,450,1,670.99,0,53.68,724.67
4118,1174,115,2,548.99,10,79.05,1067.23
4119,1174,8,2,586.99,15,79.83,1077.71
4120,1174,217,4,1491.99,0,477.44,6445.4
4121,1175,291,3,1046.99,5,238.71,3222.63
4122,1175,485,2,875.99,0,140.16,1892.14
4123,1175,481,1,413.99,0,33.12,447.11
4124,1175,254,4,621.99,5,189.08,2552.64
4125,1175,468,4,757.99,15,206.17,2783.34
4126,1176,53,1,766.99,5,58.29,786.93
4127,1176,416,4,444.99,10,128.16,1730.12
4128,1176,79,2,1262.99,15,171.77,2318.85
4129,1177,55,2,856.99,15,116.55,1573.43
4130,1177,48,2,1148.99,10,165.45,2233.63
4131,1177,111,2,282.99,10,40.75,550.13
4132,1178,202,3,721.99,15,147.29,1988.36
4133,1178,49,3,124.99,15,25.5,344.22
4134,1178,143,1,553.99,0,44.32,598.31
4135,1178,208,1,1001.99,10,72.14,973.93
4136,1178,255,3,677.99,15,138.31,1867.18
4137,1179,231,3,121.99,10,26.35,355.72
4138,1179,454,2,499.99,10,72,971.98
4139,1179,177,4,1234.99,5,375.44,5068.4
4140,1180,171,3,399.99,10,86.4,1166.37
4141,1180,140,3,1240.99,15,253.16,3417.68
4142,1180,307,3,1360.99,15,277.64,3748.16
4143,1180,271,1,242.99,0,19.44,262.43
4144,1180,291,3,1046.99,0,251.28,3392.25
4145,1180,28,3,176.99,15,36.11,487.43
4146,1181,238,4,280.99,10,80.93,1092.49
4147,1181,486,4,220.99,15,60.11,811.48
4148,1181,95,2,449.99,10,64.8,874.78
4149,1181,82,4,807.99,5,245.63,3315.99
4150,1181,331,4,1061.99,10,305.85,4129.01
4151,1181,162,2,259.99,10,37.44,505.42
4152,1182,325,4,527.99,0,168.96,2280.92
4153,1182,301,3,517.99,15,105.67,1426.54
4154,1182,237,1,1263.99,5,96.06,1296.85
4155,1183,316,1,1218.99,15,82.89,1119.03
4156,1183,493,3,451.99,5,103.05,1391.22
4157,1183,461,2,345.99,0,55.36,747.34
4158,1183,53,3,766.99,0,184.08,2485.05
4159,1184,36,1,624.99,15,42.5,573.74
4160,1184,491,4,891.99,0,285.44,3853.4
4161,1184,416,2,444.99,5,67.64,913.12
4162,1184,241,3,753.99,0,180.96,2442.93
4163,1185,488,2,732.99,10,105.55,1424.93
4164,1185,255,3,677.99,10,146.45,1977.02
4165,1185,324,3,135.99,15,27.74,374.51
4166,1186,74,2,143.99,15,19.58,264.36
4167,1186,134,1,290.99,0,23.28,314.27
4168,1186,461,3,345.99,15,70.58,952.85
4169,1186,124,4,388.99,15,105.81,1428.38
4170,1186,72,3,436.99,10,94.39,1274.26
4171,1187,102,2,1242.99,15,169.05,2282.13
4172,1187,196,2,347.99,0,55.68,751.66
4173,1187,274,4,729.99,15,198.56,2680.53
4174,1187,261,2,718.99,15,97.78,1320.06
4175,1187,165,3,1057.99,15,215.83,2913.7
4176,1187,319,4,336.99,5,102.44,1383
4177,1188,433,4,834.99,15,227.12,3066.09
4178,1188,436,4,541.99,5,164.76,2224.32
4179,1188,487,4,417.99,10,120.38,1625.14
4180,1188,384,1,898.99,0,71.92,970.91
4181,1189,13,1,241.99,15,16.46,222.15
4182,1189,224,2,462.99,5,70.37,950.05
4183,1189,284,4,1112.99,15,302.73,4086.9
4184,1190,451,2,1029.99,10,148.32,2002.3
4185,1190,213,2,700.99,15,95.33,1287.01
4186,1190,14,3,1137.99,10,245.81,3318.38
4187,1190,132,4,728.99,0,233.28,3149.24
4188,1191,370,4,1201.99,5,365.4,4932.96
4189,1191,104,3,1343.99,10,290.3,3919.07
4190,1191,30,4,307.99,15,83.77,1130.94
4191,1192,424,4,823.99,15,224.13,3025.7
4192,1192,441,3,766.99,10,165.67,2236.54
4193,1192,95,3,449.99,5,102.6,1385.07
4194,1193,384,2,898.99,0,143.84,1941.82
4195,1194,17,3,517.99,15,105.67,1426.54
4196,1194,319,1,336.99,10,24.26,327.55
4197,1194,20,4,632.99,10,182.3,2461.06
4198,1194,289,1,1112.99,0,89.04,1202.03
4199,1194,142,1,614.99,10,44.28,597.77
4200,1194,488,4,732.99,0,234.56,3166.52
4201,1195,166,2,247.99,15,33.73,455.31
4202,1195,221,3,1084.99,0,260.4,3515.37
4203,1195,237,3,1263.99,15,257.85,3481.02
4204,1196,324,3,135.99,15,27.74,374.51
4205,1197,62,1,516.99,15,35.16,474.6
4206,1197,50,2,1364.99,5,207.48,2800.96
4207,1198,286,3,365.99,0,87.84,1185.81
4208,1199,468,1,757.99,0,60.64,818.63
4209,1199,281,1,1147.99,0,91.84,1239.83
4210,1199,126,2,1486.99,10,214.13,2890.71
4211,1199,180,4,656.99,10,189.21,2554.37
4212,1200,62,4,516.99,5,157.16,2121.72
4213,1201,47,2,498.99,5,75.85,1023.93
4214,1201,356,1,328.99,5,25,337.54
4215,1202,421,4,1020.99,15,277.71,3749.08
4216,1202,300,3,991.99,15,202.37,2731.94
4217,1202,443,2,941.99,5,143.18,1932.96
4218,1202,7,1,814.99,0,65.2,880.19
4219,1202,152,4,47.99,5,14.59,196.95
4220,1202,352,4,1453.99,15,395.49,5339.06
4221,1203,162,2,259.99,10,37.44,505.42
4222,1203,335,1,758.99,0,60.72,819.71
4223,1203,435,2,214.99,15,29.24,394.72
4224,1203,290,2,963.99,5,146.53,1978.11
4225,1204,125,4,1036.99,10,298.65,4031.81
4226,1204,391,4,1383.99,5,420.73,5679.89
4227,1204,80,2,811.99,15,110.43,1490.81
4228,1204,159,2,229.99,0,36.8,496.78
4229,1204,146,3,26.99,5,6.15,83.07
4230,1204,462,3,30.99,0,7.44,100.41
4231,1205,5,4,1162.99,15,316.33,4270.5
4232,1205,232,3,1001.99,15,204.41,2759.48
4233,1205,413,1,1416.99,10,102.02,1377.31
4234,1205,148,2,705.99,15,96.01,1296.19
4235,1206,204,1,1355.99,10,97.63,1318.02
4236,1206,56,2,425.99,5,64.75,874.13
4237,1206,211,3,440.99,10,95.25,1285.92
4238,1206,359,2,147.99,10,21.31,287.69
4239,1207,141,4,1173.99,15,319.33,4310.9
4240,1207,54,4,685.99,0,219.52,2963.48
4241,1208,40,4,506.99,0,162.24,2190.2
4242,1208,458,3,449.99,5,102.6,1385.07
4243,1208,276,4,293.99,5,89.37,1206.53
4244,1209,194,4,1138.99,0,364.48,4920.44
4245,1209,296,2,52.99,10,7.63,103.01
4246,1209,89,2,794.99,10,114.48,1545.46
4247,1209,108,3,1184.99,5,270.18,3647.4
4248,1210,303,4,230.99,5,70.22,947.98
4249,1211,127,3,1200.99,5,273.83,3696.65
4250,1211,68,4,230.99,10,66.53,898.09
4251,1211,329,1,464.99,15,31.62,426.86
4252,1211,167,2,715.99,5,108.83,1469.21
4253,1212,388,3,1182.99,5,269.72,3641.24
4254,1212,274,3,729.99,0,175.2,2365.17
4255,1212,290,4,963.99,15,262.21,3539.78
4256,1212,433,2,834.99,5,126.92,1713.4
4257,1212,351,3,321.99,5,73.41,991.08
4258,1213,199,1,882.99,15,60.04,810.58
4259,1213,306,4,842.99,15,229.29,3095.46
4260,1214,380,1,1349.99,5,102.6,1385.09
4261,1214,301,2,517.99,0,82.88,1118.86
4262,1214,330,1,791.99,5,60.19,812.58
4263,1214,253,4,978.99,0,313.28,4229.24
4264,1214,354,4,946.99,0,303.04,4091
4265,1215,345,1,1180.99,0,94.48,1275.47
4266,1215,374,3,1025.99,10,221.61,2991.78
4267,1215,357,4,481.99,15,131.1,1769.87
4268,1216,356,4,328.99,15,89.49,1208.06
4269,1216,4,2,935.99,0,149.76,2021.74
4270,1216,43,2,423.99,10,61.05,824.23
4271,1216,159,1,229.99,10,16.56,223.55
4272,1216,431,3,124.99,0,30,404.97
4273,1216,267,1,1201.99,5,91.35,1233.24
4274,1217,186,3,937.99,10,202.61,2735.18
4275,1218,444,4,682.99,10,196.7,2655.46
4276,1219,36,4,624.99,10,180,2429.96
4277,1219,177,2,1234.99,5,187.72,2534.2
4278,1219,19,1,1251.99,0,100.16,1352.15
4279,1220,340,2,1235.99,5,187.87,2536.25
4280,1220,453,4,351.99,0,112.64,1520.6
4281,1220,414,4,1426.99,5,433.8,5856.36
4282,1220,388,1,1182.99,0,94.64,1277.63
4283,1220,498,1,525.99,10,37.87,511.26
4284,1221,157,4,33.99,10,9.79,132.15
4285,1221,67,3,879.99,10,190.08,2566.05
4286,1221,174,3,688.99,5,157.09,2120.71
4287,1222,92,3,1065.99,10,230.25,3108.42
4288,1222,106,3,151.99,15,31.01,418.58
4289,1222,73,2,1030.99,0,164.96,2226.94
4290,1222,257,3,1143.99,15,233.37,3150.54
4291,1223,74,3,143.99,10,31.1,419.87
4292,1223,284,3,1112.99,5,253.76,3425.78
4293,1223,385,3,1224.99,0,294,3968.97
4294,1223,471,4,873.99,0,279.68,3775.64
4295,1223,197,3,659.99,0,158.4,2138.37
4296,1223,125,4,1036.99,15,282.06,3807.83
4297,1224,281,4,1147.99,0,367.36,4959.32
4298,1224,31,1,542.99,10,39.1,527.79
4299,1224,58,4,1408.99,10,405.79,5478.15
4300,1224,434,2,1392.99,15,189.45,2557.53
4301,1225,204,1,1355.99,5,103.06,1391.25
4302,1225,385,2,1224.99,5,186.2,2513.68
4303,1225,87,3,1443.99,10,311.9,4210.67
4304,1225,92,3,1065.99,0,255.84,3453.81
4305,1226,38,3,385.99,10,83.37,1125.54
4306,1226,431,4,124.99,0,40,539.96
4307,1227,365,3,1002.99,15,204.61,2762.23
4308,1227,341,2,558.99,10,80.49,1086.67
4309,1227,415,1,1290.99,10,92.95,1254.84
4310,1227,151,3,683.99,0,164.16,2216.13
4311,1227,158,1,1369.99,10,98.64,1331.63
4312,1227,469,3,489.99,0,117.6,1587.57
4313,1228,457,1,929.99,15,63.24,853.73
4314,1228,498,1,525.99,5,39.98,539.67
4315,1229,459,2,868.99,0,139.04,1877.02
4316,1230,69,4,998.99,5,303.69,4099.85
4317,1230,389,4,1452.99,15,395.21,5335.38
4318,1230,210,3,919.99,0,220.8,2980.77
4319,1231,275,4,329.99,10,95.04,1283
4320,1232,202,3,721.99,5,164.61,2222.28
4321,1232,457,3,929.99,5,212.04,2862.51
4322,1232,207,3,1123.99,0,269.76,3641.73
4323,1232,445,4,20.99,5,6.38,86.14
4324,1232,167,3,715.99,5,163.25,2203.82
4325,1233,104,3,1343.99,10,290.3,3919.07
4326,1233,391,1,1383.99,10,99.65,1345.24
4327,1233,420,4,653.99,10,188.35,2542.71
4328,1233,421,2,1020.99,15,138.85,1874.53
4329,1234,302,4,1319.99,10,380.16,5132.12
4330,1235,300,1,991.99,5,75.39,1017.78
4331,1235,244,1,42.99,5,3.27,44.11
4332,1235,47,2,498.99,15,67.86,916.14
4333,1235,45,1,896.99,10,64.58,871.87
4334,1235,259,2,491.99,15,66.91,903.29
4335,1236,438,2,1482.99,5,225.41,3043.09
4336,1236,422,1,572.99,0,45.84,618.83
4337,1237,326,2,879.99,5,133.76,1805.74
4338,1237,107,4,384.99,5,117.04,1580
4339,1237,291,2,1046.99,15,142.39,1922.27
4340,1238,281,1,1147.99,5,87.25,1177.84
4341,1238,179,2,251.99,10,36.29,489.87
4342,1238,460,3,1118.99,10,241.7,3262.97
4343,1238,259,1,491.99,15,33.46,451.65
4344,1238,479,2,1129.99,10,162.72,2196.7
4345,1238,74,4,143.99,0,46.08,622.04
4346,1239,38,1,385.99,0,30.88,416.87
4347,1239,247,1,1255.99,10,90.43,1220.82
4348,1239,261,1,718.99,0,57.52,776.51
4349,1239,471,1,873.99,5,66.42,896.71
4350,1240,429,2,940.99,5,143.03,1930.91
4351,1240,314,2,159.99,0,25.6,345.58
4352,1241,411,4,1232.99,15,335.37,4527.54
4353,1241,87,3,1443.99,0,346.56,4678.53
4354,1242,497,2,681.99,5,103.66,1399.44
4355,1242,37,3,303.99,10,65.66,886.43
4356,1242,287,3,549.99,15,112.2,1514.67
4357,1242,252,1,896.99,10,64.58,871.87
4358,1242,233,1,133.99,15,9.11,123
4359,1242,47,2,498.99,15,67.86,916.14
4360,1243,244,4,42.99,10,12.38,167.14
4361,1243,119,3,975.99,5,222.53,3004.1
4362,1244,195,2,420.99,0,67.36,909.34
4363,1245,374,4,1025.99,0,328.32,4432.28
4364,1245,56,3,425.99,0,102.24,1380.21
4365,1245,168,2,387.99,5,58.97,796.15
4366,1245,137,2,1014.99,15,138.04,1863.52
4367,1245,41,2,549.99,0,88,1187.98
4368,1246,422,2,572.99,5,87.09,1175.77
4369,1246,111,3,282.99,15,57.73,779.35
4370,1246,182,4,766.99,0,245.44,3313.4
4371,1247,207,4,1123.99,5,341.69,4612.85
4372,1248,48,3,1148.99,5,261.97,3536.59
4373,1248,358,3,94.99,10,20.52,276.99
4374,1248,105,2,1499.99,0,240,3239.98
4375,1248,339,3,200.99,10,43.41,586.08
4376,1249,358,4,94.99,10,27.36,369.32
4377,1249,16,1,809.99,0,64.8,874.79
4378,1249,460,3,1118.99,15,228.27,3081.69
4379,1249,254,3,621.99,10,134.35,1813.72
4380,1250,274,2,729.99,10,105.12,1419.1
4381,1251,265,3,454.99,0,109.2,1474.17
4382,1251,469,3,489.99,5,111.72,1508.19
4383,1251,160,3,1272.99,0,305.52,4124.49
4384,1251,305,1,1235.99,15,84.05,1134.64
4385,1252,170,2,865.99,10,124.7,1683.48
4386,1252,67,4,879.99,10,253.44,3421.4
4387,1252,434,4,1392.99,5,423.47,5716.83
4388,1252,319,1,336.99,5,25.61,345.75
4389,1252,403,1,760.99,10,54.79,739.68
4390,1253,22,3,1226.99,10,265.03,3577.9
4391,1253,147,3,22.99,5,5.24,70.76
4392,1253,483,3,897.99,0,215.52,2909.49
4393,1253,79,3,1262.99,15,257.65,3478.27
4394,1253,408,2,474.99,15,64.6,872.08
4395,1254,110,2,628.99,5,95.61,1290.69
4396,1254,284,3,1112.99,15,227.05,3065.17
4397,1254,363,1,1073.99,10,77.33,1043.92
4398,1254,71,2,1311.99,10,188.93,2550.51
4399,1254,275,4,329.99,0,105.6,1425.56
4400,1254,244,1,42.99,15,2.92,39.46
4401,1255,163,2,911.99,5,138.62,1871.4
4402,1255,180,2,656.99,15,89.35,1206.23
4403,1255,269,2,794.99,10,114.48,1545.46
4404,1256,104,1,1343.99,10,96.77,1306.36
4405,1257,22,4,1226.99,0,392.64,5300.6
4406,1257,194,1,1138.99,15,77.45,1045.59
4407,1258,421,1,1020.99,0,81.68,1102.67
4408,1258,93,4,498.99,0,159.68,2155.64
4409,1258,125,2,1036.99,10,149.33,2015.91
4410,1258,195,2,420.99,10,60.62,818.4
4411,1258,30,3,307.99,0,73.92,997.89
4412,1259,413,2,1416.99,5,215.38,2907.66
4413,1259,482,3,774.99,0,186,2510.97
4414,1259,411,1,1232.99,15,83.84,1131.88
4415,1259,178,1,1071.99,0,85.76,1157.75
4416,1260,225,4,861.99,5,262.04,3537.6
4417,1260,196,4,347.99,10,100.22,1352.98
4418,1260,9,3,896.99,0,215.28,2906.25
4419,1260,233,2,133.99,10,19.29,260.47
4420,1260,436,3,541.99,10,117.07,1580.44
4421,1261,484,1,622.99,10,44.86,605.55
4422,1261,491,1,891.99,5,67.79,915.18
4423,1261,257,4,1143.99,0,366.08,4942.04
4424,1261,327,4,975.99,15,265.47,3583.84
4425,1261,387,3,947.99,5,216.14,2917.91
4426,1261,35,4,1193.99,10,343.87,4642.23
4427,1262,104,3,1343.99,5,306.43,4136.8
4428,1262,76,1,1285.99,0,102.88,1388.87
4429,1262,368,2,1159.99,5,176.32,2380.3
4430,1262,453,4,351.99,15,95.74,1292.51
4431,1262,206,3,1275.99,0,306.24,4134.21
4432,1262,367,1,419.99,0,33.6,453.59
4433,1263,84,3,186.99,0,44.88,605.85
4434,1263,296,4,52.99,10,15.26,206.02
4435,1263,88,3,322.99,10,69.77,941.84
4436,1263,171,3,399.99,15,81.6,1101.57
4437,1263,52,1,449.99,15,30.6,413.09
4438,1264,52,4,449.99,0,144,1943.96
4439,1264,327,2,975.99,15,132.73,1791.91
4440,1264,91,3,1053.99,0,252.96,3414.93
4441,1265,142,2,614.99,5,93.48,1261.96
4442,1265,307,2,1360.99,10,195.98,2645.76
4443,1265,300,2,991.99,10,142.85,1928.43
4444,1266,410,3,169.99,15,34.68,468.15
4445,1266,392,4,691.99,0,221.44,2989.4
4446,1266,417,3,897.99,15,183.19,2473.06
4447,1266,276,2,293.99,15,39.98,539.76
4448,1266,175,1,667.99,0,53.44,721.43
4449,1266,495,2,974.99,15,132.6,1790.08
4450,1267,95,3,449.99,10,97.2,1312.17
4451,1267,46,2,941.99,5,143.18,1932.96
4452,1267,124,4,388.99,15,105.81,1428.38
4453,1268,49,3,124.99,10,27,364.47
4454,1268,328,2,197.99,10,28.51,384.89
4455,1268,182,4,766.99,0,245.44,3313.4
4456,1268,486,3,220.99,5,50.39,680.21
4457,1268,167,4,715.99,5,217.66,2938.42
4458,1268,419,4,351.99,10,101.37,1368.53
4459,1269,51,2,246.99,5,37.54,506.82
4460,1269,168,1,387.99,5,29.49,398.08
4461,1269,491,4,891.99,5,271.16,3660.72
4462,1270,130,2,1187.99,0,190.08,2566.06
4463,1270,384,2,898.99,10,129.45,1747.63
4464,1270,47,1,498.99,10,35.93,485.02
4465,1271,124,4,388.99,10,112.03,1512.39
4466,1271,302,3,1319.99,15,269.28,3635.25
4467,1272,144,1,260.99,15,17.75,239.59
4468,1272,37,4,303.99,0,97.28,1313.24
4469,1272,292,4,907.99,5,276.03,3726.39
4470,1272,363,3,1073.99,10,231.98,3131.75
4471,1273,77,1,453.99,10,32.69,441.28
4472,1274,106,4,151.99,10,43.77,590.93
4473,1274,445,4,20.99,0,6.72,90.68
4474,1275,203,4,992.99,15,270.09,3646.26
4475,1276,462,1,30.99,5,2.36,31.8
4476,1276,460,3,1118.99,0,268.56,3625.53
4477,1277,384,2,898.99,5,136.65,1844.73
4478,1277,288,2,1187.99,0,190.08,2566.06
4479,1277,173,1,682.99,15,46.44,626.98
4480,1277,136,1,182.99,10,13.18,177.87
4481,1277,425,3,817.99,15,166.87,2252.74
4482,1278,444,4,682.99,15,185.77,2507.94
4483,1278,53,2,766.99,0,122.72,1656.7
4484,1278,374,4,1025.99,10,295.49,3989.05
4485,1278,479,1,1129.99,0,90.4,1220.39
4486,1278,472,4,393.99,0,126.08,1702.04
4487,1278,141,2,1173.99,10,169.05,2282.23
4488,1279,197,4,659.99,0,211.2,2851.16
4489,1280,191,4,676.99,10,194.97,2632.13
4490,1280,294,4,184.99,10,53.28,719.24
4491,1280,159,4,229.99,10,66.24,894.2
4492,1281,467,3,827.99,15,168.91,2280.28
4493,1282,175,1,667.99,10,48.1,649.29
4494,1283,321,1,679.99,0,54.4,734.39
4495,1283,436,1,541.99,0,43.36,585.35
4496,1283,196,2,347.99,0,55.68,751.66
4497,1283,318,1,300.99,10,21.67,292.56
4498,1284,149,2,1056.99,0,169.12,2283.1
4499,1284,407,2,160.99,0,25.76,347.74
4500,1284,137,2,1014.99,5,154.28,2082.76
4501,1284,333,2,1238.99,10,178.41,2408.59
4502,1285,390,1,33.99,10,2.45,33.04
4503,1285,214,1,423.99,0,33.92,457.91
4504,1286,232,4,1001.99,15,272.54,3679.31
4505,1286,5,4,1162.99,5,353.55,4772.91
4506,1287,341,4,558.99,5,169.93,2294.09
4507,1288,27,1,788.99,5,59.96,809.5
4508,1288,296,1,52.99,15,3.6,48.64
4509,1289,17,1,517.99,10,37.3,503.49
4510,1289,409,4,773.99,0,247.68,3343.64
4511,1289,384,3,898.99,5,204.97,2767.09
4512,1290,205,1,727.99,15,49.5,668.29
4513,1290,59,2,254.99,15,34.68,468.16
4514,1290,406,1,1125.99,5,85.58,1155.27
4515,1290,500,3,835.99,0,200.64,2708.61
4516,1290,191,3,676.99,15,138.11,1864.43
4517,1291,200,4,330.99,0,105.92,1429.88
4518,1292,63,2,1206.99,5,183.46,2476.74
4519,1293,492,3,494.99,5,112.86,1523.58
4520,1293,255,4,677.99,10,195.26,2636.02
4521,1293,215,1,686.99,0,54.96,741.95
4522,1294,99,4,1421.99,10,409.53,5528.69
4523,1295,454,4,499.99,5,152,2051.96
4524,1295,325,1,527.99,5,40.13,541.72
4525,1295,39,1,1415.99,15,96.29,1299.88
4526,1295,474,3,500.99,5,114.23,1542.05
4527,1295,469,4,489.99,10,141.12,1905.08
4528,1295,245,4,1338.99,5,407.05,5495.21
4529,1296,26,2,270.99,5,41.19,556.07
4530,1296,298,4,1045.99,15,284.51,3840.88
4531,1296,68,3,230.99,15,47.12,636.14
4532,1296,386,2,300.99,0,48.16,650.14
4533,1296,143,1,553.99,10,39.89,538.48
4534,1296,474,2,500.99,5,76.15,1028.03
4535,1297,476,2,732.99,5,111.41,1504.09
4536,1297,211,3,440.99,10,95.25,1285.92
4537,1297,282,1,427.99,10,30.82,416.01
4538,1298,290,4,963.99,5,293.05,3956.21
4539,1298,221,4,1084.99,0,347.2,4687.16
4540,1298,152,1,47.99,0,3.84,51.83
4541,1298,271,1,242.99,10,17.5,236.19
4542,1298,156,2,1366.99,5,207.78,2805.06
4543,1299,101,1,1394.99,5,106.02,1431.26
4544,1300,460,4,1118.99,5,340.17,4592.33
4545,1300,350,1,1204.99,10,86.76,1171.25
4546,1301,97,2,432.99,10,62.35,841.73
4547,1301,110,2,628.99,5,95.61,1290.69
4548,1301,393,1,363.99,5,27.66,373.45
4549,1301,286,3,365.99,10,79.05,1067.22
4550,1301,427,1,378.99,10,27.29,368.38
4551,1301,158,2,1369.99,5,208.24,2811.22
4552,1302,348,2,586.99,0,93.92,1267.9
4553,1303,262,4,140.99,15,38.35,517.72
4554,1303,313,3,1158.99,15,236.43,3191.85
4555,1303,172,2,1080.99,5,164.31,2218.19
4556,1304,367,1,419.99,10,30.24,408.23
4557,1304,2,1,102.99,10,7.42,100.11
4558,1304,129,4,251.99,5,76.6,1034.16
4559,1304,119,1,975.99,15,66.37,895.96
4560,1304,7,1,814.99,0,65.2,880.19
4561,1305,321,1,679.99,10,48.96,660.95
4562,1305,149,3,1056.99,10,228.31,3082.18
4563,1305,101,4,1394.99,5,424.08,5725.04
4564,1305,96,4,545.99,5,165.98,2240.74
4565,1306,319,3,336.99,5,76.83,1037.25
4566,1306,436,2,541.99,5,82.38,1112.16
4567,1306,71,4,1311.99,5,398.84,5384.4
4568,1307,202,2,721.99,10,103.97,1403.55
4569,1308,114,3,879.99,15,179.52,2423.49
4570,1308,53,1,766.99,0,61.36,828.35
4571,1309,185,4,252.99,10,72.86,983.62
4572,1310,459,1,868.99,5,66.04,891.58
4573,1310,441,4,766.99,5,233.16,3147.72
4574,1310,101,1,1394.99,0,111.6,1506.59
4575,1310,348,1,586.99,10,42.26,570.55
4576,1311,405,1,33.99,15,2.31,31.2
4577,1311,360,4,407.99,0,130.56,1762.52
4578,1312,337,3,1160.99,10,250.77,3385.44
4579,1312,402,3,723.99,5,165.07,2228.44
4580,1312,314,2,159.99,0,25.6,345.58
4581,1313,61,4,130.99,15,35.63,481
4582,1314,457,2,929.99,10,133.92,1807.9
4583,1314,20,1,632.99,5,48.11,649.45
4584,1314,412,3,1121.99,15,228.89,3089.96
4585,1314,157,1,33.99,15,2.31,31.2
4586,1314,312,1,522.99,5,39.75,536.59
4587,1315,16,4,809.99,15,220.32,2974.29
4588,1315,56,1,425.99,5,32.38,437.07
4589,1315,54,3,685.99,0,164.64,2222.61
4590,1315,330,1,791.99,5,60.19,812.58
4591,1315,153,3,850.99,5,194.03,2619.35
4592,1316,221,1,1084.99,10,78.12,1054.61
4593,1316,233,4,133.99,5,40.73,549.89
4594,1317,248,1,804.99,15,54.74,738.98
4595,1317,95,4,449.99,5,136.8,1846.76
4596,1317,266,4,232.99,5,70.83,956.19
4597,1317,442,1,799.99,15,54.4,734.39
4598,1317,332,2,1276.99,0,204.32,2758.3
4599,1318,162,1,259.99,10,18.72,252.71
4600,1318,138,4,1243.99,10,358.27,4836.63
4601,1318,94,3,827.99,0,198.72,2682.69
4602,1318,15,3,1374.99,10,297,4009.47
4603,1319,263,4,787.99,10,226.94,3063.7
4604,1320,263,1,787.99,15,53.58,723.37
4605,1320,471,2,873.99,15,118.86,1604.64
4606,1320,484,4,622.99,15,169.45,2287.62
4607,1320,40,2,506.99,10,73.01,985.59
4608,1320,194,1,1138.99,0,91.12,1230.11
4609,1321,162,2,259.99,10,37.44,505.42
4610,1321,281,4,1147.99,0,367.36,4959.32
4611,1321,50,2,1364.99,15,185.64,2506.12
4612,1321,489,3,800.99,10,173.01,2335.68
4613,1321,357,1,481.99,5,36.63,494.52
4614,1322,386,4,300.99,5,91.5,1235.26
4615,1322,232,3,1001.99,0,240.48,3246.45
4616,1322,337,1,1160.99,10,83.59,1128.48
4617,1322,267,1,1201.99,10,86.54,1168.33
4618,1322,268,2,1229.99,10,177.12,2391.1
4619,1322,46,1,941.99,5,71.59,966.48
4620,1323,50,2,1364.99,5,207.48,2800.96
4621,1323,48,1,1148.99,5,87.32,1178.86
4622,1323,210,2,919.99,0,147.2,1987.18
4623,1323,321,1,679.99,10,48.96,660.95
4624,1323,361,3,531.99,15,108.53,1465.1
4625,1324,143,1,553.99,0,44.32,598.31
4626,1324,242,1,1500.99,5,114.08,1540.02
4627,1324,106,4,151.99,0,48.64,656.6
4628,1325,230,3,875.99,10,189.21,2554.38
4629,1325,425,4,817.99,15,222.49,3003.66
4630,1325,37,3,303.99,5,69.31,935.68
4631,1325,246,1,1215.99,15,82.69,1116.28
4632,1325,264,2,1444.99,0,231.2,3121.18
4633,1325,293,3,1158.99,15,236.43,3191.85
4634,1326,356,3,328.99,15,67.11,906.03
4635,1326,461,3,345.99,5,78.89,1064.96
4636,1326,311,1,1079.99,15,73.44,991.43
4637,1326,340,4,1235.99,0,395.52,5339.48
4638,1327,13,3,241.99,15,49.37,666.44
4639,1327,251,2,134.99,10,19.44,262.42
4640,1328,105,4,1499.99,5,456,6155.96
4641,1328,50,2,1364.99,10,196.56,2653.54
4642,1328,122,1,1350.99,10,97.27,1313.16
4643,1328,391,4,1383.99,0,442.88,5978.84
4644,1328,150,1,335.99,10,24.19,326.58
4645,1328,318,3,300.99,0,72.24,975.21
4646,1329,254,3,621.99,5,141.81,1914.48
4647,1329,270,4,213.99,0,68.48,924.44
4648,1330,246,3,1215.99,15,248.06,3348.83
4649,1330,57,2,461.99,0,73.92,997.9
4650,1330,255,4,677.99,15,184.41,2489.58
4651,1330,28,2,176.99,5,26.9,363.18
4652,1330,48,4,1148.99,10,330.91,4467.27
4653,1331,185,3,252.99,5,57.68,778.7
4654,1331,409,4,773.99,15,210.53,2842.1
4655,1331,348,1,586.99,15,39.92,538.86
4656,1331,151,1,683.99,15,46.51,627.9
4657,1331,148,2,705.99,15,96.01,1296.19
4658,1331,102,4,1242.99,5,377.87,5101.23
4659,1332,26,3,270.99,10,58.53,790.2
4660,1333,150,3,335.99,10,72.57,979.74
4661,1333,435,4,214.99,0,68.8,928.76
4662,1333,6,4,98.99,15,26.93,363.5
4663,1333,456,1,1330.99,10,95.83,1293.72
4664,1333,495,2,974.99,10,140.4,1895.38
4665,1334,197,4,659.99,5,200.64,2708.6
4666,1334,383,2,888.99,0,142.24,1920.22
4667,1334,492,4,494.99,5,150.48,2031.44
4668,1334,121,2,318.99,0,51.04,689.02
4669,1334,381,2,1077.99,0,172.48,2328.46
4670,1335,92,4,1065.99,10,307.01,4144.57
4671,1336,203,2,992.99,10,142.99,1930.37
4672,1336,376,2,121.99,5,18.54,250.32
4673,1336,249,3,462.99,10,100.01,1350.08
4674,1337,97,3,432.99,5,98.72,1332.74
4675,1337,138,1,1243.99,15,84.59,1141.98
4676,1337,25,4,109.99,0,35.2,475.16
4677,1337,365,2,1002.99,10,144.43,1949.81
4678,1337,494,2,1384.99,5,210.52,2842
4679,1337,473,1,1377.99,0,110.24,1488.23
4680,1338,27,2,788.99,0,126.24,1704.22
4681,1338,313,1,1158.99,5,88.08,1189.12
4682,1338,465,2,1287.99,0,206.08,2782.06
4683,1338,154,4,156.99,15,42.7,576.47
4684,1338,40,3,506.99,0,121.68,1642.65
4685,1338,281,3,1147.99,15,234.19,3161.56
4686,1339,116,4,1096.99,5,333.48,4502.04
4687,1339,360,4,407.99,15,110.97,1498.14
4688,1339,376,3,121.99,0,29.28,395.25
4689,1339,482,3,774.99,5,176.7,2385.42
4690,1339,488,1,732.99,5,55.71,752.05
4691,1340,4,1,935.99,15,63.65,859.24
4692,1340,355,4,45.99,10,13.25,178.81
4693,1340,17,2,517.99,15,70.45,951.03
4694,1340,215,1,686.99,5,52.21,704.85
4695,1340,71,1,1311.99,15,89.22,1204.41
4696,1340,70,3,453.99,15,92.61,1250.28
4697,1341,318,1,300.99,15,20.47,276.31
4698,1342,104,3,1343.99,15,274.17,3701.34
4699,1342,126,1,1486.99,0,118.96,1605.95
4700,1342,226,4,278.99,10,80.35,1084.71
4701,1342,180,2,656.99,0,105.12,1419.1
4702,1342,446,1,169.99,0,13.6,183.59
4703,1343,397,4,635.99,10,183.17,2472.73
4704,1343,466,2,796.99,10,114.77,1549.35
4705,1343,72,1,436.99,0,34.96,471.95
4706,1344,112,3,652.99,15,133.21,1798.33
4707,1344,474,1,500.99,10,36.07,486.96
4708,1344,198,1,1083.99,5,82.38,1112.17
4709,1344,254,3,621.99,15,126.89,1712.96
4710,1344,330,1,791.99,0,63.36,855.35
4711,1344,283,4,63.99,0,20.48,276.44
4712,1345,218,4,790.99,10,227.81,3075.37
4713,1345,181,3,332.99,10,71.93,971
4714,1345,58,2,1408.99,0,225.44,3043.42
4715,1345,57,1,461.99,15,31.42,424.11
4716,1345,89,2,794.99,15,108.12,1459.6
4717,1345,211,2,440.99,10,63.5,857.28
4718,1346,83,2,549.99,15,74.8,1009.78
4719,1346,322,2,291.99,15,39.71,536.09
4720,1346,494,4,1384.99,10,398.88,5384.84
4721,1346,270,3,213.99,15,43.65,589.32
4722,1346,96,3,545.99,5,124.49,1680.56
4723,1347,110,1,628.99,0,50.32,679.31
4724,1347,413,3,1416.99,15,289.07,3902.39
4725,1348,396,1,777.99,10,56.02,756.21
4726,1348,486,4,220.99,5,67.18,906.94
4727,1349,181,3,332.99,5,75.92,1024.94
4728,1349,9,3,896.99,10,193.75,2615.62
4729,1350,289,3,1112.99,15,227.05,3065.17
4730,1350,182,2,766.99,5,116.58,1573.86
4731,1351,177,4,1234.99,10,355.68,4801.64
4732,1351,334,3,597.99,5,136.34,1840.61
4733,1351,453,1,351.99,0,28.16,380.15
4734,1351,235,3,1232.99,10,266.33,3595.4
4735,1351,463,4,1279.99,15,348.16,4700.13
4736,1351,383,3,888.99,0,213.36,2880.33
4737,1352,294,1,184.99,0,14.8,199.79
4738,1352,226,1,278.99,5,21.2,286.24
4739,1352,316,2,1218.99,5,185.29,2501.37
4740,1352,233,3,133.99,5,30.55,412.42
4741,1352,15,3,1374.99,5,313.5,4232.22
4742,1353,26,1,270.99,5,20.6,278.04
4743,1354,165,1,1057.99,5,80.41,1085.5
4744,1354,477,4,1192.99,10,343.58,4638.34
4745,1354,294,2,184.99,10,26.64,359.62
4746,1355,113,3,549.99,10,118.8,1603.77
4747,1355,427,4,378.99,10,109.15,1473.51
4748,1355,351,3,321.99,10,69.55,938.92
4749,1356,465,4,1287.99,10,370.94,5007.7
4750,1357,85,1,978.99,15,66.57,898.71
4751,1358,147,3,22.99,0,5.52,74.49
4752,1358,343,3,758.99,10,163.94,2213.21
4753,1358,22,3,1226.99,10,265.03,3577.9
4754,1358,498,4,525.99,0,168.32,2272.28
4755,1358,61,2,130.99,5,19.91,268.79
4756,1358,85,3,978.99,10,211.46,2854.73
4757,1359,95,1,449.99,15,30.6,413.09
4758,1359,284,1,1112.99,10,80.14,1081.83
4759,1359,63,1,1206.99,10,86.9,1173.19
4760,1359,480,1,833.99,0,66.72,900.71
4761,1359,149,2,1056.99,0,169.12,2283.1
4762,1359,222,3,1259.99,5,287.28,3878.25
4763,1360,227,4,1337.99,15,363.93,4913.1
4764,1360,481,4,413.99,10,119.23,1609.59
4765,1360,346,1,406.99,10,29.3,395.59
4766,1360,248,1,804.99,15,54.74,738.98
4767,1361,240,3,1188.99,0,285.36,3852.33
4768,1361,186,2,937.99,0,150.08,2026.06
4769,1361,36,1,624.99,5,47.5,641.24
4770,1361,41,2,549.99,10,79.2,1069.18
4771,1361,386,1,300.99,0,24.08,325.07
4772,1361,142,1,614.99,15,41.82,564.56
4773,1362,444,1,682.99,15,46.44,626.98
4774,1362,354,3,946.99,15,193.19,2608.01
4775,1362,278,1,714.99,0,57.2,772.19
4776,1363,104,4,1343.99,15,365.57,4935.14
4777,1363,102,4,1242.99,0,397.76,5369.72
4778,1363,136,2,182.99,10,26.35,355.73
4779,1363,12,2,403.99,0,64.64,872.62
4780,1364,266,2,232.99,0,37.28,503.26
4781,1364,383,1,888.99,10,64.01,864.1
4782,1364,211,1,440.99,0,35.28,476.27
4783,1365,279,2,814.99,5,123.88,1672.36
4784,1365,223,4,526.99,0,168.64,2276.6
4785,1365,490,2,968.99,10,139.53,1883.71
4786,1365,438,3,1482.99,10,320.33,4324.4
4787,1365,94,4,827.99,10,238.46,3219.22
4788,1365,341,2,558.99,15,76.02,1026.3
4789,1366,363,2,1073.99,5,163.25,2203.83
4790,1366,187,1,1184.99,0,94.8,1279.79
4791,1366,368,3,1159.99,0,278.4,3758.37
4792,1366,22,1,1226.99,10,88.34,1192.63
4793,1366,129,4,251.99,10,72.57,979.73
4794,1366,73,4,1030.99,5,313.42,4231.18
4795,1367,134,1,290.99,10,20.95,282.84
4796,1367,103,4,310.99,5,94.54,1276.3
4797,1368,440,2,637.99,15,86.77,1171.35
4798,1368,446,1,169.99,5,12.92,174.41
4799,1369,477,4,1192.99,5,362.67,4896.03
4800,1369,153,4,850.99,10,245.09,3308.65
4801,1369,337,1,1160.99,15,78.95,1065.79
4802,1369,396,3,777.99,10,168.05,2268.62
4803,1369,167,3,715.99,5,163.25,2203.82
4804,1369,213,4,700.99,5,213.1,2876.86
4805,1370,441,1,766.99,0,61.36,828.35
4806,1370,265,2,454.99,10,65.52,884.5
4807,1370,423,2,1494.99,5,227.24,3067.72
4808,1370,125,4,1036.99,10,298.65,4031.81
4809,1370,328,3,197.99,15,40.39,545.26
4810,1371,442,2,799.99,5,121.6,1641.58
4811,1371,244,4,42.99,5,13.07,176.43
4812,1371,307,1,1360.99,15,92.55,1249.39
4813,1371,227,2,1337.99,0,214.08,2890.06
4814,1372,54,4,685.99,15,186.59,2518.96
4815,1373,392,4,691.99,0,221.44,2989.4
4816,1373,459,2,868.99,15,118.18,1595.46
4817,1373,94,1,827.99,15,56.3,760.09
4818,1373,163,1,911.99,10,65.66,886.45
4819,1373,76,1,1285.99,15,87.45,1180.54
4820,1374,192,2,192.99,5,29.33,396.01
4821,1375,93,3,498.99,0,119.76,1616.73
4822,1375,107,3,384.99,10,83.16,1122.63
4823,1375,449,1,634.99,0,50.8,685.79
4824,1375,431,3,124.99,0,30,404.97
4825,1375,170,3,865.99,10,187.05,2525.22
4826,1375,80,4,811.99,15,220.86,2981.63
4827,1376,123,1,271.99,15,18.5,249.69
4828,1376,419,1,351.99,5,26.75,361.14
4829,1376,377,4,808.99,10,232.99,3145.35
4830,1376,237,4,1263.99,5,384.25,5187.41
4831,1376,49,1,124.99,0,10,134.99
4832,1376,279,2,814.99,5,123.88,1672.36
4833,1377,301,4,517.99,10,149.18,2013.94
4834,1377,359,2,147.99,15,20.13,271.71
4835,1378,52,3,449.99,10,97.2,1312.17
4836,1378,68,4,230.99,5,70.22,947.98
4837,1378,126,1,1486.99,15,101.12,1365.06
4838,1378,109,2,1104.99,10,159.12,2148.1
4839,1378,113,1,549.99,10,39.6,534.59
4840,1379,289,1,1112.99,15,75.68,1021.72
4841,1379,91,3,1053.99,10,227.66,3073.43
4842,1379,319,4,336.99,10,97.05,1310.21
4843,1379,192,2,192.99,10,27.79,375.17
4844,1380,338,2,674.99,15,91.8,1239.28
4845,1380,360,4,407.99,5,124.03,1674.39
4846,1380,55,2,856.99,5,130.26,1758.54
4847,1380,204,1,1355.99,10,97.63,1318.02
4848,1381,191,1,676.99,15,46.04,621.48
4849,1381,388,2,1182.99,10,170.35,2299.73
4850,1381,80,1,811.99,5,61.71,833.1
4851,1382,266,1,232.99,10,16.78,226.47
4852,1382,346,4,406.99,5,123.72,1670.28
4853,1382,125,2,1036.99,10,149.33,2015.91
4854,1383,20,2,632.99,10,91.15,1230.53
4855,1384,258,1,277.99,5,21.13,285.22
4856,1384,396,1,777.99,10,56.02,756.21
4857,1384,174,3,688.99,5,157.09,2120.71
4858,1385,329,3,464.99,5,106.02,1431.24
4859,1385,368,3,1159.99,15,236.64,3194.61
4860,1385,444,3,682.99,15,139.33,1880.95
4861,1385,294,3,184.99,5,42.18,569.4
4862,1385,253,3,978.99,5,223.21,3013.33
4863,1386,472,1,393.99,5,29.94,404.23
4864,1386,468,2,757.99,10,109.15,1473.53
4865,1386,191,2,676.99,15,92.07,1242.95
4866,1386,246,3,1215.99,5,277.25,3742.82
4867,1387,356,4,328.99,15,89.49,1208.06
4868,1387,123,3,271.99,10,58.75,793.12
4869,1387,374,2,1025.99,0,164.16,2216.14
4870,1387,428,4,160.99,5,48.94,660.7
4871,1387,134,2,290.99,5,44.23,597.11
4872,1387,470,2,203.99,10,29.37,396.55
4873,1388,461,3,345.99,15,70.58,952.85
4874,1388,269,1,794.99,15,54.06,729.8
4875,1388,499,1,1078.99,10,77.69,1048.78
4876,1388,74,2,143.99,0,23.04,311.02
4877,1388,449,4,634.99,10,182.88,2468.84
4878,1388,342,4,1071.99,0,343.04,4631
4879,1389,117,3,957.99,10,206.93,2793.5
4880,1389,77,4,453.99,0,145.28,1961.24
4881,1389,496,4,484.99,15,131.92,1780.89
4882,1390,396,3,777.99,5,177.38,2394.65
4883,1390,83,1,549.99,5,41.8,564.29
4884,1390,322,4,291.99,5,88.76,1198.32
4885,1390,18,2,825.99,15,112.33,1516.51
4886,1390,427,1,378.99,5,28.8,388.84
4887,1391,1,1,524.99,0,42,566.99
4888,1392,184,2,446.99,5,67.94,917.22
4889,1392,458,4,449.99,15,122.4,1652.37
4890,1392,96,2,545.99,0,87.36,1179.34
4891,1392,467,2,827.99,10,119.23,1609.61
4892,1392,292,2,907.99,5,138.01,1863.19
4893,1393,335,1,758.99,10,54.65,737.74
4894,1393,462,1,30.99,0,2.48,33.47
4895,1393,450,3,670.99,0,161.04,2174.01
4896,1393,325,4,527.99,0,168.96,2280.92
4897,1393,62,4,516.99,0,165.44,2233.4
4898,1394,456,1,1330.99,5,101.16,1365.6
4899,1394,137,1,1014.99,0,81.2,1096.19
4900,1394,47,3,498.99,10,107.78,1455.05
4901,1395,62,3,516.99,5,117.87,1591.29
4902,1395,367,3,419.99,5,95.76,1292.73
4903,1395,207,3,1123.99,10,242.78,3277.55
4904,1395,400,4,1305.99,0,417.92,5641.88
4905,1396,14,1,1137.99,5,86.49,1167.58
4906,1396,424,1,823.99,0,65.92,889.91
4907,1396,47,2,498.99,10,71.85,970.03
4908,1396,289,3,1112.99,10,240.41,3245.48
4909,1397,411,2,1232.99,15,167.69,2263.77
4910,1397,182,2,766.99,0,122.72,1656.7
4911,1397,40,4,506.99,15,137.9,1861.67
4912,1397,421,3,1020.99,0,245.04,3308.01
4913,1398,368,1,1159.99,15,78.88,1064.87
4914,1398,298,1,1045.99,5,79.5,1073.19
4915,1398,21,4,683.99,0,218.88,2954.84
4916,1399,396,1,777.99,5,59.13,798.22
4917,1399,388,3,1182.99,5,269.72,3641.24
4918,1399,257,3,1143.99,15,233.37,3150.54
4919,1399,225,4,861.99,0,275.84,3723.8
4920,1399,242,3,1500.99,5,342.23,4620.05
4921,1399,211,4,440.99,10,127.01,1714.57
4922,1400,50,1,1364.99,0,109.2,1474.19
4923,1400,112,4,652.99,15,177.61,2397.78
4924,1400,139,2,1205.99,5,183.31,2474.69
4925,1400,374,4,1025.99,15,279.07,3767.44
4926,1401,440,3,637.99,0,153.12,2067.09
4927,1401,233,4,133.99,15,36.45,492.02
4928,1401,494,1,1384.99,15,94.18,1271.42
4929,1402,92,2,1065.99,10,153.5,2072.28
4930,1403,493,3,451.99,10,97.63,1318
4931,1403,384,4,898.99,0,287.68,3883.64
4932,1403,225,4,861.99,0,275.84,3723.8
4933,1403,278,3,714.99,15,145.86,1969.08
4934,1403,392,3,691.99,5,157.77,2129.94
4935,1404,420,1,653.99,15,44.47,600.36
4936,1405,314,4,159.99,10,46.08,622.04
4937,1405,274,3,729.99,5,166.44,2246.91
4938,1406,135,3,933.99,5,212.95,2874.82
4939,1406,487,1,417.99,15,28.42,383.71
4940,1407,460,3,1118.99,10,241.7,3262.97
4941,1407,131,2,371.99,5,56.54,763.32
4942,1407,434,1,1392.99,0,111.44,1504.43
4943,1407,322,1,291.99,0,23.36,315.35
4944,1408,412,1,1121.99,15,76.3,1029.99
4945,1408,204,1,1355.99,10,97.63,1318.02
4946,1408,449,2,634.99,15,86.36,1165.84
4947,1408,437,3,257.99,10,55.73,752.3
4948,1409,77,1,453.99,10,32.69,441.28
4949,1409,342,3,1071.99,5,244.41,3299.58
4950,1409,429,4,940.99,5,286.06,3861.82
4951,1409,319,1,336.99,15,22.92,309.36
4952,1409,71,2,1311.99,0,209.92,2833.9
4953,1409,139,4,1205.99,5,366.62,4949.38
4954,1410,212,1,893.99,10,64.37,868.96
4955,1410,70,4,453.99,5,138.01,1863.17
4956,1410,202,4,721.99,15,196.38,2651.15
4957,1410,317,2,1482.99,10,213.55,2882.93
4958,1410,259,2,491.99,5,74.78,1009.56
4959,1410,69,4,998.99,0,319.68,4315.64
4960,1411,92,3,1065.99,10,230.25,3108.42
4961,1411,65,3,72.99,10,15.77,212.84
4962,1411,297,1,1086.99,0,86.96,1173.95
4963,1411,331,4,1061.99,0,339.84,4587.8
4964,1411,200,2,330.99,10,47.66,643.44
4965,1412,367,2,419.99,0,67.2,907.18
4966,1412,466,3,796.99,0,191.28,2582.25
4967,1412,193,1,973.99,10,70.13,946.72
4968,1413,301,4,517.99,15,140.89,1902.06
4969,1413,343,4,758.99,5,230.73,3114.89
4970,1413,44,4,586.99,5,178.44,2409
4971,1413,1,4,524.99,10,151.2,2041.16
4972,1413,36,2,624.99,15,85,1147.48
4973,1413,402,2,723.99,15,98.46,1329.24
4974,1414,492,4,494.99,5,150.48,2031.44
4975,1414,378,1,1307.99,0,104.64,1412.63
4976,1414,53,3,766.99,0,184.08,2485.05
4977,1414,397,1,635.99,10,45.79,618.18
4978,1415,314,1,159.99,0,12.8,172.79
4979,1415,383,4,888.99,10,256.03,3456.39
4980,1416,185,2,252.99,0,40.48,546.46
4981,1416,326,3,879.99,10,190.08,2566.05
4982,1417,15,2,1374.99,5,209,2821.48
4983,1417,300,3,991.99,10,214.27,2892.64
4984,1417,424,4,823.99,10,237.31,3203.67
4985,1417,116,2,1096.99,0,175.52,2369.5
4986,1418,239,2,133.99,0,21.44,289.42
4987,1419,192,3,192.99,5,44,594.02
4988,1419,450,3,670.99,0,161.04,2174.01
4989,1419,93,4,498.99,10,143.71,1940.07
4990,1420,201,2,501.99,0,80.32,1084.3
4991,1420,475,3,1263.99,10,273.02,3685.79
4992,1420,339,3,200.99,15,41,553.52
4993,1421,256,4,395.99,10,114.05,1539.61
4994,1422,290,4,963.99,10,277.63,3747.99
4995,1422,191,1,676.99,15,46.04,621.48
4996,1423,106,3,151.99,10,32.83,443.2
4997,1423,27,3,788.99,15,160.95,2172.87
4998,1424,144,3,260.99,10,56.37,761.04
4999,1424,146,3,26.99,10,5.83,78.7
5000,1424,482,1,774.99,5,58.9,795.14
5001,1424,396,2,777.99,5,118.25,1596.43
5002,1424,273,1,1167.99,5,88.77,1198.36
5003,1425,234,3,405.99,5,92.57,1249.64
5004,1425,226,1,278.99,15,18.97,256.11
5005,1426,126,4,1486.99,15,404.46,5460.23
5006,1426,483,3,897.99,5,204.74,2764.01
5007,1426,20,4,632.99,15,172.17,2324.34
5008,1426,170,1,865.99,5,65.82,888.51
5009,1426,411,2,1232.99,10,177.55,2396.93
5010,1426,280,3,1103.99,5,251.71,3398.08
5011,1427,478,2,296.99,10,42.77,577.35
5012,1428,363,3,1073.99,10,231.98,3131.75
5013,1428,138,4,1243.99,5,378.17,5105.33
5014,1429,48,2,1148.99,0,183.84,2481.82
5015,1430,246,3,1215.99,0,291.84,3939.81
5016,1430,355,4,45.99,10,13.25,178.81
5017,1430,459,3,868.99,0,208.56,2815.53
5018,1430,315,2,852.99,0,136.48,1842.46
5019,1430,300,2,991.99,0,158.72,2142.7
5020,1431,423,4,1494.99,5,454.48,6135.44
5021,1432,265,3,454.99,10,98.28,1326.75
5022,1432,202,3,721.99,5,164.61,2222.28
5023,1432,486,1,220.99,10,15.91,214.8
5024,1432,476,4,732.99,0,234.56,3166.52
5025,1433,392,1,691.99,0,55.36,747.35
5026,1433,96,2,545.99,10,78.62,1061.4
5027,1433,266,1,232.99,15,15.84,213.88
5028,1433,185,2,252.99,15,34.41,464.49
5029,1434,385,2,1224.99,0,196,2645.98
5030,1434,197,4,659.99,0,211.2,2851.16
5031,1434,333,4,1238.99,0,396.48,5352.44
5032,1434,486,1,220.99,10,15.91,214.8
5033,1434,25,1,109.99,10,7.92,106.91
5034,1434,112,4,652.99,10,188.06,2538.82
5035,1435,198,1,1083.99,10,78.05,1053.64
5036,1435,124,4,388.99,15,105.81,1428.38
5037,1435,331,4,1061.99,0,339.84,4587.8
5038,1435,472,1,393.99,5,29.94,404.23
5039,1436,400,2,1305.99,15,177.61,2397.79
5040,1436,453,1,351.99,10,25.34,342.13
5041,1436,126,4,1486.99,0,475.84,6423.8
5042,1436,362,3,285.99,0,68.64,926.61
5043,1436,186,3,937.99,5,213.86,2887.13
5044,1437,40,4,506.99,15,137.9,1861.67
5045,1437,484,4,622.99,5,189.39,2556.75
5046,1437,494,1,1384.99,15,94.18,1271.42
5047,1438,374,3,1025.99,5,233.93,3158
5048,1438,393,2,363.99,5,55.33,746.91
5049,1438,476,1,732.99,10,52.78,712.47
5050,1438,197,1,659.99,0,52.8,712.79
5051,1439,314,4,159.99,5,48.64,656.6
5052,1439,125,4,1036.99,10,298.65,4031.81
5053,1440,353,1,155.99,5,11.86,160.05
5054,1440,479,1,1129.99,5,85.88,1159.37
5055,1440,100,3,291.99,15,59.57,804.14
5056,1440,439,4,168.99,0,54.08,730.04
5057,1441,337,1,1160.99,15,78.95,1065.79
5058,1441,490,2,968.99,10,139.53,1883.71
5059,1441,65,3,72.99,5,16.64,224.66
5060,1441,467,2,827.99,0,132.48,1788.46
5061,1442,232,3,1001.99,10,216.43,2921.8
5062,1443,479,2,1129.99,15,153.68,2074.66
5063,1443,135,2,933.99,0,149.44,2017.42
5064,1443,347,3,89.99,15,18.36,247.83
5065,1443,201,1,501.99,15,34.14,460.83
5066,1443,205,3,727.99,15,148.51,2004.88
5067,1444,455,2,1465.99,0,234.56,3166.54
5068,1444,448,3,420.99,0,101.04,1364.01
5069,1445,142,3,614.99,5,140.22,1892.94
5070,1446,69,2,998.99,15,135.86,1834.14
5071,1446,9,4,896.99,10,258.33,3487.49
5072,1447,235,4,1232.99,5,374.83,5060.19
5073,1447,99,2,1421.99,5,216.14,2917.92
5074,1447,122,4,1350.99,15,367.47,4960.84
5075,1448,460,4,1118.99,15,304.37,4108.94
5076,1448,11,2,1445.99,0,231.36,3123.34
5077,1448,409,3,773.99,5,176.47,2382.34
5078,1448,127,4,1200.99,10,345.89,4669.45
5079,1449,359,1,147.99,15,10.06,135.85
5080,1449,497,4,681.99,5,207.32,2798.88
5081,1449,197,2,659.99,5,100.32,1354.3
5082,1450,331,4,1061.99,0,339.84,4587.8
5083,1450,218,1,790.99,10,56.95,768.84
5084,1450,264,2,1444.99,15,196.52,2653
5085,1450,445,2,20.99,0,3.36,45.34
5086,1450,416,2,444.99,5,67.64,913.12
5087,1451,68,4,230.99,5,70.22,947.98
5088,1451,230,4,875.99,5,266.3,3595.06
5089,1451,400,2,1305.99,5,198.51,2679.89
5090,1451,402,1,723.99,0,57.92,781.91
5091,1451,293,2,1158.99,5,176.17,2378.25
5092,1451,330,4,791.99,10,228.09,3079.25
5093,1452,81,4,1111.99,15,302.46,4083.23
5094,1452,388,3,1182.99,5,269.72,3641.24
5095,1452,212,3,893.99,15,182.37,2462.04
5096,1453,368,4,1159.99,0,371.2,5011.16
5097,1454,348,1,586.99,0,46.96,633.95
5098,1454,72,4,436.99,5,132.84,1793.4
5099,1454,68,4,230.99,0,73.92,997.88
5100,1454,452,3,364.99,5,83.22,1123.44
5101,1454,434,3,1392.99,0,334.32,4513.29
5102,1454,477,2,1192.99,10,171.79,2319.17
5103,1455,95,3,449.99,10,97.2,1312.17
5104,1455,208,4,1001.99,0,320.64,4328.6
5105,1455,152,4,47.99,10,13.82,186.58
5106,1456,383,2,888.99,15,120.9,1632.18
5107,1457,1,4,524.99,0,168,2267.96
5108,1457,341,2,558.99,10,80.49,1086.67
5109,1457,313,2,1158.99,0,185.44,2503.42
5110,1457,109,4,1104.99,0,353.6,4773.56
5111,1457,103,1,310.99,10,22.39,302.28
5112,1458,251,1,134.99,5,10.26,138.5
5113,1458,70,3,453.99,0,108.96,1470.93
5114,1459,272,2,425.99,15,57.93,782.11
5115,1459,338,2,674.99,5,102.6,1385.08
5116,1460,470,3,203.99,10,44.06,594.83
5117,1460,128,4,987.99,15,268.73,3627.9
5118,1461,191,4,676.99,15,184.14,2485.91
5119,1461,251,1,134.99,0,10.8,145.79
5120,1461,401,4,487.99,0,156.16,2108.12
5121,1461,153,4,850.99,5,258.7,3492.46
5122,1461,455,2,1465.99,5,222.83,3008.21
5123,1462,165,1,1057.99,15,71.94,971.23
5124,1462,332,2,1276.99,5,194.1,2620.38
5125,1462,329,3,464.99,10,100.44,1355.91
5126,1462,383,2,888.99,5,135.13,1824.21
5127,1462,325,4,527.99,5,160.51,2166.87
5128,1462,110,1,628.99,10,45.29,611.38
5129,1463,196,4,347.99,0,111.36,1503.32
5130,1463,375,2,541.99,15,73.71,995.09
5131,1464,142,4,614.99,0,196.8,2656.76
5132,1464,231,3,121.99,15,24.89,335.96
5133,1464,235,3,1232.99,0,295.92,3994.89
5134,1464,206,4,1275.99,0,408.32,5512.28
5135,1464,452,2,364.99,15,49.64,670.12
5136,1464,189,3,612.99,15,125.05,1688.17
5137,1465,91,2,1053.99,0,168.64,2276.62
5138,1465,347,4,89.99,0,28.8,388.76
5139,1465,108,1,1184.99,10,85.32,1151.81
5140,1465,342,1,1071.99,10,77.18,1041.97
5141,1465,349,2,29.99,5,4.56,61.54
5142,1465,1,3,524.99,15,107.1,1445.82
5143,1466,407,4,160.99,0,51.52,695.48
5144,1466,467,3,827.99,5,188.78,2548.55
5145,1467,416,1,444.99,0,35.6,480.59
5146,1467,155,2,635.99,10,91.58,1236.36
5147,1467,430,1,421.99,10,30.38,410.17
5148,1467,408,2,474.99,0,76,1025.98
5149,1468,263,3,787.99,15,160.75,2170.12
5150,1468,196,4,347.99,10,100.22,1352.98
5151,1468,223,1,526.99,15,35.84,483.78
5152,1468,384,2,898.99,5,136.65,1844.73
5153,1468,488,2,732.99,10,105.55,1424.93
5154,1468,472,1,393.99,15,26.79,361.68
5155,1469,50,2,1364.99,15,185.64,2506.12
5156,1469,19,3,1251.99,15,255.41,3447.98
5157,1470,255,3,677.99,5,154.58,2086.85
5158,1470,352,1,1453.99,5,110.5,1491.79
5159,1471,452,1,364.99,5,27.74,374.48
5160,1471,388,1,1182.99,15,80.44,1085.98
5161,1471,18,4,825.99,10,237.89,3211.45
5162,1471,84,4,186.99,0,59.84,807.8
5163,1471,29,3,573.99,10,123.98,1673.75
5164,1472,11,4,1445.99,0,462.72,6246.68
5165,1472,22,4,1226.99,5,373,5035.56
5166,1472,70,4,453.99,15,123.49,1667.06
5167,1472,493,3,451.99,5,103.05,1391.22
5168,1472,258,3,277.99,5,63.38,855.65
5169,1473,206,2,1275.99,15,173.53,2342.71
5170,1474,318,4,300.99,5,91.5,1235.26
5171,1474,366,3,1373.99,10,296.78,4006.55
5172,1474,367,3,419.99,15,85.68,1156.65
5173,1474,190,1,1002.99,0,80.24,1083.23
5174,1474,230,1,875.99,10,63.07,851.46
5175,1475,395,4,1497.99,15,407.45,5500.62
5176,1475,442,4,799.99,15,217.6,2937.57
5177,1475,233,1,133.99,15,9.11,123
5178,1475,34,4,67.99,15,18.49,249.66
5179,1475,370,3,1201.99,0,288.48,3894.45
5180,1476,135,4,933.99,10,268.99,3631.35
5181,1477,69,1,998.99,10,71.93,971.02
5182,1477,459,1,868.99,10,62.57,844.66
5183,1477,298,1,1045.99,15,71.13,960.22
5184,1477,261,3,718.99,5,163.93,2213.05
5185,1477,70,4,453.99,0,145.28,1961.24
5186,1477,424,4,823.99,0,263.68,3559.64
5187,1478,440,1,637.99,0,51.04,689.03
5188,1478,270,2,213.99,15,29.1,392.88
5189,1478,278,4,714.99,5,217.36,2934.32
5190,1478,256,2,395.99,5,60.19,812.57
5191,1479,113,1,549.99,15,37.4,504.89
5192,1479,149,2,1056.99,15,143.75,1940.63
5193,1480,178,1,1071.99,15,72.9,984.09
5194,1480,489,1,800.99,10,57.67,778.56
5195,1480,243,4,1487.99,5,452.35,6106.71
5196,1480,257,4,1143.99,0,366.08,4942.04
5197,1481,307,3,1360.99,5,310.31,4189.13
5198,1481,292,2,907.99,10,130.75,1765.13
5199,1481,353,1,155.99,10,11.23,151.62
5200,1482,408,3,474.99,15,96.9,1308.12
5201,1482,469,2,489.99,15,66.64,899.62
5202,1483,431,4,124.99,5,38,512.96
5203,1483,491,1,891.99,5,67.79,915.18
5204,1483,453,3,351.99,10,76.03,1026.4
5205,1484,379,2,571.99,5,86.94,1173.72
5206,1484,312,3,522.99,0,125.52,1694.49
5207,1485,92,2,1065.99,5,162.03,2187.41
5208,1485,121,2,318.99,5,48.49,654.57
5209,1486,10,3,551.99,10,119.23,1609.6
5210,1486,164,1,135.99,15,9.25,124.84
5211,1486,264,2,1444.99,15,196.52,2653
5212,1486,177,1,1234.99,15,83.98,1133.72
5213,1486,129,3,251.99,10,54.43,734.8
5214,1486,455,3,1465.99,15,299.06,4037.33
5215,1487,174,4,688.99,15,187.41,2529.98
5216,1487,20,2,632.99,0,101.28,1367.26
5217,1487,164,1,135.99,5,10.34,139.53
5218,1487,362,2,285.99,10,41.18,555.96
5219,1487,294,2,184.99,5,28.12,379.6
5220,1488,409,4,773.99,0,247.68,3343.64
5221,1488,377,1,808.99,15,55.01,742.65
5222,1488,394,2,198.99,15,27.06,365.34
5223,1488,120,4,1301.99,0,416.64,5624.6
5224,1488,159,3,229.99,5,52.44,707.91
5225,1488,236,2,1306.99,5,198.66,2681.94
5226,1489,87,2,1443.99,5,219.49,2963.07
5227,1489,154,1,156.99,10,11.3,152.59
5228,1489,399,2,94.99,15,12.92,174.4
5229,1489,244,2,42.99,15,5.85,78.93
5230,1489,295,4,1309.99,15,356.32,4810.29
5231,1490,105,2,1499.99,15,204,2753.98
5232,1490,285,1,936.99,0,74.96,1011.95
5233,1490,382,1,88.99,15,6.05,81.69
5234,1490,248,2,804.99,0,128.8,1738.78
5235,1491,105,2,1499.99,10,216,2915.98
5236,1491,126,2,1486.99,15,202.23,2730.11
5237,1492,248,4,804.99,10,231.84,3129.8
5238,1493,393,2,363.99,10,52.41,707.59
5239,1493,407,4,160.99,10,46.37,625.93
5240,1493,113,2,549.99,10,79.2,1069.18
5241,1493,343,1,758.99,5,57.68,778.72
5242,1494,128,3,987.99,10,213.41,2880.98
5243,1495,331,3,1061.99,5,242.13,3268.8
5244,1495,243,1,1487.99,0,119.04,1607.03
5245,1495,169,3,755.99,15,154.22,2081.99
5246,1495,408,1,474.99,10,34.2,461.69
5247,1495,24,4,371.99,15,101.18,1365.95
5248,1495,391,1,1383.99,5,105.18,1419.97
5249,1496,100,3,291.99,15,59.57,804.14
5250,1496,149,4,1056.99,15,287.5,3881.27
5251,1496,202,1,721.99,0,57.76,779.75
5252,1497,49,4,124.99,10,36,485.96
5253,1497,371,2,105.99,5,16.11,217.49
5254,1497,245,2,1338.99,0,214.24,2892.22
5255,1497,444,1,682.99,10,49.18,663.87
5256,1497,487,4,417.99,5,127.07,1715.43
5257,1497,305,3,1235.99,5,281.81,3804.38
5258,1498,82,1,807.99,0,64.64,872.63
5259,1499,66,2,276.99,5,42.1,568.38
5260,1499,115,1,548.99,5,41.72,563.26
5261,1500,347,3,89.99,10,19.44,262.41
5262,1500,460,4,1118.99,15,304.37,4108.94
5263,1500,322,2,291.99,0,46.72,630.7
5264,1500,261,2,718.99,10,103.53,1397.71
5265,1500,169,4,755.99,15,205.63,2776
5266,1500,426,3,887.99,0,213.12,2877.09
5267,1501,475,4,1263.99,0,404.48,5460.44
5268,1502,478,3,296.99,0,71.28,962.25
5269,1503,21,3,683.99,10,147.74,1994.51
5270,1503,448,2,420.99,0,67.36,909.34
5271,1503,307,4,1360.99,10,391.97,5291.53
5272,1503,77,3,453.99,5,103.51,1397.38
5273,1504,114,4,879.99,15,239.36,3231.33
5274,1504,187,4,1184.99,10,341.28,4607.24
5275,1504,333,3,1238.99,5,282.49,3813.61
5276,1504,182,3,766.99,15,156.47,2112.29
5277,1504,275,4,329.99,15,89.76,1211.73
5278,1504,175,3,667.99,5,152.3,2056.07
5279,1505,287,1,549.99,10,39.6,534.59
5280,1505,27,3,788.99,0,189.36,2556.33
5281,1505,53,1,766.99,0,61.36,828.35
5282,1505,347,1,89.99,15,6.12,82.61
5283,1506,230,2,875.99,10,126.14,1702.92
5284,1506,32,3,471.99,10,101.95,1376.32
5285,1506,136,1,182.99,5,13.91,187.75
5286,1506,350,1,1204.99,5,91.58,1236.32
5287,1506,463,3,1279.99,15,261.12,3525.09
5288,1507,279,1,814.99,0,65.2,880.19
5289,1508,132,2,728.99,15,99.14,1338.42
5290,1508,386,1,300.99,15,20.47,276.31
5291,1508,68,3,230.99,5,52.67,710.99
5292,1508,366,3,1373.99,10,296.78,4006.55
5293,1509,170,4,865.99,5,263.26,3554.02
5294,1509,259,3,491.99,5,112.17,1514.34
5295,1509,363,2,1073.99,0,171.84,2319.82
5296,1510,407,3,160.99,5,36.71,495.53
5297,1510,451,1,1029.99,0,82.4,1112.39
5298,1510,91,2,1053.99,10,151.77,2048.95
5299,1510,86,3,113.99,10,24.62,332.39
5300,1510,223,2,526.99,15,71.67,967.55
5301,1511,40,2,506.99,5,77.06,1040.34
5302,1511,238,1,280.99,10,20.23,273.12
5303,1511,334,1,597.99,0,47.84,645.83
5304,1511,66,3,276.99,15,56.51,762.83
5305,1512,313,3,1158.99,15,236.43,3191.85
5306,1512,382,2,88.99,10,12.81,172.99
5307,1513,91,3,1053.99,0,252.96,3414.93
5308,1513,348,3,586.99,15,119.75,1616.57
5309,1513,367,4,419.99,5,127.68,1723.64
5310,1513,378,2,1307.99,15,177.89,2401.47
5311,1513,472,4,393.99,5,119.77,1616.93
5312,1513,395,1,1497.99,5,113.85,1536.94
5313,1514,453,1,351.99,5,26.75,361.14
5314,1515,321,1,679.99,5,51.68,697.67
5315,1515,473,4,1377.99,0,440.96,5952.92
5316,1515,293,2,1158.99,10,166.89,2253.07
5317,1516,114,2,879.99,5,133.76,1805.74
5318,1516,375,3,541.99,10,117.07,1580.44
5319,1516,133,4,514.99,5,156.56,2113.52
5320,1516,151,1,683.99,0,54.72,738.71
5321,1516,145,2,864.99,15,117.64,1588.12
5322,1516,11,4,1445.99,10,416.45,5622.01
5323,1517,254,1,621.99,15,42.3,570.99
5324,1517,184,4,446.99,10,128.73,1737.89
5325,1517,29,3,573.99,5,130.87,1766.74
5326,1517,208,1,1001.99,10,72.14,973.93
5327,1518,129,3,251.99,15,51.41,693.98
5328,1518,95,4,449.99,0,144,1943.96
5329,1518,122,2,1350.99,15,183.73,2480.41
5330,1518,466,2,796.99,5,121.14,1635.42
5331,1519,361,1,531.99,0,42.56,574.55
5332,1519,64,4,546.99,10,157.53,2126.69
5333,1519,190,4,1002.99,10,288.86,3899.62
5334,1520,52,2,449.99,15,61.2,826.18
5335,1521,138,4,1243.99,5,378.17,5105.33
5336,1521,93,3,498.99,5,113.77,1535.89
5337,1522,313,4,1158.99,5,352.33,4756.49
5338,1522,182,3,766.99,15,156.47,2112.29
5339,1522,232,4,1001.99,15,272.54,3679.31
5340,1522,497,1,681.99,5,51.83,699.72
5341,1523,137,3,1014.99,5,231.42,3124.14
5342,1523,120,1,1301.99,15,88.54,1195.23
5343,1523,170,3,865.99,0,207.84,2805.81
5344,1523,407,3,160.99,5,36.71,495.53
5345,1523,399,4,94.99,15,25.84,348.81
5346,1523,34,1,67.99,10,4.9,66.09
5347,1524,392,4,691.99,15,188.22,2540.99
5348,1524,420,1,653.99,5,49.7,670.99
5349,1525,436,2,541.99,15,73.71,995.09
5350,1525,34,2,67.99,0,10.88,146.86
5351,1525,13,2,241.99,15,32.91,444.29
5352,1525,371,2,105.99,15,14.41,194.59
5353,1525,80,3,811.99,5,185.13,2499.3
5354,1526,231,2,121.99,5,18.54,250.32
5355,1526,469,1,489.99,10,35.28,476.27
5356,1527,287,4,549.99,10,158.4,2138.36
5357,1527,491,4,891.99,10,256.89,3468.05
5358,1528,7,1,814.99,5,61.94,836.18
5359,1528,87,2,1443.99,0,231.04,3119.02
5360,1528,142,1,614.99,15,41.82,564.56
5361,1528,119,4,975.99,10,281.09,3794.65
5362,1528,104,3,1343.99,15,274.17,3701.34
5363,1529,406,1,1125.99,5,85.58,1155.27
5364,1529,277,4,422.99,0,135.36,1827.32
5365,1529,202,4,721.99,5,219.48,2963.04
5366,1530,71,1,1311.99,5,99.71,1346.1
5367,1531,369,2,1321.99,15,179.79,2427.17
5368,1532,357,2,481.99,5,73.26,989.04
5369,1533,188,3,1278.99,0,306.96,4143.93
5370,1533,387,1,947.99,15,64.46,870.25
5371,1534,472,1,393.99,5,29.94,404.23
5372,1534,428,3,160.99,5,36.71,495.53
5373,1535,31,2,542.99,0,86.88,1172.86
5374,1535,303,2,230.99,10,33.26,449.04
5375,1535,417,4,897.99,5,272.99,3685.35
5376,1536,34,2,67.99,5,10.33,139.51
5377,1536,471,1,873.99,15,59.43,802.32
5378,1536,248,2,804.99,5,122.36,1651.84
5379,1536,265,1,454.99,15,30.94,417.68
5380,1536,284,2,1112.99,15,151.37,2043.45
5381,1537,490,2,968.99,15,131.78,1779.06
5382,1537,222,1,1259.99,15,85.68,1156.67
5383,1537,126,3,1486.99,0,356.88,4817.85
5384,1538,232,3,1001.99,15,204.41,2759.48
5385,1538,240,3,1188.99,0,285.36,3852.33
5386,1538,10,2,551.99,15,75.07,1013.45
5387,1538,195,3,420.99,10,90.93,1227.6
5388,1539,39,4,1415.99,5,430.46,5811.22
5389,1539,358,1,94.99,5,7.22,97.46
5390,1540,25,1,109.99,10,7.92,106.91
5391,1540,441,1,766.99,15,52.16,704.1
5392,1540,206,4,1275.99,0,408.32,5512.28
5393,1540,301,1,517.99,5,39.37,531.46
5394,1540,401,1,487.99,10,35.14,474.33
5395,1541,196,2,347.99,10,50.11,676.49
5396,1541,479,1,1129.99,5,85.88,1159.37
5397,1542,239,3,133.99,10,28.94,390.71
5398,1543,30,3,307.99,15,62.83,848.2
5399,1543,173,4,682.99,5,207.63,2802.99
5400,1543,35,2,1193.99,15,162.38,2192.16
5401,1544,488,4,732.99,0,234.56,3166.52
5402,1544,426,1,887.99,10,63.94,863.13
5403,1544,289,2,1112.99,0,178.08,2404.06
5404,1544,227,2,1337.99,5,203.37,2745.55
5405,1544,428,4,160.99,15,43.79,591.16
5406,1544,387,4,947.99,5,288.19,3890.55
5407,1545,462,4,30.99,5,9.42,127.18
5408,1546,492,4,494.99,10,142.56,1924.52
5409,1547,345,3,1180.99,5,269.27,3635.09
5410,1547,138,2,1243.99,0,199.04,2687.02
5411,1547,401,4,487.99,15,132.73,1791.9
5412,1547,278,2,714.99,0,114.4,1544.38
5413,1548,160,1,1272.99,15,86.56,1168.6
5414,1548,286,3,365.99,15,74.66,1007.93
5415,1548,476,4,732.99,15,199.37,2691.54
5416,1548,465,4,1287.99,0,412.16,5564.12
5417,1548,388,3,1182.99,15,241.33,3257.95
5418,1549,391,2,1383.99,0,221.44,2989.42
5419,1549,332,2,1276.99,0,204.32,2758.3
5420,1550,104,2,1343.99,0,215.04,2903.02
5421,1550,314,2,159.99,0,25.6,345.58
5422,1550,362,1,285.99,0,22.88,308.87
5423,1550,388,4,1182.99,5,359.63,4854.99
5424,1550,498,2,525.99,15,71.53,965.71
5425,1550,152,4,47.99,5,14.59,196.95
5426,1551,423,3,1494.99,5,340.86,4601.58
5427,1552,157,3,33.99,15,6.93,93.6
5428,1553,419,4,351.99,5,107,1444.56
5429,1553,362,2,285.99,15,38.89,525.07
5430,1553,350,3,1204.99,10,260.28,3513.75
5431,1553,192,3,192.99,15,39.37,531.49
5432,1554,164,2,135.99,15,18.49,249.67
5433,1554,312,3,522.99,10,112.97,1525.04
5434,1554,410,2,169.99,15,23.12,312.1
5435,1555,353,3,155.99,5,35.57,480.14
5436,1555,193,2,973.99,5,148.05,1998.63
5437,1555,142,1,614.99,5,46.74,630.98
5438,1556,164,1,135.99,0,10.88,146.87
5439,1556,221,3,1084.99,15,221.34,2988.06
5440,1556,311,2,1079.99,10,155.52,2099.5
5441,1556,58,2,1408.99,15,191.62,2586.9
5442,1556,492,2,494.99,5,75.24,1015.72
5443,1557,257,3,1143.99,10,247.1,3335.87
5444,1557,459,1,868.99,0,69.52,938.51
5445,1557,484,4,622.99,10,179.42,2422.18
5446,1557,252,2,896.99,5,136.34,1840.62
5447,1557,320,1,1027.99,10,74.02,999.21
5448,1557,241,3,753.99,0,180.96,2442.93
5449,1558,319,3,336.99,10,72.79,982.66
5450,1558,31,3,542.99,10,117.29,1583.36
5451,1558,377,3,808.99,5,184.45,2490.07
5452,1558,208,2,1001.99,0,160.32,2164.3
5453,1558,342,1,1071.99,15,72.9,984.09
5454,1559,217,3,1491.99,15,304.37,4108.94
5455,1559,241,1,753.99,0,60.32,814.31
5456,1559,319,2,336.99,15,45.83,618.71
5457,1559,434,3,1392.99,5,317.6,4287.62
5458,1559,396,4,777.99,10,224.06,3024.82
5459,1559,454,1,499.99,15,34,458.99
5460,1560,147,1,22.99,10,1.66,22.35
5461,1560,165,3,1057.99,5,241.22,3256.49
5462,1560,228,2,836.99,10,120.53,1627.11
5463,1560,285,4,936.99,0,299.84,4047.8
5464,1560,438,4,1482.99,10,427.1,5765.86
5465,1560,291,3,1046.99,0,251.28,3392.25
5466,1561,291,4,1046.99,0,335.04,4523
5467,1561,407,2,160.99,5,24.47,330.35
5468,1561,225,2,861.99,0,137.92,1861.9
5469,1562,343,3,758.99,10,163.94,2213.21
5470,1562,242,3,1500.99,10,324.21,4376.88
5471,1562,121,2,318.99,15,43.38,585.66
5472,1562,444,3,682.99,0,163.92,2212.89
5473,1562,98,1,1194.99,0,95.6,1290.59
5474,1563,179,2,251.99,10,36.29,489.87
5475,1564,463,1,1279.99,15,87.04,1175.03
5476,1564,193,1,973.99,5,74.02,999.31
5477,1564,236,4,1306.99,5,397.32,5363.88
5478,1564,156,2,1366.99,15,185.91,2509.79
5479,1565,352,4,1453.99,5,442.01,5967.17
5480,1565,112,2,652.99,15,88.81,1198.89
5481,1565,386,2,300.99,5,45.75,617.63
5482,1566,434,2,1392.99,0,222.88,3008.86
5483,1566,43,1,423.99,5,32.22,435.01
5484,1567,486,1,220.99,10,15.91,214.8
5485,1568,234,2,405.99,15,55.21,745.39
5486,1568,351,2,321.99,10,46.37,625.95
5487,1568,132,1,728.99,5,55.4,747.94
5488,1569,364,2,968.99,5,147.29,1988.37
5489,1569,359,1,147.99,10,10.66,143.85
5490,1569,331,1,1061.99,5,80.71,1089.6
5491,1569,294,3,184.99,15,37.74,509.46
5492,1569,83,3,549.99,0,132,1781.97
5493,1570,344,2,791.99,10,114.05,1539.63
5494,1570,152,4,47.99,10,13.82,186.58
5495,1570,332,3,1276.99,15,260.51,3516.83
5496,1570,302,4,1319.99,10,380.16,5132.12
5497,1570,16,1,809.99,0,64.8,874.79
5498,1570,306,2,842.99,10,121.39,1638.77
5499,1571,312,2,522.99,0,83.68,1129.66
5500,1572,452,4,364.99,10,105.12,1419.08
5501,1573,36,2,624.99,5,95,1282.48
5502,1573,48,2,1148.99,15,156.26,2109.54
5503,1574,15,2,1374.99,10,198,2672.98
5504,1574,402,4,723.99,15,196.93,2658.5
5505,1574,248,1,804.99,0,64.4,869.39
5506,1574,39,3,1415.99,5,322.85,4358.42
5507,1575,227,1,1337.99,5,101.69,1372.78
5508,1575,26,3,270.99,15,55.28,746.3
5509,1576,24,1,371.99,10,26.78,361.57
5510,1576,361,3,531.99,15,108.53,1465.1
5511,1576,262,4,140.99,10,40.61,548.17
5512,1576,246,3,1215.99,15,248.06,3348.83
5513,1576,214,2,423.99,5,64.45,870.03
5514,1576,493,4,451.99,0,144.64,1952.6
5515,1577,304,2,119.99,15,16.32,220.3
5516,1577,77,3,453.99,0,108.96,1470.93
5517,1577,201,4,501.99,10,144.57,1951.73
5518,1577,478,4,296.99,5,90.28,1218.84
5519,1578,417,2,897.99,15,122.13,1648.71
5520,1578,491,1,891.99,5,67.79,915.18
5521,1578,333,4,1238.99,10,356.83,4817.19
5522,1578,256,1,395.99,0,31.68,427.67
5523,1579,182,2,766.99,15,104.31,1408.19
5524,1580,34,4,67.99,15,18.49,249.66
5525,1580,304,1,119.99,0,9.6,129.59
5526,1580,326,1,879.99,5,66.88,902.87
5527,1581,315,2,852.99,5,129.65,1750.33
5528,1581,75,4,927.99,15,252.41,3407.58
5529,1581,72,1,436.99,5,33.21,448.35
5530,1581,403,2,760.99,0,121.76,1643.74
5531,1581,307,4,1360.99,15,370.19,4997.56
5532,1581,212,4,893.99,5,271.77,3668.93
5533,1582,111,3,282.99,15,57.73,779.35
5534,1582,229,1,611.99,0,48.96,660.95
5535,1582,460,4,1118.99,5,340.17,4592.33
5536,1582,333,4,1238.99,0,396.48,5352.44
5537,1583,257,3,1143.99,15,233.37,3150.54
5538,1583,61,4,130.99,10,37.73,509.29
5539,1583,388,4,1182.99,15,321.77,4343.94
5540,1583,136,1,182.99,15,12.44,167.98
5541,1584,210,4,919.99,15,250.24,3378.21
5542,1584,427,4,378.99,0,121.28,1637.24
5543,1585,359,3,147.99,15,30.19,407.56
5544,1586,185,3,252.99,15,51.61,696.73
5545,1586,330,2,791.99,0,126.72,1710.7
5546,1587,394,1,198.99,10,14.33,193.42
5547,1587,127,3,1200.99,10,259.41,3502.08
5548,1587,285,1,936.99,15,63.72,860.16
5549,1587,49,1,124.99,0,10,134.99
5550,1588,498,3,525.99,15,107.3,1448.57
5551,1588,92,2,1065.99,10,153.5,2072.28
5552,1588,409,3,773.99,0,185.76,2507.73
5553,1588,412,1,1121.99,0,89.76,1211.75
5554,1588,444,3,682.99,0,163.92,2212.89
5555,1589,166,4,247.99,15,67.45,910.62
5556,1589,65,4,72.99,5,22.19,299.55
5557,1590,61,4,130.99,5,39.82,537.58
5558,1590,132,2,728.99,0,116.64,1574.62
5559,1591,409,1,773.99,10,55.73,752.32
5560,1591,33,3,1048.99,10,226.58,3058.85
5561,1592,35,1,1193.99,0,95.52,1289.51
5562,1592,97,2,432.99,0,69.28,935.26
5563,1592,313,1,1158.99,15,78.81,1063.95
5564,1592,259,2,491.99,15,66.91,903.29
5565,1593,256,2,395.99,0,63.36,855.34
5566,1593,33,1,1048.99,0,83.92,1132.91
5567,1593,359,3,147.99,5,33.74,455.51
5568,1593,214,3,423.99,0,101.76,1373.73
5569,1593,373,4,1329.99,10,383.04,5171
5570,1593,216,4,979.99,15,266.56,3598.53
5571,1594,456,4,1330.99,0,425.92,5749.88
5572,1594,76,3,1285.99,15,262.34,3541.61
5573,1594,173,4,682.99,15,185.77,2507.94
5574,1594,388,2,1182.99,0,189.28,2555.26
5575,1595,245,4,1338.99,5,407.05,5495.21
5576,1595,272,4,425.99,15,115.87,1564.24
5577,1595,393,3,363.99,15,74.25,1002.42
5578,1595,79,2,1262.99,0,202.08,2728.06
5579,1595,54,4,685.99,10,197.57,2667.13
5580,1596,482,2,774.99,0,124,1673.98
5581,1596,222,2,1259.99,0,201.6,2721.58
5582,1596,39,4,1415.99,15,385.15,5199.52
5583,1596,50,1,1364.99,5,103.74,1400.48
5584,1597,184,1,446.99,15,30.4,410.34
5585,1598,125,2,1036.99,10,149.33,2015.91
5586,1598,476,4,732.99,15,199.37,2691.54
5587,1598,289,2,1112.99,15,151.37,2043.45
5588,1598,245,2,1338.99,5,203.53,2747.61
5589,1598,25,3,109.99,0,26.4,356.37
5590,1598,50,4,1364.99,5,414.96,5601.92
5591,1599,88,1,322.99,0,25.84,348.83
5592,1599,352,4,1453.99,0,465.28,6281.24
5593,1600,95,4,449.99,15,122.4,1652.37
5594,1600,453,3,351.99,10,76.03,1026.4
5595,1600,64,1,546.99,5,41.57,561.21
5596,1600,489,3,800.99,15,163.4,2205.92
5597,1600,196,1,347.99,5,26.45,357.04
5598,1600,186,3,937.99,10,202.61,2735.18
5599,1601,64,3,546.99,15,111.59,1506.41
5600,1601,338,4,674.99,10,194.4,2624.36
5601,1601,95,2,449.99,5,68.4,923.38
5602,1601,35,4,1193.99,15,324.77,4384.34
5603,1601,211,1,440.99,10,31.75,428.64
5604,1602,404,1,1238.99,0,99.12,1338.11
5605,1602,145,4,864.99,0,276.8,3736.76
5606,1602,369,4,1321.99,5,401.88,5425.44
5607,1602,315,2,852.99,10,122.83,1658.21
5608,1603,390,1,33.99,5,2.58,34.87
5609,1603,250,1,314.99,10,22.68,306.17
5610,1603,60,4,1245.99,0,398.72,5382.68
5611,1603,164,4,135.99,10,39.17,528.73
5612,1603,462,4,30.99,0,9.92,133.88
5613,1604,456,2,1330.99,10,191.66,2587.44
5614,1605,296,2,52.99,10,7.63,103.01
5615,1605,156,2,1366.99,15,185.91,2509.79
5616,1605,407,4,160.99,5,48.94,660.7
5617,1605,204,4,1355.99,10,390.53,5272.09
5618,1606,317,1,1482.99,5,112.71,1521.55
5619,1606,283,2,63.99,5,9.73,131.31
5620,1606,50,4,1364.99,15,371.28,5012.25
5621,1607,241,1,753.99,0,60.32,814.31
5622,1607,374,1,1025.99,10,73.87,997.26
5623,1607,23,4,347.99,5,105.79,1428.15
5624,1607,344,3,791.99,0,190.08,2566.05
5625,1607,474,4,500.99,15,136.27,1839.64
5626,1607,306,4,842.99,0,269.76,3641.72
5627,1608,122,3,1350.99,15,275.6,3720.62
5628,1608,471,3,873.99,5,199.27,2690.14
5629,1608,20,3,632.99,15,129.13,1743.25
5630,1609,473,2,1377.99,0,220.48,2976.46
5631,1609,495,2,974.99,15,132.6,1790.08
5632,1609,464,3,820.99,10,177.33,2394
5633,1609,307,3,1360.99,0,326.64,4409.61
5634,1610,123,4,271.99,5,82.68,1116.24
5635,1610,421,2,1020.99,5,155.19,2095.07
5636,1611,311,2,1079.99,0,172.8,2332.78
5637,1612,405,4,33.99,15,9.25,124.82
5638,1612,14,2,1137.99,5,172.97,2335.15
5639,1612,304,3,119.99,0,28.8,388.77
5640,1613,435,2,214.99,5,32.68,441.16
5641,1613,76,3,1285.99,0,308.64,4166.61
5642,1613,60,1,1245.99,15,84.73,1143.82
5643,1613,248,3,804.99,15,164.22,2216.94
5644,1613,7,3,814.99,5,185.82,2508.54
5645,1614,54,2,685.99,5,104.27,1407.65
5646,1615,139,3,1205.99,5,274.97,3712.04
5647,1615,20,1,632.99,10,45.58,615.27
5648,1615,293,4,1158.99,10,333.79,4506.15
5649,1615,264,3,1444.99,5,329.46,4447.68
5650,1616,488,3,732.99,10,158.33,2137.4
5651,1616,48,4,1148.99,0,367.68,4963.64
5652,1616,159,1,229.99,10,16.56,223.55
5653,1617,117,2,957.99,0,153.28,2069.26
5654,1617,437,1,257.99,15,17.54,236.83
5655,1618,335,3,758.99,15,154.83,2090.25
5656,1619,280,1,1103.99,0,88.32,1192.31
5657,1620,369,4,1321.99,0,423.04,5711
5658,1620,300,3,991.99,15,202.37,2731.94
5659,1620,500,3,835.99,5,190.61,2573.18
5660,1620,67,3,879.99,5,200.64,2708.61
5661,1620,181,4,332.99,0,106.56,1438.52
5662,1621,348,2,586.99,15,79.83,1077.71
5663,1621,190,1,1002.99,15,68.2,920.74
5664,1621,326,2,879.99,5,133.76,1805.74
5665,1621,400,3,1305.99,10,282.09,3808.26
5666,1622,262,4,140.99,5,42.86,578.62
5667,1622,493,4,451.99,0,144.64,1952.6
5668,1623,326,3,879.99,5,200.64,2708.61
5669,1623,270,2,213.99,5,32.53,439.11
5670,1623,79,4,1262.99,10,363.74,4910.5
5671,1624,17,2,517.99,10,74.59,1006.97
5672,1624,20,2,632.99,0,101.28,1367.26
5673,1625,472,3,393.99,10,85.1,1148.87
5674,1625,77,2,453.99,10,65.37,882.55
5675,1625,440,3,637.99,0,153.12,2067.09
5676,1625,399,2,94.99,10,13.68,184.66
5677,1626,86,2,113.99,10,16.41,221.59
5678,1627,305,1,1235.99,5,93.94,1268.13
5679,1627,497,4,681.99,10,196.41,2651.57
5680,1628,494,4,1384.99,15,376.72,5085.69
5681,1628,52,4,449.99,0,144,1943.96
5682,1629,331,2,1061.99,10,152.93,2064.51
5683,1630,345,1,1180.99,5,89.76,1211.7
5684,1630,405,4,33.99,10,9.79,132.15
5685,1630,483,4,897.99,10,258.62,3491.38
5686,1631,396,1,777.99,15,52.9,714.19
5687,1631,134,2,290.99,10,41.9,565.68
5688,1631,341,4,558.99,10,160.99,2173.35
5689,1632,94,4,827.99,10,238.46,3219.22
5690,1633,188,2,1278.99,5,194.41,2624.49
5691,1633,350,4,1204.99,0,385.6,5205.56
5692,1633,315,3,852.99,15,174.01,2349.13
5693,1633,406,4,1125.99,5,342.3,4621.06
5694,1634,362,2,285.99,15,38.89,525.07
5695,1634,177,3,1234.99,5,281.58,3801.3
5696,1634,466,4,796.99,15,216.78,2926.55
5697,1634,207,2,1123.99,15,152.86,2063.64
5698,1635,155,1,635.99,0,50.88,686.87
5699,1635,457,2,929.99,15,126.48,1707.46
5700,1636,379,3,571.99,10,123.55,1667.92
5701,1636,203,2,992.99,15,135.05,1823.13
5702,1636,443,4,941.99,0,301.44,4069.4
5703,1636,455,4,1465.99,10,422.21,5699.77
5704,1637,365,4,1002.99,10,288.86,3899.62
5705,1637,351,3,321.99,10,69.55,938.92
5706,1637,278,4,714.99,5,217.36,2934.32
5707,1638,410,4,169.99,0,54.4,734.36
5708,1638,286,4,365.99,15,99.55,1343.92
5709,1639,304,1,119.99,10,8.64,116.63
5710,1639,203,4,992.99,15,270.09,3646.26
5711,1639,116,3,1096.99,15,223.79,3021.11
5712,1639,13,1,241.99,10,17.42,235.21
5713,1640,419,3,351.99,15,71.81,969.38
5714,1640,68,2,230.99,5,35.11,473.99
5715,1640,171,4,399.99,5,121.6,1641.56
5716,1640,40,1,506.99,15,34.48,465.42
5717,1641,378,4,1307.99,10,376.7,5085.46
5718,1641,397,1,635.99,15,43.25,583.84
5719,1641,351,3,321.99,0,77.28,1043.25
5720,1641,291,4,1046.99,5,318.28,4296.84
5721,1641,438,1,1482.99,15,100.84,1361.38
5722,1641,241,3,753.99,15,153.81,2076.48
5723,1642,271,4,242.99,15,66.09,892.26
5724,1642,500,3,835.99,10,180.57,2437.74
5725,1642,462,3,30.99,15,6.32,85.34
5726,1642,275,4,329.99,0,105.6,1425.56
5727,1642,240,4,1188.99,0,380.48,5136.44
5728,1643,141,3,1173.99,0,281.76,3803.73
5729,1643,294,1,184.99,5,14.06,189.8
5730,1643,12,1,403.99,15,27.47,370.86
5731,1643,234,3,405.99,0,97.44,1315.41
5732,1643,221,3,1084.99,5,247.38,3339.6
5733,1643,417,4,897.99,5,272.99,3685.35
5734,1644,124,3,388.99,0,93.36,1260.33
5735,1644,141,3,1173.99,0,281.76,3803.73
5736,1644,272,2,425.99,10,61.34,828.12
5737,1644,430,2,421.99,0,67.52,911.5
5738,1645,264,1,1444.99,5,109.82,1482.56
5739,1645,385,4,1224.99,10,352.8,4762.76
5740,1645,182,3,766.99,10,165.67,2236.54
5741,1645,277,4,422.99,15,115.05,1553.22
5742,1645,316,3,1218.99,10,263.3,3554.57
5743,1645,262,4,140.99,0,45.12,609.08
5744,1646,309,2,103.99,15,14.14,190.92
5745,1646,445,3,20.99,15,4.28,57.8
5746,1647,112,3,652.99,15,133.21,1798.33
5747,1647,320,3,1027.99,15,209.71,2831.08
5748,1648,202,3,721.99,5,164.61,2222.28
5749,1648,206,2,1275.99,0,204.16,2756.14
5750,1648,166,4,247.99,10,71.42,964.18
5751,1648,306,4,842.99,5,256.27,3459.63
5752,1648,12,3,403.99,10,87.26,1178.03
5753,1648,141,1,1173.99,0,93.92,1267.91
5754,1649,90,1,825.99,10,59.47,802.86
5755,1649,23,2,347.99,10,50.11,676.49
5756,1649,76,3,1285.99,5,293.21,3958.28
5757,1650,111,3,282.99,0,67.92,916.89
5758,1650,109,1,1104.99,5,83.98,1133.72
5759,1650,391,2,1383.99,15,188.22,2541
5760,1650,271,3,242.99,0,58.32,787.29
5761,1651,35,4,1193.99,0,382.08,5158.04
5762,1651,85,4,978.99,5,297.61,4017.77
5763,1651,356,2,328.99,10,47.37,639.55
5764,1651,46,1,941.99,5,71.59,966.48
5765,1651,484,3,622.99,10,134.57,1816.64
5766,1652,419,4,351.99,0,112.64,1520.6
5767,1653,170,4,865.99,15,235.55,3179.92
5768,1653,21,4,683.99,0,218.88,2954.84
5769,1653,425,4,817.99,0,261.76,3533.72
5770,1653,133,1,514.99,15,35.02,472.76
5771,1654,45,3,896.99,15,182.99,2470.31
5772,1654,479,4,1129.99,10,325.44,4393.4
5773,1654,186,2,937.99,0,150.08,2026.06
5774,1655,93,2,498.99,10,71.85,970.03
5775,1655,388,4,1182.99,0,378.56,5110.52
5776,1655,258,2,277.99,5,42.25,570.43
5777,1655,490,2,968.99,10,139.53,1883.71
5778,1655,224,4,462.99,15,125.93,1700.1
5779,1656,463,4,1279.99,10,368.64,4976.6
5780,1656,279,1,814.99,0,65.2,880.19
5781,1656,107,2,384.99,0,61.6,831.58
5782,1656,406,1,1125.99,5,85.58,1155.27
5783,1656,290,2,963.99,0,154.24,2082.22
5784,1657,206,3,1275.99,10,275.61,3720.78
5785,1657,81,4,1111.99,10,320.25,4323.41
5786,1657,323,4,599.99,10,172.8,2332.76
5787,1658,457,1,929.99,5,70.68,954.17
5788,1658,268,1,1229.99,10,88.56,1195.55
5789,1658,103,4,310.99,0,99.52,1343.48
5790,1658,445,2,20.99,0,3.36,45.34
5791,1658,16,4,809.99,15,220.32,2974.29
5792,1659,52,3,449.99,15,91.8,1239.27
5793,1660,499,4,1078.99,10,310.75,4195.11
5794,1660,278,1,714.99,10,51.48,694.97
5795,1660,439,1,168.99,5,12.84,173.38
5796,1660,351,1,321.99,5,24.47,330.36
5797,1660,319,4,336.99,5,102.44,1383
5798,1660,110,1,628.99,15,42.77,577.41
5799,1661,331,1,1061.99,0,84.96,1146.95
5800,1661,243,3,1487.99,10,321.41,4338.98
5801,1661,73,1,1030.99,15,70.11,946.45
5802,1661,340,2,1235.99,15,168.09,2269.27
5803,1661,250,2,314.99,10,45.36,612.34
5804,1662,268,4,1229.99,15,334.56,4516.53
5805,1663,251,2,134.99,5,20.52,277
5806,1663,188,2,1278.99,15,173.94,2348.22
5807,1663,464,1,820.99,10,59.11,798
5808,1663,332,1,1276.99,0,102.16,1379.15
5809,1664,126,1,1486.99,0,118.96,1605.95
5810,1665,275,4,329.99,5,100.32,1354.28
5811,1665,134,1,290.99,5,22.12,298.56
5812,1665,88,1,322.99,15,21.96,296.5
5813,1666,435,2,214.99,5,32.68,441.16
5814,1666,75,1,927.99,5,70.53,952.12
5815,1667,32,1,471.99,15,32.1,433.29
5816,1668,467,1,827.99,0,66.24,894.23
5817,1668,236,3,1306.99,0,313.68,4234.65
5818,1668,415,4,1290.99,10,371.81,5019.37
5819,1668,454,3,499.99,10,108,1457.97
5820,1669,200,3,330.99,10,71.49,965.16
5821,1669,12,3,403.99,10,87.26,1178.03
5822,1669,404,2,1238.99,5,188.33,2542.41
5823,1669,70,2,453.99,10,65.37,882.55
5824,1669,105,3,1499.99,0,360,4859.97
5825,1669,330,3,791.99,0,190.08,2566.05
5826,1670,323,3,599.99,0,144,1943.97
5827,1670,401,4,487.99,0,156.16,2108.12
5828,1670,107,2,384.99,0,61.6,831.58
5829,1671,149,1,1056.99,5,80.33,1084.47
5830,1671,162,2,259.99,15,35.36,477.34
5831,1672,242,3,1500.99,10,324.21,4376.88
5832,1672,259,1,491.99,0,39.36,531.35
5833,1673,270,3,213.99,0,51.36,693.33
5834,1673,24,3,371.99,5,84.81,1144.98
5835,1673,221,1,1084.99,0,86.8,1171.79
5836,1673,243,1,1487.99,10,107.14,1446.33
5837,1673,242,1,1500.99,0,120.08,1621.07
5838,1674,114,2,879.99,15,119.68,1615.66
5839,1674,104,4,1343.99,10,387.07,5225.43
5840,1674,122,3,1350.99,0,324.24,4377.21
5841,1674,9,1,896.99,15,61,823.44
5842,1675,73,1,1030.99,0,82.48,1113.47
5843,1675,389,2,1452.99,10,209.23,2824.61
5844,1675,106,2,151.99,5,23.1,311.88
5845,1675,211,2,440.99,5,67.03,904.91
5846,1675,7,4,814.99,15,221.68,2992.65
5847,1675,123,2,271.99,0,43.52,587.5
5848,1676,414,1,1426.99,5,108.45,1464.09
5849,1676,278,1,714.99,10,51.48,694.97
5850,1676,309,3,103.99,0,24.96,336.93
5851,1677,449,1,634.99,15,43.18,582.92
5852,1677,54,2,685.99,0,109.76,1481.74
5853,1677,470,2,203.99,15,27.74,374.52
5854,1677,301,1,517.99,5,39.37,531.46
5855,1677,422,1,572.99,10,41.26,556.95
5856,1678,123,4,271.99,5,82.68,1116.24
5857,1678,143,3,553.99,5,126.31,1705.18
5858,1679,53,2,766.99,5,116.58,1573.86
5859,1679,128,2,987.99,5,150.17,2027.35
5860,1679,271,1,242.99,10,17.5,236.19
5861,1680,198,1,1083.99,15,73.71,995.1
5862,1680,208,4,1001.99,0,320.64,4328.6
5863,1680,430,4,421.99,10,121.53,1640.69
5864,1681,182,4,766.99,5,233.16,3147.72
5865,1681,153,3,850.99,10,183.81,2481.48
5866,1681,152,4,47.99,0,15.36,207.32
5867,1681,291,4,1046.99,5,318.28,4296.84
5868,1682,220,1,620.99,10,44.71,603.6
5869,1683,347,4,89.99,15,24.48,330.45
5870,1683,156,3,1366.99,5,311.67,4207.59
5871,1684,297,1,1086.99,15,73.92,997.86
5872,1684,474,2,500.99,5,76.15,1028.03
5873,1684,478,2,296.99,0,47.52,641.5
5874,1684,417,2,897.99,15,122.13,1648.71
5875,1684,119,1,975.99,5,74.18,1001.37
5876,1685,276,3,293.99,5,67.03,904.9
5877,1685,320,3,1027.99,10,222.05,2997.62
5878,1685,274,2,729.99,5,110.96,1497.94
5879,1685,300,3,991.99,10,214.27,2892.64
5880,1685,108,3,1184.99,15,241.74,3263.46
5881,1685,326,2,879.99,10,126.72,1710.7
5882,1686,443,4,941.99,15,256.22,3458.99
5883,1686,222,1,1259.99,5,95.76,1292.75
5884,1686,429,1,940.99,15,63.99,863.83
5885,1686,221,4,1084.99,0,347.2,4687.16
5886,1686,286,2,365.99,10,52.7,711.48
5887,1687,29,2,573.99,5,87.25,1177.83
5888,1687,236,4,1306.99,0,418.24,5646.2
5889,1687,441,1,766.99,0,61.36,828.35
5890,1688,20,2,632.99,10,91.15,1230.53
5891,1688,122,3,1350.99,0,324.24,4377.21
5892,1688,474,1,500.99,10,36.07,486.96
5893,1688,271,4,242.99,10,69.98,944.74
5894,1688,70,3,453.99,10,98.06,1323.83
5895,1688,475,1,1263.99,15,85.95,1160.34
5896,1689,420,3,653.99,15,133.41,1801.08
5897,1689,55,1,856.99,5,65.13,879.27
5898,1689,208,3,1001.99,0,240.48,3246.45
5899,1689,51,2,246.99,10,35.57,480.15
5900,1689,282,3,427.99,10,92.45,1248.02
5901,1690,117,1,957.99,0,76.64,1034.63
5902,1690,113,1,549.99,15,37.4,504.89
5903,1691,46,2,941.99,10,135.65,1831.23
5904,1691,39,4,1415.99,10,407.81,5505.37
5905,1692,309,4,103.99,5,31.61,426.77
5906,1692,43,1,423.99,0,33.92,457.91
5907,1692,2,3,102.99,10,22.25,300.32
5908,1693,458,1,449.99,10,32.4,437.39
5909,1693,426,3,887.99,0,213.12,2877.09
5910,1693,262,3,140.99,15,28.76,388.28
5911,1693,368,4,1159.99,5,352.64,4760.6
5912,1694,348,2,586.99,15,79.83,1077.71
5913,1694,315,1,852.99,10,61.42,829.11
5914,1695,22,2,1226.99,15,166.87,2252.75
5915,1695,478,3,296.99,15,60.59,817.91
5916,1695,115,1,548.99,5,41.72,563.26
5917,1695,38,4,385.99,0,123.52,1667.48
5918,1695,95,1,449.99,15,30.6,413.09
5919,1696,263,4,787.99,5,239.55,3233.91
5920,1697,19,3,1251.99,10,270.43,3650.8
5921,1697,74,1,143.99,0,11.52,155.51
5922,1697,424,4,823.99,15,224.13,3025.7
5923,1698,290,3,963.99,15,196.65,2654.82
5924,1699,259,1,491.99,15,33.46,451.65
5925,1700,155,1,635.99,15,43.25,583.84
5926,1700,110,3,628.99,5,143.41,1936.03
5927,1700,403,1,760.99,5,57.84,780.78
5928,1700,14,2,1137.99,10,163.87,2212.25
5929,1701,316,2,1218.99,5,185.29,2501.37
5930,1702,134,2,290.99,5,44.23,597.11
5931,1703,2,4,102.99,5,31.31,422.67
5932,1703,225,4,861.99,10,248.25,3351.41
5933,1703,131,1,371.99,10,26.78,361.57
5934,1703,293,1,1158.99,5,88.08,1189.12
5935,1703,371,4,105.99,0,33.92,457.88
5936,1704,68,3,230.99,0,55.44,748.41
5937,1704,30,4,307.99,0,98.56,1330.52
5938,1705,445,3,20.99,10,4.53,61.2
5939,1705,475,1,1263.99,15,85.95,1160.34
5940,1705,391,4,1383.99,5,420.73,5679.89
5941,1706,482,1,774.99,5,58.9,795.14
5942,1706,313,3,1158.99,10,250.34,3379.61
5943,1706,196,3,347.99,15,70.99,958.36
5944,1706,155,4,635.99,10,183.17,2472.73
5945,1706,255,4,677.99,10,195.26,2636.02
5946,1706,159,2,229.99,10,33.12,447.1
5947,1707,23,4,347.99,10,100.22,1352.98
5948,1707,424,3,823.99,10,177.98,2402.75
5949,1707,499,3,1078.99,0,258.96,3495.93
5950,1707,470,2,203.99,0,32.64,440.62
5951,1707,377,3,808.99,10,174.74,2359.01
5952,1708,221,4,1084.99,15,295.12,3984.09
5953,1708,36,3,624.99,10,135,1822.47
5954,1708,242,4,1500.99,0,480.32,6484.28
5955,1708,366,4,1373.99,5,417.69,5638.85
5956,1708,120,1,1301.99,5,98.95,1335.84
5957,1709,431,2,124.99,0,20,269.98
5958,1709,93,4,498.99,10,143.71,1940.07
5959,1709,281,1,1147.99,0,91.84,1239.83
5960,1709,123,3,271.99,0,65.28,881.25
5961,1709,19,3,1251.99,10,270.43,3650.8
5962,1709,224,3,462.99,10,100.01,1350.08
5963,1710,225,2,861.99,10,124.13,1675.71
5964,1710,19,4,1251.99,10,360.57,4867.73
5965,1710,96,1,545.99,0,43.68,589.67
5966,1710,383,1,888.99,5,67.56,912.1
5967,1711,484,4,622.99,0,199.36,2691.32
5968,1711,32,1,471.99,5,35.87,484.26
5969,1711,164,2,135.99,0,21.76,293.74
5970,1711,202,4,721.99,15,196.38,2651.15
5971,1712,214,1,423.99,10,30.53,412.12
5972,1712,187,1,1184.99,10,85.32,1151.81
5973,1712,22,1,1226.99,10,88.34,1192.63
5974,1712,249,2,462.99,10,66.67,900.05
5975,1712,495,4,974.99,5,296.4,4001.36
5976,1712,174,2,688.99,5,104.73,1413.81
5977,1713,498,4,525.99,5,159.9,2158.66
5978,1713,450,4,670.99,5,203.98,2753.74
5979,1713,301,4,517.99,15,140.89,1902.06
5980,1713,486,3,220.99,5,50.39,680.21
5981,1714,407,1,160.99,15,10.95,147.79
5982,1714,433,4,834.99,10,240.48,3246.44
5983,1714,304,2,119.99,15,16.32,220.3
5984,1715,377,1,808.99,0,64.72,873.71
5985,1716,237,1,1263.99,0,101.12,1365.11
5986,1716,193,1,973.99,10,70.13,946.72
5987,1716,134,3,290.99,5,66.35,895.67
5988,1716,49,3,124.99,15,25.5,344.22
5989,1716,199,3,882.99,5,201.32,2717.84
5990,1716,464,4,820.99,10,236.45,3192.01
5991,1717,102,2,1242.99,5,188.93,2550.61
5992,1717,115,1,548.99,5,41.72,563.26
5993,1718,94,2,827.99,15,112.61,1520.19
5994,1718,289,4,1112.99,15,302.73,4086.9
5995,1719,484,2,622.99,0,99.68,1345.66
5996,1719,264,2,1444.99,5,219.64,2965.12
5997,1720,139,4,1205.99,15,328.03,4428.4
5998,1720,253,2,978.99,10,140.97,1903.15
5999,1720,222,3,1259.99,15,257.04,3470.01
6000,1720,195,1,420.99,0,33.68,454.67
6001,1721,339,2,200.99,0,32.16,434.14
6002,1722,102,4,1242.99,5,377.87,5101.23
6003,1722,110,3,628.99,0,150.96,2037.93
6004,1722,462,2,30.99,10,4.46,60.24
6005,1722,51,2,246.99,15,33.59,453.47
6006,1723,22,4,1226.99,15,333.74,4505.51
6007,1723,132,3,728.99,5,166.21,2243.83
6008,1723,301,2,517.99,10,74.59,1006.97
6009,1723,171,1,399.99,0,32,431.99
6010,1723,436,4,541.99,5,164.76,2224.32
6011,1724,202,4,721.99,5,219.48,2963.04
6012,1724,85,2,978.99,10,140.97,1903.15
6013,1724,14,4,1137.99,10,327.74,4424.5
6014,1724,305,2,1235.99,0,197.76,2669.74
6015,1725,353,2,155.99,5,23.71,320.09
6016,1725,440,4,637.99,15,173.53,2342.7
6017,1725,103,1,310.99,5,23.64,319.08
6018,1725,51,4,246.99,0,79.04,1067
6019,1726,124,4,388.99,5,118.25,1596.41
6020,1726,376,3,121.99,15,24.89,335.96
6021,1726,9,4,896.99,0,287.04,3875
6022,1726,108,4,1184.99,5,360.24,4863.2
6023,1726,437,4,257.99,5,78.43,1058.79
6024,1727,304,1,119.99,15,8.16,110.15
6025,1727,12,2,403.99,0,64.64,872.62
6026,1727,274,2,729.99,5,110.96,1497.94
6027,1727,140,3,1240.99,0,297.84,4020.81
6028,1728,321,4,679.99,10,195.84,2643.8
6029,1728,128,2,987.99,15,134.37,1813.95
6030,1728,350,4,1204.99,15,327.76,4424.73
6031,1728,56,4,425.99,5,129.5,1748.26
6032,1729,290,1,963.99,5,73.26,989.05
6033,1729,486,4,220.99,10,63.65,859.21
6034,1729,244,3,42.99,15,8.77,118.39
6035,1730,434,4,1392.99,0,445.76,6017.72
6036,1730,440,1,637.99,15,43.38,585.67
6037,1731,318,4,300.99,15,81.87,1105.24
6038,1731,56,3,425.99,10,92.01,1242.18
6039,1731,474,3,500.99,5,114.23,1542.05
6040,1731,479,3,1129.99,15,230.52,3111.99
6041,1731,167,1,715.99,15,48.69,657.28
6042,1731,211,1,440.99,5,33.52,452.46
6043,1732,63,2,1206.99,10,173.81,2346.39
6044,1732,481,2,413.99,15,56.3,760.08
6045,1732,421,3,1020.99,10,220.53,2977.2
6046,1732,60,4,1245.99,5,378.78,5113.54
6047,1732,231,4,121.99,15,33.18,447.95
6048,1733,177,2,1234.99,10,177.84,2400.82
6049,1733,340,1,1235.99,0,98.88,1334.87
6050,1733,492,1,494.99,10,35.64,481.13
6051,1733,50,3,1364.99,10,294.84,3980.31
6052,1734,182,4,766.99,15,208.62,2816.39
6053,1734,190,3,1002.99,15,204.61,2762.23
6054,1735,363,2,1073.99,0,171.84,2319.82
6055,1735,328,3,197.99,10,42.77,577.34
6056,1735,17,4,517.99,10,149.18,2013.94
6057,1735,462,4,30.99,0,9.92,133.88
6058,1735,485,4,875.99,0,280.32,3784.28
6059,1735,227,1,1337.99,5,101.69,1372.78
6060,1736,122,3,1350.99,15,275.6,3720.62
6061,1736,494,3,1384.99,5,315.78,4263
6062,1736,25,1,109.99,15,7.48,100.97
6063,1736,17,2,517.99,10,74.59,1006.97
6064,1736,331,1,1061.99,5,80.71,1089.6
6065,1737,170,3,865.99,15,176.66,2384.93
6066,1737,426,1,887.99,0,71.04,959.03
6067,1737,228,2,836.99,15,113.83,1536.71
6068,1737,409,3,773.99,10,167.18,2256.95
6069,1737,481,2,413.99,15,56.3,760.08
6070,1737,389,2,1452.99,15,197.61,2667.69
6071,1738,197,1,659.99,15,44.88,605.87
6072,1738,6,2,98.99,0,15.84,213.82
6073,1738,289,2,1112.99,5,169.17,2283.85
6074,1739,229,3,611.99,0,146.88,1982.85
6075,1739,463,1,1279.99,10,92.16,1244.15
6076,1739,181,3,332.99,15,67.93,917.05
6077,1739,316,1,1218.99,5,92.64,1250.68
6078,1739,480,2,833.99,15,113.42,1531.2
6079,1739,123,4,271.99,0,87.04,1175
6080,1740,336,3,743.99,10,160.7,2169.47
6081,1740,371,2,105.99,15,14.41,194.59
6082,1740,3,4,889.99,0,284.8,3844.76
6083,1741,196,2,347.99,5,52.89,714.07
6084,1741,214,1,423.99,0,33.92,457.91
6085,1741,170,1,865.99,5,65.82,888.51
6086,1741,260,4,301.99,15,82.14,1108.91
6087,1741,372,2,364.99,15,49.64,670.12
6088,1741,98,4,1194.99,10,344.16,4646.12
6089,1742,290,1,963.99,0,77.12,1041.11
6090,1742,268,3,1229.99,15,250.92,3387.39
6091,1743,201,1,501.99,5,38.15,515.04
6092,1743,221,2,1084.99,5,164.92,2226.4
6093,1743,3,1,889.99,15,60.52,817.01
6094,1743,77,4,453.99,10,130.75,1765.11
6095,1743,399,2,94.99,15,12.92,174.4
6096,1744,451,4,1029.99,15,280.16,3782.13
6097,1744,426,1,887.99,5,67.49,911.08
6098,1744,274,4,729.99,15,198.56,2680.53
6099,1744,425,1,817.99,15,55.62,750.91
6100,1744,459,3,868.99,0,208.56,2815.53
6101,1745,13,4,241.99,15,65.82,888.59
6102,1745,61,4,130.99,5,39.82,537.58
6103,1746,25,2,109.99,0,17.6,237.58
6104,1746,311,2,1079.99,15,146.88,1982.86
6105,1746,192,4,192.99,0,61.76,833.72
6106,1746,111,4,282.99,0,90.56,1222.52
6107,1746,124,4,388.99,15,105.81,1428.38
6108,1747,454,2,499.99,0,80,1079.98
6109,1747,33,3,1048.99,5,239.17,3228.79
6110,1747,434,1,1392.99,10,100.3,1353.99
6111,1747,381,2,1077.99,15,146.61,1979.19
6112,1748,158,3,1369.99,15,279.48,3772.95
6113,1748,444,2,682.99,15,92.89,1253.97
6114,1748,39,3,1415.99,15,288.86,3899.63
6115,1749,107,1,384.99,0,30.8,415.79
6116,1749,426,3,887.99,0,213.12,2877.09
6117,1749,161,1,1385.99,0,110.88,1496.87
6118,1749,203,4,992.99,5,301.87,4075.23
6119,1749,239,2,133.99,15,18.22,246
6120,1749,394,3,198.99,5,45.37,612.49
6121,1750,441,4,766.99,0,245.44,3313.4
6122,1750,295,3,1309.99,0,314.4,4244.37
6123,1750,47,3,498.99,0,119.76,1616.73
6124,1750,354,4,946.99,10,272.73,3681.89
6125,1750,203,4,992.99,5,301.87,4075.23
6126,1751,240,4,1188.99,10,342.43,4622.79
6127,1751,345,4,1180.99,10,340.13,4591.69
6128,1752,153,3,850.99,15,173.6,2343.62
6129,1752,305,2,1235.99,10,177.98,2402.76
6130,1752,266,4,232.99,0,74.56,1006.52
6131,1752,129,2,251.99,15,34.27,462.65
6132,1753,308,4,1135.99,0,363.52,4907.48
6133,1753,401,1,487.99,0,39.04,527.03
6134,1753,416,3,444.99,10,96.12,1297.59
6135,1753,479,4,1129.99,0,361.6,4881.56
6136,1753,235,4,1232.99,0,394.56,5326.52
6137,1753,26,2,270.99,15,36.85,497.53
6138,1754,395,3,1497.99,0,359.52,4853.49
6139,1754,341,2,558.99,10,80.49,1086.67
6140,1754,405,3,33.99,0,8.16,110.13
6141,1754,105,3,1499.99,0,360,4859.97
6142,1754,284,3,1112.99,15,227.05,3065.17
6143,1754,55,4,856.99,15,233.1,3146.87
6144,1755,163,1,911.99,5,69.31,935.7
6145,1755,49,4,124.99,0,40,539.96
6146,1755,297,4,1086.99,0,347.84,4695.8
6147,1755,304,4,119.99,15,32.64,440.61
6148,1756,168,2,387.99,10,55.87,754.25
6149,1756,243,2,1487.99,10,214.27,2892.65
6150,1756,162,3,259.99,15,53.04,716.01
6151,1756,484,1,622.99,15,42.36,571.9
6152,1757,74,2,143.99,10,20.73,279.91
6153,1757,199,4,882.99,5,268.43,3623.79
6154,1757,158,3,1369.99,10,295.92,3994.89
6155,1757,40,3,506.99,10,109.51,1478.38
6156,1757,273,1,1167.99,5,88.77,1198.36
6157,1757,8,1,586.99,0,46.96,633.95
6158,1758,76,3,1285.99,15,262.34,3541.61
6159,1759,144,1,260.99,15,17.75,239.59
6160,1759,226,1,278.99,0,22.32,301.31
6161,1759,467,1,827.99,0,66.24,894.23
6162,1759,235,2,1232.99,15,167.69,2263.77
6163,1760,1,4,524.99,5,159.6,2154.56
6164,1760,241,3,753.99,5,171.91,2320.78
6165,1760,442,3,799.99,10,172.8,2332.77
6166,1760,18,1,825.99,15,56.17,758.26
6167,1760,368,3,1159.99,5,264.48,3570.45
6168,1760,44,4,586.99,0,187.84,2535.8
6169,1761,412,1,1121.99,10,80.78,1090.57
6170,1762,349,3,29.99,5,6.84,92.31
6171,1762,484,2,622.99,0,99.68,1345.66
6172,1762,454,3,499.99,15,102,1376.97
6173,1762,107,3,384.99,0,92.4,1247.37
6174,1763,486,2,220.99,5,33.59,453.47
6175,1763,311,2,1079.99,15,146.88,1982.86
6176,1763,44,1,586.99,15,39.92,538.86
6177,1764,224,2,462.99,0,74.08,1000.06
6178,1765,13,3,241.99,10,52.27,705.64
6179,1765,301,3,517.99,15,105.67,1426.54
6180,1765,100,4,291.99,10,84.09,1135.25
6181,1765,160,4,1272.99,10,366.62,4949.38
6182,1766,401,4,487.99,0,156.16,2108.12
6183,1766,324,4,135.99,15,36.99,499.36
6184,1766,238,2,280.99,0,44.96,606.94
6185,1766,357,4,481.99,5,146.52,1978.08
6186,1766,299,3,71.99,0,17.28,233.25
6187,1767,208,1,1001.99,5,76.15,1028.04
6188,1767,215,1,686.99,15,46.72,630.66
6189,1767,331,4,1061.99,5,322.84,4358.4
6190,1768,354,3,946.99,5,215.91,2914.83
6191,1768,50,4,1364.99,5,414.96,5601.92
6192,1768,230,4,875.99,10,252.29,3405.85
6193,1768,267,3,1201.99,0,288.48,3894.45
6194,1768,21,2,683.99,10,98.49,1329.67
6195,1769,261,2,718.99,0,115.04,1553.02
6196,1769,245,3,1338.99,5,305.29,4121.41
6197,1769,390,4,33.99,15,9.25,124.82
6198,1769,435,3,214.99,5,49.02,661.74
6199,1769,258,3,277.99,10,60.05,810.62
6200,1769,147,3,22.99,5,5.24,70.76
6201,1770,81,3,1111.99,0,266.88,3602.85
6202,1770,100,3,291.99,0,70.08,946.05
6203,1771,500,2,835.99,15,113.69,1534.87
6204,1772,428,3,160.99,5,36.71,495.53
6205,1772,471,2,873.99,10,125.85,1699.03
6206,1772,332,3,1276.99,15,260.51,3516.83
6207,1772,64,4,546.99,15,148.78,2008.55
6208,1773,419,1,351.99,5,26.75,361.14
6209,1774,80,2,811.99,5,123.42,1666.2
6210,1774,349,4,29.99,5,9.12,123.08
6211,1774,360,3,407.99,0,97.92,1321.89
6212,1774,330,4,791.99,5,240.76,3250.32
6213,1774,419,1,351.99,15,23.94,323.13
6214,1774,63,4,1206.99,10,347.61,4692.77
6215,1775,149,2,1056.99,0,169.12,2283.1
6216,1775,262,4,140.99,15,38.35,517.72
6217,1776,246,4,1215.99,5,369.66,4990.42
6218,1776,81,2,1111.99,15,151.23,2041.61
6219,1776,440,3,637.99,0,153.12,2067.09
6220,1777,176,2,1323.99,0,211.84,2859.82
6221,1777,453,1,351.99,0,28.16,380.15
6222,1777,456,4,1330.99,0,425.92,5749.88
6223,1777,316,2,1218.99,10,175.53,2369.71
6224,1777,31,4,542.99,15,147.69,1993.86
6225,1778,294,4,184.99,10,53.28,719.24
6226,1779,62,4,516.99,0,165.44,2233.4
6227,1779,33,4,1048.99,10,302.11,4078.47
6228,1779,299,2,71.99,5,10.94,147.72
6229,1779,46,4,941.99,10,271.29,3662.45
6230,1780,186,1,937.99,0,75.04,1013.03
6231,1780,347,2,89.99,10,12.96,174.94
6232,1780,363,1,1073.99,15,73.03,985.92
6233,1780,428,4,160.99,5,48.94,660.7
6234,1780,420,3,653.99,15,133.41,1801.08
6235,1781,313,1,1158.99,5,88.08,1189.12
6236,1781,464,1,820.99,0,65.68,886.67
6237,1781,55,4,856.99,0,274.24,3702.2
6238,1782,327,1,975.99,0,78.08,1054.07
6239,1782,5,2,1162.99,0,186.08,2512.06
6240,1782,409,2,773.99,0,123.84,1671.82
6241,1783,39,3,1415.99,10,305.85,4129.02
6242,1784,1,1,524.99,5,39.9,538.64
6243,1784,165,4,1057.99,15,287.77,3884.94
6244,1784,405,2,33.99,15,4.62,62.4
6245,1784,470,1,203.99,10,14.69,198.28
6246,1785,383,4,888.99,10,256.03,3456.39
6247,1786,216,2,979.99,10,141.12,1905.1
6248,1786,424,1,823.99,10,59.33,800.92
6249,1786,22,4,1226.99,10,353.37,4770.53
6250,1787,224,1,462.99,10,33.34,450.03
6251,1787,178,1,1071.99,5,81.47,1099.86
6252,1787,179,3,251.99,10,54.43,734.8
6253,1787,319,2,336.99,15,45.83,618.71
6254,1787,285,3,936.99,15,191.15,2580.47
6255,1788,90,4,825.99,0,264.32,3568.28
6256,1789,53,1,766.99,15,52.16,704.1
6257,1789,96,2,545.99,15,74.25,1002.43
6258,1789,163,3,911.99,15,186.05,2511.62
6259,1789,351,2,321.99,0,51.52,695.5
6260,1789,143,2,553.99,15,75.34,1017.12
6261,1790,407,3,160.99,15,32.84,443.36
6262,1791,328,4,197.99,10,57.02,769.78
6263,1791,333,2,1238.99,0,198.24,2676.22
6264,1791,37,1,303.99,15,20.67,279.06
6265,1792,9,4,896.99,5,272.68,3681.24
6266,1792,173,3,682.99,10,147.53,1991.6
6267,1792,445,3,20.99,10,4.53,61.2
6268,1792,161,4,1385.99,15,376.99,5089.36
6269,1793,252,4,896.99,15,243.98,3293.75
6270,1793,9,4,896.99,5,272.68,3681.24
6271,1794,64,2,546.99,5,83.14,1122.42
6272,1794,172,2,1080.99,10,155.66,2101.44
6273,1795,19,2,1251.99,5,190.3,2569.08
6274,1796,190,4,1002.99,10,288.86,3899.62
6275,1796,178,3,1071.99,0,257.28,3473.25
6276,1796,112,2,652.99,15,88.81,1198.89
6277,1796,471,2,873.99,10,125.85,1699.03
6278,1797,251,4,134.99,0,43.2,583.16
6279,1797,88,4,322.99,15,87.85,1186.02
6280,1797,403,4,760.99,0,243.52,3287.48
6281,1797,288,2,1187.99,5,180.57,2437.75
6282,1797,483,1,897.99,10,64.66,872.85
6283,1798,207,3,1123.99,5,256.27,3459.64
6284,1798,49,4,124.99,0,40,539.96
6285,1798,157,3,33.99,10,7.34,99.11
6286,1798,381,2,1077.99,15,146.61,1979.19
6287,1798,179,3,251.99,5,57.45,775.62
6288,1798,300,1,991.99,10,71.42,964.21
6289,1799,182,1,766.99,0,61.36,828.35
6290,1799,199,1,882.99,5,67.11,905.95
6291,1799,146,3,26.99,5,6.15,83.07
6292,1799,343,1,758.99,10,54.65,737.74
6293,1800,76,4,1285.99,10,370.37,4999.93
6294,1800,281,2,1147.99,0,183.68,2479.66
6295,1801,191,1,676.99,0,54.16,731.15
6296,1801,217,3,1491.99,0,358.08,4834.05
6297,1802,159,4,229.99,5,69.92,943.88
6298,1803,301,1,517.99,5,39.37,531.46
6299,1803,66,2,276.99,0,44.32,598.3
6300,1804,21,2,683.99,10,98.49,1329.67
6301,1804,103,2,310.99,15,42.29,570.97
6302,1804,346,1,406.99,0,32.56,439.55
6303,1804,29,2,573.99,10,82.65,1115.83
6304,1805,461,2,345.99,0,55.36,747.34
6305,1806,419,4,351.99,10,101.37,1368.53
6306,1806,485,1,875.99,5,66.58,898.77
6307,1807,363,1,1073.99,15,73.03,985.92
6308,1807,150,1,335.99,0,26.88,362.87
6309,1807,470,2,203.99,10,29.37,396.55
6310,1807,385,1,1224.99,15,83.3,1124.54
6311,1807,170,1,865.99,0,69.28,935.27
6312,1807,408,3,474.99,10,102.6,1385.07
6313,1808,5,2,1162.99,5,176.77,2386.45
6314,1808,22,4,1226.99,10,353.37,4770.53
6315,1809,48,2,1148.99,5,174.65,2357.73
6316,1809,93,4,498.99,10,143.71,1940.07
6317,1809,111,3,282.99,10,61.13,825.2
6318,1810,72,4,436.99,10,125.85,1699.01
6319,1810,114,2,879.99,15,119.68,1615.66
6320,1810,25,2,109.99,0,17.6,237.58
6321,1810,346,1,406.99,5,30.93,417.57
6322,1811,235,2,1232.99,15,167.69,2263.77
6323,1812,64,4,546.99,5,166.28,2244.84
6324,1812,69,1,998.99,10,71.93,971.02
6325,1812,333,3,1238.99,0,297.36,4014.33
6326,1813,374,2,1025.99,15,139.53,1883.71
6327,1813,497,1,681.99,15,46.38,626.07
6328,1813,491,2,891.99,10,128.45,1734.03
6329,1813,493,1,451.99,15,30.74,414.93
6330,1814,291,2,1046.99,15,142.39,1922.27
6331,1814,124,3,388.99,0,93.36,1260.33
6332,1814,93,4,498.99,10,143.71,1940.07
6333,1815,21,3,683.99,15,139.53,1883.7
6334,1815,261,1,718.99,15,48.89,660.03
6335,1816,273,2,1167.99,15,158.85,2144.43
6336,1817,156,3,1366.99,10,295.27,3986.14
6337,1817,436,3,541.99,0,130.08,1756.05
6338,1817,129,3,251.99,5,57.45,775.62
6339,1818,81,4,1111.99,15,302.46,4083.23
6340,1818,34,1,67.99,10,4.9,66.09
6341,1819,44,2,586.99,0,93.92,1267.9
6342,1819,386,2,300.99,15,40.93,552.61
6343,1819,338,1,674.99,5,51.3,692.54
6344,1819,241,3,753.99,15,153.81,2076.48
6345,1819,419,2,351.99,15,47.87,646.25
6346,1820,87,1,1443.99,10,103.97,1403.56
6347,1820,33,1,1048.99,10,75.53,1019.62
6348,1820,441,3,766.99,0,184.08,2485.05
6349,1821,27,3,788.99,10,170.42,2300.69
6350,1821,475,1,1263.99,0,101.12,1365.11
6351,1821,464,4,820.99,0,262.72,3546.68
6352,1821,13,2,241.99,5,36.78,496.56
6353,1821,405,4,33.99,10,9.79,132.15
6354,1822,224,3,462.99,10,100.01,1350.08
6355,1823,26,3,270.99,15,55.28,746.3
6356,1824,117,4,957.99,0,306.56,4138.52
6357,1824,263,4,787.99,10,226.94,3063.7
6358,1824,185,3,252.99,10,54.65,737.72
6359,1824,241,3,753.99,10,162.86,2198.63
6360,1825,194,3,1138.99,10,246.02,3321.29
6361,1825,85,4,978.99,0,313.28,4229.24
6362,1825,406,4,1125.99,0,360.32,4864.28
6363,1825,29,2,573.99,0,91.84,1239.82
6364,1825,53,2,766.99,15,104.31,1408.19
6365,1826,15,1,1374.99,15,93.5,1262.24
6366,1826,22,4,1226.99,15,333.74,4505.51
6367,1826,153,4,850.99,0,272.32,3676.28
6368,1826,309,4,103.99,10,29.95,404.31
6369,1826,486,4,220.99,0,70.72,954.68
6370,1826,195,3,420.99,15,85.88,1159.4
6371,1827,326,4,879.99,0,281.6,3801.56
6372,1827,240,2,1188.99,5,180.73,2439.81
6373,1827,368,4,1159.99,0,371.2,5011.16
6374,1827,207,3,1123.99,5,256.27,3459.64
6375,1828,335,1,758.99,10,54.65,737.74
6376,1828,289,4,1112.99,15,302.73,4086.9
6377,1828,57,4,461.99,0,147.84,1995.8
6378,1828,124,1,388.99,5,29.56,399.1
6379,1828,419,4,351.99,15,95.74,1292.51
6380,1828,485,1,875.99,5,66.58,898.77
6381,1829,475,3,1263.99,5,288.19,3890.56
6382,1829,205,1,727.99,5,55.33,746.92
6383,1829,109,2,1104.99,5,167.96,2267.44
6384,1829,216,3,979.99,15,199.92,2698.89
6385,1829,361,3,531.99,15,108.53,1465.1
6386,1829,492,3,494.99,5,112.86,1523.58
6387,1830,413,4,1416.99,15,385.42,5203.19
6388,1830,77,4,453.99,0,145.28,1961.24
6389,1830,286,1,365.99,5,27.82,375.51
6390,1830,88,4,322.99,0,103.36,1395.32
6391,1830,275,4,329.99,0,105.6,1425.56
6392,1830,452,4,364.99,5,110.96,1497.92
6393,1831,39,4,1415.99,10,407.81,5505.37
6394,1832,389,1,1452.99,5,110.43,1490.77
6395,1832,5,3,1162.99,5,265.16,3579.68
6396,1832,197,4,659.99,10,190.08,2566.04
6397,1833,456,3,1330.99,5,303.47,4096.79
6398,1834,30,4,307.99,10,88.7,1197.46
6399,1834,437,1,257.99,5,19.61,264.7
6400,1834,436,1,541.99,0,43.36,585.35
6401,1834,37,2,303.99,15,41.34,558.12
6402,1834,480,4,833.99,10,240.19,3242.55
6403,1835,84,4,186.99,15,50.86,686.63
6404,1835,46,4,941.99,10,271.29,3662.45
6405,1836,437,2,257.99,5,39.21,529.39
6406,1836,195,4,420.99,0,134.72,1818.68
6407,1836,332,4,1276.99,5,388.2,5240.76
6408,1837,122,1,1350.99,0,108.08,1459.07
6409,1837,343,4,758.99,0,242.88,3278.84
6410,1837,419,3,351.99,5,80.25,1083.42
6411,1838,206,1,1275.99,5,96.98,1309.17
6412,1838,298,2,1045.99,15,142.25,1920.43
6413,1838,47,4,498.99,0,159.68,2155.64
6414,1838,391,4,1383.99,0,442.88,5978.84
6415,1838,255,1,677.99,10,48.82,659.01
6416,1839,150,1,335.99,0,26.88,362.87
6417,1839,358,2,94.99,15,12.92,174.4
6418,1840,288,4,1187.99,5,361.15,4875.51
6419,1840,489,2,800.99,10,115.34,1557.12
6420,1841,98,1,1194.99,5,90.82,1226.06
6421,1841,441,2,766.99,10,110.45,1491.03
6422,1841,432,3,423.99,10,91.58,1236.35
6423,1841,490,4,968.99,10,279.07,3767.43
6424,1841,93,3,498.99,5,113.77,1535.89
6425,1842,450,3,670.99,5,152.99,2065.31
6426,1842,363,4,1073.99,5,326.49,4407.65
6427,1842,491,1,891.99,10,64.22,867.01
6428,1843,216,2,979.99,15,133.28,1799.26
6429,1843,254,2,621.99,15,84.59,1141.97
6430,1843,34,2,67.99,5,10.33,139.51
6431,1844,151,2,683.99,10,98.49,1329.67
6432,1845,353,4,155.99,5,47.42,640.18
6433,1845,467,3,827.99,0,198.72,2682.69
6434,1846,289,4,1112.99,15,302.73,4086.9
6435,1846,414,2,1426.99,10,205.49,2774.07
6436,1846,487,2,417.99,5,63.53,857.71
6437,1846,77,4,453.99,15,123.49,1667.06
6438,1846,310,3,1363.99,15,278.25,3756.42
6439,1846,164,4,135.99,15,36.99,499.36
6440,1847,83,2,549.99,10,79.2,1069.18
6441,1847,487,1,417.99,15,28.42,383.71
6442,1847,183,1,56.99,15,3.88,52.32
6443,1847,331,2,1061.99,0,169.92,2293.9
6444,1847,251,2,134.99,5,20.52,277
6445,1848,206,3,1275.99,5,290.93,3927.5
6446,1848,151,1,683.99,10,49.25,664.84
6447,1848,490,2,968.99,10,139.53,1883.71
6448,1849,230,2,875.99,0,140.16,1892.14
6449,1849,406,1,1125.99,10,81.07,1094.46
6450,1849,207,4,1123.99,0,359.68,4855.64
6451,1849,487,1,417.99,10,30.1,406.29
6452,1849,14,3,1137.99,0,273.12,3687.09
6453,1849,462,1,30.99,0,2.48,33.47
6454,1850,452,3,364.99,5,83.22,1123.44
6455,1851,46,1,941.99,10,67.82,915.61
6456,1851,101,1,1394.99,15,94.86,1280.6
6457,1851,225,4,861.99,0,275.84,3723.8
6458,1851,346,1,406.99,0,32.56,439.55
6459,1852,446,4,169.99,10,48.96,660.92
6460,1852,96,1,545.99,15,37.13,501.22
6461,1852,53,3,766.99,10,165.67,2236.54
6462,1852,238,4,280.99,15,76.43,1031.8
6463,1852,21,4,683.99,5,207.93,2807.09
6464,1853,156,1,1366.99,10,98.42,1328.71
6465,1853,485,1,875.99,0,70.08,946.07
6466,1853,213,4,700.99,5,213.1,2876.86
6467,1854,364,3,968.99,10,209.3,2825.57
6468,1855,76,2,1285.99,10,185.18,2499.96
6469,1855,186,4,937.99,5,285.15,3849.51
6470,1855,235,3,1232.99,10,266.33,3595.4
6471,1855,157,4,33.99,10,9.79,132.15
6472,1855,312,1,522.99,5,39.75,536.59
6473,1855,351,1,321.99,10,23.18,312.97
6474,1856,386,3,300.99,0,72.24,975.21
6475,1856,309,3,103.99,0,24.96,336.93
6476,1856,281,1,1147.99,15,78.06,1053.85
6477,1856,44,2,586.99,0,93.92,1267.9
6478,1856,273,4,1167.99,15,317.69,4288.86
6479,1857,60,2,1245.99,15,169.45,2287.63
6480,1857,83,2,549.99,10,79.2,1069.18
6481,1857,467,1,827.99,15,56.3,760.09
6482,1857,339,4,200.99,15,54.67,738.04
6483,1857,128,2,987.99,10,142.27,1920.65
6484,1858,199,2,882.99,10,127.15,1716.53
6485,1858,475,3,1263.99,5,288.19,3890.56
6486,1858,67,4,879.99,5,267.52,3611.48
6487,1858,459,1,868.99,10,62.57,844.66
6488,1858,395,3,1497.99,10,323.57,4368.14
6489,1859,98,4,1194.99,10,344.16,4646.12
6490,1859,69,1,998.99,0,79.92,1078.91
6491,1859,113,3,549.99,10,118.8,1603.77
6492,1859,94,4,827.99,10,238.46,3219.22
6493,1860,31,3,542.99,5,123.8,1671.32
6494,1860,390,2,33.99,5,5.17,69.75
6495,1860,453,4,351.99,10,101.37,1368.53
6496,1860,193,2,973.99,5,148.05,1998.63
6497,1861,18,1,825.99,0,66.08,892.07
6498,1862,180,4,656.99,15,178.7,2412.47
6499,1862,154,2,156.99,0,25.12,339.1
6500,1863,338,4,674.99,5,205.2,2770.16
6501,1863,221,3,1084.99,10,234.36,3163.83
6502,1864,487,4,417.99,15,113.69,1534.86
6503,1864,475,4,1263.99,15,343.81,4641.38
6504,1865,36,4,624.99,5,190,2564.96
6505,1865,239,4,133.99,15,36.45,492.02
6506,1866,190,4,1002.99,15,272.81,3682.98
6507,1866,383,2,888.99,0,142.24,1920.22
6508,1866,389,3,1452.99,10,313.85,4236.92
6509,1866,184,2,446.99,15,60.79,820.67
6510,1866,125,4,1036.99,10,298.65,4031.81
6511,1867,190,2,1002.99,0,160.48,2166.46
6512,1868,170,1,865.99,15,58.89,794.98
6513,1868,231,3,121.99,5,27.81,375.48
6514,1868,131,1,371.99,5,28.27,381.66
6515,1869,95,3,449.99,15,91.8,1239.27
6516,1870,406,3,1125.99,10,243.21,3283.38
6517,1870,281,3,1147.99,5,261.74,3533.51
6518,1871,361,2,531.99,5,80.86,1091.64
6519,1871,311,3,1079.99,10,233.28,3149.25
6520,1871,90,2,825.99,0,132.16,1784.14
6521,1871,107,4,384.99,5,117.04,1580
6522,1872,327,1,975.99,10,70.27,948.66
6523,1872,302,4,1319.99,0,422.4,5702.36
6524,1872,163,2,911.99,15,124.03,1674.41
6525,1872,237,2,1263.99,5,192.13,2593.71
6526,1873,439,4,168.99,0,54.08,730.04
6527,1873,398,1,512.99,0,41.04,554.03
6528,1873,396,2,777.99,10,112.03,1512.41
6529,1874,311,2,1079.99,0,172.8,2332.78
6530,1874,319,3,336.99,15,68.75,928.07
6531,1874,43,4,423.99,10,122.11,1648.47
6532,1875,3,4,889.99,15,242.08,3268.05
6533,1875,493,4,451.99,0,144.64,1952.6
6534,1875,11,3,1445.99,0,347.04,4685.01
6535,1875,400,3,1305.99,0,313.44,4231.41
6536,1875,220,1,620.99,0,49.68,670.67
6537,1876,439,1,168.99,5,12.84,173.38
6538,1876,379,4,571.99,10,164.73,2223.89
6539,1876,15,3,1374.99,10,297,4009.47
6540,1876,477,3,1192.99,5,272,3672.02
6541,1877,195,1,420.99,5,32,431.94
6542,1877,153,1,850.99,0,68.08,919.07
6543,1877,2,1,102.99,0,8.24,111.23
6544,1877,471,4,873.99,10,251.71,3398.07
6545,1877,90,4,825.99,5,251.1,3389.86
6546,1877,69,4,998.99,15,271.73,3668.3
6547,1878,442,1,799.99,5,60.8,820.79
6548,1878,448,1,420.99,0,33.68,454.67
6549,1878,355,1,45.99,5,3.5,47.19
6550,1878,69,4,998.99,5,303.69,4099.85
6551,1879,394,2,198.99,10,28.65,386.83
6552,1880,470,4,203.99,15,55.49,749.06
6553,1880,376,3,121.99,15,24.89,335.96
6554,1880,273,2,1167.99,5,177.53,2396.71
6555,1880,11,2,1445.99,0,231.36,3123.34
6556,1881,320,4,1027.99,5,312.51,4218.87
6557,1881,31,4,542.99,5,165.07,2228.43
6558,1881,188,3,1278.99,10,276.26,3729.53
6559,1881,150,1,335.99,10,24.19,326.58
6560,1882,200,1,330.99,0,26.48,357.47
6561,1882,429,1,940.99,15,63.99,863.83
6562,1882,336,2,743.99,15,101.18,1365.96
6563,1883,406,1,1125.99,0,90.08,1216.07
6564,1883,327,4,975.99,10,281.09,3794.65
6565,1883,11,3,1445.99,15,294.98,3982.25
6566,1883,57,2,461.99,0,73.92,997.9
6567,1883,242,2,1500.99,5,228.15,3080.03
6568,1883,32,4,471.99,5,143.48,1937.04
6569,1884,339,2,200.99,0,32.16,434.14
6570,1884,402,2,723.99,15,98.46,1329.24
6571,1885,459,2,868.99,15,118.18,1595.46
6572,1885,132,2,728.99,0,116.64,1574.62
6573,1886,27,4,788.99,10,227.23,3067.59
6574,1886,347,1,89.99,0,7.2,97.19
6575,1887,45,4,896.99,15,243.98,3293.75
6576,1887,40,3,506.99,10,109.51,1478.38
6577,1887,437,1,257.99,5,19.61,264.7
6578,1887,397,3,635.99,5,145.01,1957.58
6579,1887,457,1,929.99,15,63.24,853.73
6580,1888,139,3,1205.99,10,260.49,3516.66
6581,1889,350,1,1204.99,5,91.58,1236.32
6582,1889,16,1,809.99,10,58.32,787.31
6583,1890,60,2,1245.99,0,199.36,2691.34
6584,1890,4,3,935.99,10,202.17,2729.34
6585,1891,59,3,254.99,10,55.08,743.55
6586,1891,235,2,1232.99,10,177.55,2396.93
6587,1892,156,4,1366.99,5,415.56,5610.12
6588,1892,345,1,1180.99,5,89.76,1211.7
6589,1892,400,4,1305.99,0,417.92,5641.88
6590,1892,139,3,1205.99,15,246.02,3321.29
6591,1893,454,1,499.99,10,36,485.99
6592,1893,163,2,911.99,5,138.62,1871.4
6593,1894,59,2,254.99,10,36.72,495.7
6594,1894,196,4,347.99,5,105.79,1428.15
6595,1895,463,1,1279.99,15,87.04,1175.03
6596,1895,259,4,491.99,10,141.69,1912.85
6597,1896,325,1,527.99,10,38.02,513.21
6598,1896,127,1,1200.99,10,86.47,1167.36
6599,1896,75,1,927.99,0,74.24,1002.23
6600,1896,375,2,541.99,15,73.71,995.09
6601,1896,175,2,667.99,5,101.53,1370.71
6602,1896,237,1,1263.99,0,101.12,1365.11
6603,1897,37,4,303.99,0,97.28,1313.24
6604,1897,434,2,1392.99,5,211.73,2858.41
6605,1898,296,1,52.99,5,4.03,54.37
6606,1898,180,1,656.99,10,47.3,638.59
6607,1898,466,3,796.99,0,191.28,2582.25
6608,1898,15,2,1374.99,0,220,2969.98
6609,1898,128,1,987.99,15,67.18,906.97
6610,1899,299,4,71.99,15,19.58,264.35
6611,1900,355,1,45.99,10,3.31,44.7
6612,1900,210,1,919.99,15,62.56,844.55
6613,1900,321,2,679.99,5,103.36,1395.34
6614,1901,260,1,301.99,5,22.95,309.84
6615,1901,378,1,1307.99,15,88.94,1200.73
6616,1901,121,2,318.99,5,48.49,654.57
6617,1901,6,1,98.99,0,7.92,106.91
6618,1901,64,4,546.99,0,175.04,2363
6619,1902,484,1,622.99,5,47.35,639.19
6620,1902,140,4,1240.99,15,337.55,4556.92
6621,1902,137,1,1014.99,0,81.2,1096.19
6622,1902,122,3,1350.99,15,275.6,3720.62
6623,1903,63,1,1206.99,5,91.73,1238.37
6624,1903,341,2,558.99,0,89.44,1207.42
6625,1903,231,3,121.99,0,29.28,395.25
6626,1903,397,2,635.99,15,86.49,1167.67
6627,1903,260,2,301.99,15,41.07,554.45
6628,1903,5,2,1162.99,15,158.17,2135.25
6629,1904,365,2,1002.99,10,144.43,1949.81
6630,1904,326,4,879.99,0,281.6,3801.56
6631,1905,462,2,30.99,10,4.46,60.24
6632,1905,189,1,612.99,15,41.68,562.72
6633,1905,237,4,1263.99,5,384.25,5187.41
6634,1906,202,2,721.99,10,103.97,1403.55
6635,1907,45,2,896.99,5,136.34,1840.62
6636,1908,31,4,542.99,10,156.38,2111.14
6637,1908,317,4,1482.99,10,427.1,5765.86
6638,1908,215,1,686.99,0,54.96,741.95
6639,1908,228,3,836.99,10,180.79,2440.66
6640,1908,350,3,1204.99,5,274.74,3708.96
6641,1909,309,1,103.99,15,7.07,95.46
6642,1909,40,4,506.99,5,154.12,2080.68
6643,1910,39,1,1415.99,0,113.28,1529.27
6644,1910,159,2,229.99,5,34.96,471.94
6645,1910,28,4,176.99,15,48.14,649.91
6646,1911,30,1,307.99,10,22.18,299.37
6647,1911,370,2,1201.99,0,192.32,2596.3
6648,1912,35,2,1193.99,15,162.38,2192.16
6649,1913,165,1,1057.99,10,76.18,1028.37
6650,1913,14,2,1137.99,0,182.08,2458.06
6651,1914,300,1,991.99,15,67.46,910.65
6652,1914,143,3,553.99,10,119.66,1615.43
6653,1914,345,3,1180.99,15,240.92,3252.44
6654,1914,365,1,1002.99,0,80.24,1083.23
6655,1915,267,2,1201.99,10,173.09,2336.67
6656,1915,247,1,1255.99,0,100.48,1356.47
6657,1915,141,1,1173.99,5,89.22,1204.51
6658,1915,406,1,1125.99,10,81.07,1094.46
6659,1915,360,4,407.99,0,130.56,1762.52
6660,1915,75,2,927.99,10,133.63,1804.01
6661,1916,274,2,729.99,0,116.8,1576.78
6662,1917,490,1,968.99,15,65.89,889.53
6663,1917,300,2,991.99,5,150.78,2035.56
6664,1917,427,3,378.99,15,77.31,1043.73
6665,1917,383,2,888.99,0,142.24,1920.22
6666,1917,332,2,1276.99,5,194.1,2620.38
6667,1917,141,2,1173.99,0,187.84,2535.82
6668,1918,321,3,679.99,0,163.2,2203.17
6669,1918,152,2,47.99,0,7.68,103.66
6670,1918,358,1,94.99,10,6.84,92.33
6671,1918,420,4,653.99,0,209.28,2825.24
6672,1919,424,4,823.99,15,224.13,3025.7
6673,1919,116,1,1096.99,0,87.76,1184.75
6674,1919,53,1,766.99,0,61.36,828.35
6675,1920,484,2,622.99,15,84.73,1143.81
6676,1920,57,1,461.99,15,31.42,424.11
6677,1920,276,1,293.99,10,21.17,285.76
6678,1920,483,3,897.99,5,204.74,2764.01
6679,1920,210,1,919.99,15,62.56,844.55
6680,1920,377,1,808.99,5,61.48,830.02
6681,1921,249,3,462.99,10,100.01,1350.08
6682,1921,104,2,1343.99,15,182.78,2467.56
6683,1921,129,1,251.99,10,18.14,244.93
6684,1922,382,2,88.99,5,13.53,182.61
6685,1922,375,1,541.99,5,41.19,556.08
6686,1922,27,3,788.99,10,170.42,2300.69
6687,1922,489,2,800.99,15,108.93,1470.61
6688,1922,33,2,1048.99,0,167.84,2265.82
6689,1922,482,3,774.99,15,158.1,2134.32
6690,1923,285,4,936.99,0,299.84,4047.8
6691,1923,314,1,159.99,15,10.88,146.87
6692,1923,172,4,1080.99,15,294.03,3969.4
6693,1924,14,2,1137.99,0,182.08,2458.06
6694,1924,156,1,1366.99,5,103.89,1402.53
6695,1924,243,2,1487.99,5,226.17,3053.35
6696,1924,464,2,820.99,5,124.79,1684.67
6697,1925,108,1,1184.99,10,85.32,1151.81
6698,1925,130,3,1187.99,15,242.35,3271.72
6699,1925,282,4,427.99,5,130.11,1756.47
6700,1926,428,2,160.99,0,25.76,347.74
6701,1926,357,2,481.99,15,65.55,884.93
6702,1926,459,2,868.99,10,125.13,1689.31
6703,1927,353,3,155.99,15,31.82,429.59
6704,1927,462,2,30.99,0,4.96,66.94
6705,1928,234,3,405.99,10,87.69,1183.86
6706,1928,453,2,351.99,10,50.69,684.27
6707,1928,289,3,1112.99,5,253.76,3425.78
6708,1928,46,2,941.99,5,143.18,1932.96
6709,1928,131,3,371.99,0,89.28,1205.25
6710,1928,151,1,683.99,0,54.72,738.71
6711,1929,31,2,542.99,15,73.85,996.93
6712,1929,399,4,94.99,15,25.84,348.81
6713,1929,148,2,705.99,0,112.96,1524.94
6714,1929,431,4,124.99,5,38,512.96
6715,1930,498,3,525.99,0,126.24,1704.21
6716,1930,449,2,634.99,0,101.6,1371.58
6717,1930,278,3,714.99,15,145.86,1969.08
6718,1930,128,1,987.99,0,79.04,1067.03
6719,1930,274,2,729.99,15,99.28,1340.26
6720,1931,139,1,1205.99,5,91.66,1237.35
6721,1932,232,2,1001.99,15,136.27,1839.65
6722,1932,400,1,1305.99,15,88.81,1198.9
6723,1932,33,3,1048.99,15,213.99,2888.91
6724,1932,231,1,121.99,10,8.78,118.57
6725,1932,28,3,176.99,10,38.23,516.1
6726,1933,320,4,1027.99,5,312.51,4218.87
6727,1934,389,4,1452.99,15,395.21,5335.38
6728,1934,121,1,318.99,0,25.52,344.51
6729,1935,264,4,1444.99,5,439.28,5930.24
6730,1935,458,1,449.99,15,30.6,413.09
6731,1935,173,4,682.99,0,218.56,2950.52
6732,1935,281,1,1147.99,15,78.06,1053.85
6733,1935,452,4,364.99,10,105.12,1419.08
6734,1936,76,1,1285.99,15,87.45,1180.54
6735,1936,377,2,808.99,5,122.97,1660.05
6736,1936,223,2,526.99,0,84.32,1138.3
6737,1936,318,2,300.99,10,43.34,585.12
6738,1936,13,3,241.99,15,49.37,666.44
6739,1937,375,2,541.99,0,86.72,1170.7
6740,1937,55,2,856.99,0,137.12,1851.1
6741,1938,449,1,634.99,0,50.8,685.79
6742,1938,75,1,927.99,10,66.82,902.01
6743,1938,475,3,1263.99,15,257.85,3481.02
6744,1938,154,4,156.99,5,47.72,644.28
6745,1938,268,4,1229.99,10,354.24,4782.2
6746,1938,89,2,794.99,0,127.2,1717.18
6747,1939,65,1,72.99,5,5.55,74.89
6748,1939,478,1,296.99,10,21.38,288.67
6749,1939,136,3,182.99,0,43.92,592.89
6750,1939,90,1,825.99,5,62.78,847.47
6751,1940,477,1,1192.99,5,90.67,1224.01
6752,1940,251,4,134.99,15,36.72,495.69
6753,1940,332,1,1276.99,5,97.05,1310.19
6754,1941,141,1,1173.99,0,93.92,1267.91
6755,1941,145,3,864.99,0,207.6,2802.57
6756,1941,231,1,121.99,5,9.27,125.16
6757,1941,232,1,1001.99,0,80.16,1082.15
6758,1942,224,2,462.99,0,74.08,1000.06
6759,1942,82,4,807.99,10,232.7,3141.46
6760,1942,90,2,825.99,15,112.33,1516.51
6761,1942,274,3,729.99,15,148.92,2010.39
6762,1943,433,4,834.99,5,253.84,3426.8
6763,1943,76,4,1285.99,0,411.52,5555.48
6764,1943,77,1,453.99,15,30.87,416.76
6765,1943,396,3,777.99,0,186.72,2520.69
6766,1943,308,4,1135.99,10,327.17,4416.73
6767,1944,499,4,1078.99,15,293.49,3962.06
6768,1944,126,1,1486.99,10,107.06,1445.35
6769,1944,272,3,425.99,15,86.9,1173.17
6770,1944,445,4,20.99,5,6.38,86.14
6771,1944,274,1,729.99,5,55.48,748.97
6772,1944,487,3,417.99,5,95.3,1286.57
6773,1945,257,3,1143.99,10,247.1,3335.87
6774,1945,25,2,109.99,10,15.84,213.82
6775,1945,130,2,1187.99,10,171.07,2309.45
6776,1945,498,2,525.99,0,84.16,1136.14
6777,1945,350,1,1204.99,15,81.94,1106.18
6778,1945,354,1,946.99,5,71.97,971.61
6779,1946,138,4,1243.99,15,338.37,4567.94
6780,1946,285,1,936.99,15,63.72,860.16
6781,1947,21,4,683.99,5,207.93,2807.09
6782,1948,224,3,462.99,15,94.45,1275.07
6783,1948,464,2,820.99,5,124.79,1684.67
6784,1948,326,3,879.99,15,179.52,2423.49
6785,1948,368,4,1159.99,0,371.2,5011.16
6786,1948,1,2,524.99,5,79.8,1077.28
6787,1948,54,4,685.99,0,219.52,2963.48
6788,1949,274,4,729.99,15,198.56,2680.53
6789,1949,380,4,1349.99,10,388.8,5248.76
6790,1950,354,1,946.99,10,68.18,920.47
6791,1950,185,1,252.99,0,20.24,273.23
6792,1950,208,3,1001.99,5,228.45,3084.12
6793,1950,115,4,548.99,10,158.11,2134.47
6794,1950,5,3,1162.99,5,265.16,3579.68
6795,1950,294,2,184.99,5,28.12,379.6
6796,1951,358,1,94.99,0,7.6,102.59
6797,1952,64,1,546.99,10,39.38,531.67
6798,1952,113,1,549.99,15,37.4,504.89
6799,1952,25,2,109.99,5,16.72,225.7
6800,1952,60,4,1245.99,0,398.72,5382.68
6801,1952,299,3,71.99,10,15.55,209.92
6802,1953,465,3,1287.99,10,278.21,3755.78
6803,1954,97,1,432.99,5,32.91,444.25
6804,1955,392,4,691.99,15,188.22,2540.99
6805,1955,272,2,425.99,15,57.93,782.11
6806,1955,61,2,130.99,0,20.96,282.94
6807,1955,73,2,1030.99,5,156.71,2115.59
6808,1955,274,1,729.99,10,52.56,709.55
6809,1956,154,2,156.99,10,22.61,305.19
6810,1956,399,4,94.99,5,28.88,389.84
6811,1956,347,3,89.99,5,20.52,276.99
6812,1956,98,4,1194.99,5,363.28,4904.24
6813,1957,142,2,614.99,5,93.48,1261.96
6814,1957,181,1,332.99,0,26.64,359.63
6815,1957,263,2,787.99,15,107.17,1446.75
6816,1957,71,3,1311.99,15,267.65,3613.22
6817,1957,426,4,887.99,0,284.16,3836.12
6818,1957,340,4,1235.99,5,375.74,5072.5
6819,1958,287,4,549.99,0,176,2375.96
6820,1958,180,3,656.99,0,157.68,2128.65
6821,1958,467,1,827.99,5,62.93,849.52
6822,1959,297,1,1086.99,0,86.96,1173.95
6823,1960,227,4,1337.99,0,428.16,5780.12
6824,1960,213,1,700.99,5,53.28,719.22
6825,1961,189,4,612.99,10,176.54,2383.3
6826,1961,469,3,489.99,0,117.6,1587.57
6827,1961,411,2,1232.99,10,177.55,2396.93
6828,1961,316,4,1218.99,5,370.57,5002.73
6829,1961,3,4,889.99,0,284.8,3844.76
6830,1961,116,1,1096.99,0,87.76,1184.75
6831,1962,230,4,875.99,10,252.29,3405.85
6832,1962,61,2,130.99,0,20.96,282.94
6833,1962,360,4,407.99,5,124.03,1674.39
6834,1962,250,4,314.99,15,85.68,1156.65
6835,1963,479,2,1129.99,15,153.68,2074.66
6836,1963,37,3,303.99,15,62.01,837.18
6837,1963,270,2,213.99,15,29.1,392.88
6838,1963,455,3,1465.99,10,316.65,4274.82
6839,1963,133,3,514.99,0,123.6,1668.57
6840,1963,30,4,307.99,5,93.63,1263.99
6841,1964,47,3,498.99,10,107.78,1455.05
6842,1964,358,3,94.99,10,20.52,276.99
6843,1964,199,2,882.99,5,134.21,1811.89
6844,1965,3,1,889.99,15,60.52,817.01
6845,1965,83,2,549.99,15,74.8,1009.78
6846,1965,35,3,1193.99,5,272.23,3675.1
6847,1965,325,4,527.99,10,152.06,2052.82
6848,1966,95,3,449.99,0,108,1457.97
6849,1966,43,1,423.99,0,33.92,457.91
6850,1966,27,2,788.99,15,107.3,1448.58
6851,1966,45,4,896.99,15,243.98,3293.75
6852,1966,141,2,1173.99,0,187.84,2535.82
6853,1966,190,4,1002.99,5,304.91,4116.27
6854,1967,65,4,72.99,5,22.19,299.55
6855,1967,248,4,804.99,5,244.72,3303.68
6856,1968,465,2,1287.99,15,175.17,2364.75
6857,1969,29,3,573.99,10,123.98,1673.75
6858,1969,352,1,1453.99,0,116.32,1570.31
6859,1969,168,2,387.99,15,52.77,712.35
6860,1970,137,1,1014.99,0,81.2,1096.19
6861,1970,361,1,531.99,5,40.43,545.82
6862,1970,348,2,586.99,5,89.22,1204.5
6863,1970,293,3,1158.99,5,264.25,3567.37
6864,1970,324,1,135.99,5,10.34,139.53
6865,1970,407,3,160.99,5,36.71,495.53
6866,1971,266,4,232.99,15,63.37,855.54
6867,1971,458,3,449.99,10,97.2,1312.17
6868,1971,464,3,820.99,0,197.04,2660.01
6869,1971,148,4,705.99,15,192.03,2592.4
6870,1972,104,1,1343.99,0,107.52,1451.51
6871,1972,287,2,549.99,5,83.6,1128.58
6872,1973,178,4,1071.99,5,325.88,4399.44
6873,1973,445,1,20.99,10,1.51,20.4
6874,1973,125,3,1036.99,15,211.55,2855.87
6875,1974,484,3,622.99,0,149.52,2018.49
6876,1975,389,4,1452.99,5,441.71,5963.07
6877,1976,342,1,1071.99,15,72.9,984.09
6878,1976,29,4,573.99,5,174.49,2355.65
6879,1976,56,2,425.99,15,57.93,782.11
6880,1976,371,2,105.99,5,16.11,217.49
6881,1977,129,1,251.99,0,20.16,272.15
6882,1977,349,3,29.99,5,6.84,92.31
6883,1977,327,2,975.99,15,132.73,1791.91
6884,1978,93,3,498.99,10,107.78,1455.05
6885,1978,230,4,875.99,10,252.29,3405.85
6886,1979,166,1,247.99,5,18.85,254.44
6887,1979,217,1,1491.99,15,101.46,1369.65
6888,1979,401,3,487.99,15,99.55,1343.92
6889,1979,12,4,403.99,15,109.89,1483.46
6890,1979,257,2,1143.99,5,173.89,2347.47
6891,1980,64,4,546.99,15,148.78,2008.55
6892,1981,170,1,865.99,15,58.89,794.98
6893,1981,179,3,251.99,0,60.48,816.45
6894,1981,370,4,1201.99,10,346.17,4673.33
6895,1981,474,3,500.99,15,102.2,1379.72
6896,1981,448,2,420.99,0,67.36,909.34
6897,1981,164,2,135.99,10,19.58,264.36
6898,1982,445,2,20.99,15,2.85,38.53
6899,1982,156,2,1366.99,0,218.72,2952.7
6900,1983,145,3,864.99,10,186.84,2522.31
6901,1983,458,3,449.99,10,97.2,1312.17
6902,1983,238,1,280.99,5,21.36,288.3
6903,1983,225,3,861.99,0,206.88,2792.85
6904,1983,411,4,1232.99,0,394.56,5326.52
6905,1984,231,3,121.99,5,27.81,375.48
6906,1984,325,3,527.99,5,120.38,1625.15
6907,1984,154,2,156.99,5,23.86,322.14
6908,1984,298,4,1045.99,10,301.25,4066.81
6909,1984,451,2,1029.99,5,156.56,2113.54
6910,1984,354,2,946.99,15,128.79,1738.67
6911,1985,364,2,968.99,0,155.04,2093.02
6912,1985,241,3,753.99,15,153.81,2076.48
6913,1985,377,3,808.99,0,194.16,2621.13
6914,1985,333,1,1238.99,15,84.25,1137.39
6915,1985,206,3,1275.99,15,260.3,3514.07
6916,1985,378,1,1307.99,5,99.41,1342
6917,1986,374,4,1025.99,0,328.32,4432.28
6918,1986,77,1,453.99,15,30.87,416.76
6919,1986,84,2,186.99,10,26.93,363.51
6920,1986,339,4,200.99,10,57.89,781.45
6921,1987,333,3,1238.99,5,282.49,3813.61
6922,1987,309,4,103.99,10,29.95,404.31
6923,1987,391,1,1383.99,10,99.65,1345.24
6924,1988,248,3,804.99,10,173.88,2347.35
6925,1988,456,4,1330.99,0,425.92,5749.88
6926,1988,189,2,612.99,0,98.08,1324.06
6927,1988,197,3,659.99,15,134.64,1817.61
6928,1988,168,1,387.99,10,27.94,377.13
6929,1988,473,1,1377.99,15,93.7,1264.99
6930,1989,231,2,121.99,15,16.59,223.97
6931,1989,296,4,52.99,15,14.41,194.58
6932,1989,92,4,1065.99,5,324.06,4374.82
6933,1989,282,2,427.99,15,58.21,785.79
6934,1989,236,4,1306.99,0,418.24,5646.2
6935,1990,236,3,1306.99,5,297.99,4022.91
6936,1990,83,2,549.99,10,79.2,1069.18
6937,1990,456,1,1330.99,5,101.16,1365.6
6938,1991,262,1,140.99,0,11.28,152.27
6939,1991,258,2,277.99,10,40.03,540.41
6940,1991,123,2,271.99,15,36.99,499.37
6941,1991,142,4,614.99,10,177.12,2391.08
6942,1992,335,3,758.99,10,163.94,2213.21
6943,1993,160,3,1272.99,10,274.97,3712.04
6944,1993,64,3,546.99,10,118.15,1595.02
6945,1993,40,1,506.99,10,36.5,492.79
6946,1994,448,2,420.99,10,60.62,818.4
6947,1995,26,3,270.99,10,58.53,790.2
6948,1995,118,3,213.99,10,46.22,623.99
6949,1995,113,1,549.99,0,44,593.99
6950,1995,270,2,213.99,10,30.81,415.99
6951,1995,209,3,565.99,10,122.25,1650.42
6952,1995,292,2,907.99,15,123.49,1667.07
6953,1996,64,2,546.99,10,78.77,1063.35
6954,1997,61,4,130.99,5,39.82,537.58
6955,1997,33,1,1048.99,5,79.72,1076.26
6956,1997,450,3,670.99,10,144.93,1956.6
6957,1997,225,3,861.99,15,175.85,2373.92
6958,1998,452,2,364.99,10,52.56,709.54
6959,1998,130,3,1187.99,0,285.12,3849.09
6960,1998,385,4,1224.99,10,352.8,4762.76
6961,1998,453,2,351.99,5,53.5,722.28
6962,1999,8,2,586.99,0,93.92,1267.9
6963,1999,38,4,385.99,5,117.34,1584.1
6964,2000,100,4,291.99,5,88.76,1198.32
6965,2000,175,4,667.99,15,181.69,2452.86
6966,2000,444,4,682.99,15,185.77,2507.94
6967,2000,328,2,197.99,5,30.09,406.27
6968,2000,459,2,868.99,0,139.04,1877.02
6969,2001,453,1,351.99,5,26.75,361.14
6970,2001,371,3,105.99,15,21.62,291.89
6971,2002,61,2,130.99,0,20.96,282.94
6972,2002,466,4,796.99,0,255.04,3443
6973,2003,121,3,318.99,5,72.73,981.85
6974,2003,72,2,436.99,10,62.93,849.51
6975,2003,239,2,133.99,0,21.44,289.42
6976,2003,32,4,471.99,5,143.48,1937.04
6977,2003,204,1,1355.99,10,97.63,1318.02
6978,2003,330,2,791.99,10,114.05,1539.63
6979,2004,306,3,842.99,15,171.97,2321.59
6980,2004,15,3,1374.99,10,297,4009.47
6981,2004,46,1,941.99,10,67.82,915.61
6982,2004,23,3,347.99,5,79.34,1071.11
6983,2004,177,3,1234.99,10,266.76,3601.23
6984,2004,211,4,440.99,0,141.12,1905.08
6985,2005,107,3,384.99,5,87.78,1185
6986,2005,17,1,517.99,10,37.3,503.49
6987,2006,169,2,755.99,10,108.86,1469.64
6988,2006,197,4,659.99,15,179.52,2423.49
6989,2006,138,4,1243.99,5,378.17,5105.33
6990,2007,298,3,1045.99,0,251.04,3389.01
6991,2007,83,4,549.99,0,176,2375.96
6992,2007,217,1,1491.99,10,107.42,1450.21
6993,2007,295,2,1309.99,15,178.16,2405.14
6994,2008,474,3,500.99,15,102.2,1379.72
6995,2008,381,2,1077.99,5,163.85,2212.03
6996,2008,400,1,1305.99,0,104.48,1410.47
6997,2008,87,1,1443.99,0,115.52,1559.51
6998,2009,428,3,160.99,10,34.77,469.44
6999,2009,69,4,998.99,5,303.69,4099.85
7000,2009,450,3,670.99,0,161.04,2174.01
7001,2010,410,3,169.99,0,40.8,550.77
7002,2010,130,1,1187.99,5,90.29,1218.88
7003,2010,377,1,808.99,0,64.72,873.71
7004,2010,368,4,1159.99,5,352.64,4760.6
7005,2011,216,1,979.99,10,70.56,952.55
7006,2011,71,4,1311.99,15,356.86,4817.63
7007,2011,167,2,715.99,10,103.1,1391.88
7008,2012,6,3,98.99,0,23.76,320.73
7009,2012,342,1,1071.99,15,72.9,984.09
7010,2013,226,1,278.99,10,20.09,271.18
7011,2013,395,3,1497.99,15,305.59,4125.46
7012,2013,168,1,387.99,10,27.94,377.13
7013,2013,39,2,1415.99,10,203.9,2752.68
7014,2014,445,3,20.99,0,5.04,68.01
7015,2014,40,4,506.99,5,154.12,2080.68
7016,2014,343,4,758.99,0,242.88,3278.84
7017,2014,153,4,850.99,0,272.32,3676.28
7018,2014,142,4,614.99,10,177.12,2391.08
7019,2015,372,2,364.99,10,52.56,709.54
7020,2015,304,2,119.99,15,16.32,220.3
7021,2015,486,3,220.99,10,47.73,644.4
7022,2015,297,4,1086.99,15,295.66,3991.43
7023,2015,462,1,30.99,5,2.36,31.8
7024,2016,125,3,1036.99,10,223.99,3023.86
7025,2016,454,4,499.99,10,144,1943.96
7026,2016,418,3,445.99,10,96.33,1300.5
7027,2016,494,4,1384.99,10,398.88,5384.84
7028,2017,259,1,491.99,10,35.42,478.21
7029,2017,244,3,42.99,0,10.32,139.29
7030,2017,219,1,737.99,0,59.04,797.03
7031,2017,137,4,1014.99,10,292.32,3946.28
7032,2017,29,1,573.99,5,43.62,588.91
7033,2017,103,4,310.99,5,94.54,1276.3
7034,2018,170,4,865.99,0,277.12,3741.08
7035,2018,331,3,1061.99,0,254.88,3440.85
7036,2019,351,1,321.99,10,23.18,312.97
7037,2020,352,3,1453.99,0,348.96,4710.93
7038,2020,176,2,1323.99,10,190.65,2573.83
7039,2020,16,2,809.99,5,123.12,1662.1
7040,2020,272,1,425.99,10,30.67,414.06
7041,2021,456,3,1330.99,15,271.52,3665.54
7042,2021,473,1,1377.99,0,110.24,1488.23
7043,2022,385,1,1224.99,15,83.3,1124.54
7044,2022,124,2,388.99,5,59.13,798.21
7045,2022,52,4,449.99,10,129.6,1749.56
7046,2022,367,3,419.99,0,100.8,1360.77
7047,2022,295,4,1309.99,5,398.24,5376.2
7048,2022,43,4,423.99,5,128.89,1740.05
7049,2023,155,4,635.99,15,172.99,2335.36
7050,2023,247,3,1255.99,0,301.44,4069.41
7051,2023,433,2,834.99,5,126.92,1713.4
7052,2023,493,3,451.99,15,92.21,1244.78
7053,2023,444,1,682.99,10,49.18,663.87
7054,2023,266,1,232.99,5,17.71,239.05
7055,2024,27,2,788.99,5,119.93,1619.01
7056,2025,272,2,425.99,0,68.16,920.14
7057,2025,129,3,251.99,10,54.43,734.8
7058,2025,450,4,670.99,5,203.98,2753.74
7059,2025,146,3,26.99,0,6.48,87.45
7060,2025,396,1,777.99,0,62.24,840.23
7061,2025,213,2,700.99,0,112.16,1514.14
7062,2026,10,2,551.99,15,75.07,1013.45
7063,2026,80,2,811.99,0,129.92,1753.9
7064,2027,159,1,229.99,15,15.64,211.13
7065,2027,313,3,1158.99,10,250.34,3379.61
7066,2028,344,3,791.99,5,180.57,2437.74
7067,2028,35,2,1193.99,10,171.93,2321.11
7068,2029,388,4,1182.99,15,321.77,4343.94
7069,2029,65,1,72.99,10,5.26,70.95
7070,2029,428,2,160.99,10,23.18,312.96
7071,2029,191,2,676.99,5,102.9,1389.18
7072,2029,210,4,919.99,0,294.4,3974.36
7073,2030,323,2,599.99,15,81.6,1101.58
7074,2031,60,2,1245.99,0,199.36,2691.34
7075,2031,156,3,1366.99,5,311.67,4207.59
7076,2031,438,1,1482.99,10,106.78,1441.47
7077,2032,459,2,868.99,0,139.04,1877.02
7078,2032,28,4,176.99,0,56.64,764.6
7079,2033,465,1,1287.99,5,97.89,1321.48
7080,2033,384,4,898.99,5,273.29,3689.45
7081,2034,63,4,1206.99,15,328.3,4432.07
7082,2035,336,2,743.99,5,113.09,1526.67
7083,2035,81,4,1111.99,0,355.84,4803.8
7084,2036,338,4,674.99,5,205.2,2770.16
7085,2036,75,3,927.99,5,211.58,2856.35
7086,2036,345,1,1180.99,10,85.03,1147.92
7087,2036,361,1,531.99,10,38.3,517.09
7088,2036,365,4,1002.99,15,272.81,3682.98
7089,2037,84,4,186.99,5,56.84,767.4
7090,2037,305,2,1235.99,5,187.87,2536.25
7091,2037,111,3,282.99,10,61.13,825.2
7092,2037,189,4,612.99,15,166.73,2250.9
7093,2038,235,2,1232.99,15,167.69,2263.77
7094,2038,105,2,1499.99,0,240,3239.98
7095,2038,356,2,328.99,0,52.64,710.62
7096,2038,307,3,1360.99,5,310.31,4189.13
7097,2038,301,2,517.99,15,70.45,951.03
7098,2039,75,1,927.99,0,74.24,1002.23
7099,2040,330,2,791.99,5,120.38,1625.16
7100,2041,344,4,791.99,0,253.44,3421.4
7101,2041,6,2,98.99,10,14.25,192.43
7102,2041,239,3,133.99,10,28.94,390.71
7103,2041,379,1,571.99,10,41.18,555.97
7104,2041,456,4,1330.99,15,362.03,4887.4
7105,2042,324,3,135.99,5,31.01,418.58
7106,2042,256,3,395.99,10,85.53,1154.7
7107,2042,56,4,425.99,0,136.32,1840.28
7108,2042,178,4,1071.99,15,291.58,3936.35
7109,2042,171,4,399.99,10,115.2,1555.16
7110,2043,6,4,98.99,10,28.51,384.87
7111,2043,97,3,432.99,15,88.33,1192.45
7112,2043,251,4,134.99,10,38.88,524.84
7113,2043,229,3,611.99,10,132.19,1784.56
7114,2043,200,3,330.99,10,71.49,965.16
7115,2043,277,4,422.99,0,135.36,1827.32
7116,2044,296,2,52.99,10,7.63,103.01
7117,2044,206,2,1275.99,5,193.95,2618.33
7118,2044,270,1,213.99,5,16.26,219.55
7119,2045,121,1,318.99,5,24.24,327.28
7120,2045,275,3,329.99,15,67.32,908.79
7121,2046,359,3,147.99,10,31.97,431.54
7122,2046,316,3,1218.99,10,263.3,3554.57
7123,2046,371,1,105.99,10,7.63,103.02
7124,2046,100,3,291.99,0,70.08,946.05
7125,2047,2,1,102.99,0,8.24,111.23
7126,2047,483,2,897.99,10,129.31,1745.69
7127,2047,136,1,182.99,0,14.64,197.63
7128,2048,14,2,1137.99,5,172.97,2335.15
7129,2048,376,3,121.99,0,29.28,395.25
7130,2048,363,2,1073.99,10,154.65,2087.83
7131,2048,175,4,667.99,15,181.69,2452.86
7132,2048,483,2,897.99,5,136.49,1842.67
7133,2049,160,2,1272.99,0,203.68,2749.66
7134,2049,243,2,1487.99,0,238.08,3214.06
7135,2049,82,3,807.99,10,174.53,2356.1
7136,2050,170,4,865.99,5,263.26,3554.02
7137,2051,29,2,573.99,15,78.06,1053.84
7138,2052,219,3,737.99,5,168.26,2271.53
7139,2052,319,1,336.99,15,22.92,309.36
7140,2052,318,4,300.99,5,91.5,1235.26
7141,2053,486,1,220.99,15,15.03,202.87
7142,2053,174,3,688.99,10,148.82,2009.09
7143,2053,496,3,484.99,0,116.4,1571.37
7144,2053,202,1,721.99,5,54.87,740.76
7145,2053,375,2,541.99,5,82.38,1112.16
7146,2053,459,3,868.99,15,177.27,2393.19
7147,2054,387,1,947.99,15,64.46,870.25
7148,2054,424,1,823.99,5,62.62,845.41
7149,2055,323,1,599.99,15,40.8,550.79
7150,2055,41,3,549.99,10,118.8,1603.77
7151,2055,118,2,213.99,10,30.81,415.99
7152,2055,492,1,494.99,0,39.6,534.59
7153,2055,364,4,968.99,0,310.08,4186.04
7154,2055,392,2,691.99,5,105.18,1419.96
7155,2056,89,4,794.99,10,228.96,3090.92
7156,2056,424,4,823.99,0,263.68,3559.64
7157,2057,434,3,1392.99,5,317.6,4287.62
7158,2058,298,1,1045.99,15,71.13,960.22
7159,2058,316,3,1218.99,15,248.67,3357.09
7160,2059,101,3,1394.99,0,334.8,4519.77
7161,2059,384,1,898.99,10,64.73,873.82
7162,2059,236,3,1306.99,15,266.63,3599.45
7163,2059,473,4,1377.99,5,418.91,5655.27
7164,2059,265,4,454.99,0,145.6,1965.56
7165,2059,187,3,1184.99,10,255.96,3455.43
7166,2060,474,2,500.99,15,68.13,919.81
7167,2060,175,2,667.99,5,101.53,1370.71
7168,2061,286,1,365.99,15,24.89,335.98
7169,2061,165,4,1057.99,15,287.77,3884.94
7170,2061,145,3,864.99,0,207.6,2802.57
7171,2061,412,2,1121.99,5,170.54,2302.32
7172,2062,450,3,670.99,10,144.93,1956.6
7173,2063,384,3,898.99,10,194.18,2621.45
7174,2063,187,4,1184.99,0,379.2,5119.16
7175,2063,145,2,864.99,0,138.4,1868.38
7176,2063,32,4,471.99,0,151.04,2039
7177,2063,296,4,52.99,0,16.96,228.92
7178,2064,60,2,1245.99,10,179.42,2422.2
7179,2064,267,3,1201.99,5,274.05,3699.72
7180,2064,20,3,632.99,10,136.73,1845.8
7181,2064,340,4,1235.99,0,395.52,5339.48
7182,2064,311,2,1079.99,10,155.52,2099.5
7183,2065,235,2,1232.99,0,197.28,2663.26
7184,2065,376,3,121.99,5,27.81,375.48
7185,2065,284,3,1112.99,0,267.12,3606.09
7186,2065,500,3,835.99,0,200.64,2708.61
7187,2065,73,3,1030.99,10,222.69,3006.36
7188,2065,80,3,811.99,0,194.88,2630.85
7189,2066,391,4,1383.99,0,442.88,5978.84
7190,2066,107,4,384.99,5,117.04,1580
7191,2066,422,3,572.99,5,130.64,1763.66
7192,2067,3,3,889.99,0,213.6,2883.57
7193,2067,127,4,1200.99,10,345.89,4669.45
7194,2067,182,4,766.99,15,208.62,2816.39
7195,2068,244,3,42.99,5,9.8,132.32
7196,2068,491,3,891.99,15,181.97,2456.54
7197,2069,75,1,927.99,15,63.1,851.89
7198,2069,207,3,1123.99,15,229.29,3095.46
7199,2069,278,4,714.99,0,228.8,3088.76
7200,2069,306,1,842.99,10,60.7,819.39
7201,2069,262,4,140.99,0,45.12,609.08
7202,2069,439,4,168.99,15,45.97,620.54
7203,2070,349,2,29.99,10,4.32,58.3
7204,2071,366,2,1373.99,5,208.85,2819.43
7205,2071,495,3,974.99,15,198.9,2685.12
7206,2071,287,4,549.99,5,167.2,2257.16
7207,2071,409,4,773.99,10,222.91,3009.27
7208,2071,270,3,213.99,0,51.36,693.33
7209,2071,13,4,241.99,10,69.69,940.85
7210,2072,133,1,514.99,15,35.02,472.76
7211,2073,476,1,732.99,0,58.64,791.63
7212,2073,224,2,462.99,5,70.37,950.05
7213,2073,345,4,1180.99,5,359.02,4846.78
7214,2073,137,3,1014.99,10,219.24,2959.71
7215,2073,297,1,1086.99,5,82.61,1115.25
7216,2073,434,3,1392.99,0,334.32,4513.29
7217,2074,134,1,290.99,5,22.12,298.56
7218,2074,10,3,551.99,0,132.48,1788.45
7219,2074,429,3,940.99,0,225.84,3048.81
7220,2074,407,4,160.99,10,46.37,625.93
7221,2074,237,4,1263.99,10,364.03,4914.39
7222,2074,288,3,1187.99,15,242.35,3271.72
7223,2075,403,3,760.99,15,155.24,2095.76
7224,2075,117,4,957.99,10,275.9,3724.66
7225,2075,319,2,336.99,5,51.22,691.5
7226,2075,26,3,270.99,5,61.79,834.11
7227,2075,115,2,548.99,0,87.84,1185.82
7228,2075,481,2,413.99,15,56.3,760.08
7229,2076,115,4,548.99,10,158.11,2134.47
7230,2076,281,2,1147.99,15,156.13,2107.71
7231,2076,186,4,937.99,15,255.13,3444.3
7232,2077,411,3,1232.99,10,266.33,3595.4
7233,2078,88,3,322.99,15,65.89,889.51
7234,2078,55,1,856.99,0,68.56,925.55
7235,2078,222,4,1259.99,10,362.88,4898.84
7236,2078,400,4,1305.99,0,417.92,5641.88
7237,2079,25,2,109.99,5,16.72,225.7
7238,2079,475,3,1263.99,10,273.02,3685.79
7239,2079,158,4,1369.99,0,438.4,5918.36
7240,2080,71,4,1311.99,5,398.84,5384.4
7241,2080,391,3,1383.99,15,282.33,3811.5
7242,2081,126,2,1486.99,15,202.23,2730.11
7243,2082,64,1,546.99,5,41.57,561.21
7244,2082,137,4,1014.99,15,276.08,3727.05
7245,2082,99,4,1421.99,15,386.78,5221.55
7246,2083,360,1,407.99,5,31.01,418.6
7247,2083,18,2,825.99,15,112.33,1516.51
7248,2083,494,3,1384.99,10,299.16,4038.63
7249,2083,327,1,975.99,15,66.37,895.96
7250,2083,358,3,94.99,10,20.52,276.99
7251,2083,82,4,807.99,15,219.77,2966.94
7252,2084,248,2,804.99,5,122.36,1651.84
7253,2085,134,2,290.99,10,41.9,565.68
7254,2085,59,1,254.99,5,19.38,261.62
7255,2085,100,2,291.99,5,44.38,599.16
7256,2085,68,4,230.99,0,73.92,997.88
7257,2085,458,1,449.99,5,34.2,461.69
7258,2086,45,1,896.99,0,71.76,968.75
7259,2086,67,3,879.99,0,211.2,2851.17
7260,2086,44,4,586.99,10,169.05,2282.21
7261,2086,430,2,421.99,10,60.77,820.35
7262,2086,134,3,290.99,10,62.85,848.52
7263,2086,195,1,420.99,5,32,431.94
7264,2087,349,2,29.99,15,4.08,55.06
7265,2087,238,1,280.99,10,20.23,273.12
7266,2087,171,4,399.99,5,121.6,1641.56
7267,2087,470,4,203.99,15,55.49,749.06
7268,2087,309,4,103.99,10,29.95,404.31
7269,2088,25,4,109.99,0,35.2,475.16
7270,2088,234,4,405.99,5,123.42,1666.18
7271,2088,194,1,1138.99,5,86.56,1168.6
7272,2089,35,4,1193.99,5,362.97,4900.13
7273,2089,278,1,714.99,10,51.48,694.97
7274,2089,248,3,804.99,10,173.88,2347.35
7275,2089,191,4,676.99,10,194.97,2632.13
7276,2089,255,1,677.99,15,46.1,622.39
7277,2089,73,2,1030.99,10,148.46,2004.24
7278,2090,433,1,834.99,0,66.8,901.79
7279,2090,236,3,1306.99,5,297.99,4022.91
7280,2090,48,3,1148.99,0,275.76,3722.73
7281,2090,489,4,800.99,10,230.69,3114.25
7282,2091,49,4,124.99,5,38,512.96
7283,2091,382,1,88.99,10,6.41,86.5
7284,2092,152,1,47.99,15,3.26,44.05
7285,2092,402,1,723.99,15,49.23,664.62
7286,2092,426,2,887.99,15,120.77,1630.35
7287,2092,30,4,307.99,10,88.7,1197.46
7288,2092,192,2,192.99,15,26.25,354.33
7289,2093,392,2,691.99,15,94.11,1270.49
7290,2094,206,2,1275.99,5,193.95,2618.33
7291,2094,197,3,659.99,15,134.64,1817.61
7292,2094,369,3,1321.99,10,285.55,3854.92
7293,2094,211,4,440.99,15,119.95,1619.32
7294,2095,190,4,1002.99,15,272.81,3682.98
7295,2095,376,2,121.99,10,17.57,237.15
7296,2095,72,1,436.99,5,33.21,448.35
7297,2096,479,1,1129.99,0,90.4,1220.39
7298,2096,285,4,936.99,15,254.86,3440.63
7299,2096,150,1,335.99,15,22.85,308.44
7300,2096,323,3,599.99,0,144,1943.97
7301,2096,181,4,332.99,15,90.57,1222.74
7302,2097,350,3,1204.99,10,260.28,3513.75
7303,2097,430,1,421.99,5,32.07,432.96
7304,2098,482,4,774.99,10,223.2,3013.16
7305,2098,100,4,291.99,10,84.09,1135.25
7306,2098,429,3,940.99,15,191.96,2591.48
7307,2098,116,2,1096.99,5,166.74,2251.02
7308,2099,358,2,94.99,5,14.44,194.92
7309,2099,344,1,791.99,10,57.02,769.81
7310,2099,160,4,1272.99,15,346.25,4674.42
7311,2099,286,2,365.99,5,55.63,751.01
7312,2099,202,4,721.99,5,219.48,2963.04
7313,2100,286,4,365.99,5,111.26,1502.02
7314,2100,461,4,345.99,15,94.11,1270.48
7315,2101,440,4,637.99,15,173.53,2342.7
7316,2102,164,3,135.99,5,31.01,418.58
7317,2102,109,3,1104.99,15,225.42,3043.14
7318,2102,473,1,1377.99,5,104.73,1413.82
7319,2103,117,4,957.99,15,260.57,3517.74
7320,2103,464,1,820.99,0,65.68,886.67
7321,2103,208,2,1001.99,0,160.32,2164.3
7322,2103,225,2,861.99,15,117.23,1582.61
7323,2103,432,1,423.99,0,33.92,457.91
7324,2104,324,1,135.99,0,10.88,146.87
7325,2104,372,1,364.99,15,24.82,335.06
7326,2104,185,3,252.99,10,54.65,737.72
7327,2104,343,1,758.99,0,60.72,819.71
7328,2104,281,3,1147.99,0,275.52,3719.49
7329,2105,51,3,246.99,0,59.28,800.25
7330,2105,462,2,30.99,0,4.96,66.94
7331,2105,344,2,791.99,15,107.71,1454.09
7332,2105,152,3,47.99,15,9.79,132.16
7333,2105,395,2,1497.99,0,239.68,3235.66
7334,2106,352,2,1453.99,15,197.74,2669.52
7335,2106,271,2,242.99,15,33.05,446.13
7336,2106,61,2,130.99,5,19.91,268.79
7337,2106,160,1,1272.99,0,101.84,1374.83
7338,2106,41,4,549.99,5,167.2,2257.16
7339,2106,492,3,494.99,15,100.98,1363.2
7340,2107,433,1,834.99,10,60.12,811.61
7341,2107,439,3,168.99,15,34.47,465.39
7342,2107,411,4,1232.99,15,335.37,4527.54
7343,2108,467,1,827.99,5,62.93,849.52
7344,2108,97,1,432.99,15,29.44,397.48
7345,2108,205,1,727.99,0,58.24,786.23
7346,2109,330,2,791.99,15,107.71,1454.09
7347,2110,163,3,911.99,10,196.99,2659.36
7348,2110,464,1,820.99,0,65.68,886.67
7349,2111,449,3,634.99,10,137.16,1851.63
7350,2111,96,3,545.99,5,124.49,1680.56
7351,2111,356,3,328.99,5,75.01,1012.63
7352,2112,233,1,133.99,5,10.18,137.47
7353,2112,323,2,599.99,10,86.4,1166.38
7354,2112,89,1,794.99,5,60.42,815.66
7355,2113,235,2,1232.99,0,197.28,2663.26
7356,2113,250,1,314.99,0,25.2,340.19
7357,2113,29,2,573.99,5,87.25,1177.83
7358,2113,14,3,1137.99,5,259.46,3502.73
7359,2113,340,2,1235.99,5,187.87,2536.25
7360,2113,187,2,1184.99,5,180.12,2431.6
7361,2114,294,1,184.99,5,14.06,189.8
7362,2114,302,1,1319.99,10,95.04,1283.03
7363,2115,385,4,1224.99,0,392,5291.96
7364,2115,302,4,1319.99,5,401.28,5417.24
7365,2115,160,4,1272.99,5,386.99,5224.35
7366,2115,370,4,1201.99,0,384.64,5192.6
7367,2115,390,1,33.99,10,2.45,33.04
7368,2116,308,3,1135.99,5,259.01,3496.58
7369,2116,99,4,1421.99,10,409.53,5528.69
7370,2116,105,1,1499.99,0,120,1619.99
7371,2116,214,4,423.99,10,122.11,1648.47
7372,2116,401,1,487.99,10,35.14,474.33
7373,2116,327,4,975.99,5,296.7,4005.46
7374,2117,73,1,1030.99,10,74.23,1002.12
7375,2117,51,3,246.99,15,50.39,680.21
7376,2117,475,3,1263.99,5,288.19,3890.56
7377,2118,320,4,1027.99,15,279.61,3774.78
7378,2119,469,2,489.99,15,66.64,899.62
7379,2119,387,2,947.99,10,136.51,1842.89
7380,2119,443,4,941.99,15,256.22,3458.99
7381,2119,346,1,406.99,15,27.68,373.62
7382,2119,386,1,300.99,5,22.88,308.82
7383,2120,434,2,1392.99,0,222.88,3008.86
7384,2120,285,2,936.99,0,149.92,2023.9
7385,2120,380,3,1349.99,0,324,4373.97
7386,2120,30,3,307.99,10,66.53,898.1
7387,2120,269,3,794.99,5,181.26,2446.98
7388,2121,500,2,835.99,0,133.76,1805.74
7389,2121,75,4,927.99,15,252.41,3407.58
7390,2121,382,2,88.99,10,12.81,172.99
7391,2121,283,1,63.99,0,5.12,69.11
7392,2122,216,3,979.99,5,223.44,3016.41
7393,2122,218,1,790.99,5,60.12,811.56
7394,2122,384,2,898.99,15,122.26,1650.54
7395,2123,145,3,864.99,10,186.84,2522.31
7396,2123,107,4,384.99,15,104.72,1413.69
7397,2124,191,1,676.99,10,48.74,658.03
7398,2125,191,2,676.99,0,108.32,1462.3
7399,2125,169,1,755.99,5,57.46,775.65
7400,2125,411,1,1232.99,5,93.71,1265.05
7401,2125,383,1,888.99,15,60.45,816.09
7402,2126,487,1,417.99,0,33.44,451.43
7403,2126,162,2,259.99,5,39.52,533.5
7404,2126,129,2,251.99,15,34.27,462.65
7405,2126,144,4,260.99,15,70.99,958.36
7406,2126,388,4,1182.99,5,359.63,4854.99
7407,2126,321,3,679.99,10,146.88,1982.85
7408,2127,164,2,135.99,15,18.49,249.67
7409,2127,379,2,571.99,5,86.94,1173.72
7410,2128,445,4,20.99,0,6.72,90.68
7411,2128,315,1,852.99,15,58,783.04
7412,2128,322,3,291.99,10,63.07,851.44
7413,2128,179,1,251.99,15,17.14,231.33
7414,2128,474,2,500.99,15,68.13,919.81
7415,2129,23,1,347.99,5,26.45,357.04
7416,2129,203,4,992.99,10,285.98,3860.74
7417,2129,220,4,620.99,5,188.78,2548.54
7418,2129,459,3,868.99,0,208.56,2815.53
7419,2129,27,1,788.99,5,59.96,809.5
7420,2129,456,4,1330.99,10,383.33,5174.89
7421,2130,223,1,526.99,10,37.94,512.23
7422,2131,140,1,1240.99,5,94.32,1273.26
7423,2131,321,2,679.99,0,108.8,1468.78
7424,2131,392,3,691.99,10,149.47,2017.84
7425,2132,393,2,363.99,5,55.33,746.91
7426,2132,196,1,347.99,10,25.06,338.25
7427,2132,70,1,453.99,10,32.69,441.28
7428,2133,497,2,681.99,15,92.75,1252.13
7429,2134,434,4,1392.99,5,423.47,5716.83
7430,2134,241,3,753.99,15,153.81,2076.48
7431,2134,31,2,542.99,10,78.19,1055.57
7432,2135,137,2,1014.99,15,138.04,1863.52
7433,2136,421,4,1020.99,0,326.72,4410.68
7434,2136,379,2,571.99,5,86.94,1173.72
7435,2136,327,4,975.99,5,296.7,4005.46
7436,2137,347,4,89.99,15,24.48,330.45
7437,2137,226,4,278.99,15,75.89,1024.46
7438,2137,301,1,517.99,10,37.3,503.49
7439,2137,324,2,135.99,10,19.58,264.36
7440,2137,236,4,1306.99,5,397.32,5363.88
7441,2138,133,1,514.99,5,39.14,528.38
7442,2138,42,4,1420.99,15,386.51,5217.88
7443,2138,33,2,1048.99,0,167.84,2265.82
7444,2138,55,3,856.99,5,195.39,2637.81
7445,2138,206,1,1275.99,15,86.77,1171.36
7446,2139,108,3,1184.99,5,270.18,3647.4
7447,2140,234,3,405.99,5,92.57,1249.64
7448,2140,486,2,220.99,15,30.05,405.73
7449,2140,467,1,827.99,15,56.3,760.09
7450,2140,200,2,330.99,0,52.96,714.94
7451,2140,70,1,453.99,5,34.5,465.79
7452,2140,15,2,1374.99,15,187,2524.48
7453,2141,30,3,307.99,15,62.83,848.2
7454,2141,133,1,514.99,0,41.2,556.19
7455,2141,126,3,1486.99,0,356.88,4817.85
7456,2141,147,3,22.99,10,4.97,67.04
7457,2141,358,3,94.99,0,22.8,307.77
7458,2141,430,2,421.99,0,67.52,911.5
7459,2142,13,4,241.99,10,69.69,940.85
7460,2142,190,1,1002.99,10,72.22,974.91
7461,2142,162,3,259.99,0,62.4,842.37
7462,2142,330,4,791.99,0,253.44,3421.4
7463,2142,11,2,1445.99,0,231.36,3123.34
7464,2142,170,1,865.99,10,62.35,841.74
7465,2143,19,4,1251.99,5,380.6,5138.16
7466,2143,367,3,419.99,10,90.72,1224.69
7467,2143,37,4,303.99,5,92.41,1247.57
7468,2144,89,2,794.99,0,127.2,1717.18
7469,2144,103,3,310.99,0,74.64,1007.61
7470,2144,249,3,462.99,0,111.12,1500.09
7471,2145,246,1,1215.99,0,97.28,1313.27
7472,2145,423,4,1494.99,0,478.4,6458.36
7473,2145,17,2,517.99,0,82.88,1118.86
7474,2145,298,2,1045.99,10,150.62,2033.4
7475,2145,366,3,1373.99,5,313.27,4229.14
7476,2146,154,2,156.99,0,25.12,339.1
7477,2146,291,4,1046.99,10,301.53,4070.69
7478,2146,236,1,1306.99,5,99.33,1340.97
7479,2146,475,4,1263.99,0,404.48,5460.44
7480,2146,178,2,1071.99,5,162.94,2199.72
7481,2146,465,4,1287.99,5,391.55,5285.91
7482,2147,5,3,1162.99,0,279.12,3768.09
7483,2147,418,2,445.99,5,67.79,915.17
7484,2147,96,4,545.99,0,174.72,2358.68
7485,2148,489,4,800.99,5,243.5,3287.26
7486,2148,194,1,1138.99,0,91.12,1230.11
7487,2148,492,3,494.99,10,106.92,1443.39
7488,2149,125,3,1036.99,10,223.99,3023.86
7489,2150,445,1,20.99,0,1.68,22.67
7490,2150,279,2,814.99,15,110.84,1496.32
7491,2150,409,4,773.99,5,235.29,3176.45
7492,2150,474,1,500.99,10,36.07,486.96
7493,2151,400,2,1305.99,0,208.96,2820.94
7494,2151,170,1,865.99,0,69.28,935.27
7495,2151,334,3,597.99,15,121.99,1646.86
7496,2151,69,3,998.99,0,239.76,3236.73
7497,2151,177,4,1234.99,5,375.44,5068.4
7498,2151,74,3,143.99,5,32.83,443.2
7499,2152,184,3,446.99,5,101.91,1375.83
7500,2152,476,1,732.99,10,52.78,712.47
7501,2152,289,3,1112.99,0,267.12,3606.09
7502,2153,88,3,322.99,15,65.89,889.51
7503,2154,343,1,758.99,5,57.68,778.72
7504,2154,390,1,33.99,15,2.31,31.2
7505,2155,132,1,728.99,0,58.32,787.31
7506,2155,247,2,1255.99,10,180.86,2441.64
7507,2156,460,4,1118.99,10,322.27,4350.63
7508,2156,181,1,332.99,15,22.64,305.68
7509,2156,459,2,868.99,15,118.18,1595.46
7510,2156,403,4,760.99,5,231.34,3123.1
7511,2156,164,1,135.99,10,9.79,132.18
7512,2156,171,4,399.99,10,115.2,1555.16
7513,2157,294,1,184.99,10,13.32,179.81
7514,2157,201,2,501.99,15,68.27,921.65
7515,2157,183,2,56.99,10,8.21,110.79
7516,2157,208,2,1001.99,0,160.32,2164.3
7517,2157,153,1,850.99,5,64.68,873.12
7518,2157,198,3,1083.99,15,221.13,2985.3
7519,2158,488,3,732.99,0,175.92,2374.89
7520,2159,205,1,727.99,0,58.24,786.23
7521,2160,385,4,1224.99,15,333.2,4498.17
7522,2161,317,2,1482.99,10,213.55,2882.93
7523,2161,159,1,229.99,0,18.4,248.39
7524,2161,381,1,1077.99,5,81.93,1106.02
7525,2162,429,2,940.99,15,127.97,1727.65
7526,2162,331,1,1061.99,0,84.96,1146.95
7527,2163,175,1,667.99,5,50.77,685.36
7528,2163,330,4,791.99,5,240.76,3250.32
7529,2164,61,3,130.99,15,26.72,360.74
7530,2164,93,3,498.99,15,101.79,1374.21
7531,2164,310,2,1363.99,10,196.41,2651.59
7532,2164,126,2,1486.99,10,214.13,2890.71
7533,2164,207,4,1123.99,0,359.68,4855.64
7534,2165,207,1,1123.99,5,85.42,1153.21
7535,2165,335,3,758.99,15,154.83,2090.25
7536,2165,412,4,1121.99,15,305.18,4119.95
7537,2166,223,4,526.99,15,143.34,1935.11
7538,2166,252,1,896.99,15,61,823.44
7539,2166,441,4,766.99,5,233.16,3147.72
7540,2166,29,3,573.99,0,137.76,1859.73
7541,2166,171,1,399.99,5,30.4,410.39
7542,2166,487,3,417.99,15,85.27,1151.14
7543,2167,486,2,220.99,10,31.82,429.6
7544,2167,134,1,290.99,0,23.28,314.27
7545,2167,162,2,259.99,0,41.6,561.58
7546,2167,454,2,499.99,15,68,917.98
7547,2168,315,4,852.99,5,259.31,3500.67
7548,2168,97,1,432.99,5,32.91,444.25
7549,2168,336,3,743.99,15,151.77,2048.94
7550,2169,373,4,1329.99,0,425.6,5745.56
7551,2169,46,4,941.99,15,256.22,3458.99
7552,2169,405,3,33.99,10,7.34,99.11
7553,2169,353,1,155.99,15,10.61,143.2
7554,2169,194,2,1138.99,10,164.01,2214.19
7555,2169,370,1,1201.99,15,81.74,1103.43
7556,2170,400,2,1305.99,0,208.96,2820.94
7557,2170,8,2,586.99,15,79.83,1077.71
7558,2170,389,4,1452.99,5,441.71,5963.07
7559,2170,310,3,1363.99,0,327.36,4419.33
7560,2170,426,3,887.99,0,213.12,2877.09
7561,2170,344,1,791.99,0,63.36,855.35
7562,2171,355,4,45.99,5,13.98,188.74
7563,2171,487,1,417.99,10,30.1,406.29
7564,2171,151,3,683.99,5,155.95,2105.32
7565,2171,497,2,681.99,0,109.12,1473.1
7566,2171,314,2,159.99,0,25.6,345.58
7567,2171,351,4,321.99,0,103.04,1391
7568,2172,174,3,688.99,5,157.09,2120.71
7569,2172,8,2,586.99,15,79.83,1077.71
7570,2172,76,1,1285.99,0,102.88,1388.87
7571,2172,22,1,1226.99,15,83.44,1126.38
7572,2172,102,2,1242.99,15,169.05,2282.13
7573,2172,25,1,109.99,15,7.48,100.97
7574,2173,389,1,1452.99,15,98.8,1333.84
7575,2173,30,2,307.99,0,49.28,665.26
7576,2174,62,2,516.99,15,70.31,949.19
7577,2174,218,4,790.99,10,227.81,3075.37
7578,2174,447,3,1108.99,0,266.16,3593.13
7579,2175,117,3,957.99,5,218.42,2948.69
7580,2176,496,3,484.99,15,98.94,1335.66
7581,2176,178,3,1071.99,10,231.55,3125.92
7582,2176,236,2,1306.99,5,198.66,2681.94
7583,2176,498,1,525.99,5,39.98,539.67
7584,2176,277,1,422.99,0,33.84,456.83
7585,2176,59,3,254.99,0,61.2,826.17
7586,2177,4,3,935.99,5,213.41,2880.98
7587,2177,319,4,336.99,10,97.05,1310.21
7588,2177,256,4,395.99,10,114.05,1539.61
7589,2178,60,2,1245.99,0,199.36,2691.34
7590,2179,368,4,1159.99,5,352.64,4760.6
7591,2179,193,3,973.99,5,222.07,2997.94
7592,2179,188,4,1278.99,10,368.35,4972.71
7593,2180,190,1,1002.99,15,68.2,920.74
7594,2180,27,1,788.99,5,59.96,809.5
7595,2180,438,4,1482.99,15,403.37,5445.54
7596,2180,458,2,449.99,0,72,971.98
7597,2181,117,3,957.99,15,195.43,2638.3
7598,2181,193,1,973.99,10,70.13,946.72
7599,2181,353,2,155.99,10,22.46,303.24
7600,2182,12,4,403.99,5,122.81,1657.97
7601,2182,241,1,753.99,15,51.27,692.16
7602,2182,375,3,541.99,5,123.57,1668.24
7603,2182,388,4,1182.99,5,359.63,4854.99
7604,2182,383,2,888.99,10,128.01,1728.19
7605,2183,63,4,1206.99,5,366.92,4953.48
7606,2183,242,3,1500.99,15,306.2,4133.72
7607,2183,491,4,891.99,15,242.62,3275.39
7608,2184,366,2,1373.99,5,208.85,2819.43
7609,2184,488,1,732.99,15,49.84,672.88
7610,2184,64,2,546.99,0,87.52,1181.5
7611,2185,10,1,551.99,5,41.95,566.34
7612,2185,96,2,545.99,0,87.36,1179.34
7613,2185,94,4,827.99,0,264.96,3576.92
7614,2185,231,3,121.99,15,24.89,335.96
7615,2186,247,3,1255.99,0,301.44,4069.41
7616,2187,55,2,856.99,15,116.55,1573.43
7617,2188,433,4,834.99,10,240.48,3246.44
7618,2188,317,3,1482.99,10,320.33,4324.4
7619,2188,168,4,387.99,15,105.53,1424.7
7620,2188,470,1,203.99,10,14.69,198.28
7621,2189,5,1,1162.99,0,93.04,1256.03
7622,2190,309,3,103.99,5,23.71,320.08
7623,2190,150,4,335.99,15,91.39,1233.76
7624,2190,388,3,1182.99,5,269.72,3641.24
7625,2190,246,1,1215.99,5,92.42,1247.61
7626,2190,21,4,683.99,15,186.05,2511.62
7627,2190,197,4,659.99,0,211.2,2851.16
7628,2191,400,2,1305.99,10,188.06,2538.84
7629,2191,201,2,501.99,5,76.3,1030.08
7630,2191,390,2,33.99,5,5.17,69.75
7631,2191,365,1,1002.99,0,80.24,1083.23
7632,2192,373,4,1329.99,5,404.32,5458.28
7633,2193,491,4,891.99,5,271.16,3660.72
7634,2193,305,1,1235.99,10,88.99,1201.38
7635,2194,72,4,436.99,10,125.85,1699.01
7636,2194,382,3,88.99,10,19.22,259.49
7637,2194,233,3,133.99,15,27.33,369
7638,2194,263,3,787.99,15,160.75,2170.12
7639,2195,484,1,622.99,10,44.86,605.55
7640,2195,419,1,351.99,15,23.94,323.13
7641,2195,57,4,461.99,0,147.84,1995.8
7642,2195,272,2,425.99,0,68.16,920.14
7643,2195,467,2,827.99,15,112.61,1520.19
7644,2195,127,2,1200.99,15,163.33,2205.01
7645,2196,178,2,1071.99,10,154.37,2083.95
7646,2196,175,1,667.99,0,53.44,721.43
7647,2197,133,3,514.99,5,117.42,1585.14
7648,2197,213,3,700.99,0,168.24,2271.21
7649,2197,230,2,875.99,0,140.16,1892.14
7650,2197,289,2,1112.99,15,151.37,2043.45
7651,2197,456,1,1330.99,15,90.51,1221.85
7652,2198,370,1,1201.99,5,91.35,1233.24
7653,2198,346,1,406.99,15,27.68,373.62
7654,2198,480,1,833.99,5,63.38,855.67
7655,2199,227,4,1337.99,5,406.75,5491.11
7656,2199,486,2,220.99,5,33.59,453.47
7657,2199,414,3,1426.99,10,308.23,4161.1
7658,2199,172,4,1080.99,5,328.62,4436.38
7659,2199,13,2,241.99,0,38.72,522.7
7660,2200,170,3,865.99,0,207.84,2805.81
7661,2200,273,2,1167.99,0,186.88,2522.86
7662,2200,48,4,1148.99,0,367.68,4963.64
7663,2201,489,2,800.99,5,121.75,1643.63
7664,2201,386,3,300.99,10,65.01,877.68
7665,2201,21,4,683.99,0,218.88,2954.84
7666,2201,404,1,1238.99,15,84.25,1137.39
7667,2201,160,1,1272.99,0,101.84,1374.83
7668,2202,129,4,251.99,10,72.57,979.73
7669,2202,92,1,1065.99,15,72.49,978.58
7670,2203,227,4,1337.99,15,363.93,4913.1
7671,2203,200,1,330.99,15,22.51,303.85
7672,2203,387,3,947.99,5,216.14,2917.91
7673,2203,360,3,407.99,10,88.13,1189.7
7674,2203,32,3,471.99,0,113.28,1529.25
7675,2203,87,1,1443.99,0,115.52,1559.51
7676,2204,462,2,30.99,15,4.21,56.89
7677,2204,61,4,130.99,0,41.92,565.88
7678,2204,377,1,808.99,5,61.48,830.02
7679,2204,305,2,1235.99,5,187.87,2536.25
7680,2205,332,3,1276.99,10,275.83,3723.7
7681,2205,463,2,1279.99,0,204.8,2764.78
7682,2205,410,2,169.99,15,23.12,312.1
7683,2205,87,3,1443.99,15,294.57,3976.74
7684,2206,174,3,688.99,0,165.36,2232.33
7685,2207,49,4,124.99,15,34,458.97
7686,2207,6,1,98.99,15,6.73,90.87
7687,2208,376,1,121.99,0,9.76,131.75
7688,2208,44,2,586.99,15,79.83,1077.71
7689,2208,438,3,1482.99,5,338.12,4564.64
7690,2208,360,2,407.99,0,65.28,881.26
7691,2208,17,1,517.99,10,37.3,503.49
7692,2208,15,1,1374.99,10,99,1336.49
7693,2209,432,3,423.99,5,96.67,1305.04
7694,2209,216,1,979.99,5,74.48,1005.47
7695,2209,133,2,514.99,15,70.04,945.52
7696,2210,118,1,213.99,5,16.26,219.55
7697,2211,82,1,807.99,0,64.64,872.63
7698,2211,347,2,89.99,0,14.4,194.38
7699,2212,495,4,974.99,15,265.2,3580.17
7700,2212,164,4,135.99,5,41.34,558.1
7701,2213,12,1,403.99,15,27.47,370.86
7702,2213,109,4,1104.99,0,353.6,4773.56
7703,2214,114,1,879.99,10,63.36,855.35
7704,2215,389,4,1452.99,0,464.96,6276.92
7705,2216,268,3,1229.99,10,265.68,3586.65
7706,2216,114,1,879.99,10,63.36,855.35
7707,2216,319,4,336.99,5,102.44,1383
7708,2216,289,2,1112.99,15,151.37,2043.45
7709,2216,466,4,796.99,0,255.04,3443
7710,2216,376,1,121.99,0,9.76,131.75
7711,2217,209,3,565.99,0,135.84,1833.81
7712,2217,414,2,1426.99,15,194.07,2619.95
7713,2217,220,4,620.99,0,198.72,2682.68
7714,2217,245,1,1338.99,5,101.76,1373.8
7715,2218,87,2,1443.99,5,219.49,2963.07
7716,2218,98,4,1194.99,10,344.16,4646.12
7717,2219,52,2,449.99,5,68.4,923.38
7718,2219,496,3,484.99,0,116.4,1571.37
7719,2220,63,3,1206.99,0,289.68,3910.65
7720,2220,247,3,1255.99,10,271.29,3662.46
7721,2220,19,4,1251.99,5,380.6,5138.16
7722,2220,454,4,499.99,10,144,1943.96
7723,2221,39,1,1415.99,10,101.95,1376.34
7724,2221,430,2,421.99,0,67.52,911.5
7725,2221,497,4,681.99,10,196.41,2651.57
7726,2221,437,1,257.99,5,19.61,264.7
7727,2222,289,4,1112.99,10,320.54,4327.3
7728,2222,157,1,33.99,10,2.45,33.04
7729,2222,190,1,1002.99,0,80.24,1083.23
7730,2222,270,3,213.99,10,46.22,623.99
7731,2222,55,3,856.99,0,205.68,2776.65
7732,2223,485,1,875.99,0,70.08,946.07
7733,2223,171,2,399.99,10,57.6,777.58
7734,2223,440,3,637.99,0,153.12,2067.09
7735,2223,67,2,879.99,0,140.8,1900.78
7736,2224,163,3,911.99,10,196.99,2659.36
7737,2224,290,1,963.99,10,69.41,937
7738,2224,359,1,147.99,15,10.06,135.85
7739,2224,302,1,1319.99,15,89.76,1211.75
7740,2224,438,3,1482.99,15,302.53,4084.15
7741,2224,330,1,791.99,15,53.86,727.05
7742,2225,261,3,718.99,15,146.67,1980.09
7743,2225,42,1,1420.99,15,96.63,1304.47
7744,2225,467,2,827.99,0,132.48,1788.46
7745,2225,321,3,679.99,15,138.72,1872.69
7746,2225,289,2,1112.99,15,151.37,2043.45
7747,2226,178,1,1071.99,15,72.9,984.09
7748,2227,188,4,1278.99,0,409.28,5525.24
7749,2227,37,3,303.99,15,62.01,837.18
7750,2227,396,4,777.99,10,224.06,3024.82
7751,2228,58,1,1408.99,10,101.45,1369.54
7752,2228,197,1,659.99,15,44.88,605.87
7753,2228,63,2,1206.99,5,183.46,2476.74
7754,2228,271,2,242.99,0,38.88,524.86
7755,2228,226,4,278.99,10,80.35,1084.71
7756,2228,449,1,634.99,10,45.72,617.21
7757,2229,407,4,160.99,5,48.94,660.7
7758,2229,119,4,975.99,5,296.7,4005.46
7759,2229,320,4,1027.99,0,328.96,4440.92
7760,2230,59,1,254.99,10,18.36,247.85
7761,2230,163,3,911.99,15,186.05,2511.62
7762,2230,419,2,351.99,5,53.5,722.28
7763,2231,71,1,1311.99,15,89.22,1204.41
7764,2231,259,3,491.99,15,100.37,1354.94
7765,2231,249,4,462.99,5,140.75,1900.11
7766,2231,270,1,213.99,0,17.12,231.11
7767,2232,495,4,974.99,5,296.4,4001.36
7768,2232,385,4,1224.99,10,352.8,4762.76
7769,2233,54,4,685.99,10,197.57,2667.13
7770,2233,432,3,423.99,5,96.67,1305.04
7771,2233,376,4,121.99,15,33.18,447.95
7772,2233,149,4,1056.99,0,338.24,4566.2
7773,2233,278,2,714.99,10,102.96,1389.94
7774,2234,123,2,271.99,5,41.34,558.12
7775,2235,118,4,213.99,15,58.21,785.78
7776,2235,493,2,451.99,0,72.32,976.3
7777,2235,144,2,260.99,10,37.58,507.36
7778,2235,229,1,611.99,0,48.96,660.95
7779,2236,106,3,151.99,5,34.65,467.82
7780,2236,284,2,1112.99,5,169.17,2283.85
7781,2236,226,2,278.99,0,44.64,602.62
7782,2237,141,4,1173.99,0,375.68,5071.64
7783,2237,425,3,817.99,0,196.32,2650.29
7784,2237,146,2,26.99,15,3.67,49.55
7785,2237,111,1,282.99,0,22.64,305.63
7786,2237,348,4,586.99,5,178.44,2409
7787,2238,6,2,98.99,15,13.46,181.74
7788,2238,275,1,329.99,15,22.44,302.93
7789,2238,74,1,143.99,0,11.52,155.51
7790,2238,129,3,251.99,5,57.45,775.62
7791,2238,433,3,834.99,10,180.36,2434.83
7792,2238,495,4,974.99,15,265.2,3580.17
7793,2239,367,2,419.99,15,57.12,771.1
7794,2239,25,2,109.99,5,16.72,225.7
7795,2239,21,2,683.99,10,98.49,1329.67
7796,2239,240,2,1188.99,15,161.7,2182.98
7797,2240,114,4,879.99,0,281.6,3801.56
7798,2240,216,1,979.99,10,70.56,952.55
7799,2240,33,1,1048.99,10,75.53,1019.62
7800,2241,30,2,307.99,15,41.89,565.47
7801,2241,8,2,586.99,0,93.92,1267.9
7802,2241,426,4,887.99,15,241.53,3260.7
7803,2241,377,2,808.99,15,110.02,1485.3
7804,2241,200,1,330.99,0,26.48,357.47
7805,2241,49,1,124.99,10,9,121.49
7806,2242,367,4,419.99,15,114.24,1542.21
7807,2242,397,3,635.99,5,145.01,1957.58
7808,2242,399,4,94.99,15,25.84,348.81
7809,2243,294,2,184.99,15,25.16,339.64
7810,2243,436,3,541.99,15,110.57,1492.64
7811,2244,259,3,491.99,15,100.37,1354.94
7812,2245,59,2,254.99,15,34.68,468.16
7813,2245,193,2,973.99,5,148.05,1998.63
7814,2245,232,2,1001.99,5,152.3,2056.08
7815,2245,234,1,405.99,10,29.23,394.62
7816,2245,213,1,700.99,10,50.47,681.36
7817,2245,57,3,461.99,5,105.33,1422
7818,2246,75,3,927.99,0,222.72,3006.69
7819,2246,134,4,290.99,0,93.12,1257.08
7820,2247,75,3,927.99,5,211.58,2856.35
7821,2247,454,1,499.99,10,36,485.99
7822,2247,267,4,1201.99,10,346.17,4673.33
7823,2247,407,1,160.99,5,12.24,165.18
7824,2248,327,3,975.99,0,234.24,3162.21
7825,2249,349,2,29.99,5,4.56,61.54
7826,2249,472,3,393.99,5,89.83,1212.7
7827,2249,93,2,498.99,5,75.85,1023.93
7828,2249,256,3,395.99,0,95.04,1283.01
7829,2249,190,4,1002.99,0,320.96,4332.92
7830,2250,489,3,800.99,10,173.01,2335.68
7831,2250,144,1,260.99,5,19.84,267.78
7832,2250,86,3,113.99,5,25.99,350.86
7833,2250,77,3,453.99,15,92.61,1250.28
7834,2251,276,4,293.99,5,89.37,1206.53
7835,2252,465,1,1287.99,0,103.04,1391.03
7836,2253,493,4,451.99,0,144.64,1952.6
7837,2253,398,2,512.99,0,82.08,1108.06
7838,2253,267,2,1201.99,5,182.7,2466.48
7839,2254,254,4,621.99,0,199.04,2687
7840,2254,232,4,1001.99,15,272.54,3679.31
7841,2254,437,1,257.99,0,20.64,278.63
7842,2255,362,2,285.99,5,43.47,586.85
7843,2255,63,2,1206.99,0,193.12,2607.1
7844,2255,352,3,1453.99,15,296.61,4004.28
7845,2255,133,1,514.99,15,35.02,472.76
7846,2256,342,1,1071.99,10,77.18,1041.97
7847,2256,57,2,461.99,5,70.22,948
7848,2256,110,2,628.99,15,85.54,1154.82
7849,2256,428,2,160.99,10,23.18,312.96
7850,2257,392,2,691.99,10,99.65,1345.23
7851,2257,185,1,252.99,5,19.23,259.57
7852,2257,87,2,1443.99,5,219.49,2963.07
7853,2258,129,3,251.99,10,54.43,734.8
7854,2258,62,4,516.99,15,140.62,1898.39
7855,2259,315,3,852.99,15,174.01,2349.13
7856,2259,336,3,743.99,15,151.77,2048.94
7857,2259,49,2,124.99,0,20,269.98
7858,2259,463,3,1279.99,0,307.2,4147.17
7859,2260,93,3,498.99,5,113.77,1535.89
7860,2260,109,3,1104.99,5,251.94,3401.16
7861,2260,302,1,1319.99,5,100.32,1354.31
7862,2260,442,1,799.99,0,64,863.99
7863,2260,474,2,500.99,10,72.14,973.92
7864,2260,456,1,1330.99,15,90.51,1221.85
7865,2261,190,2,1002.99,15,136.41,1841.49
7866,2261,228,2,836.99,10,120.53,1627.11
7867,2261,488,2,732.99,5,111.41,1504.09
7868,2261,60,2,1245.99,0,199.36,2691.34
7869,2261,234,3,405.99,5,92.57,1249.64
7870,2261,314,3,159.99,0,38.4,518.37
7871,2262,240,2,1188.99,15,161.7,2182.98
7872,2262,38,4,385.99,5,117.34,1584.1
7873,2262,91,4,1053.99,15,286.69,3870.26
7874,2262,425,4,817.99,15,222.49,3003.66
7875,2262,85,3,978.99,5,223.21,3013.33
7876,2262,254,3,621.99,5,141.81,1914.48
7877,2263,495,4,974.99,15,265.2,3580.17
7878,2263,110,2,628.99,5,95.61,1290.69
7879,2263,31,3,542.99,5,123.8,1671.32
7880,2263,424,2,823.99,5,125.25,1690.83
7881,2263,42,2,1420.99,0,227.36,3069.34
7882,2263,405,2,33.99,5,5.17,69.75
7883,2264,296,4,52.99,0,16.96,228.92
7884,2264,225,4,861.99,0,275.84,3723.8
7885,2264,430,4,421.99,5,128.28,1731.84
7886,2264,261,4,718.99,5,218.57,2950.73
7887,2264,234,2,405.99,15,55.21,745.39
7888,2264,460,4,1118.99,5,340.17,4592.33
7889,2265,333,3,1238.99,10,267.62,3612.89
7890,2265,400,1,1305.99,0,104.48,1410.47
7891,2265,481,4,413.99,5,125.85,1699.01
7892,2265,127,2,1200.99,10,172.94,2334.72
7893,2265,249,4,462.99,5,140.75,1900.11
7894,2265,253,4,978.99,0,313.28,4229.24
7895,2266,144,4,260.99,5,79.34,1071.1
7896,2267,412,2,1121.99,0,179.52,2423.5
7897,2267,141,4,1173.99,0,375.68,5071.64
7898,2267,76,3,1285.99,5,293.21,3958.28
7899,2267,481,2,413.99,0,66.24,894.22
7900,2268,173,1,682.99,15,46.44,626.98
7901,2268,86,2,113.99,0,18.24,246.22
7902,2268,456,1,1330.99,10,95.83,1293.72
7903,2268,450,4,670.99,15,182.51,2463.88
7904,2268,160,3,1272.99,0,305.52,4124.49
7905,2269,404,3,1238.99,10,267.62,3612.89
7906,2269,437,4,257.99,5,78.43,1058.79
7907,2269,245,1,1338.99,0,107.12,1446.11
7908,2270,296,3,52.99,5,12.08,163.1
7909,2270,84,3,186.99,5,42.63,575.55
7910,2270,12,4,403.99,15,109.89,1483.46
7911,2270,324,3,135.99,15,27.74,374.51
7912,2270,270,1,213.99,15,14.55,196.44
7913,2270,76,1,1285.99,5,97.74,1319.43
7914,2271,5,1,1162.99,0,93.04,1256.03
7915,2271,380,3,1349.99,10,291.6,3936.57
7916,2272,137,4,1014.99,15,276.08,3727.05
7917,2272,176,3,1323.99,5,301.87,4075.24
7918,2272,18,2,825.99,10,118.94,1605.72
7919,2272,138,4,1243.99,0,398.08,5374.04
7920,2272,141,3,1173.99,15,239.49,3233.16
7921,2273,216,1,979.99,0,78.4,1058.39
7922,2273,328,3,197.99,15,40.39,545.26
7923,2273,327,4,975.99,15,265.47,3583.84
7924,2273,460,2,1118.99,15,152.18,2054.46
7925,2274,153,4,850.99,15,231.47,3124.84
7926,2274,98,3,1194.99,5,272.46,3678.18
7927,2274,206,2,1275.99,5,193.95,2618.33
7928,2274,111,1,282.99,15,19.24,259.78
7929,2275,395,2,1497.99,10,215.71,2912.09
7930,2276,196,2,347.99,15,47.33,638.91
7931,2276,380,2,1349.99,10,194.4,2624.38
7932,2276,153,1,850.99,15,57.87,781.21
7933,2276,121,4,318.99,5,96.97,1309.13
7934,2276,26,1,270.99,10,19.51,263.4
7935,2276,107,3,384.99,10,83.16,1122.63
7936,2277,342,4,1071.99,15,291.58,3936.35
7937,2277,466,4,796.99,10,229.53,3098.69
7938,2278,153,4,850.99,10,245.09,3308.65
7939,2278,166,2,247.99,0,39.68,535.66
7940,2279,62,1,516.99,10,37.22,502.51
7941,2280,297,2,1086.99,15,147.83,1995.71
7942,2280,371,2,105.99,5,16.11,217.49
7943,2281,295,1,1309.99,5,99.56,1344.05
7944,2282,264,1,1444.99,10,104.04,1404.53
7945,2282,149,1,1056.99,5,80.33,1084.47
7946,2282,130,1,1187.99,15,80.78,1090.57
7947,2283,154,4,156.99,5,47.72,644.28
7948,2283,75,4,927.99,15,252.41,3407.58
7949,2284,4,3,935.99,10,202.17,2729.34
7950,2284,55,1,856.99,0,68.56,925.55
7951,2284,260,2,301.99,15,41.07,554.45
7952,2284,322,2,291.99,0,46.72,630.7
7953,2284,469,3,489.99,5,111.72,1508.19
7954,2285,145,1,864.99,15,58.82,794.06
7955,2285,440,2,637.99,0,102.08,1378.06
7956,2286,405,1,33.99,5,2.58,34.87
7957,2286,302,1,1319.99,5,100.32,1354.31
7958,2286,288,4,1187.99,5,361.15,4875.51
7959,2286,75,3,927.99,0,222.72,3006.69
7960,2286,42,2,1420.99,0,227.36,3069.34
7961,2287,109,3,1104.99,10,238.68,3222.15
7962,2287,2,1,102.99,5,7.83,105.67
7963,2287,337,4,1160.99,10,334.37,4513.93
7964,2287,40,2,506.99,10,73.01,985.59
7965,2287,19,4,1251.99,5,380.6,5138.16
7966,2288,384,1,898.99,5,68.32,922.36
7967,2288,440,1,637.99,10,45.94,620.13
7968,2288,118,4,213.99,10,61.63,831.99
7969,2288,7,4,814.99,15,221.68,2992.65
7970,2288,91,3,1053.99,10,227.66,3073.43
7971,2289,432,3,423.99,5,96.67,1305.04
7972,2290,37,3,303.99,15,62.01,837.18
7973,2290,205,4,727.99,0,232.96,3144.92
7974,2290,364,4,968.99,10,279.07,3767.43
7975,2290,279,4,814.99,0,260.8,3520.76
7976,2290,30,4,307.99,15,83.77,1130.94
7977,2290,359,2,147.99,15,20.13,271.71
7978,2291,192,4,192.99,5,58.67,792.03
7979,2291,340,3,1235.99,10,266.97,3604.14
7980,2291,288,1,1187.99,0,95.04,1283.03
7981,2291,381,1,1077.99,10,77.62,1047.81
7982,2291,497,2,681.99,10,98.21,1325.79
7983,2292,317,3,1482.99,0,355.92,4804.89
7984,2292,87,1,1443.99,5,109.74,1481.53
7985,2292,138,4,1243.99,5,378.17,5105.33
7986,2292,450,3,670.99,15,136.88,1847.9
7987,2293,279,2,814.99,5,123.88,1672.36
7988,2293,280,4,1103.99,10,317.95,4292.31
7989,2293,201,2,501.99,15,68.27,921.65
7990,2293,394,2,198.99,5,30.25,408.33
7991,2293,492,1,494.99,10,35.64,481.13
7992,2294,298,4,1045.99,0,334.72,4518.68
7993,2295,197,2,659.99,10,95.04,1283.02
7994,2295,190,4,1002.99,5,304.91,4116.27
7995,2296,289,4,1112.99,15,302.73,4086.9
7996,2296,75,4,927.99,10,267.26,3608.02
7997,2296,208,2,1001.99,0,160.32,2164.3
7998,2296,453,2,351.99,0,56.32,760.3
7999,2296,308,4,1135.99,10,327.17,4416.73
8000,2296,361,3,531.99,15,108.53,1465.1
8001,2297,64,2,546.99,15,74.39,1004.27
8002,2297,177,4,1234.99,10,355.68,4801.64
8003,2298,10,4,551.99,0,176.64,2384.6
8004,2298,106,3,151.99,10,32.83,443.2
8005,2298,444,3,682.99,5,155.72,2102.24
8006,2298,154,2,156.99,5,23.86,322.14
8007,2298,9,3,896.99,10,193.75,2615.62
8008,2298,203,2,992.99,10,142.99,1930.37
8009,2299,365,4,1002.99,0,320.96,4332.92
8010,2299,262,1,140.99,10,10.15,137.04
8011,2299,372,3,364.99,10,78.84,1064.31
8012,2299,426,4,887.99,5,269.95,3644.31
8013,2300,377,3,808.99,5,184.45,2490.07
8014,2301,288,1,1187.99,5,90.29,1218.88
8015,2301,208,1,1001.99,0,80.16,1082.15
8016,2301,227,4,1337.99,0,428.16,5780.12
8017,2301,2,1,102.99,10,7.42,100.11
8018,2302,418,2,445.99,15,60.65,818.83
8019,2302,375,4,541.99,15,147.42,1990.19
8020,2302,146,4,26.99,5,8.2,110.76
8021,2302,7,1,814.99,5,61.94,836.18
8022,2303,475,1,1263.99,10,91.01,1228.6
8023,2303,337,1,1160.99,0,92.88,1253.87
8024,2303,239,1,133.99,0,10.72,144.71
8025,2304,404,2,1238.99,0,198.24,2676.22
8026,2304,435,4,214.99,15,58.48,789.45
8027,2304,125,1,1036.99,15,70.52,951.96
8028,2304,494,3,1384.99,10,299.16,4038.63
8029,2305,168,1,387.99,10,27.94,377.13
8030,2305,486,4,220.99,15,60.11,811.48
8031,2305,22,3,1226.99,10,265.03,3577.9
8032,2305,26,3,270.99,10,58.53,790.2
8033,2306,296,4,52.99,0,16.96,228.92
8034,2306,409,4,773.99,15,210.53,2842.1
8035,2307,329,1,464.99,0,37.2,502.19
8036,2307,358,4,94.99,5,28.88,389.84
8037,2307,253,3,978.99,5,223.21,3013.33
8038,2308,422,1,572.99,15,38.96,526
8039,2308,367,4,419.99,5,127.68,1723.64
8040,2308,131,4,371.99,15,101.18,1365.95
8041,2308,39,3,1415.99,5,322.85,4358.42
8042,2308,337,1,1160.99,5,88.24,1191.18
8043,2308,455,2,1465.99,15,199.37,2691.55
8044,2309,214,2,423.99,15,57.66,778.44
8045,2309,423,3,1494.99,0,358.8,4843.77
8046,2309,89,3,794.99,10,171.72,2318.19
8047,2310,487,3,417.99,15,85.27,1151.14
8048,2310,114,2,879.99,10,126.72,1710.7
8049,2310,51,4,246.99,15,67.18,906.95
8050,2311,32,3,471.99,15,96.29,1299.86
8051,2311,18,2,825.99,5,125.55,1694.93
8052,2311,156,3,1366.99,15,278.87,3764.69
8053,2311,400,4,1305.99,15,355.23,4795.6
8054,2312,188,4,1278.99,10,368.35,4972.71
8055,2313,383,1,888.99,10,64.01,864.1
8056,2313,427,2,378.99,5,57.61,777.69
8057,2313,96,2,545.99,0,87.36,1179.34
8058,2313,366,1,1373.99,5,104.42,1409.71
8059,2313,460,1,1118.99,15,76.09,1027.23
8060,2314,88,3,322.99,10,69.77,941.84
8061,2314,330,3,791.99,0,190.08,2566.05
8062,2315,83,2,549.99,5,83.6,1128.58
8063,2315,77,4,453.99,0,145.28,1961.24
8064,2315,467,3,827.99,5,188.78,2548.55
8065,2315,30,4,307.99,15,83.77,1130.94
8066,2316,133,1,514.99,15,35.02,472.76
8067,2317,455,3,1465.99,0,351.84,4749.81
8068,2317,276,1,293.99,0,23.52,317.51
8069,2317,68,1,230.99,5,17.56,237
8070,2317,14,4,1137.99,0,364.16,4916.12
8071,2318,454,2,499.99,10,72,971.98
8072,2318,185,1,252.99,0,20.24,273.23
8073,2318,414,4,1426.99,10,410.97,5548.13
8074,2318,83,3,549.99,0,132,1781.97
8075,2318,116,1,1096.99,10,78.98,1066.27
8076,2318,141,3,1173.99,15,239.49,3233.16
8077,2319,470,2,203.99,5,31.01,418.59
8078,2319,147,4,22.99,5,6.99,94.35
8079,2320,149,1,1056.99,5,80.33,1084.47
8080,2320,28,2,176.99,15,24.07,324.95
8081,2320,189,3,612.99,15,125.05,1688.17
8082,2320,378,4,1307.99,5,397.63,5367.99
8083,2320,289,2,1112.99,15,151.37,2043.45
8084,2320,278,2,714.99,15,97.24,1312.72
8085,2321,280,1,1103.99,10,79.49,1073.08
8086,2321,170,2,865.99,10,124.7,1683.48
8087,2321,67,1,879.99,15,59.84,807.83
8088,2321,266,2,232.99,5,35.41,478.09
8089,2321,149,1,1056.99,5,80.33,1084.47
8090,2321,41,4,549.99,5,167.2,2257.16
8091,2322,196,3,347.99,15,70.99,958.36
8092,2322,6,4,98.99,10,28.51,384.87
8093,2322,32,1,471.99,0,37.76,509.75
8094,2322,115,1,548.99,5,41.72,563.26
8095,2322,412,2,1121.99,0,179.52,2423.5
8096,2322,478,4,296.99,15,80.78,1090.55
8097,2323,311,3,1079.99,5,246.24,3324.21
8098,2323,41,2,549.99,15,74.8,1009.78
8099,2323,190,1,1002.99,0,80.24,1083.23
8100,2323,163,3,911.99,0,218.88,2954.85
8101,2323,92,1,1065.99,15,72.49,978.58
8102,2323,208,2,1001.99,0,160.32,2164.3
8103,2324,92,4,1065.99,15,289.95,3914.32
8104,2324,141,4,1173.99,15,319.33,4310.9
8105,2325,370,3,1201.99,15,245.21,3310.28
8106,2326,500,2,835.99,0,133.76,1805.74
8107,2326,126,3,1486.99,10,321.19,4336.06
8108,2326,242,4,1500.99,0,480.32,6484.28
8109,2326,410,2,169.99,0,27.2,367.18
8110,2327,9,1,896.99,5,68.17,920.31
8111,2327,125,3,1036.99,15,211.55,2855.87
8112,2327,96,4,545.99,0,174.72,2358.68
8113,2328,111,4,282.99,5,86.03,1161.39
8114,2328,249,1,462.99,0,37.04,500.03
8115,2329,93,4,498.99,15,135.73,1832.3
8116,2329,295,3,1309.99,5,298.68,4032.15
8117,2329,400,2,1305.99,15,177.61,2397.79
8118,2330,434,4,1392.99,5,423.47,5716.83
8119,2330,435,2,214.99,0,34.4,464.38
8120,2330,191,3,676.99,15,138.11,1864.43
8121,2330,299,3,71.99,15,14.69,198.26
8122,2330,345,4,1180.99,0,377.92,5101.88
8123,2330,64,4,546.99,15,148.78,2008.55
8124,2331,147,3,22.99,5,5.24,70.76
8125,2331,469,4,489.99,0,156.8,2116.76
8126,2331,354,4,946.99,10,272.73,3681.89
8127,2331,33,2,1048.99,0,167.84,2265.82
8128,2331,172,4,1080.99,5,328.62,4436.38
8129,2331,327,2,975.99,0,156.16,2108.14
8130,2332,282,3,427.99,15,87.31,1178.68
8131,2332,205,4,727.99,5,221.31,2987.67
8132,2332,349,1,29.99,5,2.28,30.77
8133,2332,141,4,1173.99,10,338.11,4564.47
8134,2333,452,2,364.99,0,58.4,788.38
8135,2333,300,4,991.99,15,269.82,3642.59
8136,2333,47,4,498.99,0,159.68,2155.64
8137,2333,456,4,1330.99,5,404.62,5462.38
8138,2334,309,1,103.99,0,8.32,112.31
8139,2335,286,2,365.99,5,55.63,751.01
8140,2335,81,3,1111.99,10,240.19,3242.56
8141,2335,440,3,637.99,15,130.15,1757.02
8142,2335,181,3,332.99,5,75.92,1024.94
8143,2336,298,3,1045.99,5,238.49,3219.56
8144,2336,199,4,882.99,10,254.3,3433.06
8145,2336,208,4,1001.99,5,304.6,4112.16
8146,2336,339,1,200.99,10,14.47,195.36
8147,2336,389,3,1452.99,15,296.41,4001.53
8148,2337,114,2,879.99,15,119.68,1615.66
8149,2337,253,4,978.99,0,313.28,4229.24
8150,2337,357,4,481.99,5,146.52,1978.08
8151,2338,362,3,285.99,5,65.21,880.28
8152,2338,123,4,271.99,10,78.33,1057.49
8153,2338,229,1,611.99,10,44.06,594.85
8154,2338,204,3,1355.99,15,276.62,3734.39
8155,2338,43,3,423.99,0,101.76,1373.73
8156,2339,264,1,1444.99,5,109.82,1482.56
8157,2340,191,1,676.99,0,54.16,731.15
8158,2340,317,3,1482.99,0,355.92,4804.89
8159,2340,273,3,1167.99,0,280.32,3784.29
8160,2340,126,4,1486.99,15,404.46,5460.23
8161,2340,94,1,827.99,0,66.24,894.23
8162,2341,450,2,670.99,10,96.62,1304.4
8163,2341,287,1,549.99,0,44,593.99
8164,2341,221,4,1084.99,5,329.84,4452.8
8165,2342,133,1,514.99,15,35.02,472.76
8166,2342,72,2,436.99,5,66.42,896.7
8167,2342,304,3,119.99,10,25.92,349.89
8168,2342,361,4,531.99,5,161.72,2183.28
8169,2343,191,2,676.99,15,92.07,1242.95
8170,2343,59,4,254.99,15,69.36,936.33
8171,2343,86,4,113.99,0,36.48,492.44
8172,2344,138,4,1243.99,5,378.17,5105.33
8173,2345,335,1,758.99,15,51.61,696.75
8174,2345,303,4,230.99,0,73.92,997.88
8175,2345,156,1,1366.99,15,92.96,1254.9
8176,2345,247,3,1255.99,15,256.22,3458.99
8177,2345,358,4,94.99,15,25.84,348.81
8178,2345,90,3,825.99,10,178.41,2408.58
8179,2346,27,4,788.99,0,252.48,3408.44
8180,2346,182,3,766.99,5,174.87,2360.79
8181,2346,138,4,1243.99,0,398.08,5374.04
8182,2346,421,3,1020.99,5,232.79,3142.61
8183,2347,350,3,1204.99,10,260.28,3513.75
8184,2347,97,1,432.99,5,32.91,444.25
8185,2347,126,1,1486.99,10,107.06,1445.35
8186,2347,1,4,524.99,0,168,2267.96
8187,2348,494,4,1384.99,5,421.04,5684
8188,2348,17,1,517.99,15,35.22,475.51
8189,2349,375,2,541.99,10,78.05,1053.63
8190,2349,235,2,1232.99,10,177.55,2396.93
8191,2349,132,4,728.99,10,209.95,2834.31
8192,2350,474,1,500.99,5,38.08,514.02
8193,2350,320,4,1027.99,5,312.51,4218.87
8194,2350,361,1,531.99,15,36.18,488.37
8195,2350,417,4,897.99,5,272.99,3685.35
8196,2350,104,2,1343.99,10,193.53,2612.71
8197,2350,22,2,1226.99,10,176.69,2385.27
8198,2351,472,3,393.99,0,94.56,1276.53
8199,2351,15,2,1374.99,0,220,2969.98
8200,2351,61,1,130.99,10,9.43,127.32
8201,2351,304,1,119.99,10,8.64,116.63
8202,2351,293,2,1158.99,10,166.89,2253.07
8203,2352,243,4,1487.99,10,428.54,5785.3
8204,2352,36,4,624.99,0,200,2699.96
8205,2352,324,4,135.99,10,39.17,528.73
8206,2352,380,2,1349.99,10,194.4,2624.38
8207,2352,181,3,332.99,0,79.92,1078.89
8208,2353,169,3,755.99,10,163.29,2204.46
8209,2353,317,4,1482.99,15,403.37,5445.54
8210,2353,326,2,879.99,0,140.8,1900.78
8211,2354,235,3,1232.99,0,295.92,3994.89
8212,2354,116,2,1096.99,5,166.74,2251.02
8213,2354,302,2,1319.99,10,190.08,2566.06
8214,2354,393,4,363.99,0,116.48,1572.44
8215,2354,99,1,1421.99,10,102.38,1382.17
8216,2355,458,2,449.99,0,72,971.98
8217,2355,376,4,121.99,10,35.13,474.29
8218,2355,452,4,364.99,15,99.28,1340.25
8219,2355,275,3,329.99,10,71.28,962.25
8220,2355,2,4,102.99,15,28.01,378.18
8221,2355,360,4,407.99,10,117.5,1586.26
8222,2356,340,1,1235.99,15,84.05,1134.64
8223,2356,287,2,549.99,0,88,1187.98
8224,2357,431,3,124.99,15,25.5,344.22
8225,2357,35,1,1193.99,15,81.19,1096.08
8226,2357,2,1,102.99,15,7,94.54
8227,2358,9,2,896.99,15,121.99,1646.87
8228,2358,167,1,715.99,5,54.42,734.61
8229,2358,372,2,364.99,5,55.48,748.96
8230,2358,116,4,1096.99,0,351.04,4739
8231,2358,174,2,688.99,5,104.73,1413.81
8232,2359,287,1,549.99,15,37.4,504.89
8233,2359,346,3,406.99,0,97.68,1318.65
8234,2359,492,3,494.99,10,106.92,1443.39
8235,2359,416,1,444.99,15,30.26,408.5
8236,2360,254,2,621.99,5,94.54,1276.32
8237,2360,465,4,1287.99,15,350.33,4729.5
8238,2360,238,3,280.99,10,60.69,819.36
8239,2360,319,1,336.99,10,24.26,327.55
8240,2360,468,4,757.99,0,242.56,3274.52
8241,2361,468,3,757.99,10,163.73,2210.3
8242,2361,314,1,159.99,5,12.16,164.15
8243,2361,291,1,1046.99,0,83.76,1130.75
8244,2362,333,2,1238.99,0,198.24,2676.22
8245,2362,215,1,686.99,0,54.96,741.95
8246,2362,420,3,653.99,0,156.96,2118.93
8247,2363,270,4,213.99,15,58.21,785.78
8248,2363,268,3,1229.99,0,295.2,3985.17
8249,2363,393,2,363.99,15,49.5,668.28
8250,2363,331,3,1061.99,5,242.13,3268.8
8251,2364,279,4,814.99,0,260.8,3520.76
8252,2364,152,1,47.99,15,3.26,44.05
8253,2365,245,2,1338.99,5,203.53,2747.61
8254,2365,417,4,897.99,10,258.62,3491.38
8255,2365,84,2,186.99,5,28.42,383.7
8256,2365,135,1,933.99,10,67.25,907.84
8257,2365,114,1,879.99,0,70.4,950.39
8258,2365,68,4,230.99,10,66.53,898.09
8259,2366,318,1,300.99,15,20.47,276.31
8260,2366,43,1,423.99,5,32.22,435.01
8261,2366,414,3,1426.99,10,308.23,4161.1
8262,2366,306,4,842.99,5,256.27,3459.63
8263,2366,456,4,1330.99,0,425.92,5749.88
8264,2367,255,2,677.99,5,103.05,1391.23
8265,2367,453,3,351.99,15,71.81,969.38
8266,2368,210,4,919.99,5,279.68,3775.64
8267,2369,409,1,773.99,5,58.82,794.11
8268,2369,294,4,184.99,10,53.28,719.24
8269,2369,257,1,1143.99,5,86.94,1173.73
8270,2370,470,3,203.99,10,44.06,594.83
8271,2370,452,2,364.99,0,58.4,788.38
8272,2371,20,2,632.99,0,101.28,1367.26
8273,2371,376,2,121.99,15,16.59,223.97
8274,2371,386,3,300.99,10,65.01,877.68
8275,2371,154,3,156.99,5,35.79,483.21
8276,2371,451,4,1029.99,15,280.16,3782.13
8277,2371,337,1,1160.99,10,83.59,1128.48
8278,2372,111,3,282.99,5,64.52,871.04
8279,2372,376,4,121.99,10,35.13,474.29
8280,2373,171,3,399.99,15,81.6,1101.57
8281,2373,359,2,147.99,5,22.49,303.67
8282,2374,310,2,1363.99,15,185.5,2504.28
8283,2374,497,2,681.99,0,109.12,1473.1
8284,2375,233,4,133.99,0,42.88,578.84
8285,2375,388,2,1182.99,0,189.28,2555.26
8286,2376,87,2,1443.99,10,207.93,2807.11
8287,2376,54,1,685.99,10,49.39,666.78
8288,2376,441,2,766.99,5,116.58,1573.86
8289,2377,307,4,1360.99,15,370.19,4997.56
8290,2377,406,4,1125.99,10,324.29,4377.85
8291,2377,283,3,63.99,15,13.05,176.22
8292,2377,192,3,192.99,10,41.69,562.76
8293,2378,34,1,67.99,10,4.9,66.09
8294,2378,352,4,1453.99,5,442.01,5967.17
8295,2378,96,3,545.99,10,117.93,1592.1
8296,2378,276,3,293.99,15,59.97,809.64
8297,2379,489,2,800.99,10,115.34,1557.12
8298,2379,325,3,527.99,0,126.72,1710.69
8299,2380,187,4,1184.99,15,322.32,4351.29
8300,2380,260,4,301.99,15,82.14,1108.91
8301,2380,205,3,727.99,5,165.98,2240.75
8302,2380,339,1,200.99,0,16.08,217.07
8303,2381,30,3,307.99,10,66.53,898.1
8304,2381,325,2,527.99,5,80.25,1083.43
8305,2381,148,2,705.99,15,96.01,1296.19
8306,2381,164,4,135.99,0,43.52,587.48
8307,2381,249,2,462.99,10,66.67,900.05
8308,2381,48,1,1148.99,10,82.73,1116.82
8309,2382,466,4,796.99,5,242.28,3270.84
8310,2383,265,1,454.99,5,34.58,466.82
8311,2384,101,1,1394.99,15,94.86,1280.6
8312,2384,488,2,732.99,0,117.28,1583.26
8313,2385,61,4,130.99,10,37.73,509.29
8314,2386,116,4,1096.99,15,298.38,4028.15
8315,2386,262,4,140.99,15,38.35,517.72
8316,2386,92,4,1065.99,15,289.95,3914.32
8317,2387,157,3,33.99,5,7.75,104.62
8318,2387,298,2,1045.99,5,158.99,2146.37
8319,2387,334,3,597.99,5,136.34,1840.61
8320,2387,66,1,276.99,10,19.94,269.23
8321,2388,232,4,1001.99,10,288.57,3895.73
8322,2388,422,1,572.99,5,43.55,587.89
8323,2388,68,3,230.99,10,49.89,673.56
8324,2388,74,3,143.99,10,31.1,419.87
8325,2388,156,2,1366.99,10,196.85,2657.43
8326,2388,495,1,974.99,5,74.1,1000.34
8327,2389,454,3,499.99,5,114,1538.97
8328,2389,158,2,1369.99,0,219.2,2959.18
8329,2389,191,1,676.99,15,46.04,621.48
8330,2389,210,1,919.99,5,69.92,943.91
8331,2389,14,3,1137.99,10,245.81,3318.38
8332,2389,287,1,549.99,15,37.4,504.89
8333,2390,439,4,168.99,5,51.37,693.53
8334,2390,413,4,1416.99,5,430.76,5815.32
8335,2391,78,4,1476.99,0,472.64,6380.6
8336,2391,379,1,571.99,10,41.18,555.97
8337,2391,226,1,278.99,10,20.09,271.18
8338,2391,440,1,637.99,0,51.04,689.03
8339,2391,130,2,1187.99,0,190.08,2566.06
8340,2392,493,1,451.99,15,30.74,414.93
8341,2392,500,3,835.99,15,170.54,2302.31
8342,2392,436,4,541.99,10,156.09,2107.25
8343,2392,261,3,718.99,5,163.93,2213.05
8344,2392,328,2,197.99,10,28.51,384.89
8345,2393,263,1,787.99,10,56.74,765.93
8346,2393,458,4,449.99,15,122.4,1652.37
8347,2393,352,2,1453.99,10,209.37,2826.55
8348,2393,393,4,363.99,0,116.48,1572.44
8349,2394,80,1,811.99,10,58.46,789.25
8350,2394,3,3,889.99,15,181.56,2451.03
8351,2395,470,3,203.99,0,48.96,660.93
8352,2395,215,3,686.99,15,140.15,1891.97
8353,2395,411,1,1232.99,15,83.84,1131.88
8354,2395,388,3,1182.99,0,283.92,3832.89
8355,2396,205,3,727.99,15,148.51,2004.88
8356,2396,93,4,498.99,10,143.71,1940.07
8357,2397,137,2,1014.99,5,154.28,2082.76
8358,2397,214,1,423.99,10,30.53,412.12
8359,2397,361,3,531.99,10,114.91,1551.28
8360,2397,215,4,686.99,0,219.84,2967.8
8361,2398,215,3,686.99,5,156.63,2114.55
8362,2398,119,4,975.99,0,312.32,4216.28
8363,2399,384,4,898.99,15,244.53,3301.1
8364,2399,24,4,371.99,5,113.08,1526.64
8365,2400,292,1,907.99,15,61.74,833.53
8366,2400,487,4,417.99,0,133.76,1805.72
8367,2400,160,1,1272.99,0,101.84,1374.83
8368,2400,436,1,541.99,0,43.36,585.35
8369,2400,65,2,72.99,5,11.09,149.77
8370,2401,328,1,197.99,5,15.05,203.14
8371,2401,192,3,192.99,15,39.37,531.49
8372,2401,294,3,184.99,10,39.96,539.43
8373,2401,494,1,1384.99,0,110.8,1495.79
8374,2402,1,2,524.99,10,75.6,1020.58
8375,2403,484,2,622.99,5,94.69,1278.37
8376,2403,489,2,800.99,5,121.75,1643.63
8377,2403,395,2,1497.99,10,215.71,2912.09
8378,2403,471,2,873.99,0,139.84,1887.82
8379,2404,85,2,978.99,10,140.97,1903.15
8380,2404,26,2,270.99,15,36.85,497.53
8381,2404,228,3,836.99,0,200.88,2711.85
8382,2404,137,4,1014.99,0,324.8,4384.76
8383,2405,480,2,833.99,15,113.42,1531.2
8384,2405,381,2,1077.99,15,146.61,1979.19
8385,2406,254,3,621.99,10,134.35,1813.72
8386,2406,201,4,501.99,5,152.6,2060.16
8387,2407,130,3,1187.99,5,270.86,3656.63
8388,2407,297,3,1086.99,10,234.79,3169.66
8389,2407,346,3,406.99,0,97.68,1318.65
8390,2408,481,3,413.99,5,94.39,1274.26
8391,2408,447,2,1108.99,10,159.69,2155.87
8392,2409,492,2,494.99,0,79.2,1069.18
8393,2410,419,3,351.99,15,71.81,969.38
8394,2410,220,4,620.99,5,188.78,2548.54
8395,2410,124,3,388.99,15,79.35,1071.27
8396,2411,322,4,291.99,15,79.42,1072.19
8397,2411,172,3,1080.99,5,246.47,3327.29
8398,2412,42,3,1420.99,5,323.99,4373.81
8399,2412,162,2,259.99,0,41.6,561.58
8400,2412,245,1,1338.99,0,107.12,1446.11
8401,2412,195,2,420.99,0,67.36,909.34
8402,2412,8,2,586.99,10,84.53,1141.11
8403,2413,243,4,1487.99,15,404.73,5463.9
8404,2413,482,2,774.99,0,124,1673.98
8405,2413,112,1,652.99,5,49.63,669.97
8406,2414,362,4,285.99,5,86.94,1173.7
8407,2414,99,3,1421.99,15,290.09,3916.16
8408,2414,415,1,1290.99,5,98.12,1324.56
8409,2415,267,3,1201.99,10,259.63,3505
8410,2416,424,3,823.99,5,187.87,2536.24
8411,2417,184,3,446.99,5,101.91,1375.83
8412,2417,139,1,1205.99,0,96.48,1302.47
8413,2417,135,4,933.99,5,283.93,3833.09
8414,2417,362,1,285.99,10,20.59,277.98
8415,2417,409,2,773.99,10,111.45,1504.63
8416,2418,338,1,674.99,5,51.3,692.54
8417,2418,235,2,1232.99,0,197.28,2663.26
8418,2418,390,4,33.99,5,10.33,139.49
8419,2418,186,2,937.99,0,150.08,2026.06
8420,2418,83,4,549.99,15,149.6,2019.57
8421,2419,382,3,88.99,10,19.22,259.49
8422,2419,378,4,1307.99,15,355.77,4802.94
8423,2419,267,3,1201.99,5,274.05,3699.72
8424,2419,22,4,1226.99,5,373,5035.56
8425,2419,205,2,727.99,0,116.48,1572.46
8426,2419,249,1,462.99,0,37.04,500.03
8427,2420,410,2,169.99,5,25.84,348.82
8428,2420,105,4,1499.99,10,432,5831.96
8429,2421,54,3,685.99,10,148.17,2000.34
8430,2421,249,4,462.99,0,148.16,2000.12
8431,2421,4,3,935.99,10,202.17,2729.34
8432,2421,343,4,758.99,5,230.73,3114.89
8433,2422,297,3,1086.99,15,221.75,2993.57
8434,2422,313,1,1158.99,10,83.45,1126.54
8435,2422,118,4,213.99,5,65.05,878.21
8436,2422,240,2,1188.99,10,171.21,2311.39
8437,2423,88,3,322.99,15,65.89,889.51
8438,2423,110,1,628.99,15,42.77,577.41
8439,2423,159,4,229.99,5,69.92,943.88
8440,2423,45,4,896.99,15,243.98,3293.75
8441,2423,278,2,714.99,5,108.68,1467.16
8442,2423,340,4,1235.99,5,375.74,5072.5
8443,2424,84,1,186.99,10,13.46,181.75
8444,2424,200,3,330.99,0,79.44,1072.41
8445,2424,127,3,1200.99,5,273.83,3696.65
8446,2424,208,2,1001.99,0,160.32,2164.3
8447,2425,406,2,1125.99,5,171.15,2310.53
8448,2425,164,3,135.99,0,32.64,440.61
8449,2425,77,2,453.99,5,69.01,931.59
8450,2426,336,4,743.99,0,238.08,3214.04
8451,2426,450,1,670.99,5,51,688.44
8452,2426,221,4,1084.99,10,312.48,4218.44
8453,2426,417,3,897.99,15,183.19,2473.06
8454,2426,50,1,1364.99,5,103.74,1400.48
8455,2427,473,1,1377.99,10,99.22,1339.41
8456,2428,146,2,26.99,15,3.67,49.55
8457,2428,317,3,1482.99,0,355.92,4804.89
8458,2428,261,3,718.99,10,155.3,2096.57
8459,2428,352,4,1453.99,5,442.01,5967.17
8460,2428,476,1,732.99,10,52.78,712.47
8461,2429,9,1,896.99,0,71.76,968.75
8462,2429,173,3,682.99,0,163.92,2212.89
8463,2430,382,4,88.99,0,28.48,384.44
8464,2430,451,4,1029.99,5,313.12,4227.08
8465,2430,356,3,328.99,10,71.06,959.33
8466,2431,181,3,332.99,0,79.92,1078.89
8467,2431,44,1,586.99,15,39.92,538.86
8468,2431,27,3,788.99,10,170.42,2300.69
8469,2431,454,1,499.99,15,34,458.99
8470,2431,483,3,897.99,15,183.19,2473.06
8471,2432,402,2,723.99,0,115.84,1563.82
8472,2432,500,1,835.99,5,63.54,857.73
8473,2433,60,2,1245.99,5,189.39,2556.77
8474,2433,271,1,242.99,15,16.52,223.06
8475,2434,387,3,947.99,5,216.14,2917.91
8476,2434,468,3,757.99,5,172.82,2333.09
8477,2434,44,1,586.99,0,46.96,633.95
8478,2434,347,3,89.99,15,18.36,247.83
8479,2434,332,3,1276.99,10,275.83,3723.7
8480,2434,268,4,1229.99,15,334.56,4516.53
8481,2435,381,1,1077.99,10,77.62,1047.81
8482,2435,289,3,1112.99,5,253.76,3425.78
8483,2435,34,2,67.99,15,9.25,124.83
8484,2435,152,4,47.99,0,15.36,207.32
8485,2435,422,3,572.99,0,137.52,1856.49
8486,2436,122,3,1350.99,15,275.6,3720.62
8487,2436,121,4,318.99,10,91.87,1240.23
8488,2436,150,3,335.99,10,72.57,979.74
8489,2436,309,4,103.99,5,31.61,426.77
8490,2437,401,2,487.99,10,70.27,948.65
8491,2437,63,4,1206.99,0,386.24,5214.2
8492,2437,114,2,879.99,15,119.68,1615.66
8493,2437,283,3,63.99,5,14.59,196.96
8494,2437,470,4,203.99,0,65.28,881.24
8495,2437,323,3,599.99,10,129.6,1749.57
8496,2438,145,3,864.99,15,176.46,2382.18
8497,2438,193,2,973.99,10,140.25,1893.43
8498,2438,312,1,522.99,15,35.56,480.1
8499,2439,138,2,1243.99,10,179.13,2418.31
8500,2439,46,3,941.99,15,192.17,2594.24
8501,2439,396,2,777.99,5,118.25,1596.43
8502,2440,191,2,676.99,5,102.9,1389.18
8503,2440,359,1,147.99,0,11.84,159.83
8504,2440,31,4,542.99,15,147.69,1993.86
8505,2440,178,1,1071.99,10,77.18,1041.97
8506,2441,214,2,423.99,0,67.84,915.82
8507,2441,56,4,425.99,0,136.32,1840.28
8508,2442,179,4,251.99,10,72.57,979.73
8509,2443,167,1,715.99,10,51.55,695.94
8510,2443,109,1,1104.99,10,79.56,1074.05
8511,2443,226,3,278.99,0,66.96,903.93
8512,2443,490,4,968.99,5,294.57,3976.73
8513,2443,139,1,1205.99,10,86.83,1172.22
8514,2444,40,3,506.99,15,103.43,1396.25
8515,2444,220,1,620.99,10,44.71,603.6
8516,2444,119,4,975.99,15,265.47,3583.84
8517,2444,469,2,489.99,0,78.4,1058.38
8518,2444,393,3,363.99,5,82.99,1120.36
8519,2444,209,2,565.99,0,90.56,1222.54
8520,2445,409,4,773.99,5,235.29,3176.45
8521,2445,171,3,399.99,10,86.4,1166.37
8522,2446,440,3,637.99,15,130.15,1757.02
8523,2446,353,4,155.99,10,44.93,606.49
8524,2446,268,1,1229.99,15,83.64,1129.13
8525,2446,208,3,1001.99,10,216.43,2921.8
8526,2447,364,3,968.99,10,209.3,2825.57
8527,2447,31,4,542.99,10,156.38,2111.14
8528,2447,94,1,827.99,10,59.62,804.81
8529,2447,328,2,197.99,10,28.51,384.89
8530,2448,95,4,449.99,10,129.6,1749.56
8531,2448,328,2,197.99,0,31.68,427.66
8532,2448,453,2,351.99,10,50.69,684.27
8533,2448,429,4,940.99,15,255.95,3455.32
8534,2449,280,2,1103.99,15,150.14,2026.92
8535,2449,186,4,937.99,10,270.14,3646.9
8536,2449,50,1,1364.99,5,103.74,1400.48
8537,2449,324,1,135.99,5,10.34,139.53
8538,2450,204,3,1355.99,5,309.17,4173.74
8539,2451,247,2,1255.99,10,180.86,2441.64
8540,2451,266,4,232.99,5,70.83,956.19
8541,2451,431,4,124.99,0,40,539.96
8542,2451,186,1,937.99,5,71.29,962.38
8543,2452,178,3,1071.99,0,257.28,3473.25
8544,2452,320,1,1027.99,5,78.13,1054.72
8545,2452,64,3,546.99,5,124.71,1683.63
8546,2452,482,2,774.99,15,105.4,1422.88
8547,2453,31,2,542.99,10,78.19,1055.57
8548,2453,126,2,1486.99,15,202.23,2730.11
8549,2453,60,1,1245.99,5,94.7,1278.39
8550,2453,467,1,827.99,15,56.3,760.09
8551,2453,263,4,787.99,0,252.16,3404.12
8552,2453,246,4,1215.99,5,369.66,4990.42
8553,2454,377,4,808.99,0,258.88,3494.84
8554,2455,22,4,1226.99,5,373,5035.56
8555,2455,343,4,758.99,5,230.73,3114.89
8556,2455,339,3,200.99,10,43.41,586.08
8557,2455,394,3,198.99,15,40.59,548.01
8558,2455,393,1,363.99,10,26.21,353.8
8559,2456,18,3,825.99,5,188.33,2542.4
8560,2456,172,3,1080.99,0,259.44,3502.41
8561,2457,372,1,364.99,5,27.74,374.48
8562,2457,317,2,1482.99,5,225.41,3043.09
8563,2457,225,2,861.99,10,124.13,1675.71
8564,2458,305,2,1235.99,5,187.87,2536.25
8565,2459,239,4,133.99,5,40.73,549.89
8566,2459,385,1,1224.99,15,83.3,1124.54
8567,2459,219,3,737.99,10,159.41,2151.98
8568,2460,457,1,929.99,5,70.68,954.17
8569,2460,63,2,1206.99,0,193.12,2607.1
8570,2460,38,2,385.99,15,52.49,708.67
8571,2460,178,2,1071.99,10,154.37,2083.95
8572,2460,89,4,794.99,5,241.68,3262.64
8573,2461,473,1,1377.99,5,104.73,1413.82
8574,2461,340,1,1235.99,15,84.05,1134.64
8575,2461,7,2,814.99,10,117.36,1584.34
8576,2462,392,2,691.99,10,99.65,1345.23
8577,2462,202,1,721.99,0,57.76,779.75
8578,2463,357,1,481.99,15,32.78,442.47
8579,2463,119,3,975.99,5,222.53,3004.1
8580,2463,75,4,927.99,0,296.96,4008.92
8581,2463,184,4,446.99,15,121.58,1641.35
8582,2463,278,3,714.99,10,154.44,2084.91
8583,2464,46,4,941.99,15,256.22,3458.99
8584,2464,9,2,896.99,5,136.34,1840.62
8585,2464,84,2,186.99,5,28.42,383.7
8586,2464,173,4,682.99,15,185.77,2507.94
8587,2465,458,1,449.99,15,30.6,413.09
8588,2465,277,2,422.99,0,67.68,913.66
8589,2466,179,1,251.99,0,20.16,272.15
8590,2467,96,2,545.99,15,74.25,1002.43
8591,2467,484,4,622.99,5,189.39,2556.75
8592,2467,333,2,1238.99,10,178.41,2408.59
8593,2467,327,2,975.99,10,140.54,1897.32
8594,2468,9,2,896.99,15,121.99,1646.87
8595,2468,152,1,47.99,0,3.84,51.83
8596,2468,23,3,347.99,10,75.17,1014.74
8597,2468,34,1,67.99,15,4.62,62.41
8598,2468,268,3,1229.99,0,295.2,3985.17
8599,2468,483,3,897.99,5,204.74,2764.01
8600,2469,352,4,1453.99,0,465.28,6281.24
8601,2470,192,3,192.99,0,46.32,625.29
8602,2470,465,1,1287.99,15,87.58,1182.37
8603,2470,377,1,808.99,5,61.48,830.02
8604,2470,365,4,1002.99,0,320.96,4332.92
8605,2470,120,1,1301.99,10,93.74,1265.53
8606,2470,458,2,449.99,15,61.2,826.18
8607,2471,206,2,1275.99,0,204.16,2756.14
8608,2472,151,2,683.99,10,98.49,1329.67
8609,2473,27,1,788.99,0,63.12,852.11
8610,2473,101,3,1394.99,0,334.8,4519.77
8611,2473,370,3,1201.99,5,274.05,3699.72
8612,2473,230,2,875.99,15,119.13,1608.31
8613,2474,430,1,421.99,0,33.76,455.75
8614,2474,201,2,501.99,10,72.29,975.87
8615,2474,410,2,169.99,5,25.84,348.82
8616,2475,379,4,571.99,15,155.58,2100.35
8617,2475,163,2,911.99,0,145.92,1969.9
8618,2475,367,1,419.99,0,33.6,453.59
8619,2475,20,3,632.99,15,129.13,1743.25
8620,2476,352,2,1453.99,10,209.37,2826.55
8621,2476,27,3,788.99,5,179.89,2428.51
8622,2476,319,4,336.99,10,97.05,1310.21
8623,2476,85,2,978.99,0,156.64,2114.62
8624,2476,287,3,549.99,15,112.2,1514.67
8625,2476,195,1,420.99,10,30.31,409.2
8626,2477,199,3,882.99,0,211.92,2860.89
8627,2477,423,2,1494.99,5,227.24,3067.72
8628,2477,416,1,444.99,5,33.82,456.56
8629,2477,400,3,1305.99,15,266.42,3596.69
8630,2477,58,1,1408.99,15,95.81,1293.45
8631,2478,417,1,897.99,0,71.84,969.83
8632,2478,100,3,291.99,5,66.57,898.74
8633,2478,168,1,387.99,5,29.49,398.08
8634,2478,357,2,481.99,10,69.41,936.99
8635,2478,260,2,301.99,15,41.07,554.45
8636,2478,23,2,347.99,0,55.68,751.66
8637,2479,500,1,835.99,0,66.88,902.87
8638,2479,264,2,1444.99,10,208.08,2809.06
8639,2479,85,1,978.99,5,74.4,1004.44
8640,2479,45,2,896.99,5,136.34,1840.62
8641,2479,356,2,328.99,10,47.37,639.55
8642,2480,493,2,451.99,0,72.32,976.3
8643,2480,353,3,155.99,0,37.44,505.41
8644,2480,385,4,1224.99,15,333.2,4498.17
8645,2480,293,4,1158.99,5,352.33,4756.49
8646,2480,472,4,393.99,0,126.08,1702.04
8647,2481,321,1,679.99,15,46.24,624.23
8648,2481,291,4,1046.99,5,318.28,4296.84
8649,2481,75,3,927.99,5,211.58,2856.35
8650,2482,42,2,1420.99,5,215.99,2915.87
8651,2482,224,2,462.99,10,66.67,900.05
8652,2482,243,2,1487.99,10,214.27,2892.65
8653,2483,325,1,527.99,10,38.02,513.21
8654,2483,229,3,611.99,15,124.85,1685.42
8655,2483,451,4,1029.99,10,296.64,4004.6
8656,2484,250,1,314.99,5,23.94,323.18
8657,2484,393,4,363.99,15,99.01,1336.58
8658,2485,274,1,729.99,5,55.48,748.97
8659,2485,282,2,427.99,15,58.21,785.79
8660,2486,96,3,545.99,15,111.38,1503.65
8661,2486,481,2,413.99,5,62.93,849.51
8662,2487,155,3,635.99,5,145.01,1957.58
8663,2487,413,1,1416.99,5,107.69,1453.83
8664,2487,490,4,968.99,10,279.07,3767.43
8665,2487,400,1,1305.99,0,104.48,1410.47
8666,2487,412,3,1121.99,0,269.28,3635.25
8667,2487,245,4,1338.99,0,428.48,5784.44
8668,2488,386,2,300.99,10,43.34,585.12
8669,2488,42,2,1420.99,5,215.99,2915.87
8670,2488,177,4,1234.99,5,375.44,5068.4
8671,2488,76,1,1285.99,0,102.88,1388.87
8672,2488,243,3,1487.99,15,303.55,4097.92
8673,2488,478,3,296.99,0,71.28,962.25
8674,2489,119,4,975.99,10,281.09,3794.65
8675,2489,13,4,241.99,10,69.69,940.85
8676,2489,35,3,1193.99,10,257.9,3481.67
8677,2489,497,2,681.99,5,103.66,1399.44
8678,2490,355,1,45.99,10,3.31,44.7
8679,2490,292,2,907.99,15,123.49,1667.07
8680,2490,55,2,856.99,10,123.41,1665.99
8681,2490,135,2,933.99,0,149.44,2017.42
8682,2490,122,4,1350.99,5,410.7,5544.46
8683,2491,280,4,1103.99,15,300.29,4053.86
8684,2491,285,3,936.99,0,224.88,3035.85
8685,2491,97,1,432.99,0,34.64,467.63
8686,2492,447,1,1108.99,15,75.41,1018.05
8687,2492,388,2,1182.99,0,189.28,2555.26
8688,2493,319,1,336.99,5,25.61,345.75
8689,2493,255,2,677.99,15,92.21,1244.79
8690,2493,131,3,371.99,5,84.81,1144.98
8691,2494,186,2,937.99,5,142.57,1924.75
8692,2495,499,2,1078.99,15,146.74,1981.02
8693,2495,458,2,449.99,10,64.8,874.78
8694,2495,323,2,599.99,0,96,1295.98
8695,2496,139,4,1205.99,0,385.92,5209.88
8696,2496,438,2,1482.99,15,201.69,2722.77
8697,2496,406,2,1125.99,0,180.16,2432.14
8698,2496,266,1,232.99,5,17.71,239.05
8699,2496,464,1,820.99,0,65.68,886.67
8700,2496,165,3,1057.99,15,215.83,2913.7
8701,2497,477,3,1192.99,0,286.32,3865.29
8702,2497,222,1,1259.99,0,100.8,1360.79
8703,2497,107,2,384.99,0,61.6,831.58
8704,2497,481,4,413.99,10,119.23,1609.59
8705,2497,38,2,385.99,10,55.58,750.36
8706,2498,390,3,33.99,0,8.16,110.13
8707,2498,399,4,94.99,0,30.4,410.36
8708,2498,407,4,160.99,10,46.37,625.93
8709,2498,156,2,1366.99,0,218.72,2952.7
8710,2498,404,2,1238.99,10,178.41,2408.59
8711,2498,6,1,98.99,0,7.92,106.91
8712,2499,216,2,979.99,0,156.8,2116.78
8713,2499,331,2,1061.99,10,152.93,2064.51
8714,2499,128,3,987.99,10,213.41,2880.98
8715,2499,459,2,868.99,5,132.09,1783.17
8716,2499,481,2,413.99,10,59.61,804.79
8717,2499,325,2,527.99,10,76.03,1026.41
8718,2500,187,4,1184.99,5,360.24,4863.2
8719,2501,86,4,113.99,0,36.48,492.44
8720,2501,139,2,1205.99,10,173.66,2344.44
8721,2502,470,1,203.99,15,13.87,187.26
8722,2502,74,3,143.99,5,32.83,443.2
8723,2502,186,1,937.99,15,63.78,861.07
8724,2503,213,3,700.99,15,143,1930.52
8725,2503,229,3,611.99,15,124.85,1685.42
8726,2504,49,2,124.99,10,18,242.98
8727,2504,306,2,842.99,0,134.88,1820.86
8728,2505,100,4,291.99,0,93.44,1261.4
8729,2506,53,1,766.99,0,61.36,828.35
8730,2506,295,4,1309.99,5,398.24,5376.2
8731,2506,100,3,291.99,5,66.57,898.74
8732,2506,347,3,89.99,5,20.52,276.99
8733,2506,403,4,760.99,15,206.99,2794.36
8734,2506,489,3,800.99,10,173.01,2335.68
8735,2507,25,4,109.99,5,33.44,451.4
8736,2507,59,1,254.99,5,19.38,261.62
8737,2507,333,2,1238.99,15,168.5,2274.78
8738,2508,500,4,835.99,10,240.77,3250.33
8739,2508,29,2,573.99,5,87.25,1177.83
8740,2508,419,3,351.99,10,76.03,1026.4
8741,2508,405,3,33.99,0,8.16,110.13
8742,2508,3,2,889.99,5,135.28,1826.26
8743,2509,282,1,427.99,15,29.1,392.89
8744,2510,231,2,121.99,15,16.59,223.97
8745,2510,398,1,512.99,15,34.88,470.92
8746,2510,258,4,277.99,5,84.51,1140.87
8747,2510,376,3,121.99,0,29.28,395.25
8748,2510,492,3,494.99,0,118.8,1603.77
8749,2510,479,1,1129.99,15,76.84,1037.33
8750,2511,234,1,405.99,10,29.23,394.62
8751,2512,326,1,879.99,15,59.84,807.83
8752,2512,267,4,1201.99,0,384.64,5192.6
8753,2512,426,3,887.99,10,191.81,2589.38
8754,2512,13,3,241.99,0,58.08,784.05
8755,2512,96,3,545.99,0,131.04,1769.01
8756,2513,282,1,427.99,15,29.1,392.89
8757,2513,411,4,1232.99,5,374.83,5060.19
8758,2514,395,1,1497.99,0,119.84,1617.83
8759,2514,462,2,30.99,5,4.71,63.59
8760,2515,37,1,303.99,10,21.89,295.48
8761,2516,432,3,423.99,15,86.49,1167.66
8762,2516,23,1,347.99,15,23.66,319.45
8763,2517,486,3,220.99,0,53.04,716.01
8764,2517,9,1,896.99,10,64.58,871.87
8765,2517,266,3,232.99,15,47.53,641.65
8766,2517,155,2,635.99,0,101.76,1373.74
8767,2517,165,1,1057.99,15,71.94,971.23
8768,2518,262,2,140.99,10,20.3,274.08
8769,2518,171,1,399.99,15,27.2,367.19
8770,2518,31,1,542.99,15,36.92,498.46
8771,2519,243,3,1487.99,5,339.26,4580.03
8772,2519,371,2,105.99,15,14.41,194.59
8773,2519,154,1,156.99,5,11.93,161.07
8774,2519,396,3,777.99,0,186.72,2520.69
8775,2519,214,1,423.99,5,32.22,435.01
8776,2520,134,1,290.99,5,22.12,298.56
8777,2520,225,2,861.99,0,137.92,1861.9
8778,2520,82,3,807.99,5,184.22,2486.99
8779,2521,136,3,182.99,5,41.72,563.24
8780,2522,237,2,1263.99,5,192.13,2593.71
8781,2522,347,4,89.99,0,28.8,388.76
8782,2522,474,1,500.99,0,40.08,541.07
8783,2522,150,4,335.99,15,91.39,1233.76
8784,2522,202,2,721.99,5,109.74,1481.52
8785,2523,143,1,553.99,15,37.67,508.56
8786,2523,393,3,363.99,0,87.36,1179.33
8787,2523,205,1,727.99,15,49.5,668.29
8788,2523,232,4,1001.99,0,320.64,4328.6
8789,2523,308,2,1135.99,10,163.58,2208.36
8790,2524,107,2,384.99,10,55.44,748.42
8791,2524,209,3,565.99,10,122.25,1650.42
8792,2524,148,4,705.99,0,225.92,3049.88
8793,2525,476,1,732.99,10,52.78,712.47
8794,2525,69,2,998.99,5,151.85,2049.93
8795,2525,63,3,1206.99,10,260.71,3519.58
8796,2525,248,4,804.99,5,244.72,3303.68
8797,2525,306,4,842.99,5,256.27,3459.63
8798,2525,48,4,1148.99,10,330.91,4467.27
8799,2526,479,4,1129.99,15,307.36,4149.33
8800,2527,443,2,941.99,0,150.72,2034.7
8801,2527,16,3,809.99,0,194.4,2624.37
8802,2527,272,2,425.99,10,61.34,828.12
8803,2528,444,1,682.99,15,46.44,626.98
8804,2529,204,3,1355.99,5,309.17,4173.74
8805,2530,395,4,1497.99,5,455.39,6147.75
8806,2530,488,4,732.99,5,222.83,3008.19
8807,2530,474,4,500.99,15,136.27,1839.64
8808,2530,409,3,773.99,10,167.18,2256.95
8809,2531,458,3,449.99,10,97.2,1312.17
8810,2532,192,1,192.99,5,14.67,198.01
8811,2532,150,3,335.99,10,72.57,979.74
8812,2532,116,4,1096.99,10,315.93,4265.09
8813,2533,341,4,558.99,0,178.88,2414.84
8814,2533,306,3,842.99,10,182.09,2458.16
8815,2533,205,2,727.99,10,104.83,1415.21
8816,2533,342,4,1071.99,10,308.73,4167.89
8817,2533,461,3,345.99,0,83.04,1121.01
8818,2534,63,1,1206.99,10,86.9,1173.19
8819,2534,127,4,1200.99,0,384.32,5188.28
8820,2535,355,4,45.99,5,13.98,188.74
8821,2536,187,2,1184.99,5,180.12,2431.6
8822,2537,496,3,484.99,0,116.4,1571.37
8823,2537,92,4,1065.99,15,289.95,3914.32
8824,2538,40,4,506.99,15,137.9,1861.67
8825,2538,424,2,823.99,0,131.84,1779.82
8826,2538,403,1,760.99,0,60.88,821.87
8827,2538,367,2,419.99,0,67.2,907.18
8828,2538,304,1,119.99,0,9.6,129.59
8829,2538,56,4,425.99,15,115.87,1564.24
8830,2539,337,1,1160.99,15,78.95,1065.79
8831,2539,107,2,384.99,15,52.36,706.84
8832,2539,93,4,498.99,10,143.71,1940.07
8833,2539,265,3,454.99,0,109.2,1474.17
8834,2539,217,2,1491.99,5,226.78,3061.56
8835,2539,448,2,420.99,5,63.99,863.87
8836,2540,158,1,1369.99,10,98.64,1331.63
8837,2540,484,4,622.99,15,169.45,2287.62
8838,2540,348,2,586.99,10,84.53,1141.11
8839,2540,73,3,1030.99,0,247.44,3340.41
8840,2541,7,2,814.99,10,117.36,1584.34
8841,2541,259,3,491.99,0,118.08,1594.05
8842,2541,419,4,351.99,0,112.64,1520.6
8843,2541,472,3,393.99,15,80.37,1085.04
8844,2542,472,2,393.99,0,63.04,851.02
8845,2542,120,1,1301.99,10,93.74,1265.53
8846,2542,458,3,449.99,15,91.8,1239.27
8847,2542,84,4,186.99,10,53.85,727.01
8848,2542,296,2,52.99,0,8.48,114.46
8849,2543,251,4,134.99,5,41.04,554
8850,2543,136,4,182.99,10,52.7,711.46
8851,2543,457,3,929.99,0,223.2,3013.17
8852,2543,477,2,1192.99,5,181.33,2448.01
8853,2543,89,2,794.99,5,120.84,1631.32
8854,2543,86,1,113.99,5,8.66,116.95
8855,2544,284,2,1112.99,10,160.27,2163.65
8856,2544,452,2,364.99,15,49.64,670.12
8857,2545,205,2,727.99,10,104.83,1415.21
8858,2545,101,3,1394.99,10,301.32,4067.79
8859,2545,374,1,1025.99,0,82.08,1108.07
8860,2545,443,2,941.99,15,128.11,1729.49
8861,2545,316,1,1218.99,15,82.89,1119.03
8862,2545,393,2,363.99,0,58.24,786.22
8863,2546,432,2,423.99,10,61.05,824.23
8864,2546,132,3,728.99,5,166.21,2243.83
8865,2547,10,4,551.99,10,158.97,2146.13
8866,2548,126,4,1486.99,5,452.04,6102.6
8867,2548,235,2,1232.99,0,197.28,2663.26
8868,2548,265,1,454.99,0,36.4,491.39
8869,2548,167,2,715.99,0,114.56,1546.54
8870,2549,36,4,624.99,0,200,2699.96
8871,2549,476,1,732.99,10,52.78,712.47
8872,2549,240,2,1188.99,5,180.73,2439.81
8873,2549,127,2,1200.99,10,172.94,2334.72
8874,2549,221,3,1084.99,5,247.38,3339.6
8875,2550,279,3,814.99,5,185.82,2508.54
8876,2550,119,2,975.99,0,156.16,2108.14
8877,2551,11,3,1445.99,15,294.98,3982.25
8878,2551,66,3,276.99,5,63.15,852.57
8879,2551,277,3,422.99,15,86.29,1164.91
8880,2551,141,1,1173.99,10,84.53,1141.12
8881,2552,400,2,1305.99,0,208.96,2820.94
8882,2553,147,1,22.99,0,1.84,24.83
8883,2553,184,4,446.99,5,135.88,1834.44
8884,2553,339,2,200.99,10,28.94,390.72
8885,2554,472,2,393.99,0,63.04,851.02
8886,2554,141,3,1173.99,15,239.49,3233.16
8887,2554,7,4,814.99,10,234.72,3168.68
8888,2555,148,4,705.99,0,225.92,3049.88
8889,2555,442,1,799.99,0,64,863.99
8890,2555,85,1,978.99,15,66.57,898.71
8891,2555,439,3,168.99,15,34.47,465.39
8892,2555,44,4,586.99,15,159.66,2155.43
8893,2555,63,4,1206.99,0,386.24,5214.2
8894,2556,184,1,446.99,10,32.18,434.47
8895,2557,252,1,896.99,0,71.76,968.75
8896,2557,181,4,332.99,0,106.56,1438.52
8897,2557,299,1,71.99,10,5.18,69.97
8898,2557,339,3,200.99,10,43.41,586.08
8899,2557,270,2,213.99,0,34.24,462.22
8900,2557,156,3,1366.99,10,295.27,3986.14
8901,2558,448,3,420.99,10,90.93,1227.6
8902,2558,427,1,378.99,0,30.32,409.31
8903,2558,286,4,365.99,0,117.12,1581.08
8904,2558,113,1,549.99,15,37.4,504.89
8905,2558,482,1,774.99,0,62,836.99
8906,2558,81,2,1111.99,0,177.92,2401.9
8907,2559,163,3,911.99,10,196.99,2659.36
8908,2560,170,1,865.99,10,62.35,841.74
8909,2561,190,1,1002.99,15,68.2,920.74
8910,2562,412,1,1121.99,15,76.3,1029.99
8911,2562,6,1,98.99,10,7.13,96.22
8912,2562,409,2,773.99,5,117.65,1588.23
8913,2562,145,2,864.99,5,131.48,1774.96
8914,2562,442,4,799.99,0,256,3455.96
8915,2562,180,4,656.99,10,189.21,2554.37
8916,2563,294,4,184.99,0,59.2,799.16
8917,2563,346,1,406.99,0,32.56,439.55
8918,2563,297,1,1086.99,0,86.96,1173.95
8919,2564,251,2,134.99,10,19.44,262.42
8920,2564,500,1,835.99,15,56.85,767.44
8921,2565,359,1,147.99,0,11.84,159.83
8922,2565,270,4,213.99,0,68.48,924.44
8923,2565,85,1,978.99,10,70.49,951.58
8924,2565,483,2,897.99,15,122.13,1648.71
8925,2566,457,4,929.99,15,252.96,3414.93
8926,2566,196,2,347.99,10,50.11,676.49
8927,2566,465,2,1287.99,10,185.47,2503.85
8928,2566,229,3,611.99,0,146.88,1982.85
8929,2567,488,4,732.99,15,199.37,2691.54
8930,2568,482,1,774.99,5,58.9,795.14
8931,2568,461,1,345.99,5,26.3,354.99
8932,2568,156,3,1366.99,10,295.27,3986.14
8933,2568,68,1,230.99,5,17.56,237
8934,2568,157,4,33.99,10,9.79,132.15
8935,2568,54,3,685.99,5,156.41,2111.48
8936,2569,63,4,1206.99,0,386.24,5214.2
8937,2569,382,4,88.99,15,24.21,326.78
8938,2569,388,2,1182.99,15,160.89,2171.97
8939,2569,161,3,1385.99,5,316.01,4266.08
8940,2570,356,4,328.99,10,94.75,1279.11
8941,2570,162,2,259.99,5,39.52,533.5
8942,2571,98,1,1194.99,10,86.04,1161.53
8943,2571,378,4,1307.99,15,355.77,4802.94
8944,2571,79,4,1262.99,10,363.74,4910.5
8945,2571,426,3,887.99,0,213.12,2877.09
8946,2571,473,3,1377.99,0,330.72,4464.69
8947,2571,112,4,652.99,15,177.61,2397.78
8948,2572,460,2,1118.99,10,161.13,2175.31
8949,2572,444,3,682.99,5,155.72,2102.24
8950,2572,230,2,875.99,5,133.15,1797.53
8951,2572,414,3,1426.99,5,325.35,4392.27
8952,2572,195,2,420.99,5,63.99,863.87
8953,2572,416,2,444.99,0,71.2,961.18
8954,2573,453,1,351.99,10,25.34,342.13
8955,2573,54,2,685.99,5,104.27,1407.65
8956,2573,459,2,868.99,5,132.09,1783.17
8957,2573,486,1,220.99,15,15.03,202.87
8958,2574,128,3,987.99,5,225.26,3041.03
8959,2574,416,1,444.99,5,33.82,456.56
8960,2574,189,4,612.99,0,196.16,2648.12
8961,2574,55,2,856.99,5,130.26,1758.54
8962,2574,463,2,1279.99,10,184.32,2488.3
8963,2575,265,2,454.99,10,65.52,884.5
8964,2576,363,2,1073.99,15,146.06,1971.84
8965,2576,222,1,1259.99,5,95.76,1292.75
8966,2576,462,3,30.99,5,7.07,95.39
8967,2577,396,4,777.99,15,211.61,2856.78
8968,2577,449,1,634.99,0,50.8,685.79
8969,2577,68,1,230.99,15,15.71,212.05
8970,2578,13,3,241.99,10,52.27,705.64
8971,2578,369,4,1321.99,5,401.88,5425.44
8972,2579,458,2,449.99,0,72,971.98
8973,2579,85,1,978.99,0,78.32,1057.31
8974,2579,476,3,732.99,0,175.92,2374.89
8975,2579,114,1,879.99,5,66.88,902.87
8976,2580,333,1,1238.99,5,94.16,1271.2
8977,2580,158,1,1369.99,10,98.64,1331.63
8978,2580,322,4,291.99,0,93.44,1261.4
8979,2581,280,2,1103.99,5,167.81,2265.39
8980,2581,234,4,405.99,15,110.43,1490.8
8981,2581,74,3,143.99,5,32.83,443.2
8982,2582,138,3,1243.99,15,253.77,3425.94
8983,2582,475,1,1263.99,15,85.95,1160.34
8984,2582,318,1,300.99,15,20.47,276.31
8985,2583,57,4,461.99,0,147.84,1995.8
8986,2584,307,1,1360.99,10,97.99,1322.88
8987,2584,413,1,1416.99,5,107.69,1453.83
8988,2585,313,3,1158.99,0,278.16,3755.13
8989,2585,59,1,254.99,15,17.34,234.08
8990,2585,27,4,788.99,0,252.48,3408.44
8991,2585,101,3,1394.99,0,334.8,4519.77
8992,2586,457,1,929.99,5,70.68,954.17
8993,2586,434,3,1392.99,15,284.17,3836.29
8994,2586,121,3,318.99,5,72.73,981.85
8995,2587,462,3,30.99,0,7.44,100.41
8996,2587,145,4,864.99,10,249.12,3363.08
8997,2587,252,3,896.99,10,193.75,2615.62
8998,2587,74,4,143.99,5,43.77,590.93
8999,2588,349,3,29.99,10,6.48,87.45
9000,2588,190,4,1002.99,0,320.96,4332.92
9001,2588,436,4,541.99,15,147.42,1990.19
9002,2588,290,4,963.99,5,293.05,3956.21
9003,2589,137,2,1014.99,10,146.16,1973.14
9004,2589,480,1,833.99,15,56.71,765.6
9005,2589,206,3,1275.99,5,290.93,3927.5
9006,2589,490,2,968.99,5,147.29,1988.37
9007,2589,329,2,464.99,10,66.96,903.94
9008,2590,158,1,1369.99,5,104.12,1405.61
9009,2591,295,4,1309.99,10,377.28,5093.24
9010,2591,129,3,251.99,10,54.43,734.8
9011,2591,173,2,682.99,15,92.89,1253.97
9012,2591,212,2,893.99,5,135.89,1834.47
9013,2592,446,4,169.99,10,48.96,660.92
9014,2592,33,1,1048.99,5,79.72,1076.26
9015,2592,475,3,1263.99,15,257.85,3481.02
9016,2592,8,2,586.99,10,84.53,1141.11
9017,2592,7,4,814.99,15,221.68,2992.65
9018,2592,69,4,998.99,5,303.69,4099.85
9019,2593,77,2,453.99,15,61.74,833.52
9020,2593,377,1,808.99,5,61.48,830.02
9021,2594,203,3,992.99,5,226.4,3056.42
9022,2594,408,1,474.99,15,32.3,436.04
9023,2594,357,2,481.99,0,77.12,1041.1
9024,2594,219,3,737.99,5,168.26,2271.53
9025,2595,461,4,345.99,5,105.18,1419.94
9026,2595,447,4,1108.99,0,354.88,4790.84
9027,2595,440,3,637.99,5,145.46,1963.73
9028,2595,24,2,371.99,0,59.52,803.5
9029,2595,328,3,197.99,0,47.52,641.49
9030,2596,456,4,1330.99,15,362.03,4887.4
9031,2596,392,2,691.99,10,99.65,1345.23
9032,2596,200,2,330.99,10,47.66,643.44
9033,2596,286,1,365.99,0,29.28,395.27
9034,2596,12,2,403.99,5,61.41,828.99
9035,2597,316,3,1218.99,5,277.93,3752.05
9036,2597,74,2,143.99,10,20.73,279.91
9037,2597,165,1,1057.99,15,71.94,971.23
9038,2597,465,3,1287.99,0,309.12,4173.09
9039,2598,389,2,1452.99,10,209.23,2824.61
9040,2598,263,3,787.99,0,189.12,2553.09
9041,2599,139,3,1205.99,5,274.97,3712.04
9042,2599,465,3,1287.99,0,309.12,4173.09
9043,2599,382,3,88.99,15,18.15,245.07
9044,2599,29,2,573.99,0,91.84,1239.82
9045,2599,311,4,1079.99,15,293.76,3965.73
9046,2599,325,2,527.99,10,76.03,1026.41
9047,2600,336,1,743.99,0,59.52,803.51
9048,2600,406,4,1125.99,10,324.29,4377.85
9049,2600,13,2,241.99,0,38.72,522.7
9050,2600,23,2,347.99,10,50.11,676.49
9051,2600,26,3,270.99,5,61.79,834.11
9052,2601,73,3,1030.99,15,210.32,2839.34
9053,2601,40,4,506.99,0,162.24,2190.2
9054,2602,60,3,1245.99,5,284.09,3835.16
9055,2602,26,1,270.99,0,21.68,292.67
9056,2602,147,2,22.99,15,3.13,42.21
9057,2602,128,1,987.99,5,75.09,1013.68
9058,2603,189,3,612.99,15,125.05,1688.17
9059,2603,90,3,825.99,10,178.41,2408.58
9060,2603,41,3,549.99,15,112.2,1514.67
9061,2604,216,4,979.99,10,282.24,3810.2
9062,2604,422,3,572.99,0,137.52,1856.49
9063,2604,67,2,879.99,10,126.72,1710.7
9064,2604,103,2,310.99,15,42.29,570.97
9065,2605,44,2,586.99,15,79.83,1077.71
9066,2606,415,4,1290.99,5,392.46,5298.22
9067,2607,251,1,134.99,10,9.72,131.21
9068,2607,246,2,1215.99,10,175.1,2363.88
9069,2608,332,4,1276.99,5,388.2,5240.76
9070,2608,405,4,33.99,0,10.88,146.84
9071,2608,474,1,500.99,5,38.08,514.02
9072,2608,207,3,1123.99,15,229.29,3095.46
9073,2608,229,2,611.99,0,97.92,1321.9
9074,2608,497,4,681.99,0,218.24,2946.2
9075,2609,62,4,516.99,5,157.16,2121.72
9076,2609,360,4,407.99,5,124.03,1674.39
9077,2609,35,1,1193.99,5,90.74,1225.03
9078,2609,379,3,571.99,10,123.55,1667.92
9079,2609,181,3,332.99,10,71.93,971
9080,2610,439,1,168.99,15,11.49,155.13
9081,2610,482,4,774.99,15,210.8,2845.77
9082,2610,157,3,33.99,10,7.34,99.11
9083,2610,216,3,979.99,0,235.2,3175.17
9084,2611,386,3,300.99,0,72.24,975.21
9085,2611,182,1,766.99,0,61.36,828.35
9086,2611,445,3,20.99,0,5.04,68.01
9087,2611,459,4,868.99,15,236.37,3190.94
9088,2611,241,1,753.99,0,60.32,814.31
9089,2612,202,4,721.99,15,196.38,2651.15
9090,2612,21,4,683.99,10,196.99,2659.35
9091,2612,18,3,825.99,15,168.5,2274.77
9092,2612,333,4,1238.99,10,356.83,4817.19
9093,2612,216,2,979.99,15,133.28,1799.26
9094,2613,158,1,1369.99,5,104.12,1405.61
9095,2613,159,1,229.99,5,17.48,235.97
9096,2613,362,2,285.99,15,38.89,525.07
9097,2613,192,2,192.99,15,26.25,354.33
9098,2613,38,3,385.99,15,78.74,1063.01
9099,2613,373,3,1329.99,5,303.24,4093.71
9100,2614,173,2,682.99,5,103.81,1401.49
9101,2615,189,2,612.99,0,98.08,1324.06
9102,2615,316,2,1218.99,5,185.29,2501.37
9103,2615,376,4,121.99,15,33.18,447.95
9104,2616,112,2,652.99,10,94.03,1269.41
9105,2617,265,2,454.99,15,61.88,835.36
9106,2617,181,3,332.99,10,71.93,971
9107,2617,389,2,1452.99,5,220.85,2981.53
9108,2617,13,3,241.99,0,58.08,784.05
9109,2618,425,3,817.99,10,176.69,2385.26
9110,2618,368,3,1159.99,5,264.48,3570.45
9111,2618,349,4,29.99,10,8.64,116.6
9112,2618,144,3,260.99,0,62.64,845.61
9113,2619,363,3,1073.99,0,257.76,3479.73
9114,2619,134,1,290.99,10,20.95,282.84
9115,2619,168,3,387.99,10,83.81,1131.38
9116,2619,352,3,1453.99,15,296.61,4004.28
9117,2620,87,3,1443.99,0,346.56,4678.53
9118,2620,103,1,310.99,10,22.39,302.28
9119,2620,249,4,462.99,10,133.34,1800.1
9120,2620,52,4,449.99,10,129.6,1749.56
9121,2620,309,3,103.99,5,23.71,320.08
9122,2620,335,3,758.99,0,182.16,2459.13
9123,2621,163,3,911.99,0,218.88,2954.85
9124,2622,283,2,63.99,0,10.24,138.22
9125,2622,182,2,766.99,15,104.31,1408.19
9126,2623,17,1,517.99,0,41.44,559.43
9127,2623,89,4,794.99,15,216.24,2919.21
9128,2623,394,2,198.99,5,30.25,408.33
9129,2623,140,4,1240.99,10,357.41,4824.97
9130,2623,498,1,525.99,0,42.08,568.07
9131,2624,130,3,1187.99,5,270.86,3656.63
9132,2625,465,1,1287.99,5,97.89,1321.48
9133,2625,409,1,773.99,0,61.92,835.91
9134,2625,310,4,1363.99,15,371.01,5008.58
9135,2625,106,1,151.99,0,12.16,164.15
9136,2625,38,4,385.99,10,111.17,1500.73
9137,2625,433,2,834.99,10,120.24,1623.22
9138,2626,451,4,1029.99,0,329.6,4449.56
9139,2626,329,1,464.99,5,35.34,477.08
9140,2626,135,4,933.99,0,298.88,4034.84
9141,2626,275,2,329.99,5,50.16,677.14
9142,2627,464,2,820.99,15,111.65,1507.33
9143,2628,53,4,766.99,0,245.44,3313.4
9144,2628,189,4,612.99,5,186.35,2515.71
9145,2629,360,2,407.99,0,65.28,881.26
9146,2629,395,3,1497.99,0,359.52,4853.49
9147,2629,68,2,230.99,15,31.41,424.09
9148,2629,196,4,347.99,0,111.36,1503.32
9149,2630,192,4,192.99,15,52.49,708.66
9150,2630,256,2,395.99,10,57.02,769.8
9151,2630,343,2,758.99,0,121.44,1639.42
9152,2630,165,3,1057.99,0,253.92,3427.89
9153,2631,64,3,546.99,0,131.28,1772.25
9154,2631,143,4,553.99,15,150.69,2034.26
9155,2631,359,1,147.99,15,10.06,135.85
9156,2632,480,4,833.99,0,266.88,3602.84
9157,2632,224,3,462.99,15,94.45,1275.07
9158,2632,216,2,979.99,5,148.96,2010.94
9159,2632,83,2,549.99,10,79.2,1069.18
9160,2632,235,1,1232.99,10,88.78,1198.47
9161,2633,103,2,310.99,10,44.78,604.56
9162,2633,170,1,865.99,15,58.89,794.98
9163,2633,251,1,134.99,5,10.26,138.5
9164,2633,135,4,933.99,5,283.93,3833.09
9165,2634,411,3,1232.99,5,281.12,3795.14
9166,2634,204,1,1355.99,5,103.06,1391.25
9167,2635,463,3,1279.99,0,307.2,4147.17
9168,2635,240,2,1188.99,0,190.24,2568.22
9169,2635,86,4,113.99,0,36.48,492.44
9170,2635,470,1,203.99,15,13.87,187.26
9171,2635,266,1,232.99,0,18.64,251.63
9172,2636,312,1,522.99,5,39.75,536.59
9173,2636,427,2,378.99,5,57.61,777.69
9174,2637,124,3,388.99,15,79.35,1071.27
9175,2637,22,4,1226.99,15,333.74,4505.51
9176,2637,297,2,1086.99,10,156.53,2113.11
9177,2637,254,4,621.99,5,189.08,2552.64
9178,2637,260,2,301.99,5,45.9,619.68
9179,2637,5,2,1162.99,5,176.77,2386.45
9180,2638,429,2,940.99,5,143.03,1930.91
9181,2638,200,4,330.99,10,95.33,1286.89
9182,2639,169,3,755.99,10,163.29,2204.46
9183,2639,449,4,634.99,10,182.88,2468.84
9184,2639,132,4,728.99,5,221.61,2991.77
9185,2639,253,4,978.99,10,281.95,3806.31
9186,2639,268,2,1229.99,5,186.96,2523.94
9187,2639,115,1,548.99,0,43.92,592.91
9188,2640,365,2,1002.99,5,152.45,2058.13
9189,2640,198,4,1083.99,15,294.85,3980.42
9190,2640,188,1,1278.99,0,102.32,1381.31
9191,2641,295,3,1309.99,5,298.68,4032.15
9192,2641,118,4,213.99,5,65.05,878.21
9193,2641,147,4,22.99,0,7.36,99.32
9194,2641,71,2,1311.99,0,209.92,2833.9
9195,2642,83,1,549.99,10,39.6,534.59
9196,2642,453,4,351.99,10,101.37,1368.53
9197,2643,22,2,1226.99,0,196.32,2650.3
9198,2644,304,4,119.99,10,34.56,466.52
9199,2644,3,2,889.99,5,135.28,1826.26
9200,2644,146,2,26.99,10,3.89,52.47
9201,2644,452,3,364.99,10,78.84,1064.31
9202,2644,175,1,667.99,0,53.44,721.43
9203,2645,253,3,978.99,0,234.96,3171.93
9204,2645,218,2,790.99,0,126.56,1708.54
9205,2645,409,2,773.99,0,123.84,1671.82
9206,2645,398,2,512.99,10,73.87,997.25
9207,2646,429,3,940.99,10,203.25,2743.92
9208,2646,365,1,1002.99,10,72.22,974.91
9209,2646,499,3,1078.99,5,246.01,3321.13
9210,2646,171,1,399.99,10,28.8,388.79
9211,2647,12,3,403.99,15,82.41,1112.58
9212,2647,67,3,879.99,5,200.64,2708.61
9213,2647,16,3,809.99,5,184.68,2493.15
9214,2647,472,2,393.99,10,56.73,765.91
9215,2648,68,4,230.99,0,73.92,997.88
9216,2648,230,4,875.99,5,266.3,3595.06
9217,2648,369,4,1321.99,15,359.58,4854.35
9218,2648,277,3,422.99,5,96.44,1301.96
9219,2649,122,1,1350.99,10,97.27,1313.16
9220,2649,462,2,30.99,0,4.96,66.94
9221,2649,39,3,1415.99,10,305.85,4129.02
9222,2649,279,2,814.99,5,123.88,1672.36
9223,2650,164,1,135.99,10,9.79,132.18
9224,2650,371,4,105.99,5,32.22,434.98
9225,2650,471,4,873.99,10,251.71,3398.07
9226,2650,249,2,462.99,10,66.67,900.05
9227,2651,470,3,203.99,10,44.06,594.83
9228,2651,121,1,318.99,5,24.24,327.28
9229,2651,80,4,811.99,5,246.84,3332.4
9230,2652,81,4,1111.99,0,355.84,4803.8
9231,2653,186,4,937.99,5,285.15,3849.51
9232,2653,437,2,257.99,15,35.09,473.67
9233,2653,421,1,1020.99,15,69.43,937.27
9234,2654,133,4,514.99,10,148.32,2002.28
9235,2654,324,1,135.99,10,9.79,132.18
9236,2654,11,1,1445.99,10,104.11,1405.5
9237,2654,489,1,800.99,15,54.47,735.31
9238,2654,123,1,271.99,10,19.58,264.37
9239,2654,453,3,351.99,0,84.48,1140.45
9240,2655,15,1,1374.99,15,93.5,1262.24
9241,2655,68,1,230.99,15,15.71,212.05
9242,2656,366,2,1373.99,5,208.85,2819.43
9243,2656,44,4,586.99,15,159.66,2155.43
9244,2656,475,3,1263.99,5,288.19,3890.56
9245,2656,473,3,1377.99,15,281.11,3794.98
9246,2657,444,3,682.99,5,155.72,2102.24
9247,2657,248,1,804.99,0,64.4,869.39
9248,2657,12,1,403.99,5,30.7,414.49
9249,2658,250,2,314.99,15,42.84,578.32
9250,2658,487,3,417.99,0,100.32,1354.29
9251,2658,62,3,516.99,15,105.47,1423.79
9252,2658,205,1,727.99,15,49.5,668.29
9253,2658,193,1,973.99,10,70.13,946.72
9254,2658,483,1,897.99,10,64.66,872.85
9255,2659,32,2,471.99,0,75.52,1019.5
9256,2659,493,4,451.99,0,144.64,1952.6
9257,2660,262,4,140.99,0,45.12,609.08
9258,2660,438,1,1482.99,0,118.64,1601.63
9259,2661,214,2,423.99,5,64.45,870.03
9260,2661,483,2,897.99,10,129.31,1745.69
9261,2661,178,1,1071.99,15,72.9,984.09
9262,2661,157,3,33.99,15,6.93,93.6
9263,2662,63,2,1206.99,10,173.81,2346.39
9264,2662,204,1,1355.99,0,108.48,1464.47
9265,2662,320,4,1027.99,15,279.61,3774.78
9266,2662,72,2,436.99,10,62.93,849.51
9267,2662,439,3,168.99,10,36.5,492.77
9268,2662,190,3,1002.99,10,216.65,2924.72
9269,2663,339,1,200.99,5,15.28,206.22
9270,2663,392,2,691.99,10,99.65,1345.23
9271,2663,412,2,1121.99,15,152.59,2059.97
9272,2663,452,3,364.99,10,78.84,1064.31
9273,2664,372,4,364.99,5,110.96,1497.92
9274,2664,46,2,941.99,0,150.72,2034.7
9275,2664,326,1,879.99,0,70.4,950.39
9276,2664,395,4,1497.99,10,431.42,5824.18
9277,2664,185,1,252.99,0,20.24,273.23
9278,2664,444,4,682.99,10,196.7,2655.46
9279,2665,201,2,501.99,15,68.27,921.65
9280,2665,365,1,1002.99,0,80.24,1083.23
9281,2665,254,4,621.99,5,189.08,2552.64
9282,2665,410,2,169.99,10,24.48,330.46
9283,2666,488,2,732.99,0,117.28,1583.26
9284,2666,428,3,160.99,5,36.71,495.53
9285,2666,63,3,1206.99,5,275.19,3715.11
9286,2666,80,4,811.99,5,246.84,3332.4
9287,2666,107,4,384.99,0,123.2,1663.16
9288,2667,120,2,1301.99,0,208.32,2812.3
9289,2667,199,3,882.99,15,180.13,2431.75
9290,2667,131,1,371.99,5,28.27,381.66
9291,2668,160,3,1272.99,0,305.52,4124.49
9292,2668,499,3,1078.99,10,233.06,3146.33
9293,2668,80,3,811.99,10,175.39,2367.76
9294,2669,262,3,140.99,10,30.45,411.12
9295,2669,453,4,351.99,5,107,1444.56
9296,2669,429,1,940.99,15,63.99,863.83
9297,2670,93,4,498.99,0,159.68,2155.64
9298,2670,270,4,213.99,5,65.05,878.21
9299,2670,351,4,321.99,0,103.04,1391
9300,2670,80,3,811.99,15,165.65,2236.22
9301,2670,164,1,135.99,5,10.34,139.53
9302,2671,46,4,941.99,5,286.36,3865.92
9303,2671,94,1,827.99,0,66.24,894.23
9304,2671,61,1,130.99,0,10.48,141.47
9305,2671,220,1,620.99,15,42.23,570.07
9306,2671,353,4,155.99,0,49.92,673.88
9307,2672,441,1,766.99,5,58.29,786.93
9308,2672,282,2,427.99,0,68.48,924.46
9309,2672,415,2,1290.99,10,185.9,2509.68
9310,2672,394,1,198.99,5,15.12,204.16
9311,2672,438,2,1482.99,0,237.28,3203.26
9312,2673,32,2,471.99,15,64.19,866.57
9313,2674,151,1,683.99,10,49.25,664.84
9314,2674,31,3,542.99,10,117.29,1583.36
9315,2674,249,4,462.99,5,140.75,1900.11
9316,2674,180,1,656.99,5,49.93,674.07
9317,2674,230,2,875.99,5,133.15,1797.53
9318,2675,215,2,686.99,10,98.93,1335.51
9319,2675,363,1,1073.99,5,81.62,1101.91
9320,2675,482,4,774.99,15,210.8,2845.77
9321,2675,111,3,282.99,10,61.13,825.2
9322,2675,182,2,766.99,15,104.31,1408.19
9323,2675,36,1,624.99,15,42.5,573.74
9324,2676,450,3,670.99,5,152.99,2065.31
9325,2676,494,2,1384.99,15,188.36,2542.84
9326,2676,318,1,300.99,5,22.88,308.82
9327,2677,454,4,499.99,15,136,1835.97
9328,2677,274,3,729.99,10,157.68,2128.65
9329,2677,37,1,303.99,5,23.1,311.89
9330,2677,284,4,1112.99,10,320.54,4327.3
9331,2677,112,2,652.99,15,88.81,1198.89
9332,2678,28,3,176.99,15,36.11,487.43
9333,2678,358,2,94.99,10,13.68,184.66
9334,2679,28,3,176.99,15,36.11,487.43
9335,2679,382,4,88.99,5,27.05,365.21
9336,2680,254,2,621.99,15,84.59,1141.97
9337,2680,141,4,1173.99,0,375.68,5071.64
9338,2680,67,4,879.99,15,239.36,3231.33
9339,2681,160,1,1272.99,0,101.84,1374.83
9340,2681,43,1,423.99,10,30.53,412.12
9341,2681,110,4,628.99,5,191.21,2581.37
9342,2681,140,3,1240.99,10,268.05,3618.72
9343,2681,381,1,1077.99,0,86.24,1164.23
9344,2682,383,3,888.99,0,213.36,2880.33
9345,2682,231,2,121.99,5,18.54,250.32
9346,2682,42,3,1420.99,0,341.04,4604.01
9347,2682,299,2,71.99,15,9.79,132.17
9348,2682,334,4,597.99,5,181.79,2454.15
9349,2682,496,2,484.99,10,69.84,942.82
9350,2683,240,1,1188.99,15,80.85,1091.49
9351,2684,193,3,973.99,0,233.76,3155.73
9352,2685,439,4,168.99,0,54.08,730.04
9353,2685,50,4,1364.99,15,371.28,5012.25
9354,2685,165,4,1057.99,10,304.7,4113.46
9355,2685,291,3,1046.99,5,238.71,3222.63
9356,2685,242,1,1500.99,15,102.07,1377.91
9357,2686,159,2,229.99,0,36.8,496.78
9358,2686,405,2,33.99,10,4.89,66.07
9359,2687,297,4,1086.99,5,330.44,4461
9360,2688,220,1,620.99,0,49.68,670.67
9361,2688,261,4,718.99,0,230.08,3106.04
9362,2689,357,1,481.99,10,34.7,468.49
9363,2689,153,3,850.99,5,194.03,2619.35
9364,2689,334,1,597.99,5,45.45,613.54
9365,2690,131,2,371.99,10,53.57,723.15
9366,2690,458,2,449.99,5,68.4,923.38
9367,2691,481,4,413.99,10,119.23,1609.59
9368,2691,92,1,1065.99,10,76.75,1036.14
9369,2691,281,3,1147.99,5,261.74,3533.51
9370,2691,471,3,873.99,0,209.76,2831.73
9371,2691,33,2,1048.99,10,151.05,2039.23
9372,2692,13,4,241.99,0,77.44,1045.4
9373,2692,115,1,548.99,0,43.92,592.91
9374,2692,483,3,897.99,5,204.74,2764.01
9375,2692,125,2,1036.99,10,149.33,2015.91
9376,2693,484,3,622.99,15,127.09,1715.71
9377,2693,258,3,277.99,15,56.71,765.58
9378,2694,57,2,461.99,15,62.83,848.21
9379,2694,5,2,1162.99,5,176.77,2386.45
9380,2694,116,1,1096.99,10,78.98,1066.27
9381,2695,284,1,1112.99,15,75.68,1021.72
9382,2695,70,1,453.99,10,32.69,441.28
9383,2696,329,4,464.99,0,148.8,2008.76
9384,2696,499,1,1078.99,15,73.37,990.51
9385,2696,257,4,1143.99,15,311.17,4200.74
9386,2697,241,1,753.99,15,51.27,692.16
9387,2697,464,3,820.99,5,187.19,2527.01
9388,2697,452,1,364.99,0,29.2,394.19
9389,2697,249,2,462.99,5,70.37,950.05
9390,2698,281,2,1147.99,0,183.68,2479.66
9391,2698,127,1,1200.99,10,86.47,1167.36
9392,2699,479,4,1129.99,5,343.52,4637.48
9393,2699,177,1,1234.99,10,88.92,1200.41
9394,2700,370,2,1201.99,10,173.09,2336.67
9395,2701,148,1,705.99,5,53.66,724.35
9396,2701,188,1,1278.99,5,97.2,1312.24
9397,2701,454,2,499.99,10,72,971.98
9398,2702,160,2,1272.99,15,173.13,2337.21
9399,2703,65,4,72.99,10,21.02,283.78
9400,2703,48,2,1148.99,0,183.84,2481.82
9401,2703,173,2,682.99,0,109.28,1475.26
9402,2703,389,3,1452.99,5,331.28,4472.3
9403,2704,440,1,637.99,10,45.94,620.13
9404,2705,59,3,254.99,10,55.08,743.55
9405,2705,410,4,169.99,15,46.24,624.21
9406,2705,437,2,257.99,0,41.28,557.26
9407,2706,111,2,282.99,5,43.01,580.69
9408,2706,408,1,474.99,0,38,512.99
9409,2706,113,3,549.99,5,125.4,1692.87
9410,2706,257,4,1143.99,0,366.08,4942.04
9411,2706,426,3,887.99,5,202.46,2733.23
9412,2707,440,1,637.99,5,48.49,654.58
9413,2707,458,2,449.99,0,72,971.98
9414,2707,369,1,1321.99,5,100.47,1356.36
9415,2707,218,4,790.99,10,227.81,3075.37
9416,2708,425,1,817.99,10,58.9,795.09
9417,2708,117,3,957.99,10,206.93,2793.5
9418,2708,249,1,462.99,10,33.34,450.03
9419,2708,458,3,449.99,10,97.2,1312.17
9420,2709,67,3,879.99,0,211.2,2851.17
9421,2709,21,2,683.99,15,93.02,1255.8
9422,2710,377,1,808.99,15,55.01,742.65
9423,2710,258,4,277.99,15,75.61,1020.78
9424,2710,90,3,825.99,15,168.5,2274.77
9425,2710,319,2,336.99,5,51.22,691.5
9426,2710,66,3,276.99,15,56.51,762.83
9427,2711,301,4,517.99,0,165.76,2237.72
9428,2711,163,1,911.99,5,69.31,935.7
9429,2711,289,4,1112.99,15,302.73,4086.9
9430,2711,114,1,879.99,15,59.84,807.83
9431,2712,378,1,1307.99,0,104.64,1412.63
9432,2712,89,2,794.99,15,108.12,1459.6
9433,2712,273,2,1167.99,0,186.88,2522.86
9434,2713,48,3,1148.99,10,248.18,3350.45
9435,2714,369,2,1321.99,5,200.94,2712.72
9436,2714,246,4,1215.99,0,389.12,5253.08
9437,2714,159,2,229.99,10,33.12,447.1
9438,2714,479,2,1129.99,0,180.8,2440.78
9439,2714,116,4,1096.99,5,333.48,4502.04
9440,2714,198,2,1083.99,15,147.42,1990.2
9441,2715,41,3,549.99,5,125.4,1692.87
9442,2715,124,1,388.99,5,29.56,399.1
9443,2715,75,2,927.99,10,133.63,1804.01
9444,2715,123,4,271.99,10,78.33,1057.49
9445,2715,226,3,278.99,0,66.96,903.93
9446,2716,268,1,1229.99,5,93.48,1261.97
9447,2716,249,2,462.99,0,74.08,1000.06
9448,2716,493,1,451.99,10,32.54,439.33
9449,2716,307,1,1360.99,10,97.99,1322.88
9450,2717,370,3,1201.99,0,288.48,3894.45
9451,2717,425,3,817.99,15,166.87,2252.74
9452,2718,128,3,987.99,0,237.12,3201.09
9453,2718,118,1,213.99,0,17.12,231.11
9454,2718,363,2,1073.99,5,163.25,2203.83
9455,2718,393,4,363.99,10,104.83,1415.19
9456,2718,462,3,30.99,5,7.07,95.39
9457,2719,373,3,1329.99,5,303.24,4093.71
9458,2719,424,1,823.99,10,59.33,800.92
9459,2719,294,1,184.99,0,14.8,199.79
9460,2719,465,1,1287.99,10,92.74,1251.93
9461,2719,304,2,119.99,15,16.32,220.3
9462,2719,222,4,1259.99,0,403.2,5443.16
9463,2720,127,1,1200.99,10,86.47,1167.36
9464,2720,35,2,1193.99,5,181.49,2450.07
9465,2720,472,1,393.99,0,31.52,425.51
9466,2720,413,1,1416.99,15,96.36,1300.8
9467,2721,402,4,723.99,5,220.09,2971.25
9468,2721,428,4,160.99,15,43.79,591.16
9469,2722,447,4,1108.99,15,301.65,4072.22
9470,2722,181,4,332.99,15,90.57,1222.74
9471,2722,149,4,1056.99,0,338.24,4566.2
9472,2722,453,4,351.99,0,112.64,1520.6
9473,2722,242,2,1500.99,5,228.15,3080.03
9474,2723,144,3,260.99,10,56.37,761.04
9475,2723,190,2,1002.99,10,144.43,1949.81
9476,2723,240,1,1188.99,15,80.85,1091.49
9477,2724,122,3,1350.99,0,324.24,4377.21
9478,2724,108,2,1184.99,15,161.16,2175.64
9479,2725,91,4,1053.99,5,320.41,4325.57
9480,2725,292,3,907.99,10,196.13,2647.7
9481,2725,311,2,1079.99,10,155.52,2099.5
9482,2726,287,2,549.99,5,83.6,1128.58
9483,2726,75,4,927.99,10,267.26,3608.02
9484,2726,440,2,637.99,10,91.87,1240.25
9485,2727,36,2,624.99,0,100,1349.98
9486,2727,152,2,47.99,0,7.68,103.66
9487,2727,397,4,635.99,10,183.17,2472.73
9488,2727,420,2,653.99,15,88.94,1200.72
9489,2728,181,4,332.99,10,95.9,1294.66
9490,2728,231,4,121.99,10,35.13,474.29
9491,2729,458,1,449.99,5,34.2,461.69
9492,2729,141,1,1173.99,0,93.92,1267.91
9493,2729,276,2,293.99,10,42.33,571.51
9494,2729,303,4,230.99,5,70.22,947.98
9495,2730,500,1,835.99,0,66.88,902.87
9496,2731,473,4,1377.99,0,440.96,5952.92
9497,2731,282,3,427.99,0,102.72,1386.69
9498,2731,393,3,363.99,15,74.25,1002.42
9499,2731,11,3,1445.99,15,294.98,3982.25
9500,2732,4,2,935.99,15,127.29,1718.47
9501,2732,66,4,276.99,10,79.77,1076.93
9502,2732,239,4,133.99,0,42.88,578.84
9503,2733,91,4,1053.99,0,337.28,4553.24
9504,2734,42,3,1420.99,10,306.93,4143.6
9505,2734,499,2,1078.99,0,172.64,2330.62
9506,2735,52,2,449.99,10,64.8,874.78
9507,2735,278,2,714.99,10,102.96,1389.94
9508,2735,422,3,572.99,10,123.77,1670.84
9509,2735,393,1,363.99,10,26.21,353.8
9510,2735,497,4,681.99,10,196.41,2651.57
9511,2735,159,4,229.99,5,69.92,943.88
9512,2736,341,1,558.99,10,40.25,543.34
9513,2736,493,2,451.99,10,65.09,878.67
9514,2736,345,3,1180.99,0,283.44,3826.41
9515,2737,317,4,1482.99,0,474.56,6406.52
9516,2737,213,4,700.99,5,213.1,2876.86
9517,2737,343,1,758.99,5,57.68,778.72
9518,2737,107,3,384.99,10,83.16,1122.63
9519,2737,405,1,33.99,0,2.72,36.71
9520,2738,246,2,1215.99,10,175.1,2363.88
9521,2739,466,2,796.99,5,121.14,1635.42
9522,2740,10,3,551.99,15,112.61,1520.18
9523,2740,388,3,1182.99,5,269.72,3641.24
9524,2740,126,2,1486.99,15,202.23,2730.11
9525,2741,428,1,160.99,10,11.59,156.48
9526,2741,62,3,516.99,10,111.67,1507.54
9527,2741,162,1,259.99,0,20.8,280.79
9528,2741,98,4,1194.99,5,363.28,4904.24
9529,2741,438,3,1482.99,0,355.92,4804.89
9530,2741,470,2,203.99,5,31.01,418.59
9531,2742,302,2,1319.99,10,190.08,2566.06
9532,2742,53,1,766.99,15,52.16,704.1
9533,2742,314,3,159.99,0,38.4,518.37
9534,2742,287,1,549.99,5,41.8,564.29
9535,2742,32,1,471.99,5,35.87,484.26
9536,2742,329,1,464.99,0,37.2,502.19
9537,2743,24,3,371.99,10,80.35,1084.72
9538,2743,480,2,833.99,5,126.77,1711.35
9539,2743,157,3,33.99,10,7.34,99.11
9540,2743,443,1,941.99,15,64.06,864.75
9541,2744,493,1,451.99,5,34.35,463.74
9542,2744,203,4,992.99,5,301.87,4075.23
9543,2744,37,2,303.99,0,48.64,656.62
9544,2744,83,2,549.99,0,88,1187.98
9545,2745,430,2,421.99,15,57.39,774.77
9546,2745,218,4,790.99,0,253.12,3417.08
9547,2745,460,4,1118.99,10,322.27,4350.63
9548,2746,497,2,681.99,10,98.21,1325.79
9549,2746,38,1,385.99,15,26.25,354.34
9550,2746,88,3,322.99,10,69.77,941.84
9551,2746,178,3,1071.99,0,257.28,3473.25
9552,2746,5,1,1162.99,10,83.74,1130.43
9553,2746,449,3,634.99,0,152.4,2057.37
9554,2747,240,1,1188.99,15,80.85,1091.49
9555,2747,19,3,1251.99,15,255.41,3447.98
9556,2747,78,4,1476.99,10,425.37,5742.53
9557,2747,314,2,159.99,0,25.6,345.58
9558,2747,312,2,522.99,5,79.49,1073.17
9559,2747,69,3,998.99,10,215.78,2913.05
9560,2748,149,4,1056.99,5,321.32,4337.88
9561,2748,125,1,1036.99,5,78.81,1063.95
9562,2749,114,3,879.99,5,200.64,2708.61
9563,2749,103,1,310.99,15,21.15,285.49
9564,2749,1,1,524.99,0,42,566.99
9565,2749,152,4,47.99,0,15.36,207.32
9566,2750,58,4,1408.99,15,383.25,5173.82
9567,2750,156,1,1366.99,0,109.36,1476.35
9568,2750,492,3,494.99,10,106.92,1443.39
9569,2751,105,3,1499.99,15,306,4130.97
9570,2751,64,2,546.99,10,78.77,1063.35
9571,2752,271,3,242.99,10,52.49,708.56
9572,2752,86,3,113.99,10,24.62,332.39
9573,2752,43,2,423.99,0,67.84,915.82
9574,2752,378,1,1307.99,0,104.64,1412.63
9575,2753,403,1,760.99,15,51.75,698.59
9576,2753,130,4,1187.99,10,342.14,4618.9
9577,2754,378,2,1307.99,0,209.28,2825.26
9578,2754,99,2,1421.99,10,204.77,2764.35
9579,2754,167,4,715.99,0,229.12,3093.08
9580,2754,29,4,573.99,10,165.31,2231.67
9581,2754,435,4,214.99,5,65.36,882.32
9582,2755,152,4,47.99,15,13.05,176.22
9583,2756,419,2,351.99,10,50.69,684.27
9584,2756,36,2,624.99,10,90,1214.98
9585,2756,132,4,728.99,0,233.28,3149.24
9586,2756,112,4,652.99,15,177.61,2397.78
9587,2756,316,3,1218.99,10,263.3,3554.57
9588,2757,241,2,753.99,10,108.57,1465.75
9589,2758,231,2,121.99,0,19.52,263.5
9590,2758,139,1,1205.99,10,86.83,1172.22
9591,2759,65,3,72.99,10,15.77,212.84
9592,2759,500,2,835.99,5,127.07,1715.45
9593,2759,179,2,251.99,10,36.29,489.87
9594,2759,304,4,119.99,10,34.56,466.52
9595,2759,417,3,897.99,10,193.97,2618.54
9596,2759,322,3,291.99,10,63.07,851.44
9597,2760,498,4,525.99,5,159.9,2158.66
9598,2760,193,3,973.99,10,210.38,2840.15
9599,2760,70,2,453.99,15,61.74,833.52
9600,2761,485,1,875.99,0,70.08,946.07
9601,2761,498,2,525.99,5,79.95,1079.33
9602,2762,201,3,501.99,10,108.43,1463.8
9603,2762,476,4,732.99,15,199.37,2691.54
9604,2762,378,1,1307.99,5,99.41,1342
9605,2762,338,4,674.99,5,205.2,2770.16
9606,2762,199,4,882.99,5,268.43,3623.79
9607,2763,122,2,1350.99,10,194.54,2626.32
9608,2763,117,1,957.99,5,72.81,982.9
9609,2763,39,3,1415.99,0,339.84,4587.81
9610,2763,143,3,553.99,0,132.96,1794.93
9611,2763,371,4,105.99,0,33.92,457.88
9612,2764,34,2,67.99,15,9.25,124.83
9613,2764,371,4,105.99,5,32.22,434.98
9614,2764,129,2,251.99,15,34.27,462.65
9615,2764,499,1,1078.99,10,77.69,1048.78
9616,2765,56,4,425.99,15,115.87,1564.24
9617,2765,227,4,1337.99,0,428.16,5780.12
9618,2766,108,2,1184.99,15,161.16,2175.64
9619,2766,244,4,42.99,0,13.76,185.72
9620,2766,226,1,278.99,0,22.32,301.31
9621,2766,178,3,1071.99,10,231.55,3125.92
9622,2766,327,3,975.99,15,199.1,2687.87
9623,2767,163,1,911.99,5,69.31,935.7
9624,2767,111,1,282.99,5,21.51,290.35
9625,2768,248,2,804.99,15,109.48,1477.96
9626,2769,485,2,875.99,5,133.15,1797.53
9627,2769,81,1,1111.99,0,88.96,1200.95
9628,2769,417,4,897.99,15,244.25,3297.42
9629,2770,329,3,464.99,0,111.6,1506.57
9630,2771,418,4,445.99,10,128.45,1734.01
9631,2771,457,3,929.99,15,189.72,2561.19
9632,2772,329,3,464.99,5,106.02,1431.24
9633,2772,495,2,974.99,10,140.4,1895.38
9634,2772,212,4,893.99,0,286.08,3862.04
9635,2773,223,2,526.99,5,80.1,1081.38
9636,2773,226,2,278.99,15,37.94,512.22
9637,2773,96,1,545.99,0,43.68,589.67
9638,2773,73,4,1030.99,0,329.92,4453.88
9639,2774,432,4,423.99,15,115.33,1556.9
9640,2774,16,3,809.99,15,165.24,2230.71
9641,2775,431,3,124.99,10,27,364.47
9642,2775,99,4,1421.99,10,409.53,5528.69
9643,2775,351,4,321.99,10,92.73,1251.89
9644,2776,432,2,423.99,15,57.66,778.44
9645,2776,112,2,652.99,5,99.25,1339.93
9646,2776,411,2,1232.99,0,197.28,2663.26
9647,2776,171,3,399.99,15,81.6,1101.57
9648,2776,264,3,1444.99,15,294.78,3979.5
9649,2777,91,4,1053.99,15,286.69,3870.26
9650,2777,141,4,1173.99,5,356.89,4818.05
9651,2777,436,1,541.99,0,43.36,585.35
9652,2777,485,1,875.99,15,59.57,804.16
9653,2777,208,4,1001.99,15,272.54,3679.31
9654,2778,247,4,1255.99,5,381.82,5154.58
9655,2778,395,3,1497.99,15,305.59,4125.46
9656,2778,209,1,565.99,0,45.28,611.27
9657,2778,86,4,113.99,5,34.65,467.81
9658,2778,44,3,586.99,0,140.88,1901.85
9659,2779,174,4,688.99,10,198.43,2678.79
9660,2779,64,4,546.99,15,148.78,2008.55
9661,2779,195,2,420.99,15,57.25,772.93
9662,2779,53,3,766.99,15,156.47,2112.29
9663,2779,214,2,423.99,10,61.05,824.23
9664,2780,41,2,549.99,5,83.6,1128.58
9665,2780,84,2,186.99,10,26.93,363.51
9666,2780,493,1,451.99,5,34.35,463.74
9667,2780,109,4,1104.99,0,353.6,4773.56
9668,2781,20,2,632.99,5,96.21,1298.89
9669,2782,331,1,1061.99,15,72.22,974.91
9670,2782,354,3,946.99,10,204.55,2761.42
9671,2782,393,4,363.99,0,116.48,1572.44
9672,2782,357,2,481.99,0,77.12,1041.1
9673,2783,343,1,758.99,0,60.72,819.71
9674,2783,245,1,1338.99,0,107.12,1446.11
9675,2783,419,1,351.99,15,23.94,323.13
9676,2784,351,1,321.99,5,24.47,330.36
9677,2784,112,1,652.99,10,47.02,634.71
9678,2784,363,3,1073.99,10,231.98,3131.75
9679,2785,380,4,1349.99,0,432,5831.96
9680,2785,2,1,102.99,15,7,94.54
9681,2785,254,2,621.99,0,99.52,1343.5
9682,2786,361,4,531.99,0,170.24,2298.2
9683,2786,110,4,628.99,15,171.09,2309.66
9684,2786,168,1,387.99,15,26.38,356.17
9685,2786,142,4,614.99,10,177.12,2391.08
9686,2786,364,2,968.99,0,155.04,2093.02
9687,2786,167,3,715.99,0,171.84,2319.81
9688,2787,350,1,1204.99,15,81.94,1106.18
9689,2787,156,2,1366.99,0,218.72,2952.7
9690,2787,320,3,1027.99,10,222.05,2997.62
9691,2787,172,2,1080.99,15,147.01,1984.69
9692,2787,165,1,1057.99,5,80.41,1085.5
9693,2787,75,1,927.99,0,74.24,1002.23
9694,2788,258,2,277.99,0,44.48,600.46
9695,2788,59,2,254.99,0,40.8,550.78
9696,2788,178,1,1071.99,5,81.47,1099.86
9697,2788,124,1,388.99,0,31.12,420.11
9698,2788,438,4,1482.99,10,427.1,5765.86
9699,2789,339,3,200.99,10,43.41,586.08
9700,2789,236,1,1306.99,0,104.56,1411.55
9701,2789,457,4,929.99,15,252.96,3414.93
9702,2789,263,2,787.99,10,113.47,1531.85
9703,2790,351,4,321.99,5,97.88,1321.44
9704,2790,45,3,896.99,0,215.28,2906.25
9705,2790,273,3,1167.99,10,252.29,3405.86
9706,2790,214,4,423.99,0,135.68,1831.64
9707,2791,72,2,436.99,5,66.42,896.7
9708,2791,339,3,200.99,0,48.24,651.21
9709,2791,434,3,1392.99,15,284.17,3836.29
9710,2791,108,2,1184.99,5,180.12,2431.6
9711,2792,363,1,1073.99,0,85.92,1159.91
9712,2792,242,2,1500.99,15,204.13,2755.81
9713,2792,10,3,551.99,0,132.48,1788.45
9714,2793,243,4,1487.99,5,452.35,6106.71
9715,2793,57,3,461.99,10,99.79,1347.16
9716,2794,147,1,22.99,5,1.75,23.59
9717,2794,51,2,246.99,15,33.59,453.47
9718,2794,498,2,525.99,10,75.74,1022.52
9719,2794,199,2,882.99,0,141.28,1907.26
9720,2794,50,4,1364.99,0,436.8,5896.76
9721,2794,62,4,516.99,10,148.89,2010.05
9722,2795,213,1,700.99,5,53.28,719.22
9723,2796,343,3,758.99,15,154.83,2090.25
9724,2797,229,1,611.99,5,46.51,627.9
9725,2797,9,1,896.99,10,64.58,871.87
9726,2797,350,2,1204.99,5,183.16,2472.64
9727,2798,40,3,506.99,10,109.51,1478.38
9728,2799,223,3,526.99,10,113.83,1536.7
9729,2799,339,3,200.99,0,48.24,651.21
9730,2799,235,1,1232.99,10,88.78,1198.47
9731,2799,8,3,586.99,5,133.83,1806.75
9732,2800,159,1,229.99,5,17.48,235.97
9733,2800,201,3,501.99,15,102.41,1382.48
9734,2800,61,3,130.99,0,31.44,424.41
9735,2800,212,3,893.99,15,182.37,2462.04
9736,2801,400,1,1305.99,15,88.81,1198.9
9737,2801,173,3,682.99,10,147.53,1991.6
9738,2801,120,4,1301.99,5,395.8,5343.36
9739,2801,67,2,879.99,15,119.68,1615.66
9740,2802,215,1,686.99,10,49.46,667.75
9741,2802,97,1,432.99,0,34.64,467.63
9742,2802,1,4,524.99,5,159.6,2154.56
9743,2802,125,3,1036.99,15,211.55,2855.87
9744,2802,281,4,1147.99,15,312.25,4215.42
9745,2802,118,3,213.99,5,48.79,658.66
9746,2803,228,2,836.99,0,133.92,1807.9
9747,2803,78,1,1476.99,0,118.16,1595.15
9748,2804,156,1,1366.99,10,98.42,1328.71
9749,2805,407,3,160.99,0,38.64,521.61
9750,2805,271,2,242.99,15,33.05,446.13
9751,2806,401,3,487.99,15,99.55,1343.92
9752,2806,36,1,624.99,15,42.5,573.74
9753,2806,196,1,347.99,15,23.66,319.45
9754,2806,203,3,992.99,10,214.49,2895.56
9755,2807,283,4,63.99,15,17.41,234.98
9756,2808,124,4,388.99,10,112.03,1512.39
9757,2809,232,1,1001.99,5,76.15,1028.04
9758,2810,110,4,628.99,0,201.28,2717.24
9759,2811,325,1,527.99,0,42.24,570.23
9760,2811,145,1,864.99,5,65.74,887.48
9761,2811,34,4,67.99,0,21.76,293.72
9762,2811,309,3,103.99,0,24.96,336.93
9763,2811,437,1,257.99,5,19.61,264.7
9764,2811,364,2,968.99,5,147.29,1988.37
9765,2812,486,4,220.99,0,70.72,954.68
9766,2812,438,1,1482.99,15,100.84,1361.38
9767,2813,292,2,907.99,15,123.49,1667.07
9768,2813,173,2,682.99,5,103.81,1401.49
9769,2813,207,2,1123.99,15,152.86,2063.64
9770,2813,15,2,1374.99,15,187,2524.48
9771,2813,359,2,147.99,0,23.68,319.66
9772,2813,466,2,796.99,10,114.77,1549.35
9773,2814,461,1,345.99,10,24.91,336.3
9774,2814,275,2,329.99,5,50.16,677.14
9775,2815,469,3,489.99,5,111.72,1508.19
9776,2815,141,1,1173.99,0,93.92,1267.91
9777,2815,244,3,42.99,15,8.77,118.39
9778,2815,66,3,276.99,15,56.51,762.83
9779,2816,138,1,1243.99,15,84.59,1141.98
9780,2816,6,1,98.99,0,7.92,106.91
9781,2816,495,1,974.99,15,66.3,895.04
9782,2816,118,3,213.99,0,51.36,693.33
9783,2816,459,2,868.99,5,132.09,1783.17
9784,2817,314,1,159.99,5,12.16,164.15
9785,2817,165,4,1057.99,5,321.63,4341.99
9786,2818,366,2,1373.99,15,186.86,2522.64
9787,2818,460,4,1118.99,10,322.27,4350.63
9788,2819,190,4,1002.99,0,320.96,4332.92
9789,2819,32,2,471.99,0,75.52,1019.5
9790,2819,5,4,1162.99,10,334.94,4521.7
9791,2819,149,2,1056.99,15,143.75,1940.63
9792,2820,208,1,1001.99,15,68.14,919.83
9793,2820,386,3,300.99,15,61.4,828.92
9794,2820,165,3,1057.99,10,228.53,3085.1
9795,2820,4,4,935.99,10,269.57,3639.13
9796,2821,352,2,1453.99,5,221.01,2983.59
9797,2821,105,3,1499.99,5,342,4616.97
9798,2821,97,3,432.99,15,88.33,1192.45
9799,2821,43,2,423.99,10,61.05,824.23
9800,2822,454,1,499.99,10,36,485.99
9801,2822,304,1,119.99,5,9.12,123.11
9802,2823,168,1,387.99,0,31.04,419.03
9803,2823,293,3,1158.99,10,250.34,3379.61
9804,2823,334,1,597.99,0,47.84,645.83
9805,2824,184,2,446.99,5,67.94,917.22
9806,2824,291,2,1046.99,15,142.39,1922.27
9807,2825,208,4,1001.99,10,288.57,3895.73
9808,2825,291,4,1046.99,15,284.78,3844.55
9809,2825,496,3,484.99,0,116.4,1571.37
9810,2825,322,3,291.99,5,66.57,898.74
9811,2825,324,2,135.99,5,20.67,279.05
9812,2826,225,4,861.99,5,262.04,3537.6
9813,2827,248,1,804.99,0,64.4,869.39
9814,2828,47,4,498.99,0,159.68,2155.64
9815,2828,345,1,1180.99,10,85.03,1147.92
9816,2828,413,2,1416.99,5,215.38,2907.66
9817,2828,34,1,67.99,10,4.9,66.09
9818,2828,48,1,1148.99,15,78.13,1054.77
9819,2829,434,3,1392.99,5,317.6,4287.62
9820,2829,89,4,794.99,0,254.4,3434.36
9821,2829,439,3,168.99,15,34.47,465.39
9822,2829,113,2,549.99,10,79.2,1069.18
9823,2829,399,3,94.99,0,22.8,307.77
9824,2829,6,3,98.99,15,20.19,272.61
9825,2830,213,1,700.99,10,50.47,681.36
9826,2830,356,2,328.99,15,44.74,604.02
9827,2830,472,4,393.99,0,126.08,1702.04
9828,2830,402,3,723.99,5,165.07,2228.44
9829,2830,413,1,1416.99,5,107.69,1453.83
9830,2831,66,4,276.99,0,88.64,1196.6
9831,2831,99,4,1421.99,15,386.78,5221.55
9832,2832,241,1,753.99,15,51.27,692.16
9833,2832,333,2,1238.99,5,188.33,2542.41
9834,2832,85,4,978.99,10,281.95,3806.31
9835,2832,155,2,635.99,10,91.58,1236.36
9836,2832,97,3,432.99,10,93.53,1262.6
9837,2833,424,1,823.99,10,59.33,800.92
9838,2833,242,4,1500.99,5,456.3,6160.06
9839,2833,32,1,471.99,10,33.98,458.77
9840,2833,399,3,94.99,5,21.66,292.38
9841,2834,295,4,1309.99,15,356.32,4810.29
9842,2834,271,4,242.99,15,66.09,892.26
9843,2834,64,3,546.99,0,131.28,1772.25
9844,2834,89,1,794.99,10,57.24,772.73
9845,2834,16,1,809.99,5,61.56,831.05
9846,2835,284,1,1112.99,10,80.14,1081.83
9847,2836,343,4,758.99,10,218.59,2950.95
9848,2836,329,4,464.99,0,148.8,2008.76
9849,2836,248,2,804.99,15,109.48,1477.96
9850,2836,124,2,388.99,0,62.24,840.22
9851,2837,396,2,777.99,5,118.25,1596.43
9852,2837,162,1,259.99,5,19.76,266.75
9853,2837,241,1,753.99,5,57.3,773.59
9854,2837,76,4,1285.99,5,390.94,5277.7
9855,2837,448,4,420.99,5,127.98,1727.74
9856,2837,377,4,808.99,15,220.05,2970.62
9857,2838,444,3,682.99,15,139.33,1880.95
9858,2838,222,2,1259.99,10,181.44,2449.42
9859,2838,27,3,788.99,0,189.36,2556.33
9860,2838,24,1,371.99,5,28.27,381.66
9861,2838,177,1,1234.99,15,83.98,1133.72
9862,2838,175,1,667.99,15,45.42,613.21
9863,2839,72,1,436.99,0,34.96,471.95
9864,2839,377,2,808.99,10,116.49,1572.67
9865,2839,219,2,737.99,0,118.08,1594.06
9866,2839,303,1,230.99,10,16.63,224.52
9867,2839,396,3,777.99,0,186.72,2520.69
9868,2839,316,2,1218.99,10,175.53,2369.71
9869,2840,462,3,30.99,15,6.32,85.34
9870,2840,304,4,119.99,5,36.48,492.44
9871,2841,251,4,134.99,5,41.04,554
9872,2841,17,4,517.99,15,140.89,1902.06
9873,2841,474,4,500.99,5,152.3,2056.06
9874,2842,76,3,1285.99,0,308.64,4166.61
9875,2842,211,2,440.99,5,67.03,904.91
9876,2842,257,1,1143.99,15,77.79,1050.18
9877,2842,111,3,282.99,10,61.13,825.2
9878,2842,239,1,133.99,5,10.18,137.47
9879,2842,288,3,1187.99,15,242.35,3271.72
9880,2843,126,3,1486.99,5,339.03,4576.95
9881,2844,411,4,1232.99,0,394.56,5326.52
9882,2844,402,3,723.99,10,156.38,2111.15
9883,2844,184,4,446.99,10,128.73,1737.89
9884,2844,38,3,385.99,5,88.01,1188.08
9885,2844,297,3,1086.99,10,234.79,3169.66
9886,2844,103,1,310.99,5,23.64,319.08
9887,2845,11,3,1445.99,15,294.98,3982.25
9888,2845,97,1,432.99,10,31.18,420.87
9889,2845,361,2,531.99,15,72.35,976.73
9890,2845,195,1,420.99,10,30.31,409.2
9891,2845,156,2,1366.99,10,196.85,2657.43
9892,2845,174,4,688.99,15,187.41,2529.98
9893,2846,11,3,1445.99,5,329.69,4450.76
9894,2846,122,2,1350.99,5,205.35,2772.23
9895,2847,395,4,1497.99,15,407.45,5500.62
9896,2847,488,4,732.99,5,222.83,3008.19
9897,2848,243,4,1487.99,0,476.16,6428.12
9898,2848,43,4,423.99,15,115.33,1556.9
9899,2848,196,4,347.99,15,94.65,1277.82
9900,2848,420,4,653.99,0,209.28,2825.24
9901,2848,133,1,514.99,15,35.02,472.76
9902,2848,432,3,423.99,15,86.49,1167.66
9903,2849,119,2,975.99,0,156.16,2108.14
9904,2849,55,4,856.99,10,246.81,3331.97
9905,2849,39,1,1415.99,15,96.29,1299.88
9906,2850,146,1,26.99,10,1.94,26.23
9907,2850,143,3,553.99,5,126.31,1705.18
9908,2850,367,2,419.99,0,67.2,907.18
9909,2851,59,2,254.99,15,34.68,468.16
9910,2851,4,3,935.99,15,190.94,2577.71
9911,2851,432,3,423.99,0,101.76,1373.73
9912,2851,207,4,1123.99,10,323.71,4370.07
9913,2852,268,3,1229.99,15,250.92,3387.39
9914,2852,387,1,947.99,10,68.26,921.45
9915,2852,220,4,620.99,0,198.72,2682.68
9916,2852,469,2,489.99,10,70.56,952.54
9917,2852,303,1,230.99,5,17.56,237
9918,2853,370,4,1201.99,0,384.64,5192.6
9919,2853,291,2,1046.99,15,142.39,1922.27
9920,2853,263,1,787.99,15,53.58,723.37
9921,2853,437,2,257.99,0,41.28,557.26
9922,2853,199,2,882.99,5,134.21,1811.89
9923,2854,291,3,1046.99,15,213.59,2883.41
9924,2854,345,3,1180.99,15,240.92,3252.44
9925,2854,95,2,449.99,15,61.2,826.18
9926,2854,438,4,1482.99,5,450.83,6086.19
9927,2854,186,2,937.99,5,142.57,1924.75
9928,2855,350,4,1204.99,15,327.76,4424.73
9929,2856,399,4,94.99,0,30.4,410.36
9930,2856,450,3,670.99,10,144.93,1956.6
9931,2856,453,2,351.99,0,56.32,760.3
9932,2856,473,1,1377.99,15,93.7,1264.99
9933,2856,135,3,933.99,5,212.95,2874.82
9934,2857,102,4,1242.99,15,338.09,4564.26
9935,2857,423,2,1494.99,0,239.2,3229.18
9936,2857,54,2,685.99,15,93.29,1259.47
9937,2857,175,1,667.99,0,53.44,721.43
9938,2858,192,2,192.99,15,26.25,354.33
9939,2858,284,2,1112.99,5,169.17,2283.85
9940,2858,297,4,1086.99,0,347.84,4695.8
9941,2859,297,1,1086.99,15,73.92,997.86
9942,2859,425,3,817.99,15,166.87,2252.74
9943,2859,98,4,1194.99,10,344.16,4646.12
9944,2859,52,3,449.99,15,91.8,1239.27
9945,2859,230,3,875.99,5,199.73,2696.3
9946,2860,42,4,1420.99,5,431.98,5831.74
9947,2860,84,1,186.99,10,13.46,181.75
9948,2861,457,1,929.99,15,63.24,853.73
9949,2861,223,4,526.99,0,168.64,2276.6
9950,2862,425,1,817.99,15,55.62,750.91
9951,2862,406,1,1125.99,5,85.58,1155.27
9952,2862,462,3,30.99,10,6.69,90.36
9953,2862,415,2,1290.99,10,185.9,2509.68
9954,2863,422,4,572.99,10,165.02,2227.78
9955,2863,5,4,1162.99,0,372.16,5024.12
9956,2864,140,2,1240.99,15,168.77,2278.45
9957,2864,226,2,278.99,5,42.41,572.49
9958,2865,485,2,875.99,10,126.14,1702.92
9959,2865,445,2,20.99,15,2.85,38.53
9960,2866,10,2,551.99,15,75.07,1013.45
9961,2866,235,2,1232.99,10,177.55,2396.93
9962,2866,330,2,791.99,0,126.72,1710.7
9963,2866,109,4,1104.99,15,300.56,4057.53
9964,2866,458,1,449.99,5,34.2,461.69
9965,2867,136,4,182.99,5,55.63,750.99
9966,2867,461,3,345.99,5,78.89,1064.96
9967,2867,195,4,420.99,10,121.25,1636.81
9968,2867,448,1,420.99,5,32,431.94
9969,2867,471,2,873.99,5,132.85,1793.43
9970,2867,24,1,371.99,15,25.3,341.49
9971,2868,466,1,796.99,10,57.38,774.67
9972,2869,347,4,89.99,15,24.48,330.45
9973,2869,144,1,260.99,0,20.88,281.87
9974,2869,126,4,1486.99,5,452.04,6102.6
9975,2869,13,4,241.99,10,69.69,940.85
9976,2869,152,1,47.99,0,3.84,51.83
9977,2869,177,3,1234.99,10,266.76,3601.23
9978,2870,134,4,290.99,15,79.15,1068.52
9979,2870,226,1,278.99,10,20.09,271.18
9980,2870,384,3,898.99,15,183.39,2475.81
9981,2870,218,1,790.99,10,56.95,768.84
9982,2870,101,4,1394.99,15,379.44,5122.41
9983,2870,471,4,873.99,0,279.68,3775.64
9984,2871,500,4,835.99,15,227.39,3069.76
9985,2871,23,2,347.99,0,55.68,751.66
9986,2871,107,4,384.99,5,117.04,1580
9987,2871,134,3,290.99,15,59.36,801.38
9988,2871,497,1,681.99,5,51.83,699.72
9989,2872,183,2,56.99,15,7.75,104.63
9990,2872,176,4,1323.99,0,423.68,5719.64
9991,2872,264,3,1444.99,0,346.8,4681.77
9992,2872,163,1,911.99,0,72.96,984.95
9993,2872,415,3,1290.99,5,294.35,3973.67
9994,2872,191,2,676.99,15,92.07,1242.95
9995,2873,413,4,1416.99,0,453.44,6121.4
9996,2873,239,3,133.99,0,32.16,434.13
9997,2873,272,4,425.99,10,122.69,1656.25
9998,2873,285,3,936.99,10,202.39,2732.26
9999,2873,439,3,168.99,15,34.47,465.39
10000,2874,452,2,364.99,0,58.4,788.38
10001,2875,161,1,1385.99,15,94.25,1272.34
10002,2875,417,4,897.99,10,258.62,3491.38
10003,2875,419,3,351.99,5,80.25,1083.42
10004,2875,484,2,622.99,0,99.68,1345.66
10005,2875,224,3,462.99,10,100.01,1350.08
10006,2876,78,1,1476.99,15,100.44,1355.88
10007,2876,438,3,1482.99,10,320.33,4324.4
10008,2877,132,1,728.99,10,52.49,708.58
10009,2878,208,4,1001.99,15,272.54,3679.31
10010,2878,498,3,525.99,15,107.3,1448.57
10011,2878,86,4,113.99,0,36.48,492.44
10012,2879,60,3,1245.99,5,284.09,3835.16
10013,2879,446,1,169.99,15,11.56,156.05
10014,2879,439,2,168.99,0,27.04,365.02
10015,2879,168,1,387.99,5,29.49,398.08
10016,2880,367,3,419.99,5,95.76,1292.73
10017,2880,106,3,151.99,0,36.48,492.45
10018,2881,456,3,1330.99,10,287.49,3881.16
10019,2881,119,2,975.99,15,132.73,1791.91
10020,2881,445,1,20.99,10,1.51,20.4
10021,2881,356,2,328.99,5,50.01,675.09
10022,2882,104,3,1343.99,5,306.43,4136.8
10023,2882,87,3,1443.99,0,346.56,4678.53
10024,2882,365,4,1002.99,10,288.86,3899.62
10025,2882,378,4,1307.99,0,418.56,5650.52
10026,2883,19,2,1251.99,5,190.3,2569.08
10027,2883,453,3,351.99,15,71.81,969.38
10028,2883,131,3,371.99,0,89.28,1205.25
10029,2883,229,2,611.99,5,93.02,1255.8
10030,2883,308,1,1135.99,0,90.88,1226.87
10031,2883,384,3,898.99,5,204.97,2767.09
10032,2884,125,2,1036.99,0,165.92,2239.9
10033,2885,17,1,517.99,10,37.3,503.49
10034,2885,225,4,861.99,15,234.46,3165.23
10035,2885,406,1,1125.99,5,85.58,1155.27
10036,2886,43,2,423.99,15,57.66,778.44
10037,2886,250,2,314.99,15,42.84,578.32
10038,2886,408,2,474.99,0,76,1025.98
10039,2887,381,4,1077.99,0,344.96,4656.92
10040,2887,407,2,160.99,0,25.76,347.74
10041,2887,99,4,1421.99,0,455.04,6143
10042,2888,27,2,788.99,10,113.61,1533.79
10043,2888,69,2,998.99,5,151.85,2049.93
10044,2888,288,3,1187.99,10,256.61,3464.18
10045,2888,82,1,807.99,5,61.41,829
10046,2889,109,1,1104.99,0,88.4,1193.39
10047,2889,163,1,911.99,5,69.31,935.7
10048,2890,83,4,549.99,5,167.2,2257.16
10049,2890,189,1,612.99,15,41.68,562.72
10050,2890,128,4,987.99,10,284.54,3841.3
10051,2890,477,1,1192.99,15,81.12,1095.16
10052,2890,335,3,758.99,0,182.16,2459.13
10053,2891,105,2,1499.99,0,240,3239.98
10054,2891,159,3,229.99,0,55.2,745.17
10055,2892,54,3,685.99,0,164.64,2222.61
10056,2892,245,1,1338.99,0,107.12,1446.11
10057,2892,364,3,968.99,0,232.56,3139.53
10058,2893,467,4,827.99,0,264.96,3576.92
10059,2893,228,1,836.99,15,56.92,768.36
10060,2893,218,3,790.99,10,170.85,2306.52
10061,2893,348,1,586.99,15,39.92,538.86
10062,2893,209,1,565.99,0,45.28,611.27
10063,2893,240,1,1188.99,5,90.36,1219.9
10064,2894,271,1,242.99,10,17.5,236.19
10065,2894,151,1,683.99,0,54.72,738.71
10066,2894,259,4,491.99,5,149.56,2019.12
10067,2894,118,3,213.99,15,43.65,589.32
10068,2894,136,4,182.99,15,49.77,671.94
10069,2894,138,1,1243.99,0,99.52,1343.51
10070,2895,112,3,652.99,15,133.21,1798.33
10071,2895,13,3,241.99,0,58.08,784.05
10072,2896,185,2,252.99,0,40.48,546.46
10073,2896,340,1,1235.99,15,84.05,1134.64
10074,2897,99,1,1421.99,0,113.76,1535.75
10075,2897,172,3,1080.99,5,246.47,3327.29
10076,2897,186,3,937.99,5,213.86,2887.13
10077,2897,5,4,1162.99,15,316.33,4270.5
10078,2897,364,4,968.99,5,294.57,3976.73
10079,2897,261,4,718.99,5,218.57,2950.73
10080,2898,30,3,307.99,15,62.83,848.2
10081,2898,472,3,393.99,10,85.1,1148.87
10082,2898,309,3,103.99,0,24.96,336.93
10083,2898,268,3,1229.99,0,295.2,3985.17
10084,2898,443,1,941.99,5,71.59,966.48
10085,2898,497,4,681.99,15,185.5,2504.27
10086,2899,315,2,852.99,0,136.48,1842.46
10087,2899,245,1,1338.99,15,91.05,1229.19
10088,2900,350,1,1204.99,15,81.94,1106.18
10089,2900,455,4,1465.99,0,469.12,6333.08
10090,2900,300,2,991.99,5,150.78,2035.56
10091,2900,213,2,700.99,0,112.16,1514.14
10092,2900,267,4,1201.99,10,346.17,4673.33
10093,2900,438,4,1482.99,5,450.83,6086.19
10094,2901,469,3,489.99,10,105.84,1428.81
10095,2901,20,4,632.99,15,172.17,2324.34
10096,2902,459,3,868.99,0,208.56,2815.53
10097,2902,223,1,526.99,5,40.05,540.69
10098,2902,28,2,176.99,0,28.32,382.3
10099,2902,6,2,98.99,15,13.46,181.74
10100,2902,112,3,652.99,15,133.21,1798.33
10101,2902,396,4,777.99,0,248.96,3360.92
10102,2903,285,3,936.99,0,224.88,3035.85
10103,2903,177,3,1234.99,5,281.58,3801.3
10104,2903,242,4,1500.99,0,480.32,6484.28
10105,2903,155,3,635.99,5,145.01,1957.58
10106,2903,238,4,280.99,0,89.92,1213.88
10107,2903,314,2,159.99,15,21.76,293.74
10108,2904,143,2,553.99,10,79.77,1076.95
10109,2904,144,3,260.99,10,56.37,761.04
10110,2904,337,3,1160.99,0,278.64,3761.61
10111,2905,36,1,624.99,0,50,674.99
10112,2905,23,1,347.99,10,25.06,338.25
10113,2905,33,4,1048.99,15,285.33,3851.9
10114,2905,129,2,251.99,0,40.32,544.3
10115,2906,422,4,572.99,5,174.19,2351.55
10116,2906,455,3,1465.99,10,316.65,4274.82
10117,2907,324,2,135.99,5,20.67,279.05
10118,2907,95,3,449.99,0,108,1457.97
10119,2907,390,4,33.99,15,9.25,124.82
10120,2907,91,4,1053.99,10,303.55,4097.91
10121,2907,418,1,445.99,15,30.33,409.42
10122,2908,343,3,758.99,5,173.05,2336.17
10123,2909,239,4,133.99,10,38.59,520.95
10124,2909,416,3,444.99,5,101.46,1369.68
10125,2909,7,2,814.99,0,130.4,1760.38
10126,2909,470,2,203.99,0,32.64,440.62
10127,2910,360,4,407.99,5,124.03,1674.39
10128,2910,304,1,119.99,5,9.12,123.11
10129,2910,120,1,1301.99,10,93.74,1265.53
10130,2911,496,2,484.99,5,73.72,995.2
10131,2911,205,4,727.99,0,232.96,3144.92
10132,2911,107,1,384.99,15,26.18,353.42
10133,2912,79,4,1262.99,15,343.53,4637.7
10134,2912,488,4,732.99,0,234.56,3166.52
10135,2912,349,4,29.99,0,9.6,129.56
10136,2912,97,4,432.99,10,124.7,1683.46
10137,2912,166,3,247.99,15,50.59,682.96
10138,2913,386,3,300.99,10,65.01,877.68
10139,2913,476,1,732.99,0,58.64,791.63
10140,2913,319,3,336.99,15,68.75,928.07
10141,2913,80,4,811.99,0,259.84,3507.8
10142,2913,363,1,1073.99,0,85.92,1159.91
10143,2913,484,1,622.99,0,49.84,672.83
10144,2914,142,1,614.99,10,44.28,597.77
10145,2914,436,4,541.99,0,173.44,2341.4
10146,2914,465,4,1287.99,5,391.55,5285.91
10147,2914,227,4,1337.99,5,406.75,5491.11
10148,2914,164,3,135.99,0,32.64,440.61
10149,2915,46,3,941.99,15,192.17,2594.24
10150,2915,182,2,766.99,10,110.45,1491.03
10151,2916,291,2,1046.99,10,150.77,2035.35
10152,2917,318,1,300.99,10,21.67,292.56
10153,2917,249,2,462.99,10,66.67,900.05
10154,2917,38,1,385.99,5,29.34,396.03
10155,2918,485,2,875.99,0,140.16,1892.14
10156,2918,363,3,1073.99,10,231.98,3131.75
10157,2918,469,1,489.99,15,33.32,449.81
10158,2918,279,2,814.99,5,123.88,1672.36
10159,2918,316,1,1218.99,5,92.64,1250.68
10160,2918,442,1,799.99,15,54.4,734.39
10161,2919,251,1,134.99,5,10.26,138.5
10162,2919,209,4,565.99,0,181.12,2445.08
10163,2920,283,2,63.99,15,8.7,117.48
10164,2920,344,3,791.99,10,171.07,2309.44
10165,2920,231,4,121.99,10,35.13,474.29
10166,2921,213,3,700.99,0,168.24,2271.21
10167,2922,319,3,336.99,5,76.83,1037.25
10168,2922,424,4,823.99,0,263.68,3559.64
10169,2922,49,3,124.99,5,28.5,384.72
10170,2923,114,3,879.99,5,200.64,2708.61
10171,2923,186,1,937.99,10,67.54,911.73
10172,2923,305,2,1235.99,5,187.87,2536.25
10173,2924,198,1,1083.99,10,78.05,1053.64
10174,2924,376,2,121.99,0,19.52,263.5
10175,2924,38,4,385.99,10,111.17,1500.73
10176,2924,169,4,755.99,5,229.82,3102.58
10177,2924,246,1,1215.99,15,82.69,1116.28
10178,2924,460,2,1118.99,0,179.04,2417.02
10179,2925,109,2,1104.99,15,150.28,2028.76
10180,2925,135,3,933.99,10,201.74,2723.51
10181,2925,24,2,371.99,10,53.57,723.15
10182,2925,288,3,1187.99,10,256.61,3464.18
10183,2925,9,3,896.99,10,193.75,2615.62
10184,2925,349,3,29.99,15,6.12,82.59
10185,2926,36,1,624.99,0,50,674.99
10186,2926,126,1,1486.99,5,113.01,1525.65
10187,2926,55,3,856.99,5,195.39,2637.81
10188,2926,452,4,364.99,10,105.12,1419.08
10189,2927,46,3,941.99,0,226.08,3052.05
10190,2927,26,3,270.99,5,61.79,834.11
10191,2927,492,3,494.99,15,100.98,1363.2
10192,2927,203,4,992.99,15,270.09,3646.26
10193,2928,97,4,432.99,0,138.56,1870.52
10194,2928,136,1,182.99,5,13.91,187.75
10195,2928,272,3,425.99,10,92.01,1242.18
10196,2928,61,2,130.99,5,19.91,268.79
10197,2928,15,4,1374.99,15,374,5048.97
10198,2929,469,3,489.99,10,105.84,1428.81
10199,2929,280,2,1103.99,10,158.97,2146.15
10200,2929,36,3,624.99,10,135,1822.47
10201,2929,166,1,247.99,5,18.85,254.44
10202,2930,86,3,113.99,10,24.62,332.39
10203,2930,485,3,875.99,15,178.7,2412.47
10204,2930,27,2,788.99,15,107.3,1448.58
10205,2930,468,1,757.99,5,57.61,777.7
10206,2931,149,3,1056.99,15,215.63,2910.95
10207,2932,404,1,1238.99,15,84.25,1137.39
10208,2932,481,1,413.99,10,29.81,402.4
10209,2932,462,1,30.99,15,2.11,28.45
10210,2932,320,1,1027.99,15,69.9,943.69
10211,2932,26,2,270.99,5,41.19,556.07
10212,2933,225,3,861.99,15,175.85,2373.92
10213,2933,130,1,1187.99,5,90.29,1218.88
10214,2933,342,3,1071.99,0,257.28,3473.25
10215,2934,240,4,1188.99,10,342.43,4622.79
10216,2935,178,3,1071.99,0,257.28,3473.25
10217,2935,122,1,1350.99,5,102.68,1386.12
10218,2935,476,3,732.99,5,167.12,2256.14
10219,2935,296,1,52.99,10,3.82,51.51
10220,2935,99,4,1421.99,15,386.78,5221.55
10221,2936,177,2,1234.99,5,187.72,2534.2
10222,2936,159,2,229.99,0,36.8,496.78
10223,2936,212,2,893.99,5,135.89,1834.47
10224,2936,497,2,681.99,10,98.21,1325.79
10225,2936,389,2,1452.99,5,220.85,2981.53
10226,2937,500,4,835.99,5,254.14,3430.9
10227,2937,138,1,1243.99,0,99.52,1343.51
10228,2937,164,3,135.99,0,32.64,440.61
10229,2937,463,3,1279.99,0,307.2,4147.17
10230,2937,207,2,1123.99,0,179.84,2427.82
10231,2937,199,4,882.99,5,268.43,3623.79
10232,2938,113,1,549.99,0,44,593.99
10233,2938,335,4,758.99,0,242.88,3278.84
10234,2938,162,1,259.99,0,20.8,280.79
10235,2939,113,3,549.99,10,118.8,1603.77
10236,2939,215,2,686.99,10,98.93,1335.51
10237,2939,480,4,833.99,10,240.19,3242.55
10238,2939,409,4,773.99,10,222.91,3009.27
10239,2940,30,2,307.99,15,41.89,565.47
10240,2940,61,1,130.99,5,9.96,134.4
10241,2940,194,4,1138.99,0,364.48,4920.44
10242,2940,389,4,1452.99,0,464.96,6276.92
10243,2940,374,4,1025.99,5,311.9,4210.66
10244,2941,423,4,1494.99,5,454.48,6135.44
10245,2941,244,2,42.99,0,6.88,92.86
10246,2941,231,4,121.99,10,35.13,474.29
10247,2942,190,2,1002.99,10,144.43,1949.81
10248,2942,25,4,109.99,15,29.92,403.89
10249,2942,428,4,160.99,0,51.52,695.48
10250,2942,63,1,1206.99,15,82.08,1108.02
10251,2943,45,2,896.99,0,143.52,1937.5
10252,2943,238,3,280.99,15,57.32,773.84
10253,2944,495,3,974.99,10,210.6,2843.07
10254,2945,144,1,260.99,10,18.79,253.68
10255,2945,59,3,254.99,5,58.14,784.86
10256,2945,147,3,22.99,0,5.52,74.49
10257,2946,138,2,1243.99,15,169.18,2283.96
10258,2946,160,1,1272.99,15,86.56,1168.6
10259,2946,197,4,659.99,15,179.52,2423.49
10260,2946,67,2,879.99,10,126.72,1710.7
10261,2946,480,1,833.99,10,60.05,810.64
10262,2946,327,3,975.99,15,199.1,2687.87
10263,2947,162,2,259.99,15,35.36,477.34
10264,2948,153,2,850.99,15,115.73,1562.41
10265,2948,338,2,674.99,15,91.8,1239.28
10266,2948,435,3,214.99,5,49.02,661.74
10267,2948,339,4,200.99,0,64.32,868.28
10268,2948,152,4,47.99,15,13.05,176.22
10269,2949,109,2,1104.99,0,176.8,2386.78
10270,2949,360,1,407.99,0,32.64,440.63
10271,2950,83,3,549.99,0,132,1781.97
10272,2950,500,2,835.99,5,127.07,1715.45
10273,2950,453,1,351.99,5,26.75,361.14
10274,2950,289,2,1112.99,0,178.08,2404.06
10275,2950,430,1,421.99,5,32.07,432.96
10276,2950,450,1,670.99,0,53.68,724.67
10277,2951,235,3,1232.99,15,251.53,3395.65
10278,2952,145,3,864.99,15,176.46,2382.18
10279,2952,121,4,318.99,15,86.77,1171.34
10280,2953,41,3,549.99,10,118.8,1603.77
10281,2953,487,3,417.99,0,100.32,1354.29
10282,2953,330,3,791.99,0,190.08,2566.05
10283,2953,316,3,1218.99,10,263.3,3554.57
10284,2953,381,3,1077.99,0,258.72,3492.69
10285,2953,456,2,1330.99,15,181.01,2443.69
10286,2954,181,4,332.99,10,95.9,1294.66
10287,2954,288,2,1187.99,15,161.57,2181.15
10288,2955,9,4,896.99,5,272.68,3681.24
10289,2955,468,3,757.99,10,163.73,2210.3
10290,2955,257,1,1143.99,15,77.79,1050.18
10291,2955,410,3,169.99,10,36.72,495.69
10292,2955,222,4,1259.99,15,342.72,4626.69
10293,2955,43,3,423.99,5,96.67,1305.04
10294,2956,180,4,656.99,15,178.7,2412.47
10295,2956,431,1,124.99,15,8.5,114.74
10296,2956,89,4,794.99,0,254.4,3434.36
10297,2956,181,3,332.99,0,79.92,1078.89
10298,2956,451,1,1029.99,5,78.28,1056.77
10299,2957,372,4,364.99,5,110.96,1497.92
10300,2957,305,3,1235.99,10,266.97,3604.14
10301,2957,450,2,670.99,0,107.36,1449.34
10302,2957,229,4,611.99,15,166.46,2247.23
10303,2957,109,1,1104.99,10,79.56,1074.05
10304,2958,16,4,809.99,15,220.32,2974.29
10305,2958,29,4,573.99,10,165.31,2231.67
10306,2958,452,4,364.99,15,99.28,1340.25
10307,2958,265,4,454.99,0,145.6,1965.56
10308,2958,194,3,1138.99,5,259.69,3505.81
10309,2958,258,2,277.99,5,42.25,570.43
10310,2959,211,4,440.99,15,119.95,1619.32
10311,2959,376,3,121.99,5,27.81,375.48
10312,2959,186,3,937.99,10,202.61,2735.18
10313,2959,290,2,963.99,5,146.53,1978.11
10314,2959,416,1,444.99,0,35.6,480.59
10315,2959,216,2,979.99,0,156.8,2116.78
10316,2960,322,3,291.99,15,59.57,804.14
10317,2960,49,3,124.99,5,28.5,384.72
10318,2960,276,1,293.99,5,22.34,301.63
10319,2960,259,4,491.99,15,133.82,1806.59
10320,2961,118,4,213.99,0,68.48,924.44
10321,2962,288,3,1187.99,5,270.86,3656.63
10322,2963,116,3,1096.99,10,236.95,3198.82
10323,2963,299,1,71.99,15,4.9,66.09
10324,2964,308,2,1135.99,0,181.76,2453.74
10325,2965,28,2,176.99,15,24.07,324.95
10326,2965,119,4,975.99,10,281.09,3794.65
10327,2966,329,1,464.99,10,33.48,451.97
10328,2966,121,2,318.99,0,51.04,689.02
10329,2966,254,3,621.99,10,134.35,1813.72
10330,2966,25,3,109.99,15,22.44,302.91
10331,2966,3,1,889.99,5,67.64,913.13
10332,2966,459,4,868.99,10,250.27,3378.63
10333,2967,238,2,280.99,5,42.71,576.59
10334,2967,415,2,1290.99,10,185.9,2509.68
10335,2968,320,4,1027.99,0,328.96,4440.92
10336,2968,490,3,968.99,0,232.56,3139.53
10337,2968,128,3,987.99,0,237.12,3201.09
10338,2968,180,2,656.99,0,105.12,1419.1
10339,2968,460,2,1118.99,5,170.09,2296.17
10340,2968,322,4,291.99,15,79.42,1072.19
10341,2969,303,1,230.99,10,16.63,224.52
10342,2969,385,2,1224.99,10,176.4,2381.38
10343,2969,316,1,1218.99,10,87.77,1184.86
10344,2969,51,3,246.99,15,50.39,680.21
10345,2970,295,3,1309.99,5,298.68,4032.15
10346,2971,366,2,1373.99,10,197.85,2671.03
10347,2971,153,1,850.99,10,61.27,827.16
10348,2972,273,2,1167.99,15,158.85,2144.43
10349,2972,13,4,241.99,0,77.44,1045.4
10350,2972,494,4,1384.99,10,398.88,5384.84
10351,2972,111,1,282.99,5,21.51,290.35
10352,2972,92,1,1065.99,0,85.28,1151.27
10353,2972,414,2,1426.99,5,216.9,2928.18
10354,2973,169,1,755.99,0,60.48,816.47
10355,2973,80,2,811.99,15,110.43,1490.81
10356,2973,331,4,1061.99,5,322.84,4358.4
10357,2973,219,4,737.99,0,236.16,3188.12
10358,2973,36,2,624.99,5,95,1282.48
10359,2973,135,1,933.99,5,70.98,958.27
10360,2974,86,4,113.99,15,31.01,418.58
10361,2974,61,3,130.99,15,26.72,360.74
10362,2974,32,2,471.99,15,64.19,866.57
10363,2974,188,4,1278.99,10,368.35,4972.71
10364,2974,418,4,445.99,15,121.31,1637.68
10365,2975,84,2,186.99,0,29.92,403.9
10366,2976,290,2,963.99,10,138.81,1873.99
10367,2976,231,3,121.99,0,29.28,395.25
10368,2976,472,2,393.99,15,53.58,723.36
10369,2977,4,1,935.99,5,71.14,960.33
10370,2977,499,3,1078.99,15,220.11,2971.53
10371,2977,369,4,1321.99,15,359.58,4854.35
10372,2977,258,2,277.99,10,40.03,540.41
10373,2977,67,3,879.99,10,190.08,2566.05
10374,2977,6,4,98.99,0,31.68,427.64
10375,2978,323,3,599.99,10,129.6,1749.57
10376,2978,283,2,63.99,0,10.24,138.22
10377,2979,418,2,445.99,5,67.79,915.17
10378,2979,451,2,1029.99,5,156.56,2113.54
10379,2979,167,4,715.99,5,217.66,2938.42
10380,2979,63,3,1206.99,0,289.68,3910.65
10381,2979,58,4,1408.99,0,450.88,6086.84
10382,2979,169,1,755.99,15,51.41,694
10383,2980,263,1,787.99,15,53.58,723.37
10384,2980,321,2,679.99,0,108.8,1468.78
10385,2980,470,4,203.99,15,55.49,749.06
10386,2980,228,1,836.99,0,66.96,903.95
10387,2980,171,1,399.99,15,27.2,367.19
10388,2980,206,2,1275.99,0,204.16,2756.14
10389,2981,37,1,303.99,15,20.67,279.06
10390,2981,80,3,811.99,10,175.39,2367.76
10391,2982,276,4,293.99,0,94.08,1270.04
10392,2982,270,3,213.99,5,48.79,658.66
10393,2982,487,1,417.99,10,30.1,406.29
10394,2982,120,3,1301.99,5,296.85,4007.52
10395,2983,66,3,276.99,0,66.48,897.45
10396,2983,63,2,1206.99,10,173.81,2346.39
10397,2984,121,2,318.99,15,43.38,585.66
10398,2984,356,3,328.99,5,75.01,1012.63
10399,2985,117,2,957.99,0,153.28,2069.26
10400,2985,66,2,276.99,15,37.67,508.55
10401,2985,342,3,1071.99,5,244.41,3299.58
10402,2985,84,3,186.99,5,42.63,575.55
10403,2986,466,1,796.99,10,57.38,774.67
10404,2986,304,2,119.99,0,19.2,259.18
10405,2986,93,4,498.99,5,151.69,2047.85
10406,2986,25,3,109.99,15,22.44,302.91
10407,2986,136,4,182.99,10,52.7,711.46
10408,2986,214,4,423.99,5,128.89,1740.05
10409,2987,36,1,624.99,5,47.5,641.24
10410,2987,286,4,365.99,10,105.41,1422.97
10411,2987,338,3,674.99,15,137.7,1858.92
10412,2988,222,3,1259.99,5,287.28,3878.25
10413,2988,87,4,1443.99,10,415.87,5614.23
10414,2988,349,3,29.99,10,6.48,87.45
10415,2988,91,2,1053.99,15,143.34,1935.12
10416,2988,486,4,220.99,10,63.65,859.21
10417,2989,310,4,1363.99,0,436.48,5892.44
10418,2990,73,3,1030.99,15,210.32,2839.34
10419,2990,185,2,252.99,5,38.45,519.13
10420,2991,210,2,919.99,10,132.48,1788.46
10421,2991,42,2,1420.99,10,204.62,2762.4
10422,2992,432,4,423.99,15,115.33,1556.9
10423,2992,258,3,277.99,0,66.72,900.69
10424,2992,1,1,524.99,0,42,566.99
10425,2992,155,3,635.99,10,137.37,1854.54
10426,2992,395,4,1497.99,10,431.42,5824.18
10427,2992,252,1,896.99,0,71.76,968.75
10428,2993,390,1,33.99,15,2.31,31.2
10429,2993,92,1,1065.99,5,81.02,1093.71
10430,2993,138,1,1243.99,10,89.57,1209.16
10431,2993,143,4,553.99,15,150.69,2034.26
10432,2993,473,3,1377.99,10,297.65,4018.22
10433,2993,106,1,151.99,15,10.34,139.53
10434,2994,29,4,573.99,15,156.13,2107.7
10435,2994,262,1,140.99,10,10.15,137.04
10436,2994,146,2,26.99,5,4.1,55.38
10437,2995,104,4,1343.99,15,365.57,4935.14
10438,2995,444,2,682.99,5,103.81,1401.49
10439,2995,75,2,927.99,5,141.05,1904.23
10440,2996,84,2,186.99,10,26.93,363.51
10441,2997,336,3,743.99,15,151.77,2048.94
10442,2997,169,2,755.99,0,120.96,1632.94
10443,2997,331,1,1061.99,5,80.71,1089.6
10444,2997,105,3,1499.99,5,342,4616.97
10445,2998,30,3,307.99,5,70.22,947.99
10446,2998,86,4,113.99,0,36.48,492.44
10447,2998,165,1,1057.99,10,76.18,1028.37
10448,2998,192,3,192.99,0,46.32,625.29
10449,2998,285,3,936.99,15,191.15,2580.47
10450,2998,292,2,907.99,10,130.75,1765.13
10451,2999,325,4,527.99,10,152.06,2052.82
10452,2999,21,3,683.99,15,139.53,1883.7
10453,3000,361,3,531.99,15,108.53,1465.1
10454,3000,115,1,548.99,10,39.53,533.62
10455,3000,345,2,1180.99,15,160.61,2168.29
10456,3000,425,4,817.99,0,261.76,3533.72
10457,3001,203,3,992.99,10,214.49,2895.56
10458,3001,348,1,586.99,0,46.96,633.95
10459,3002,263,2,787.99,0,126.08,1702.06
10460,3002,403,3,760.99,10,164.37,2219.04
10461,3003,321,4,679.99,5,206.72,2790.68
10462,3003,295,4,1309.99,0,419.2,5659.16
10463,3003,391,2,1383.99,0,221.44,2989.42
10464,3003,179,1,251.99,0,20.16,272.15
10465,3003,148,1,705.99,10,50.83,686.22
10466,3004,458,4,449.99,5,136.8,1846.76
10467,3004,332,1,1276.99,10,91.94,1241.23
10468,3004,368,4,1159.99,10,334.08,4510.04
10469,3004,474,2,500.99,5,76.15,1028.03
10470,3004,196,3,347.99,10,75.17,1014.74
10471,3004,30,3,307.99,10,66.53,898.1
10472,3005,337,2,1160.99,0,185.76,2507.74
10473,3005,169,1,755.99,10,54.43,734.82
10474,3006,92,1,1065.99,15,72.49,978.58
10475,3006,479,1,1129.99,5,85.88,1159.37
10476,3007,254,3,621.99,0,149.28,2015.25
10477,3007,381,2,1077.99,5,163.85,2212.03
10478,3007,51,1,246.99,0,19.76,266.75
10479,3007,357,4,481.99,0,154.24,2082.2
10480,3007,33,4,1048.99,5,318.89,4305.05
10481,3007,261,1,718.99,10,51.77,698.86
10482,3008,410,4,169.99,10,48.96,660.92
10483,3009,75,2,927.99,5,141.05,1904.23
10484,3009,141,4,1173.99,10,338.11,4564.47
10485,3009,442,3,799.99,5,182.4,2462.37
10486,3009,312,1,522.99,5,39.75,536.59
10487,3009,132,4,728.99,15,198.29,2676.86
10488,3009,358,4,94.99,5,28.88,389.84
10489,3010,276,2,293.99,10,42.33,571.51
10490,3011,69,1,998.99,0,79.92,1078.91
10491,3012,233,2,133.99,15,18.22,246
10492,3012,34,2,67.99,10,9.79,132.17
10493,3012,138,4,1243.99,5,378.17,5105.33
10494,3013,138,1,1243.99,5,94.54,1276.33
10495,3013,296,3,52.99,0,12.72,171.69
10496,3013,175,3,667.99,0,160.32,2164.29
10497,3013,62,4,516.99,0,165.44,2233.4
10498,3014,466,1,796.99,0,63.76,860.75
10499,3014,71,2,1311.99,5,199.42,2692.2
10500,3014,472,3,393.99,5,89.83,1212.7
10501,3015,228,3,836.99,10,180.79,2440.66
10502,3015,84,2,186.99,15,25.43,343.31
10503,3015,294,4,184.99,10,53.28,719.24
10504,3015,468,1,757.99,10,54.58,736.77
10505,3015,490,2,968.99,0,155.04,2093.02
10506,3016,256,3,395.99,10,85.53,1154.7
10507,3016,251,3,134.99,10,29.16,393.63
10508,3016,404,3,1238.99,15,252.75,3412.17
10509,3016,275,1,329.99,0,26.4,356.39
10510,3016,373,4,1329.99,5,404.32,5458.28
10511,3016,86,1,113.99,10,8.21,110.8
10512,3017,381,3,1077.99,10,232.85,3143.42
10513,3018,157,4,33.99,15,9.25,124.82
10514,3018,62,3,516.99,5,117.87,1591.29
10515,3018,265,4,454.99,10,131.04,1769
10516,3018,230,3,875.99,0,210.24,2838.21
10517,3018,300,4,991.99,0,317.44,4285.4
10518,3018,314,2,159.99,0,25.6,345.58
10519,3019,476,1,732.99,10,52.78,712.47
10520,3019,202,4,721.99,0,231.04,3119
10521,3020,21,3,683.99,15,139.53,1883.7
10522,3020,345,3,1180.99,5,269.27,3635.09
10523,3020,363,4,1073.99,5,326.49,4407.65
10524,3020,42,1,1420.99,0,113.68,1534.67
10525,3021,168,1,387.99,15,26.38,356.17
10526,3021,293,3,1158.99,10,250.34,3379.61
10527,3021,474,3,500.99,15,102.2,1379.72
10528,3022,122,1,1350.99,5,102.68,1386.12
10529,3022,116,4,1096.99,15,298.38,4028.15
10530,3022,203,3,992.99,0,238.32,3217.29
10531,3022,210,3,919.99,0,220.8,2980.77
10532,3022,152,1,47.99,5,3.65,49.24
10533,3023,394,2,198.99,5,30.25,408.33
10534,3024,29,1,573.99,15,39.03,526.92
10535,3024,281,3,1147.99,0,275.52,3719.49
10536,3025,447,4,1108.99,15,301.65,4072.22
10537,3025,262,3,140.99,10,30.45,411.12
10538,3025,126,1,1486.99,5,113.01,1525.65
10539,3025,157,1,33.99,0,2.72,36.71
10540,3025,223,3,526.99,0,126.48,1707.45
10541,3025,118,4,213.99,5,65.05,878.21
10542,3026,150,3,335.99,10,72.57,979.74
10543,3026,217,4,1491.99,15,405.82,5478.59
10544,3026,360,4,407.99,5,124.03,1674.39
10545,3026,244,2,42.99,0,6.88,92.86
10546,3027,142,3,614.99,15,125.46,1693.68
10547,3027,81,3,1111.99,15,226.85,3062.42
10548,3027,215,3,686.99,15,140.15,1891.97
10549,3027,148,4,705.99,15,192.03,2592.4
10550,3027,20,1,632.99,15,43.04,581.08
10551,3027,185,2,252.99,15,34.41,464.49
10552,3028,311,1,1079.99,5,82.08,1108.07
10553,3028,420,4,653.99,0,209.28,2825.24
10554,3028,475,1,1263.99,0,101.12,1365.11
10555,3028,394,4,198.99,5,60.49,816.65
10556,3028,184,1,446.99,5,33.97,458.61
10557,3028,60,2,1245.99,10,179.42,2422.2
10558,3029,69,1,998.99,15,67.93,917.07
10559,3029,367,1,419.99,0,33.6,453.59
10560,3030,412,4,1121.99,5,341.08,4604.64
10561,3030,260,2,301.99,10,43.49,587.07
10562,3030,4,3,935.99,5,213.41,2880.98
10563,3030,66,2,276.99,10,39.89,538.47
10564,3030,494,1,1384.99,15,94.18,1271.42
10565,3031,75,4,927.99,0,296.96,4008.92
10566,3031,392,3,691.99,0,166.08,2242.05
10567,3031,105,1,1499.99,15,102,1376.99
10568,3031,214,2,423.99,15,57.66,778.44
10569,3032,100,1,291.99,15,19.86,268.05
10570,3032,44,1,586.99,5,44.61,602.25
10571,3033,231,2,121.99,5,18.54,250.32
10572,3033,467,4,827.99,10,238.46,3219.22
10573,3033,400,1,1305.99,5,99.26,1339.95
10574,3033,345,3,1180.99,15,240.92,3252.44
10575,3033,491,4,891.99,15,242.62,3275.39
10576,3033,169,1,755.99,0,60.48,816.47
10577,3034,150,4,335.99,5,102.14,1378.9
10578,3034,32,2,471.99,5,71.74,968.52
10579,3034,81,3,1111.99,5,253.53,3422.7
10580,3034,33,3,1048.99,0,251.76,3398.73
10581,3035,82,2,807.99,10,116.35,1570.73
10582,3036,494,2,1384.99,0,221.6,2991.58
10583,3036,52,4,449.99,5,136.8,1846.76
10584,3036,238,2,280.99,15,38.21,515.89
10585,3036,432,3,423.99,5,96.67,1305.04
10586,3037,415,3,1290.99,10,278.85,3764.52
10587,3037,170,2,865.99,5,131.63,1777.01
10588,3038,334,3,597.99,0,143.52,1937.49
10589,3039,13,2,241.99,10,34.85,470.43
10590,3039,139,3,1205.99,15,246.02,3321.29
10591,3039,29,1,573.99,5,43.62,588.91
10592,3039,19,4,1251.99,5,380.6,5138.16
10593,3040,133,4,514.99,5,156.56,2113.52
10594,3040,26,2,270.99,5,41.19,556.07
10595,3040,286,1,365.99,10,26.35,355.74
10596,3041,446,4,169.99,0,54.4,734.36
10597,3041,460,2,1118.99,10,161.13,2175.31
10598,3041,401,3,487.99,5,111.26,1502.03
10599,3041,135,4,933.99,15,254.05,3429.62
10600,3041,293,3,1158.99,10,250.34,3379.61
10601,3042,5,2,1162.99,15,158.17,2135.25
10602,3042,451,1,1029.99,0,82.4,1112.39
10603,3042,226,3,278.99,0,66.96,903.93
10604,3042,331,3,1061.99,5,242.13,3268.8
10605,3042,450,1,670.99,0,53.68,724.67
10606,3043,52,4,449.99,10,129.6,1749.56
10607,3043,122,2,1350.99,10,194.54,2626.32
10608,3043,358,1,94.99,0,7.6,102.59
10609,3043,381,1,1077.99,5,81.93,1106.02
10610,3043,69,3,998.99,0,239.76,3236.73
10611,3043,252,4,896.99,5,272.68,3681.24
10612,3044,179,2,251.99,5,38.3,517.08
10613,3045,462,2,30.99,10,4.46,60.24
10614,3045,248,2,804.99,5,122.36,1651.84
10615,3045,162,2,259.99,0,41.6,561.58
10616,3045,233,2,133.99,0,21.44,289.42
10617,3045,467,3,827.99,15,168.91,2280.28
10618,3045,107,4,384.99,5,117.04,1580
10619,3046,357,2,481.99,0,77.12,1041.1
10620,3046,433,2,834.99,0,133.6,1803.58
10621,3046,473,1,1377.99,5,104.73,1413.82
10622,3047,328,4,197.99,15,53.85,727.02
10623,3047,115,3,548.99,0,131.76,1778.73
10624,3048,173,2,682.99,10,98.35,1327.73
10625,3048,69,2,998.99,10,143.85,1942.03
10626,3049,87,1,1443.99,5,109.74,1481.53
10627,3049,373,4,1329.99,10,383.04,5171
10628,3049,335,3,758.99,10,163.94,2213.21
10629,3049,204,1,1355.99,5,103.06,1391.25
10630,3049,429,3,940.99,10,203.25,2743.92
10631,3050,302,2,1319.99,5,200.64,2708.62
10632,3050,136,3,182.99,10,39.53,533.6
10633,3051,239,3,133.99,5,30.55,412.42
10634,3051,303,3,230.99,5,52.67,710.99
10635,3051,314,1,159.99,10,11.52,155.51
10636,3051,257,3,1143.99,5,260.83,3521.2
10637,3051,201,1,501.99,15,34.14,460.83
10638,3052,422,3,572.99,15,116.89,1578.01
10639,3052,373,1,1329.99,10,95.76,1292.75
10640,3052,483,2,897.99,15,122.13,1648.71
10641,3052,56,3,425.99,15,86.9,1173.17
10642,3052,217,1,1491.99,10,107.42,1450.21
10643,3053,229,3,611.99,5,139.53,1883.7
10644,3054,354,1,946.99,5,71.97,971.61
10645,3054,459,3,868.99,5,198.13,2674.75
10646,3055,401,1,487.99,10,35.14,474.33
10647,3055,171,2,399.99,0,64,863.98
10648,3055,334,2,597.99,0,95.68,1291.66
10649,3055,119,3,975.99,0,234.24,3162.21
10650,3056,72,1,436.99,10,31.46,424.75
10651,3056,379,3,571.99,5,130.41,1760.58
10652,3056,103,3,310.99,10,67.17,906.84
10653,3057,300,2,991.99,10,142.85,1928.43
10654,3058,223,3,526.99,15,107.51,1451.33
10655,3058,109,1,1104.99,15,75.14,1014.38
10656,3058,354,3,946.99,0,227.28,3068.25
10657,3058,100,3,291.99,5,66.57,898.74
10658,3059,237,3,1263.99,0,303.36,4095.33
10659,3060,271,1,242.99,15,16.52,223.06
10660,3060,12,1,403.99,10,29.09,392.68
10661,3060,497,3,681.99,10,147.31,1988.68
10662,3061,407,4,160.99,0,51.52,695.48
10663,3061,60,2,1245.99,0,199.36,2691.34
10664,3061,311,3,1079.99,15,220.32,2974.29
10665,3062,301,1,517.99,15,35.22,475.51
10666,3062,239,4,133.99,5,40.73,549.89
10667,3062,37,4,303.99,15,82.69,1116.26
10668,3062,266,3,232.99,0,55.92,754.89
10669,3062,310,3,1363.99,0,327.36,4419.33
10670,3062,322,1,291.99,5,22.19,299.58
10671,3063,87,2,1443.99,5,219.49,2963.07
10672,3063,111,4,282.99,15,76.97,1039.14
10673,3064,258,2,277.99,15,37.81,510.39
10674,3064,256,4,395.99,10,114.05,1539.61
10675,3065,283,2,63.99,5,9.73,131.31
10676,3065,437,1,257.99,10,18.58,250.77
10677,3065,92,2,1065.99,0,170.56,2302.54
10678,3065,271,2,242.99,5,36.93,498.61
10679,3066,338,4,674.99,5,205.2,2770.16
10680,3066,491,2,891.99,5,135.58,1830.36
10681,3066,185,1,252.99,0,20.24,273.23
10682,3066,23,2,347.99,5,52.89,714.07
10683,3066,431,4,124.99,0,40,539.96
10684,3067,138,2,1243.99,5,189.09,2552.67
10685,3067,144,3,260.99,0,62.64,845.61
10686,3067,358,2,94.99,15,12.92,174.4
10687,3068,98,2,1194.99,5,181.64,2452.12
10688,3068,361,3,531.99,0,127.68,1723.65
10689,3068,202,1,721.99,15,49.1,662.79
10690,3068,46,4,941.99,15,256.22,3458.99
10691,3068,72,4,436.99,0,139.84,1887.8
10692,3068,238,1,280.99,0,22.48,303.47
10693,3069,287,1,549.99,10,39.6,534.59
10694,3069,288,2,1187.99,5,180.57,2437.75
10695,3069,189,3,612.99,10,132.41,1787.48
10696,3069,216,3,979.99,0,235.2,3175.17
10697,3069,67,2,879.99,15,119.68,1615.66
10698,3069,251,1,134.99,5,10.26,138.5
10699,3070,437,4,257.99,10,74.3,1003.06
10700,3070,73,3,1030.99,5,235.07,3173.39
10701,3070,499,3,1078.99,0,258.96,3495.93
10702,3070,169,2,755.99,0,120.96,1632.94
10703,3070,173,1,682.99,10,49.18,663.87
10704,3071,383,4,888.99,0,284.48,3840.44
10705,3071,409,2,773.99,0,123.84,1671.82
10706,3071,395,2,1497.99,10,215.71,2912.09
10707,3071,499,2,1078.99,10,155.37,2097.55
10708,3071,24,1,371.99,0,29.76,401.75
10709,3071,61,2,130.99,0,20.96,282.94
10710,3072,202,3,721.99,5,164.61,2222.28
10711,3072,253,2,978.99,15,133.14,1797.42
10712,3072,469,3,489.99,5,111.72,1508.19
10713,3072,343,3,758.99,15,154.83,2090.25
10714,3073,278,1,714.99,0,57.2,772.19
10715,3073,101,3,1394.99,15,284.58,3841.8
10716,3073,84,2,186.99,15,25.43,343.31
10717,3073,442,2,799.99,5,121.6,1641.58
10718,3074,394,3,198.99,10,42.98,580.25
10719,3074,305,3,1235.99,15,252.14,3403.91
10720,3074,201,4,501.99,15,136.54,1843.31
10721,3074,194,3,1138.99,10,246.02,3321.29
10722,3074,382,1,88.99,15,6.05,81.69
10723,3074,458,2,449.99,15,61.2,826.18
10724,3075,106,2,151.99,5,23.1,311.88
10725,3075,499,1,1078.99,15,73.37,990.51
10726,3075,77,2,453.99,15,61.74,833.52
10727,3075,135,3,933.99,0,224.16,3026.13
10728,3075,150,4,335.99,0,107.52,1451.48
10729,3076,484,1,622.99,5,47.35,639.19
10730,3076,411,1,1232.99,10,88.78,1198.47
10731,3077,426,1,887.99,0,71.04,959.03
10732,3077,148,3,705.99,10,152.49,2058.66
10733,3077,359,3,147.99,15,30.19,407.56
10734,3078,418,1,445.99,0,35.68,481.67
10735,3078,152,1,47.99,5,3.65,49.24
10736,3078,414,1,1426.99,0,114.16,1541.15
10737,3078,123,3,271.99,0,65.28,881.25
10738,3079,403,4,760.99,15,206.99,2794.36
10739,3079,203,3,992.99,10,214.49,2895.56
10740,3079,186,2,937.99,5,142.57,1924.75
10741,3080,139,1,1205.99,10,86.83,1172.22
10742,3080,126,2,1486.99,0,237.92,3211.9
10743,3081,173,4,682.99,15,185.77,2507.94
10744,3081,286,4,365.99,5,111.26,1502.02
10745,3081,204,4,1355.99,10,390.53,5272.09
10746,3082,192,2,192.99,0,30.88,416.86
10747,3082,277,4,422.99,10,121.82,1644.58
10748,3083,216,3,979.99,15,199.92,2698.89
10749,3083,105,4,1499.99,5,456,6155.96
10750,3083,124,2,388.99,15,52.9,714.18
10751,3083,141,2,1173.99,0,187.84,2535.82
10752,3084,437,1,257.99,5,19.61,264.7
10753,3084,158,4,1369.99,0,438.4,5918.36
10754,3084,22,2,1226.99,5,186.5,2517.78
10755,3084,72,1,436.99,10,31.46,424.75
10756,3084,47,3,498.99,5,113.77,1535.89
10757,3085,415,2,1290.99,5,196.23,2649.11
10758,3086,428,2,160.99,15,21.89,295.57
10759,3086,52,1,449.99,10,32.4,437.39
10760,3086,418,1,445.99,10,32.11,433.5
10761,3087,382,4,88.99,5,27.05,365.21
10762,3087,133,2,514.99,15,70.04,945.52
10763,3087,38,1,385.99,15,26.25,354.34
10764,3087,497,1,681.99,5,51.83,699.72
10765,3087,224,3,462.99,10,100.01,1350.08
10766,3087,405,4,33.99,10,9.79,132.15
10767,3088,24,4,371.99,15,101.18,1365.95
10768,3088,241,2,753.99,15,102.54,1384.32
10769,3088,313,2,1158.99,15,157.62,2127.9
10770,3088,10,2,551.99,5,83.9,1132.68
10771,3089,223,4,526.99,5,160.2,2162.76
10772,3089,462,3,30.99,15,6.32,85.34
10773,3090,485,4,875.99,10,252.29,3405.85
10774,3090,78,2,1476.99,0,236.32,3190.3
10775,3091,273,4,1167.99,0,373.76,5045.72
10776,3091,265,4,454.99,5,138.32,1867.28
10777,3092,231,1,121.99,15,8.3,111.99
10778,3093,250,1,314.99,5,23.94,323.18
10779,3093,340,2,1235.99,0,197.76,2669.74
10780,3093,404,4,1238.99,0,396.48,5352.44
10781,3093,384,3,898.99,0,215.76,2912.73
10782,3093,148,1,705.99,0,56.48,762.47
10783,3094,179,4,251.99,5,76.6,1034.16
10784,3094,457,4,929.99,15,252.96,3414.93
10785,3095,299,4,71.99,10,20.73,279.89
10786,3095,367,1,419.99,15,28.56,385.55
10787,3095,444,1,682.99,0,54.64,737.63
10788,3095,489,1,800.99,0,64.08,865.07
10789,3096,385,4,1224.99,5,372.4,5027.36
10790,3096,83,2,549.99,0,88,1187.98
10791,3096,4,1,935.99,0,74.88,1010.87
10792,3096,420,1,653.99,5,49.7,670.99
10793,3096,331,3,1061.99,10,229.39,3096.76
10794,3096,424,2,823.99,15,112.06,1512.84
10795,3097,21,1,683.99,5,51.98,701.77
10796,3097,63,3,1206.99,10,260.71,3519.58
10797,3097,402,2,723.99,15,98.46,1329.24
10798,3098,55,1,856.99,15,58.28,786.72
10799,3098,464,4,820.99,10,236.45,3192.01
10800,3099,259,3,491.99,0,118.08,1594.05
10801,3099,294,3,184.99,0,44.4,599.37
10802,3099,326,2,879.99,0,140.8,1900.78
10803,3099,55,3,856.99,5,195.39,2637.81
10804,3099,101,4,1394.99,10,401.76,5423.72
10805,3099,85,4,978.99,15,266.29,3594.86
10806,3100,103,1,310.99,10,22.39,302.28
10807,3100,124,3,388.99,15,79.35,1071.27
10808,3101,61,4,130.99,15,35.63,481
10809,3101,67,4,879.99,10,253.44,3421.4
10810,3101,27,2,788.99,5,119.93,1619.01
10811,3101,198,2,1083.99,5,164.77,2224.35
10812,3101,199,3,882.99,15,180.13,2431.75
10813,3101,296,4,52.99,0,16.96,228.92
10814,3102,206,4,1275.99,5,387.9,5236.66
10815,3102,252,1,896.99,10,64.58,871.87
10816,3102,460,1,1118.99,0,89.52,1208.51
10817,3102,152,4,47.99,10,13.82,186.58
10818,3102,432,1,423.99,0,33.92,457.91
10819,3102,374,2,1025.99,10,147.74,1994.52
10820,3103,56,4,425.99,15,115.87,1564.24
10821,3103,334,3,597.99,15,121.99,1646.86
10822,3103,362,1,285.99,5,21.74,293.43
10823,3103,131,1,371.99,5,28.27,381.66
10824,3104,420,2,653.99,0,104.64,1412.62
10825,3104,147,4,22.99,0,7.36,99.32
10826,3104,50,2,1364.99,15,185.64,2506.12
10827,3104,339,3,200.99,15,41,553.52
10828,3104,82,3,807.99,0,193.92,2617.89
10829,3104,64,4,546.99,15,148.78,2008.55
10830,3105,399,2,94.99,10,13.68,184.66
10831,3105,155,3,635.99,10,137.37,1854.54
10832,3105,468,4,757.99,5,230.43,3110.79
10833,3105,469,3,489.99,5,111.72,1508.19
10834,3106,395,2,1497.99,0,239.68,3235.66
10835,3106,139,2,1205.99,0,192.96,2604.94
10836,3106,371,4,105.99,5,32.22,434.98
10837,3106,150,3,335.99,10,72.57,979.74
10838,3106,270,3,213.99,10,46.22,623.99
10839,3107,55,4,856.99,5,260.52,3517.08
10840,3107,237,1,1263.99,15,85.95,1160.34
10841,3107,342,4,1071.99,15,291.58,3936.35
10842,3107,354,4,946.99,10,272.73,3681.89
10843,3107,386,4,300.99,15,81.87,1105.24
10844,3108,96,3,545.99,15,111.38,1503.65
10845,3109,157,3,33.99,15,6.93,93.6
10846,3110,340,4,1235.99,15,336.19,4538.56
10847,3110,37,3,303.99,10,65.66,886.43
10848,3110,291,3,1046.99,15,213.59,2883.41
10849,3111,476,4,732.99,15,199.37,2691.54
10850,3111,453,1,351.99,15,23.94,323.13
10851,3112,442,3,799.99,0,192,2591.97
10852,3112,200,2,330.99,5,50.31,679.19
10853,3112,168,4,387.99,5,117.95,1592.31
10854,3112,476,4,732.99,0,234.56,3166.52
10855,3112,86,1,113.99,0,9.12,123.11
10856,3112,111,1,282.99,10,20.38,275.07
10857,3113,31,2,542.99,15,73.85,996.93
10858,3113,115,3,548.99,10,118.58,1600.85
10859,3114,417,2,897.99,0,143.68,1939.66
10860,3114,2,1,102.99,0,8.24,111.23
10861,3115,404,2,1238.99,0,198.24,2676.22
10862,3116,118,2,213.99,0,34.24,462.22
10863,3116,498,2,525.99,10,75.74,1022.52
10864,3116,311,2,1079.99,5,164.16,2216.14
10865,3116,441,3,766.99,15,156.47,2112.29
10866,3117,232,4,1001.99,10,288.57,3895.73
10867,3117,431,3,124.99,0,30,404.97
10868,3117,314,3,159.99,5,36.48,492.45
10869,3117,202,3,721.99,10,155.95,2105.32
10870,3117,97,3,432.99,10,93.53,1262.6
10871,3117,375,2,541.99,0,86.72,1170.7
10872,3118,238,4,280.99,0,89.92,1213.88
10873,3118,431,3,124.99,15,25.5,344.22
10874,3118,214,2,423.99,5,64.45,870.03
10875,3118,180,3,656.99,5,149.79,2022.21
10876,3118,340,1,1235.99,10,88.99,1201.38
10877,3119,221,4,1084.99,15,295.12,3984.09
10878,3120,203,1,992.99,15,67.52,911.56
10879,3120,337,4,1160.99,15,315.79,4263.16
10880,3120,80,4,811.99,10,233.85,3157.01
10881,3120,295,4,1309.99,10,377.28,5093.24
10882,3120,154,2,156.99,10,22.61,305.19
10883,3121,370,1,1201.99,15,81.74,1103.43
10884,3122,379,2,571.99,10,82.37,1111.95
10885,3122,136,1,182.99,5,13.91,187.75
10886,3122,416,4,444.99,10,128.16,1730.12
10887,3122,456,1,1330.99,0,106.48,1437.47
10888,3123,473,2,1377.99,10,198.43,2678.81
10889,3123,90,4,825.99,10,237.89,3211.45
10890,3123,441,4,766.99,0,245.44,3313.4
10891,3124,131,4,371.99,15,101.18,1365.95
10892,3124,250,2,314.99,15,42.84,578.32
10893,3124,314,2,159.99,0,25.6,345.58
10894,3124,138,4,1243.99,0,398.08,5374.04
10895,3125,373,3,1329.99,10,287.28,3878.25
10896,3126,371,1,105.99,15,7.21,97.3
10897,3126,391,3,1383.99,5,315.55,4259.92
10898,3126,37,1,303.99,15,20.67,279.06
10899,3127,446,2,169.99,10,24.48,330.46
10900,3127,385,4,1224.99,10,352.8,4762.76
10901,3127,215,1,686.99,10,49.46,667.75
10902,3127,127,3,1200.99,0,288.24,3891.21
10903,3127,490,4,968.99,15,263.57,3558.14
10904,3127,182,4,766.99,10,220.89,2982.05
10905,3128,493,2,451.99,15,61.47,829.85
10906,3128,24,3,371.99,5,84.81,1144.98
10907,3128,3,3,889.99,5,202.92,2739.39
10908,3128,333,1,1238.99,15,84.25,1137.39
10909,3129,5,1,1162.99,0,93.04,1256.03
10910,3129,74,1,143.99,5,10.94,147.73
10911,3129,143,1,553.99,15,37.67,508.56
10912,3130,106,2,151.99,15,20.67,279.05
10913,3130,198,4,1083.99,5,329.53,4448.69
10914,3131,95,3,449.99,15,91.8,1239.27
10915,3131,116,4,1096.99,0,351.04,4739
10916,3132,353,4,155.99,0,49.92,673.88
10917,3132,460,2,1118.99,0,179.04,2417.02
10918,3132,361,4,531.99,5,161.72,2183.28
10919,3132,165,1,1057.99,0,84.64,1142.63
10920,3132,373,3,1329.99,15,271.32,3662.79
10921,3132,168,1,387.99,10,27.94,377.13
10922,3133,272,1,425.99,0,34.08,460.07
10923,3133,350,3,1204.99,0,289.2,3904.17
10924,3133,158,2,1369.99,10,197.28,2663.26
10925,3133,105,1,1499.99,15,102,1376.99
10926,3134,477,2,1192.99,15,162.25,2190.33
10927,3134,485,2,875.99,15,119.13,1608.31
10928,3134,490,1,968.99,0,77.52,1046.51
10929,3134,188,1,1278.99,10,92.09,1243.18
10930,3134,8,2,586.99,10,84.53,1141.11
10931,3135,392,1,691.99,5,52.59,709.98
10932,3135,2,1,102.99,15,7,94.54
10933,3135,82,1,807.99,0,64.64,872.63
10934,3136,456,3,1330.99,15,271.52,3665.54
10935,3137,309,1,103.99,0,8.32,112.31
10936,3137,86,4,113.99,0,36.48,492.44
10937,3137,287,3,549.99,0,132,1781.97
10938,3137,77,3,453.99,10,98.06,1323.83
10939,3137,317,2,1482.99,0,237.28,3203.26
10940,3138,254,1,621.99,15,42.3,570.99
10941,3138,260,3,301.99,5,68.85,929.52
10942,3138,453,4,351.99,5,107,1444.56
10943,3138,175,1,667.99,0,53.44,721.43
10944,3138,166,3,247.99,0,59.52,803.49
10945,3138,99,2,1421.99,0,227.52,3071.5
10946,3139,404,3,1238.99,15,252.75,3412.17
10947,3139,55,3,856.99,10,185.11,2498.98
10948,3140,20,4,632.99,0,202.56,2734.52
10949,3140,358,3,94.99,5,21.66,292.38
10950,3140,482,1,774.99,5,58.9,795.14
10951,3140,227,4,1337.99,10,385.34,5202.1
10952,3140,467,2,827.99,0,132.48,1788.46
10953,3140,475,1,1263.99,10,91.01,1228.6
10954,3141,17,4,517.99,5,157.47,2125.83
10955,3141,295,2,1309.99,10,188.64,2546.62
10956,3141,323,2,599.99,15,81.6,1101.58
10957,3141,321,3,679.99,0,163.2,2203.17
10958,3141,124,3,388.99,10,84.02,1134.29
10959,3142,370,1,1201.99,0,96.16,1298.15
10960,3142,251,3,134.99,0,32.4,437.37
10961,3142,171,3,399.99,5,91.2,1231.17
10962,3142,496,2,484.99,10,69.84,942.82
10963,3142,303,1,230.99,10,16.63,224.52
10964,3143,237,3,1263.99,15,257.85,3481.02
10965,3143,434,1,1392.99,10,100.3,1353.99
10966,3143,83,3,549.99,10,118.8,1603.77
10967,3143,374,2,1025.99,10,147.74,1994.52
10968,3144,224,3,462.99,10,100.01,1350.08
10969,3144,310,1,1363.99,10,98.21,1325.8
10970,3144,256,3,395.99,15,80.78,1090.55
10971,3144,113,4,549.99,5,167.2,2257.16
10972,3144,458,2,449.99,0,72,971.98
10973,3145,12,3,403.99,0,96.96,1308.93
10974,3145,99,3,1421.99,0,341.28,4607.25
10975,3145,351,2,321.99,10,46.37,625.95
10976,3146,31,3,542.99,0,130.32,1759.29
10977,3146,131,1,371.99,0,29.76,401.75
10978,3146,253,1,978.99,15,66.57,898.71
10979,3146,37,3,303.99,5,69.31,935.68
10980,3146,447,1,1108.99,10,79.85,1077.94
10981,3147,114,1,879.99,0,70.4,950.39
10982,3147,105,3,1499.99,5,342,4616.97
10983,3147,25,3,109.99,5,25.08,338.55
10984,3147,127,3,1200.99,0,288.24,3891.21
10985,3147,457,2,929.99,5,141.36,1908.34
10986,3148,209,3,565.99,15,115.46,1558.73
10987,3148,262,2,140.99,5,21.43,289.31
10988,3148,50,4,1364.99,5,414.96,5601.92
10989,3148,362,1,285.99,15,19.45,262.54
10990,3148,142,2,614.99,0,98.4,1328.38
10991,3148,256,2,395.99,0,63.36,855.34
10992,3149,483,2,897.99,10,129.31,1745.69
10993,3149,172,4,1080.99,5,328.62,4436.38
10994,3149,360,1,407.99,10,29.38,396.57
10995,3149,281,1,1147.99,10,82.66,1115.85
10996,3149,60,4,1245.99,15,338.91,4575.28
10997,3150,73,2,1030.99,0,164.96,2226.94
10998,3150,25,2,109.99,5,16.72,225.7
10999,3150,445,2,20.99,10,3.02,40.8
11000,3150,123,4,271.99,10,78.33,1057.49
11001,3150,60,1,1245.99,0,99.68,1345.67
11002,3150,290,3,963.99,15,196.65,2654.82
11003,3151,283,3,63.99,15,13.05,176.22
11004,3151,63,2,1206.99,15,164.15,2216.03
11005,3152,175,1,667.99,5,50.77,685.36
11006,3152,76,3,1285.99,5,293.21,3958.28
11007,3152,405,1,33.99,10,2.45,33.04
11008,3153,28,4,176.99,0,56.64,764.6
11009,3153,322,4,291.99,5,88.76,1198.32
11010,3154,179,1,251.99,0,20.16,272.15
11011,3154,332,2,1276.99,15,173.67,2344.55
11012,3154,192,3,192.99,15,39.37,531.49
11013,3154,437,2,257.99,10,37.15,501.53
11014,3155,55,2,856.99,15,116.55,1573.43
11015,3155,489,4,800.99,10,230.69,3114.25
11016,3155,365,2,1002.99,10,144.43,1949.81
11017,3155,405,2,33.99,0,5.44,73.42
11018,3156,195,3,420.99,0,101.04,1364.01
11019,3156,444,3,682.99,10,147.53,1991.6
11020,3156,354,2,946.99,10,136.37,1840.95
11021,3156,132,4,728.99,5,221.61,2991.77
11022,3157,71,4,1311.99,0,419.84,5667.8
11023,3158,256,3,395.99,5,90.29,1218.86
11024,3158,458,1,449.99,15,30.6,413.09
11025,3158,382,3,88.99,0,21.36,288.33
11026,3158,248,1,804.99,5,61.18,825.92
11027,3158,498,2,525.99,15,71.53,965.71
11028,3159,266,2,232.99,15,31.69,427.77
11029,3159,318,2,300.99,0,48.16,650.14
11030,3159,73,1,1030.99,15,70.11,946.45
11031,3159,57,2,461.99,15,62.83,848.21
11032,3159,33,4,1048.99,15,285.33,3851.9
11033,3159,112,2,652.99,5,99.25,1339.93
11034,3160,52,2,449.99,10,64.8,874.78
11035,3160,128,4,987.99,10,284.54,3841.3
11036,3160,4,1,935.99,0,74.88,1010.87
11037,3161,482,4,774.99,10,223.2,3013.16
11038,3162,262,1,140.99,10,10.15,137.04
11039,3162,307,3,1360.99,10,293.97,3968.64
11040,3163,214,3,423.99,15,86.49,1167.66
11041,3163,83,4,549.99,10,158.4,2138.36
11042,3164,143,2,553.99,15,75.34,1017.12
11043,3164,113,1,549.99,15,37.4,504.89
11044,3164,331,1,1061.99,15,72.22,974.91
11045,3164,293,3,1158.99,15,236.43,3191.85
11046,3165,299,4,71.99,0,23.04,311
11047,3166,345,2,1180.99,10,170.06,2295.84
11048,3166,289,1,1112.99,0,89.04,1202.03
11049,3166,130,2,1187.99,0,190.08,2566.06
11050,3166,426,2,887.99,15,120.77,1630.35
11051,3167,35,2,1193.99,10,171.93,2321.11
11052,3167,185,2,252.99,15,34.41,464.49
11053,3167,267,3,1201.99,5,274.05,3699.72
11054,3167,334,4,597.99,0,191.36,2583.32
11055,3167,189,2,612.99,0,98.08,1324.06
11056,3167,270,1,213.99,5,16.26,219.55
11057,3168,199,3,882.99,15,180.13,2431.75
11058,3168,212,4,893.99,0,286.08,3862.04
11059,3168,145,3,864.99,15,176.46,2382.18
11060,3168,89,4,794.99,0,254.4,3434.36
11061,3168,459,1,868.99,0,69.52,938.51
11062,3168,162,4,259.99,0,83.2,1123.16
11063,3169,314,2,159.99,5,24.32,328.3
11064,3170,315,2,852.99,10,122.83,1658.21
11065,3171,61,1,130.99,15,8.91,120.25
11066,3171,74,1,143.99,10,10.37,139.96
11067,3172,380,3,1349.99,0,324,4373.97
11068,3173,301,1,517.99,15,35.22,475.51
11069,3174,334,3,597.99,0,143.52,1937.49
11070,3174,173,4,682.99,15,185.77,2507.94
11071,3174,345,1,1180.99,15,80.31,1084.15
11072,3174,92,2,1065.99,15,144.97,1957.15
11073,3174,19,3,1251.99,10,270.43,3650.8
11074,3175,215,4,686.99,10,197.85,2671.01
11075,3176,403,1,760.99,5,57.84,780.78
11076,3176,411,3,1232.99,15,251.53,3395.65
11077,3176,261,1,718.99,5,54.64,737.68
11078,3176,21,1,683.99,0,54.72,738.71
11079,3176,31,4,542.99,10,156.38,2111.14
11080,3177,8,4,586.99,5,178.44,2409
11081,3177,91,1,1053.99,0,84.32,1138.31
11082,3177,297,4,1086.99,5,330.44,4461
11083,3177,247,1,1255.99,5,95.46,1288.65
11084,3177,305,1,1235.99,0,98.88,1334.87
11085,3178,30,4,307.99,10,88.7,1197.46
11086,3178,216,1,979.99,15,66.64,899.63
11087,3178,319,3,336.99,10,72.79,982.66
11088,3179,12,2,403.99,0,64.64,872.62
11089,3179,300,3,991.99,0,238.08,3214.05
11090,3179,128,3,987.99,0,237.12,3201.09
11091,3179,283,2,63.99,10,9.21,124.39
11092,3180,448,3,420.99,10,90.93,1227.6
11093,3181,377,4,808.99,0,258.88,3494.84
11094,3181,278,3,714.99,10,154.44,2084.91
11095,3182,184,1,446.99,5,33.97,458.61
11096,3182,439,4,168.99,5,51.37,693.53
11097,3182,105,4,1499.99,15,408,5507.97
11098,3182,309,1,103.99,10,7.49,101.08
11099,3183,433,3,834.99,15,170.34,2299.56
11100,3183,24,1,371.99,15,25.3,341.49
11101,3183,444,2,682.99,0,109.28,1475.26
11102,3183,285,4,936.99,0,299.84,4047.8
11103,3183,287,1,549.99,10,39.6,534.59
11104,3184,172,4,1080.99,5,328.62,4436.38
11105,3184,250,3,314.99,10,68.04,918.51
11106,3184,97,1,432.99,5,32.91,444.25
11107,3184,315,3,852.99,15,174.01,2349.13
11108,3185,449,2,634.99,5,96.52,1303
11109,3185,41,1,549.99,5,41.8,564.29
11110,3185,438,2,1482.99,10,213.55,2882.93
11111,3185,111,4,282.99,5,86.03,1161.39
11112,3186,154,3,156.99,0,37.68,508.65
11113,3186,79,2,1262.99,0,202.08,2728.06
11114,3186,186,2,937.99,0,150.08,2026.06
11115,3186,142,3,614.99,10,132.84,1793.31
11116,3186,175,2,667.99,15,90.85,1226.43
11117,3186,431,4,124.99,0,40,539.96
11118,3187,351,1,321.99,10,23.18,312.97
11119,3187,276,4,293.99,0,94.08,1270.04
11120,3187,292,2,907.99,0,145.28,1961.26
11121,3187,372,1,364.99,5,27.74,374.48
11122,3187,133,4,514.99,10,148.32,2002.28
11123,3188,177,1,1234.99,5,93.86,1267.1
11124,3188,367,2,419.99,10,60.48,816.46
11125,3188,56,3,425.99,15,86.9,1173.17
11126,3188,5,4,1162.99,0,372.16,5024.12
11127,3189,222,1,1259.99,5,95.76,1292.75
11128,3190,30,2,307.99,0,49.28,665.26
11129,3191,197,3,659.99,5,150.48,2031.45
11130,3191,133,1,514.99,0,41.2,556.19
11131,3191,128,3,987.99,5,225.26,3041.03
11132,3191,454,3,499.99,0,120,1619.97
11133,3191,307,1,1360.99,5,103.44,1396.38
11134,3191,195,3,420.99,15,85.88,1159.4
11135,3192,437,4,257.99,0,82.56,1114.52
11136,3192,463,2,1279.99,10,184.32,2488.3
11137,3192,464,2,820.99,10,118.22,1596
11138,3192,483,1,897.99,15,61.06,824.35
11139,3193,184,4,446.99,0,143.04,1931
11140,3193,300,4,991.99,5,301.56,4071.12
11141,3194,81,1,1111.99,0,88.96,1200.95
11142,3195,411,1,1232.99,5,93.71,1265.05
11143,3196,185,1,252.99,0,20.24,273.23
11144,3196,183,2,56.99,5,8.66,116.94
11145,3196,314,4,159.99,0,51.2,691.16
11146,3196,210,2,919.99,5,139.84,1887.82
11147,3196,478,1,296.99,0,23.76,320.75
11148,3197,198,1,1083.99,0,86.72,1170.71
11149,3197,385,1,1224.99,15,83.3,1124.54
11150,3197,220,1,620.99,15,42.23,570.07
11151,3198,467,1,827.99,10,59.62,804.81
11152,3199,258,3,277.99,5,63.38,855.65
11153,3200,6,2,98.99,5,15.05,203.13
11154,3200,192,1,192.99,15,13.12,177.16
11155,3200,462,4,30.99,5,9.42,127.18
11156,3200,330,1,791.99,5,60.19,812.58
11157,3201,95,4,449.99,15,122.4,1652.37
11158,3201,362,1,285.99,5,21.74,293.43
11159,3201,193,2,973.99,0,155.84,2103.82
11160,3201,96,3,545.99,5,124.49,1680.56
11161,3201,438,3,1482.99,10,320.33,4324.4
11162,3201,317,4,1482.99,15,403.37,5445.54
11163,3202,48,1,1148.99,15,78.13,1054.77
11164,3202,174,1,688.99,15,46.85,632.49
11165,3202,391,3,1383.99,15,282.33,3811.5
11166,3203,340,1,1235.99,15,84.05,1134.64
11167,3203,273,1,1167.99,5,88.77,1198.36
11168,3203,474,3,500.99,5,114.23,1542.05
11169,3203,158,1,1369.99,10,98.64,1331.63
11170,3204,246,4,1215.99,5,369.66,4990.42
11171,3204,201,3,501.99,10,108.43,1463.8
11172,3204,100,3,291.99,10,63.07,851.44
11173,3204,163,3,911.99,0,218.88,2954.85
11174,3204,389,3,1452.99,5,331.28,4472.3
11175,3204,277,1,422.99,10,30.46,411.15
11176,3205,293,1,1158.99,15,78.81,1063.95
11177,3205,365,4,1002.99,10,288.86,3899.62
11178,3205,398,4,512.99,15,139.53,1883.7
11179,3205,248,1,804.99,15,54.74,738.98
11180,3206,154,3,156.99,0,37.68,508.65
11181,3206,196,2,347.99,0,55.68,751.66
11182,3207,202,3,721.99,5,164.61,2222.28
11183,3207,470,3,203.99,10,44.06,594.83
11184,3207,19,2,1251.99,0,200.32,2704.3
11185,3208,425,1,817.99,5,62.17,839.26
11186,3208,441,2,766.99,10,110.45,1491.03
11187,3209,300,2,991.99,5,150.78,2035.56
11188,3209,127,3,1200.99,15,245,3307.52
11189,3210,215,2,686.99,10,98.93,1335.51
11190,3210,180,2,656.99,0,105.12,1419.1
11191,3210,187,2,1184.99,0,189.6,2559.58
11192,3210,149,1,1056.99,5,80.33,1084.47
11193,3210,171,2,399.99,10,57.6,777.58
11194,3210,466,3,796.99,0,191.28,2582.25
11195,3211,393,3,363.99,10,78.62,1061.39
11196,3211,476,4,732.99,0,234.56,3166.52
11197,3212,471,4,873.99,0,279.68,3775.64
11198,3212,98,4,1194.99,15,325.04,4388.01
11199,3212,145,2,864.99,5,131.48,1774.96
11200,3212,182,2,766.99,15,104.31,1408.19
11201,3212,366,2,1373.99,10,197.85,2671.03
11202,3212,80,2,811.99,0,129.92,1753.9
11203,3213,445,2,20.99,15,2.85,38.53
11204,3214,44,3,586.99,15,119.75,1616.57
11205,3214,295,3,1309.99,15,267.24,3607.71
11206,3214,373,4,1329.99,15,361.76,4883.73
11207,3215,61,3,130.99,15,26.72,360.74
11208,3215,404,4,1238.99,5,376.65,5084.81
11209,3215,67,4,879.99,10,253.44,3421.4
11210,3215,42,3,1420.99,5,323.99,4373.81
11211,3216,378,1,1307.99,10,94.18,1271.37
11212,3216,86,1,113.99,5,8.66,116.95
11213,3216,166,1,247.99,5,18.85,254.44
11214,3217,436,2,541.99,5,82.38,1112.16
11215,3217,423,4,1494.99,15,406.64,5489.61
11216,3217,473,2,1377.99,10,198.43,2678.81
11217,3217,18,1,825.99,0,66.08,892.07
11218,3218,439,1,168.99,10,12.17,164.26
11219,3218,116,2,1096.99,0,175.52,2369.5
11220,3218,100,3,291.99,10,63.07,851.44
11221,3218,197,4,659.99,0,211.2,2851.16
11222,3219,54,3,685.99,0,164.64,2222.61
11223,3219,53,3,766.99,15,156.47,2112.29
11224,3219,395,3,1497.99,5,341.54,4610.81
11225,3219,345,2,1180.99,10,170.06,2295.84
11226,3219,349,2,29.99,5,4.56,61.54
11227,3219,158,1,1369.99,0,109.6,1479.59
11228,3220,1,3,524.99,10,113.4,1530.87
11229,3220,401,4,487.99,0,156.16,2108.12
11230,3221,185,4,252.99,10,72.86,983.62
11231,3221,20,3,632.99,15,129.13,1743.25
11232,3222,32,1,471.99,15,32.1,433.29
11233,3222,296,1,52.99,15,3.6,48.64
11234,3222,301,4,517.99,0,165.76,2237.72
11235,3222,87,2,1443.99,5,219.49,2963.07
11236,3222,311,4,1079.99,0,345.6,4665.56
11237,3223,99,1,1421.99,0,113.76,1535.75
11238,3223,384,4,898.99,10,258.91,3495.27
11239,3223,43,1,423.99,15,28.83,389.22
11240,3224,67,4,879.99,0,281.6,3801.56
11241,3224,177,4,1234.99,5,375.44,5068.4
11242,3224,327,2,975.99,10,140.54,1897.32
11243,3224,151,4,683.99,0,218.88,2954.84
11244,3224,418,1,445.99,0,35.68,481.67
11245,3224,18,2,825.99,5,125.55,1694.93
11246,3225,399,2,94.99,10,13.68,184.66
11247,3225,462,3,30.99,5,7.07,95.39
11248,3225,142,3,614.99,15,125.46,1693.68
11249,3225,430,3,421.99,0,101.28,1367.25
11250,3225,325,2,527.99,15,71.81,969.39
11251,3226,282,1,427.99,0,34.24,462.23
11252,3227,18,2,825.99,5,125.55,1694.93
11253,3227,67,2,879.99,5,133.76,1805.74
11254,3227,252,3,896.99,10,193.75,2615.62
11255,3227,134,4,290.99,15,79.15,1068.52
11256,3227,60,4,1245.99,15,338.91,4575.28
11257,3228,107,3,384.99,15,78.54,1060.26
11258,3229,490,4,968.99,10,279.07,3767.43
11259,3229,270,3,213.99,10,46.22,623.99
11260,3230,355,1,45.99,0,3.68,49.67
11261,3230,405,4,33.99,15,9.25,124.82
11262,3230,335,1,758.99,5,57.68,778.72
11263,3230,471,3,873.99,5,199.27,2690.14
11264,3231,343,2,758.99,10,109.29,1475.47
11265,3231,440,1,637.99,10,45.94,620.13
11266,3231,251,3,134.99,10,29.16,393.63
11267,3231,286,2,365.99,10,52.7,711.48
11268,3231,324,3,135.99,5,31.01,418.58
11269,3231,425,4,817.99,5,248.67,3357.03
11270,3232,413,2,1416.99,15,192.71,2601.59
11271,3232,489,1,800.99,0,64.08,865.07
11272,3232,241,2,753.99,15,102.54,1384.32
11273,3232,99,4,1421.99,15,386.78,5221.55
11274,3233,45,4,896.99,0,287.04,3875
11275,3233,162,2,259.99,0,41.6,561.58
11276,3233,294,2,184.99,0,29.6,399.58
11277,3233,296,4,52.99,15,14.41,194.58
11278,3234,252,4,896.99,15,243.98,3293.75
11279,3234,304,2,119.99,10,17.28,233.26
11280,3234,236,2,1306.99,0,209.12,2823.1
11281,3234,468,3,757.99,5,172.82,2333.09
11282,3235,159,4,229.99,15,62.56,844.53
11283,3235,467,4,827.99,0,264.96,3576.92
11284,3236,278,3,714.99,5,163.02,2200.74
11285,3236,345,1,1180.99,15,80.31,1084.15
11286,3236,45,1,896.99,15,61,823.44
11287,3236,152,3,47.99,5,10.94,147.71
11288,3236,221,4,1084.99,0,347.2,4687.16
11289,3237,213,4,700.99,15,190.67,2574.04
11290,3237,129,2,251.99,15,34.27,462.65
11291,3237,187,4,1184.99,10,341.28,4607.24
11292,3237,481,2,413.99,15,56.3,760.08
11293,3237,459,3,868.99,5,198.13,2674.75
11294,3238,479,3,1129.99,10,244.08,3295.05
11295,3238,345,4,1180.99,10,340.13,4591.69
11296,3238,326,4,879.99,15,239.36,3231.33
11297,3238,407,4,160.99,5,48.94,660.7
11298,3238,400,1,1305.99,5,99.26,1339.95
11299,3238,360,4,407.99,15,110.97,1498.14
11300,3239,383,4,888.99,10,256.03,3456.39
11301,3239,364,1,968.99,15,65.89,889.53
11302,3239,234,2,405.99,5,61.71,833.09
11303,3239,337,3,1160.99,5,264.71,3573.53
11304,3239,18,2,825.99,10,118.94,1605.72
11305,3240,110,3,628.99,10,135.86,1834.13
11306,3240,391,2,1383.99,0,221.44,2989.42
11307,3241,53,4,766.99,5,233.16,3147.72
11308,3241,394,4,198.99,15,54.13,730.7
11309,3241,135,4,933.99,10,268.99,3631.35
11310,3241,468,3,757.99,15,154.63,2087.5
11311,3241,94,3,827.99,0,198.72,2682.69
11312,3241,430,3,421.99,15,86.09,1162.16
11313,3242,109,1,1104.99,5,83.98,1133.72
11314,3242,217,4,1491.99,5,453.56,6123.12
11315,3242,192,3,192.99,10,41.69,562.76
11316,3243,314,1,159.99,15,10.88,146.87
11317,3243,154,1,156.99,0,12.56,169.55
11318,3244,61,2,130.99,10,18.86,254.64
11319,3244,428,2,160.99,15,21.89,295.57
11320,3244,264,3,1444.99,10,312.12,4213.59
11321,3244,230,3,875.99,10,189.21,2554.38
11322,3244,299,4,71.99,0,23.04,311
11323,3245,166,4,247.99,0,79.36,1071.32
11324,3245,346,2,406.99,10,58.61,791.19
11325,3245,156,1,1366.99,0,109.36,1476.35
11326,3245,472,2,393.99,0,63.04,851.02
11327,3246,273,2,1167.99,5,177.53,2396.71
11328,3247,195,2,420.99,0,67.36,909.34
11329,3247,334,1,597.99,15,40.66,548.95
11330,3247,46,4,941.99,5,286.36,3865.92
11331,3247,80,1,811.99,0,64.96,876.95
11332,3247,83,3,549.99,0,132,1781.97
11333,3248,185,2,252.99,10,36.43,491.81
11334,3248,295,4,1309.99,10,377.28,5093.24
11335,3248,6,2,98.99,15,13.46,181.74
11336,3248,442,2,799.99,5,121.6,1641.58
11337,3249,456,3,1330.99,0,319.44,4312.41
11338,3249,366,4,1373.99,0,439.68,5935.64
11339,3250,82,1,807.99,15,54.94,741.73
11340,3250,382,2,88.99,10,12.81,172.99
11341,3250,40,4,506.99,10,146.01,1971.17
11342,3250,446,1,169.99,5,12.92,174.41
11343,3250,99,3,1421.99,5,324.21,4376.88
11344,3250,160,3,1272.99,0,305.52,4124.49
11345,3251,360,2,407.99,5,62.01,837.19
11346,3251,188,1,1278.99,0,102.32,1381.31
11347,3251,306,3,842.99,5,192.2,2594.72
11348,3251,346,1,406.99,15,27.68,373.62
11349,3252,335,1,758.99,0,60.72,819.71
11350,3252,442,4,799.99,10,230.4,3110.36
11351,3252,8,4,586.99,15,159.66,2155.43
11352,3252,397,2,635.99,0,101.76,1373.74
11353,3253,413,3,1416.99,10,306.07,4131.94
11354,3253,58,2,1408.99,10,202.89,2739.07
11355,3253,500,1,835.99,10,60.19,812.58
11356,3253,56,2,425.99,0,68.16,920.14
11357,3254,460,3,1118.99,15,228.27,3081.69
11358,3254,2,2,102.99,5,15.65,211.33
11359,3255,25,1,109.99,5,8.36,112.85
11360,3255,434,3,1392.99,0,334.32,4513.29
11361,3255,150,2,335.99,5,51.07,689.45
11362,3255,111,4,282.99,15,76.97,1039.14
11363,3255,27,3,788.99,0,189.36,2556.33
11364,3256,396,4,777.99,15,211.61,2856.78
11365,3256,440,4,637.99,5,193.95,2618.31
11366,3257,458,3,449.99,10,97.2,1312.17
11367,3257,494,4,1384.99,10,398.88,5384.84
11368,3257,214,4,423.99,0,135.68,1831.64
11369,3257,49,1,124.99,0,10,134.99
11370,3258,265,4,454.99,10,131.04,1769
11371,3258,498,2,525.99,5,79.95,1079.33
11372,3259,167,1,715.99,5,54.42,734.61
11373,3260,409,2,773.99,10,111.45,1504.63
11374,3260,46,3,941.99,5,214.77,2899.44
11375,3260,87,1,1443.99,5,109.74,1481.53
11376,3260,219,4,737.99,10,212.54,2869.3
11377,3260,106,1,151.99,5,11.55,155.94
11378,3261,459,1,868.99,5,66.04,891.58
11379,3262,409,4,773.99,5,235.29,3176.45
11380,3262,57,1,461.99,15,31.42,424.11
11381,3262,373,1,1329.99,15,90.44,1220.93
11382,3263,272,2,425.99,0,68.16,920.14
11383,3264,143,4,553.99,0,177.28,2393.24
11384,3264,116,1,1096.99,5,83.37,1125.51
11385,3264,173,1,682.99,0,54.64,737.63
11386,3265,6,4,98.99,15,26.93,363.5
11387,3265,312,4,522.99,5,158.99,2146.35
11388,3266,477,4,1192.99,0,381.76,5153.72
11389,3266,492,2,494.99,5,75.24,1015.72
11390,3266,293,1,1158.99,10,83.45,1126.54
11391,3267,288,4,1187.99,10,342.14,4618.9
11392,3267,11,4,1445.99,0,462.72,6246.68
11393,3268,404,1,1238.99,10,89.21,1204.3
11394,3268,67,4,879.99,15,239.36,3231.33
11395,3268,190,4,1002.99,5,304.91,4116.27
11396,3268,405,3,33.99,0,8.16,110.13
11397,3268,489,2,800.99,5,121.75,1643.63
11398,3269,351,1,321.99,0,25.76,347.75
11399,3269,95,3,449.99,5,102.6,1385.07
11400,3269,428,4,160.99,0,51.52,695.48
11401,3269,457,3,929.99,15,189.72,2561.19
11402,3269,311,3,1079.99,0,259.2,3499.17
11403,3269,122,1,1350.99,15,91.87,1240.21
11404,3270,207,4,1123.99,10,323.71,4370.07
11405,3270,11,4,1445.99,10,416.45,5622.01
11406,3270,233,4,133.99,15,36.45,492.02
11407,3270,4,4,935.99,0,299.52,4043.48
11408,3270,133,3,514.99,15,105.06,1418.28
11409,3270,386,2,300.99,10,43.34,585.12
11410,3271,107,1,384.99,10,27.72,374.21
11411,3272,465,4,1287.99,0,412.16,5564.12
11412,3273,290,3,963.99,15,196.65,2654.82
11413,3273,476,1,732.99,10,52.78,712.47
11414,3274,345,3,1180.99,15,240.92,3252.44
11415,3274,139,2,1205.99,10,173.66,2344.44
11416,3274,308,4,1135.99,0,363.52,4907.48
11417,3274,90,1,825.99,0,66.08,892.07
11418,3274,440,4,637.99,10,183.74,2480.5
11419,3275,312,1,522.99,5,39.75,536.59
11420,3275,185,1,252.99,10,18.22,245.91
11421,3275,290,3,963.99,10,208.22,2810.99
11422,3275,178,4,1071.99,5,325.88,4399.44
11423,3275,136,1,182.99,5,13.91,187.75
11424,3276,420,4,653.99,0,209.28,2825.24
11425,3276,127,4,1200.99,5,365.1,4928.86
11426,3276,114,3,879.99,10,190.08,2566.05
11427,3276,65,4,72.99,0,23.36,315.32
11428,3277,402,2,723.99,10,104.25,1407.43
11429,3278,65,3,72.99,0,17.52,236.49
11430,3278,115,4,548.99,15,149.33,2015.9
11431,3278,278,2,714.99,15,97.24,1312.72
11432,3279,405,1,33.99,0,2.72,36.71
11433,3279,294,1,184.99,10,13.32,179.81
11434,3280,92,2,1065.99,0,170.56,2302.54
11435,3280,271,2,242.99,15,33.05,446.13
11436,3280,203,3,992.99,5,226.4,3056.42
11437,3280,439,3,168.99,15,34.47,465.39
11438,3280,251,1,134.99,0,10.8,145.79
11439,3281,248,4,804.99,10,231.84,3129.8
11440,3281,448,1,420.99,5,32,431.94
11441,3281,490,2,968.99,10,139.53,1883.71
11442,3281,152,3,47.99,0,11.52,155.49
11443,3282,177,4,1234.99,0,395.2,5335.16
11444,3282,40,4,506.99,10,146.01,1971.17
11445,3283,232,4,1001.99,10,288.57,3895.73
11446,3283,434,4,1392.99,10,401.18,5415.94
11447,3283,133,4,514.99,15,140.08,1891.05
11448,3283,414,1,1426.99,5,108.45,1464.09
11449,3284,251,1,134.99,10,9.72,131.21
11450,3284,170,2,865.99,0,138.56,1870.54
11451,3285,448,4,420.99,0,134.72,1818.68
11452,3286,240,4,1188.99,10,342.43,4622.79
11453,3286,230,1,875.99,0,70.08,946.07
11454,3286,296,3,52.99,10,11.45,154.52
11455,3286,394,3,198.99,15,40.59,548.01
11456,3286,89,2,794.99,15,108.12,1459.6
11457,3287,144,4,260.99,5,79.34,1071.1
11458,3287,162,1,259.99,15,17.68,238.67
11459,3287,234,2,405.99,5,61.71,833.09
11460,3287,457,1,929.99,15,63.24,853.73
11461,3287,434,4,1392.99,15,378.89,5115.06
11462,3287,392,3,691.99,5,157.77,2129.94
11463,3288,184,1,446.99,10,32.18,434.47
11464,3288,191,3,676.99,5,154.35,2083.77
11465,3289,57,2,461.99,15,62.83,848.21
11466,3289,410,1,169.99,15,11.56,156.05
11467,3289,224,3,462.99,0,111.12,1500.09
11468,3289,209,3,565.99,0,135.84,1833.81
11469,3290,272,4,425.99,10,122.69,1656.25
11470,3291,298,1,1045.99,0,83.68,1129.67
11471,3291,388,1,1182.99,0,94.64,1277.63
11472,3291,13,3,241.99,15,49.37,666.44
11473,3292,49,1,124.99,0,10,134.99
11474,3292,38,4,385.99,10,111.17,1500.73
11475,3292,212,4,893.99,10,257.47,3475.83
11476,3292,209,3,565.99,0,135.84,1833.81
11477,3292,260,3,301.99,15,61.61,831.68
11478,3292,423,2,1494.99,0,239.2,3229.18
11479,3293,428,2,160.99,0,25.76,347.74
11480,3293,358,3,94.99,0,22.8,307.77
11481,3294,423,3,1494.99,10,322.92,4359.39
11482,3294,112,1,652.99,10,47.02,634.71
11483,3294,54,2,685.99,0,109.76,1481.74
11484,3294,142,3,614.99,5,140.22,1892.94
11485,3294,306,4,842.99,0,269.76,3641.72
11486,3294,68,3,230.99,5,52.67,710.99
11487,3295,22,3,1226.99,0,294.48,3975.45
11488,3295,90,3,825.99,10,178.41,2408.58
11489,3296,144,2,260.99,15,35.49,479.17
11490,3297,478,4,296.99,0,95.04,1283
11491,3297,481,3,413.99,15,84.45,1140.12
11492,3298,354,1,946.99,5,71.97,971.61
11493,3298,406,1,1125.99,10,81.07,1094.46
11494,3299,319,1,336.99,15,22.92,309.36
11495,3299,416,3,444.99,10,96.12,1297.59
11496,3300,446,1,169.99,5,12.92,174.41
11497,3300,442,2,799.99,15,108.8,1468.78
11498,3300,3,2,889.99,0,142.4,1922.38
11499,3300,444,2,682.99,0,109.28,1475.26
11500,3300,170,3,865.99,5,197.45,2665.52
11501,3301,165,2,1057.99,0,169.28,2285.26
11502,3301,72,2,436.99,15,59.43,802.31
11503,3301,314,3,159.99,5,36.48,492.45
11504,3301,172,4,1080.99,10,311.33,4202.89
11505,3302,303,3,230.99,15,47.12,636.14
11506,3302,43,1,423.99,10,30.53,412.12
11507,3303,345,3,1180.99,15,240.92,3252.44
11508,3303,379,2,571.99,15,77.79,1050.17
11509,3303,66,3,276.99,0,66.48,897.45
11510,3304,195,3,420.99,15,85.88,1159.4
11511,3304,406,1,1125.99,0,90.08,1216.07
11512,3305,234,3,405.99,0,97.44,1315.41
11513,3305,42,2,1420.99,0,227.36,3069.34
11514,3305,388,2,1182.99,5,179.81,2427.49
11515,3306,60,3,1245.99,15,254.18,3431.45
11516,3306,201,2,501.99,5,76.3,1030.08
11517,3306,61,1,130.99,5,9.96,134.4
11518,3307,90,3,825.99,0,198.24,2676.21
11519,3307,275,2,329.99,10,47.52,641.5
11520,3307,288,1,1187.99,5,90.29,1218.88
11521,3307,82,4,807.99,15,219.77,2966.94
11522,3307,316,2,1218.99,10,175.53,2369.71
11523,3308,5,1,1162.99,5,88.39,1193.23
11524,3308,418,3,445.99,0,107.04,1445.01
11525,3308,202,1,721.99,0,57.76,779.75
11526,3308,397,3,635.99,0,152.64,2060.61
11527,3309,73,2,1030.99,10,148.46,2004.24
11528,3309,182,1,766.99,0,61.36,828.35
11529,3309,100,2,291.99,0,46.72,630.7
11530,3309,135,1,933.99,15,63.51,857.4
11531,3309,76,3,1285.99,5,293.21,3958.28
11532,3309,484,2,622.99,15,84.73,1143.81
11533,3310,198,2,1083.99,5,164.77,2224.35
11534,3311,194,2,1138.99,15,154.9,2091.18
11535,3311,164,4,135.99,0,43.52,587.48
11536,3311,321,4,679.99,0,217.6,2937.56
11537,3311,388,4,1182.99,5,359.63,4854.99
11538,3311,177,2,1234.99,0,197.6,2667.58
11539,3312,160,1,1272.99,10,91.66,1237.35
11540,3312,317,4,1482.99,0,474.56,6406.52
11541,3312,11,4,1445.99,5,439.58,5934.34
11542,3313,238,1,280.99,0,22.48,303.47
11543,3313,355,4,45.99,10,13.25,178.81
11544,3313,436,1,541.99,0,43.36,585.35
11545,3314,165,2,1057.99,5,160.81,2170.99
11546,3315,446,4,169.99,15,46.24,624.21
11547,3315,190,2,1002.99,0,160.48,2166.46
11548,3315,83,1,549.99,0,44,593.99
11549,3315,98,3,1194.99,10,258.12,3484.59
11550,3315,309,4,103.99,5,31.61,426.77
11551,3315,472,3,393.99,10,85.1,1148.87
11552,3316,343,4,758.99,5,230.73,3114.89
11553,3316,413,3,1416.99,10,306.07,4131.94
11554,3316,283,2,63.99,5,9.73,131.31
11555,3316,349,2,29.99,0,4.8,64.78
11556,3316,360,3,407.99,5,93.02,1255.79
11557,3316,382,1,88.99,15,6.05,81.69
11558,3317,394,1,198.99,5,15.12,204.16
11559,3317,444,3,682.99,10,147.53,1991.6
11560,3317,28,1,176.99,5,13.45,181.59
11561,3317,208,4,1001.99,15,272.54,3679.31
11562,3318,326,3,879.99,10,190.08,2566.05
11563,3318,350,1,1204.99,0,96.4,1301.39
11564,3319,43,2,423.99,0,67.84,915.82
11565,3320,301,1,517.99,15,35.22,475.51
11566,3320,308,4,1135.99,0,363.52,4907.48
11567,3320,192,2,192.99,10,27.79,375.17
11568,3320,13,2,241.99,15,32.91,444.29
11569,3321,417,3,897.99,10,193.97,2618.54
11570,3321,158,4,1369.99,0,438.4,5918.36
11571,3322,208,3,1001.99,0,240.48,3246.45
11572,3322,423,4,1494.99,10,430.56,5812.52
11573,3322,246,3,1215.99,10,262.65,3545.82
11574,3322,426,1,887.99,0,71.04,959.03
11575,3322,347,1,89.99,0,7.2,97.19
11576,3323,114,4,879.99,5,267.52,3611.48
11577,3323,115,3,548.99,10,118.58,1600.85
11578,3324,300,3,991.99,10,214.27,2892.64
11579,3324,449,3,634.99,15,129.54,1748.76
11580,3324,127,4,1200.99,10,345.89,4669.45
11581,3325,284,1,1112.99,10,80.14,1081.83
11582,3325,164,4,135.99,5,41.34,558.1
11583,3325,122,2,1350.99,0,216.16,2918.14
11584,3325,343,2,758.99,0,121.44,1639.42
11585,3325,88,3,322.99,0,77.52,1046.49
11586,3326,268,3,1229.99,0,295.2,3985.17
11587,3326,365,2,1002.99,0,160.48,2166.46
11588,3326,475,4,1263.99,10,364.03,4914.39
11589,3327,87,4,1443.99,10,415.87,5614.23
11590,3327,389,2,1452.99,15,197.61,2667.69
11591,3327,158,3,1369.99,15,279.48,3772.95
11592,3327,380,2,1349.99,10,194.4,2624.38
11593,3327,212,3,893.99,15,182.37,2462.04
11594,3328,168,1,387.99,5,29.49,398.08
11595,3328,490,1,968.99,0,77.52,1046.51
11596,3328,379,3,571.99,15,116.69,1575.26
11597,3328,13,3,241.99,10,52.27,705.64
11598,3329,347,2,89.99,10,12.96,174.94
11599,3329,385,4,1224.99,0,392,5291.96
11600,3329,273,1,1167.99,0,93.44,1261.43
11601,3329,51,1,246.99,15,16.8,226.74
11602,3329,83,4,549.99,15,149.6,2019.57
11603,3330,122,3,1350.99,0,324.24,4377.21
11604,3330,371,4,105.99,10,30.53,412.09
11605,3330,118,2,213.99,15,29.1,392.88
11606,3330,113,3,549.99,5,125.4,1692.87
11607,3331,253,3,978.99,10,211.46,2854.73
11608,3332,278,4,714.99,0,228.8,3088.76
11609,3333,209,1,565.99,0,45.28,611.27
11610,3333,6,1,98.99,0,7.92,106.91
11611,3333,343,1,758.99,15,51.61,696.75
11612,3334,99,2,1421.99,0,227.52,3071.5
11613,3334,263,4,787.99,0,252.16,3404.12
11614,3335,38,3,385.99,0,92.64,1250.61
11615,3335,170,1,865.99,0,69.28,935.27
11616,3335,306,3,842.99,0,202.32,2731.29
11617,3335,166,3,247.99,5,56.54,763.31
11618,3335,66,3,276.99,15,56.51,762.83
11619,3336,316,4,1218.99,5,370.57,5002.73
11620,3336,216,3,979.99,5,223.44,3016.41
11621,3336,132,1,728.99,10,52.49,708.58
11622,3336,294,4,184.99,5,56.24,759.2
11623,3336,353,2,155.99,5,23.71,320.09
11624,3337,122,4,1350.99,5,410.7,5544.46
11625,3337,376,1,121.99,15,8.3,111.99
11626,3337,196,4,347.99,10,100.22,1352.98
11627,3337,108,1,1184.99,15,80.58,1087.82
11628,3337,166,4,247.99,15,67.45,910.62
11629,3337,445,4,20.99,0,6.72,90.68
11630,3338,272,1,425.99,15,28.97,391.06
11631,3338,216,2,979.99,0,156.8,2116.78
11632,3338,253,2,978.99,0,156.64,2114.62
11633,3338,373,3,1329.99,15,271.32,3662.79
11634,3339,414,2,1426.99,15,194.07,2619.95
11635,3339,376,3,121.99,0,29.28,395.25
11636,3339,54,4,685.99,0,219.52,2963.48
11637,3339,116,2,1096.99,5,166.74,2251.02
11638,3340,357,1,481.99,0,38.56,520.55
11639,3340,330,3,791.99,0,190.08,2566.05
11640,3340,68,4,230.99,15,62.83,848.2
11641,3340,394,1,198.99,15,13.53,182.67
11642,3340,207,2,1123.99,0,179.84,2427.82
11643,3340,3,4,889.99,0,284.8,3844.76
11644,3341,457,1,929.99,10,66.96,903.95
11645,3341,141,4,1173.99,0,375.68,5071.64
11646,3342,163,2,911.99,0,145.92,1969.9
11647,3342,86,3,113.99,10,24.62,332.39
11648,3342,258,4,277.99,0,88.96,1200.92
11649,3342,134,4,290.99,5,88.46,1194.22
11650,3342,374,2,1025.99,0,164.16,2216.14
11651,3343,158,4,1369.99,0,438.4,5918.36
11652,3343,291,4,1046.99,10,301.53,4070.69
11653,3344,157,2,33.99,15,4.62,62.4
11654,3345,58,1,1408.99,10,101.45,1369.54
11655,3345,414,2,1426.99,5,216.9,2928.18
11656,3346,485,1,875.99,5,66.58,898.77
11657,3346,383,3,888.99,5,202.69,2736.31
11658,3346,356,3,328.99,5,75.01,1012.63
11659,3347,41,3,549.99,10,118.8,1603.77
11660,3347,336,1,743.99,5,56.54,763.33
11661,3347,11,4,1445.99,0,462.72,6246.68
11662,3347,144,3,260.99,0,62.64,845.61
11663,3347,111,3,282.99,15,57.73,779.35
11664,3348,316,3,1218.99,0,292.56,3949.53
11665,3348,25,2,109.99,10,15.84,213.82
11666,3348,489,4,800.99,10,230.69,3114.25
11667,3349,69,2,998.99,5,151.85,2049.93
11668,3349,75,2,927.99,0,148.48,2004.46
11669,3349,314,4,159.99,0,51.2,691.16
11670,3349,465,4,1287.99,15,350.33,4729.5
11671,3350,99,1,1421.99,10,102.38,1382.17
11672,3351,258,1,277.99,15,18.9,255.19
11673,3351,168,4,387.99,10,111.74,1508.5
11674,3351,462,3,30.99,10,6.69,90.36
11675,3351,57,3,461.99,5,105.33,1422
11676,3351,124,2,388.99,15,52.9,714.18
11677,3352,364,4,968.99,10,279.07,3767.43
11678,3352,367,3,419.99,5,95.76,1292.73
11679,3352,318,2,300.99,10,43.34,585.12
11680,3352,238,2,280.99,0,44.96,606.94
11681,3352,452,1,364.99,15,24.82,335.06
11682,3352,391,2,1383.99,10,199.29,2690.47
11683,3353,172,3,1080.99,0,259.44,3502.41
11684,3353,57,1,461.99,0,36.96,498.95
11685,3353,467,1,827.99,15,56.3,760.09
11686,3354,466,3,796.99,15,162.59,2194.91
11687,3354,100,4,291.99,10,84.09,1135.25
11688,3354,65,1,72.99,15,4.96,67
11689,3354,173,3,682.99,10,147.53,1991.6
11690,3354,362,2,285.99,10,41.18,555.96
11691,3354,450,2,670.99,10,96.62,1304.4
11692,3355,488,1,732.99,0,58.64,791.63
11693,3355,410,4,169.99,10,48.96,660.92
11694,3355,129,2,251.99,10,36.29,489.87
11695,3355,203,4,992.99,0,317.76,4289.72
11696,3355,78,4,1476.99,15,401.74,5423.51
11697,3356,281,1,1147.99,5,87.25,1177.84
11698,3357,404,2,1238.99,10,178.41,2408.59
11699,3357,286,1,365.99,10,26.35,355.74
11700,3357,200,1,330.99,15,22.51,303.85
11701,3357,490,3,968.99,5,220.93,2982.55
11702,3357,215,4,686.99,5,208.84,2819.4
11703,3358,82,4,807.99,0,258.56,3490.52
11704,3358,256,2,395.99,5,60.19,812.57
11705,3359,104,1,1343.99,0,107.52,1451.51
11706,3360,233,2,133.99,0,21.44,289.42
11707,3360,292,1,907.99,15,61.74,833.53
11708,3360,170,1,865.99,0,69.28,935.27
11709,3360,129,3,251.99,5,57.45,775.62
11710,3360,298,1,1045.99,0,83.68,1129.67
11711,3360,499,2,1078.99,10,155.37,2097.55
11712,3361,417,4,897.99,5,272.99,3685.35
11713,3361,65,4,72.99,10,21.02,283.78
11714,3362,12,1,403.99,15,27.47,370.86
11715,3362,86,1,113.99,5,8.66,116.95
11716,3362,110,1,628.99,0,50.32,679.31
11717,3362,47,4,498.99,15,135.73,1832.3
11718,3362,441,4,766.99,0,245.44,3313.4
11719,3362,232,1,1001.99,15,68.14,919.83
11720,3363,365,4,1002.99,5,304.91,4116.27
11721,3363,191,4,676.99,15,184.14,2485.91
11722,3363,234,3,405.99,0,97.44,1315.41
11723,3363,151,3,683.99,0,164.16,2216.13
11724,3363,303,3,230.99,15,47.12,636.14
11725,3363,4,4,935.99,5,284.54,3841.3
11726,3364,364,4,968.99,0,310.08,4186.04
11727,3364,182,3,766.99,0,184.08,2485.05
11728,3364,437,3,257.99,15,52.63,710.5
11729,3364,261,2,718.99,0,115.04,1553.02
11730,3364,331,3,1061.99,5,242.13,3268.8
11731,3365,38,4,385.99,5,117.34,1584.1
11732,3365,495,4,974.99,0,312,4211.96
11733,3365,204,4,1355.99,15,368.83,4979.2
11734,3365,328,2,197.99,5,30.09,406.27
11735,3366,27,3,788.99,5,179.89,2428.51
11736,3366,293,1,1158.99,0,92.72,1251.71
11737,3366,135,3,933.99,15,190.53,2572.2
11738,3367,126,4,1486.99,0,475.84,6423.8
11739,3367,133,4,514.99,5,156.56,2113.52
11740,3367,137,2,1014.99,15,138.04,1863.52
11741,3367,322,4,291.99,0,93.44,1261.4
11742,3368,68,2,230.99,15,31.41,424.09
11743,3368,328,3,197.99,15,40.39,545.26
11744,3368,173,1,682.99,10,49.18,663.87
11745,3368,13,2,241.99,15,32.91,444.29
11746,3368,71,4,1311.99,5,398.84,5384.4
11747,3368,381,4,1077.99,0,344.96,4656.92
11748,3369,488,4,732.99,10,211.1,2849.86
11749,3370,244,4,42.99,0,13.76,185.72
11750,3370,439,4,168.99,15,45.97,620.54
11751,3371,47,3,498.99,15,101.79,1374.21
11752,3371,221,3,1084.99,15,221.34,2988.06
11753,3371,433,4,834.99,10,240.48,3246.44
11754,3372,411,3,1232.99,15,251.53,3395.65
11755,3372,436,3,541.99,5,123.57,1668.24
11756,3372,335,1,758.99,15,51.61,696.75
11757,3373,375,3,541.99,5,123.57,1668.24
11758,3373,13,2,241.99,0,38.72,522.7
11759,3373,221,3,1084.99,10,234.36,3163.83
11760,3373,463,4,1279.99,0,409.6,5529.56
11761,3373,15,1,1374.99,5,104.5,1410.74
11762,3374,482,2,774.99,5,117.8,1590.28
11763,3374,22,4,1226.99,15,333.74,4505.51
11764,3374,67,3,879.99,10,190.08,2566.05
11765,3375,365,3,1002.99,10,216.65,2924.72
11766,3375,263,2,787.99,0,126.08,1702.06
11767,3375,177,3,1234.99,5,281.58,3801.3
11768,3375,180,1,656.99,0,52.56,709.55
11769,3375,124,4,388.99,15,105.81,1428.38
11770,3376,37,1,303.99,0,24.32,328.31
11771,3376,36,3,624.99,10,135,1822.47
11772,3377,143,4,553.99,0,177.28,2393.24
11773,3377,397,4,635.99,15,172.99,2335.36
11774,3377,399,2,94.99,0,15.2,205.18
11775,3377,375,3,541.99,0,130.08,1756.05
11776,3378,52,4,449.99,15,122.4,1652.37
11777,3378,119,1,975.99,0,78.08,1054.07
11778,3378,280,1,1103.99,0,88.32,1192.31
11779,3378,497,4,681.99,0,218.24,2946.2
11780,3378,398,3,512.99,15,104.65,1412.77
11781,3378,116,1,1096.99,5,83.37,1125.51
11782,3379,487,1,417.99,10,30.1,406.29
11783,3379,295,4,1309.99,0,419.2,5659.16
11784,3380,358,1,94.99,10,6.84,92.33
11785,3380,101,2,1394.99,0,223.2,3013.18
11786,3380,176,4,1323.99,5,402.49,5433.65
11787,3380,328,3,197.99,10,42.77,577.34
11788,3380,17,1,517.99,0,41.44,559.43
11789,3380,159,2,229.99,0,36.8,496.78
11790,3381,286,3,365.99,0,87.84,1185.81
11791,3382,452,3,364.99,15,74.46,1005.18
11792,3382,361,1,531.99,10,38.3,517.09
11793,3382,185,3,252.99,15,51.61,696.73
11794,3382,338,2,674.99,5,102.6,1385.08
11795,3382,44,2,586.99,15,79.83,1077.71
11796,3382,373,2,1329.99,10,191.52,2585.5
11797,3383,266,4,232.99,5,70.83,956.19
11798,3384,22,2,1226.99,15,166.87,2252.75
11799,3384,93,4,498.99,10,143.71,1940.07
11800,3384,235,4,1232.99,5,374.83,5060.19
11801,3384,53,4,766.99,10,220.89,2982.05
11802,3385,384,2,898.99,10,129.45,1747.63
11803,3386,315,3,852.99,10,184.25,2487.32
11804,3386,176,1,1323.99,15,90.03,1215.42
11805,3386,352,2,1453.99,0,232.64,3140.62
11806,3387,234,2,405.99,15,55.21,745.39
11807,3387,363,4,1073.99,0,343.68,4639.64
11808,3388,312,3,522.99,15,106.69,1440.31
11809,3389,259,4,491.99,15,133.82,1806.59
11810,3389,291,2,1046.99,5,159.14,2148.42
11811,3389,323,3,599.99,15,122.4,1652.37
11812,3390,128,4,987.99,5,300.35,4054.71
11813,3390,411,2,1232.99,0,197.28,2663.26
11814,3391,443,4,941.99,10,271.29,3662.45
11815,3392,172,3,1080.99,10,233.49,3152.16
11816,3393,493,2,451.99,5,68.7,927.48
11817,3393,63,3,1206.99,0,289.68,3910.65
11818,3393,66,3,276.99,15,56.51,762.83
11819,3393,478,2,296.99,5,45.14,609.42
11820,3393,171,4,399.99,15,108.8,1468.77
11821,3394,347,1,89.99,0,7.2,97.19
11822,3394,62,1,516.99,10,37.22,502.51
11823,3394,412,1,1121.99,10,80.78,1090.57
11824,3395,339,4,200.99,10,57.89,781.45
11825,3395,76,1,1285.99,10,92.59,1249.98
11826,3395,497,1,681.99,10,49.1,662.89
11827,3395,163,3,911.99,5,207.93,2807.1
11828,3396,403,4,760.99,10,219.17,2958.73
11829,3396,32,1,471.99,0,37.76,509.75
11830,3397,388,4,1182.99,0,378.56,5110.52
11831,3397,239,3,133.99,5,30.55,412.42
11832,3397,113,1,549.99,0,44,593.99
11833,3397,82,1,807.99,5,61.41,829
11834,3397,209,1,565.99,10,40.75,550.14
11835,3398,398,4,512.99,10,147.74,1994.5
11836,3399,33,1,1048.99,15,71.33,962.97
11837,3399,24,4,371.99,15,101.18,1365.95
11838,3399,401,4,487.99,15,132.73,1791.9
11839,3399,113,2,549.99,15,74.8,1009.78
11840,3399,362,4,285.99,0,91.52,1235.48
11841,3399,108,1,1184.99,5,90.06,1215.8
11842,3400,309,2,103.99,5,15.81,213.39
11843,3400,248,1,804.99,5,61.18,825.92
11844,3400,167,1,715.99,5,54.42,734.61
11845,3400,188,1,1278.99,5,97.2,1312.24
11846,3401,448,1,420.99,5,32,431.94
11847,3402,445,1,20.99,15,1.43,19.27
11848,3402,462,1,30.99,10,2.23,30.12
11849,3402,485,2,875.99,10,126.14,1702.92
11850,3402,144,2,260.99,0,41.76,563.74
11851,3402,181,3,332.99,10,71.93,971
11852,3402,189,3,612.99,0,147.12,1986.09
11853,3403,147,3,22.99,0,5.52,74.49
11854,3403,20,2,632.99,10,91.15,1230.53
11855,3403,182,2,766.99,10,110.45,1491.03
11856,3403,452,1,364.99,0,29.2,394.19
11857,3404,269,2,794.99,0,127.2,1717.18
11858,3404,500,1,835.99,15,56.85,767.44
11859,3404,15,4,1374.99,10,396,5345.96
11860,3404,134,2,290.99,10,41.9,565.68
11861,3405,260,2,301.99,15,41.07,554.45
11862,3405,143,4,553.99,10,159.55,2153.91
11863,3406,97,3,432.99,0,103.92,1402.89
11864,3406,137,3,1014.99,15,207.06,2795.28
11865,3406,174,3,688.99,10,148.82,2009.09
11866,3407,336,3,743.99,15,151.77,2048.94
11867,3407,322,1,291.99,0,23.36,315.35
11868,3408,209,2,565.99,5,86.03,1161.41
11869,3408,276,1,293.99,15,19.99,269.88
11870,3408,263,3,787.99,0,189.12,2553.09
11871,3408,19,4,1251.99,0,400.64,5408.6
11872,3409,248,2,804.99,5,122.36,1651.84
11873,3409,499,1,1078.99,5,82,1107.04
11874,3409,464,1,820.99,15,55.83,753.67
11875,3410,25,3,109.99,15,22.44,302.91
11876,3411,403,1,760.99,0,60.88,821.87
11877,3411,154,1,156.99,15,10.68,144.12
11878,3411,36,4,624.99,5,190,2564.96
11879,3411,488,2,732.99,10,105.55,1424.93
11880,3411,425,2,817.99,10,117.79,1590.17
11881,3412,297,1,1086.99,15,73.92,997.86
11882,3412,401,3,487.99,15,99.55,1343.92
11883,3412,207,4,1123.99,5,341.69,4612.85
11884,3412,222,3,1259.99,5,287.28,3878.25
11885,3412,294,3,184.99,0,44.4,599.37
11886,3412,87,2,1443.99,0,231.04,3119.02
11887,3413,181,4,332.99,0,106.56,1438.52
11888,3413,372,3,364.99,5,83.22,1123.44
11889,3413,371,4,105.99,5,32.22,434.98
11890,3414,384,3,898.99,10,194.18,2621.45
11891,3415,139,3,1205.99,15,246.02,3321.29
11892,3415,409,3,773.99,15,157.89,2131.56
11893,3415,175,1,667.99,5,50.77,685.36
11894,3415,58,1,1408.99,15,95.81,1293.45
11895,3415,55,4,856.99,10,246.81,3331.97
11896,3415,141,1,1173.99,15,79.83,1077.72
11897,3416,483,2,897.99,10,129.31,1745.69
11898,3416,346,1,406.99,5,30.93,417.57
11899,3416,334,1,597.99,10,43.06,581.25
11900,3416,227,2,1337.99,5,203.37,2745.55
11901,3416,438,1,1482.99,15,100.84,1361.38
11902,3416,463,3,1279.99,15,261.12,3525.09
11903,3417,306,1,842.99,0,67.44,910.43
11904,3417,170,2,865.99,0,138.56,1870.54
11905,3417,244,2,42.99,15,5.85,78.93
11906,3418,415,2,1290.99,10,185.9,2509.68
11907,3418,133,1,514.99,0,41.2,556.19
11908,3419,270,3,213.99,15,43.65,589.32
11909,3419,132,2,728.99,10,104.97,1417.15
11910,3420,466,1,796.99,0,63.76,860.75
11911,3420,248,3,804.99,5,183.54,2477.76
11912,3420,385,1,1224.99,5,93.1,1256.84
11913,3421,102,1,1242.99,5,94.47,1275.31
11914,3421,301,2,517.99,5,78.73,1062.91
11915,3421,385,2,1224.99,5,186.2,2513.68
11916,3422,466,2,796.99,10,114.77,1549.35
11917,3422,127,2,1200.99,10,172.94,2334.72
11918,3422,189,3,612.99,10,132.41,1787.48
11919,3423,237,4,1263.99,5,384.25,5187.41
11920,3423,256,4,395.99,15,107.71,1454.08
11921,3423,181,1,332.99,0,26.64,359.63
11922,3423,365,4,1002.99,0,320.96,4332.92
11923,3424,144,3,260.99,10,56.37,761.04
11924,3424,340,1,1235.99,5,93.94,1268.13
11925,3424,219,2,737.99,5,112.17,1514.35
11926,3424,18,2,825.99,10,118.94,1605.72
11927,3424,207,3,1123.99,5,256.27,3459.64
11928,3425,52,2,449.99,5,68.4,923.38
11929,3426,312,4,522.99,10,150.62,2033.38
11930,3426,174,2,688.99,15,93.7,1264.98
11931,3426,16,4,809.99,10,233.28,3149.24
11932,3426,10,4,551.99,0,176.64,2384.6
11933,3426,260,4,301.99,15,82.14,1108.91
11934,3426,367,1,419.99,0,33.6,453.59
11935,3427,458,2,449.99,10,64.8,874.78
11936,3427,289,2,1112.99,0,178.08,2404.06
11937,3427,200,4,330.99,5,100.62,1358.38
11938,3428,319,3,336.99,15,68.75,928.07
11939,3428,52,4,449.99,10,129.6,1749.56
11940,3428,280,3,1103.99,5,251.71,3398.08
11941,3428,153,4,850.99,5,258.7,3492.46
11942,3428,214,3,423.99,0,101.76,1373.73
11943,3428,295,4,1309.99,5,398.24,5376.2
11944,3429,89,2,794.99,5,120.84,1631.32
11945,3430,165,3,1057.99,15,215.83,2913.7
11946,3430,330,4,791.99,5,240.76,3250.32
11947,3430,352,1,1453.99,10,104.69,1413.28
11948,3431,26,2,270.99,10,39.02,526.8
11949,3432,8,2,586.99,10,84.53,1141.11
11950,3432,416,3,444.99,10,96.12,1297.59
11951,3432,84,3,186.99,15,38.15,514.97
11952,3432,114,2,879.99,0,140.8,1900.78
11953,3432,346,2,406.99,0,65.12,879.1
11954,3433,328,3,197.99,10,42.77,577.34
11955,3433,230,2,875.99,10,126.14,1702.92
11956,3433,404,1,1238.99,10,89.21,1204.3
11957,3433,407,4,160.99,15,43.79,591.16
11958,3433,316,4,1218.99,5,370.57,5002.73
11959,3434,255,3,677.99,0,162.72,2196.69
11960,3434,441,2,766.99,10,110.45,1491.03
11961,3434,88,1,322.99,10,23.26,313.95
11962,3435,201,3,501.99,10,108.43,1463.8
11963,3435,188,2,1278.99,10,184.17,2486.35
11964,3435,274,4,729.99,5,221.92,2995.88
11965,3435,326,4,879.99,0,281.6,3801.56
11966,3435,414,2,1426.99,5,216.9,2928.18
11967,3435,202,3,721.99,5,164.61,2222.28
11968,3436,419,3,351.99,0,84.48,1140.45
11969,3436,157,3,33.99,15,6.93,93.6
11970,3436,170,3,865.99,0,207.84,2805.81
11971,3436,233,4,133.99,5,40.73,549.89
11972,3436,161,4,1385.99,0,443.52,5987.48
11973,3437,451,3,1029.99,15,210.12,2836.59
11974,3437,466,4,796.99,10,229.53,3098.69
11975,3437,435,1,214.99,0,17.2,232.19
11976,3437,26,2,270.99,15,36.85,497.53
11977,3437,11,1,1445.99,10,104.11,1405.5
11978,3437,284,4,1112.99,5,338.35,4567.71
11979,3438,47,4,498.99,10,143.71,1940.07
11980,3438,52,4,449.99,5,136.8,1846.76
11981,3439,209,3,565.99,5,129.05,1742.12
11982,3440,276,4,293.99,0,94.08,1270.04
11983,3440,461,2,345.99,15,47.05,635.23
11984,3440,251,1,134.99,10,9.72,131.21
11985,3440,347,2,89.99,5,13.68,184.66
11986,3440,189,2,612.99,5,93.17,1257.85
11987,3441,220,4,620.99,15,168.91,2280.28
11988,3442,56,2,425.99,15,57.93,782.11
11989,3442,319,3,336.99,5,76.83,1037.25
11990,3442,273,3,1167.99,10,252.29,3405.86
11991,3442,129,3,251.99,15,51.41,693.98
11992,3442,307,4,1360.99,5,413.74,5585.5
11993,3442,74,1,143.99,0,11.52,155.51
11994,3443,479,4,1129.99,0,361.6,4881.56
11995,3444,458,3,449.99,15,91.8,1239.27
11996,3444,305,3,1235.99,15,252.14,3403.91
11997,3444,349,4,29.99,0,9.6,129.56
11998,3444,138,4,1243.99,5,378.17,5105.33
11999,3444,38,3,385.99,5,88.01,1188.08
12000,3445,70,3,453.99,0,108.96,1470.93
12001,3445,114,3,879.99,0,211.2,2851.17
12002,3445,196,1,347.99,0,27.84,375.83
12003,3445,125,1,1036.99,0,82.96,1119.95
12004,3445,316,1,1218.99,0,97.52,1316.51
12005,3445,75,2,927.99,5,141.05,1904.23
12006,3446,432,4,423.99,0,135.68,1831.64
12007,3446,356,3,328.99,10,71.06,959.33
12008,3446,18,3,825.99,0,198.24,2676.21
12009,3446,352,4,1453.99,5,442.01,5967.17
12010,3447,34,1,67.99,0,5.44,73.43
12011,3447,416,4,444.99,5,135.28,1826.24
12012,3448,470,2,203.99,10,29.37,396.55
12013,3448,89,4,794.99,0,254.4,3434.36
12014,3448,344,4,791.99,10,228.09,3079.25
12015,3449,22,1,1226.99,15,83.44,1126.38
12016,3449,425,4,817.99,15,222.49,3003.66
12017,3449,426,1,887.99,10,63.94,863.13
12018,3449,226,3,278.99,5,63.61,858.73
12019,3449,358,1,94.99,0,7.6,102.59
12020,3449,274,3,729.99,10,157.68,2128.65
12021,3450,374,2,1025.99,15,139.53,1883.71
12022,3450,151,4,683.99,15,186.05,2511.62
12023,3450,330,3,791.99,15,161.57,2181.14
12024,3450,425,1,817.99,10,58.9,795.09
12025,3450,99,4,1421.99,10,409.53,5528.69
12026,3451,346,2,406.99,0,65.12,879.1
12027,3451,375,3,541.99,0,130.08,1756.05
12028,3451,365,2,1002.99,10,144.43,1949.81
12029,3451,141,2,1173.99,10,169.05,2282.23
12030,3452,193,2,973.99,10,140.25,1893.43
12031,3452,395,1,1497.99,15,101.86,1375.15
12032,3452,400,2,1305.99,0,208.96,2820.94
12033,3452,119,3,975.99,5,222.53,3004.1
12034,3453,232,1,1001.99,10,72.14,973.93
12035,3453,348,4,586.99,0,187.84,2535.8
12036,3453,324,4,135.99,10,39.17,528.73
12037,3453,31,2,542.99,5,82.53,1114.21
12038,3454,325,2,527.99,15,71.81,969.39
12039,3455,19,4,1251.99,0,400.64,5408.6
12040,3455,172,3,1080.99,15,220.52,2977.04
12041,3456,242,2,1500.99,10,216.14,2917.92
12042,3456,292,2,907.99,0,145.28,1961.26
12043,3456,166,2,247.99,0,39.68,535.66
12044,3456,161,2,1385.99,0,221.76,2993.74
12045,3456,232,2,1001.99,15,136.27,1839.65
12046,3457,107,3,384.99,5,87.78,1185
12047,3457,51,4,246.99,15,67.18,906.95
12048,3457,186,1,937.99,0,75.04,1013.03
12049,3457,436,3,541.99,10,117.07,1580.44
12050,3457,295,2,1309.99,0,209.6,2829.58
12051,3458,418,4,445.99,15,121.31,1637.68
12052,3458,98,4,1194.99,0,382.4,5162.36
12053,3458,416,3,444.99,10,96.12,1297.59
12054,3458,11,2,1445.99,5,219.79,2967.17
12055,3458,377,4,808.99,5,245.93,3320.09
12056,3458,224,1,462.99,10,33.34,450.03
12057,3459,405,4,33.99,0,10.88,146.84
12058,3459,134,1,290.99,10,20.95,282.84
12059,3459,132,2,728.99,0,116.64,1574.62
12060,3459,300,2,991.99,0,158.72,2142.7
12061,3459,326,2,879.99,5,133.76,1805.74
12062,3459,57,3,461.99,10,99.79,1347.16
12063,3460,273,4,1167.99,0,373.76,5045.72
12064,3461,239,3,133.99,15,27.33,369
12065,3461,44,2,586.99,10,84.53,1141.11
12066,3461,123,1,271.99,15,18.5,249.69
12067,3461,493,1,451.99,5,34.35,463.74
12068,3461,257,2,1143.99,10,164.73,2223.91
12069,3461,74,1,143.99,15,9.79,132.18
12070,3462,175,1,667.99,10,48.1,649.29
12071,3462,138,3,1243.99,10,268.7,3627.47
12072,3462,355,3,45.99,15,9.38,126.65
12073,3463,418,4,445.99,5,135.58,1830.34
12074,3463,69,3,998.99,0,239.76,3236.73
12075,3463,464,4,820.99,10,236.45,3192.01
12076,3464,18,4,825.99,15,224.67,3033.04
12077,3464,191,4,676.99,15,184.14,2485.91
12078,3464,339,3,200.99,0,48.24,651.21
12079,3464,28,2,176.99,10,25.49,344.07
12080,3464,68,2,230.99,15,31.41,424.09
12081,3464,370,4,1201.99,5,365.4,4932.96
12082,3465,186,1,937.99,10,67.54,911.73
12083,3465,205,2,727.99,15,99.01,1336.59
12084,3465,375,4,541.99,10,156.09,2107.25
12085,3465,309,1,103.99,15,7.07,95.46
12086,3465,87,3,1443.99,15,294.57,3976.74
12087,3465,343,1,758.99,5,57.68,778.72
12088,3466,475,2,1263.99,10,182.01,2457.19
12089,3466,161,4,1385.99,0,443.52,5987.48
12090,3467,198,1,1083.99,5,82.38,1112.17
12091,3467,200,3,330.99,10,71.49,965.16
12092,3467,290,3,963.99,5,219.79,2967.16
12093,3467,93,3,498.99,5,113.77,1535.89
12094,3468,359,3,147.99,10,31.97,431.54
12095,3468,330,3,791.99,5,180.57,2437.74
12096,3468,201,3,501.99,15,102.41,1382.48
12097,3468,408,1,474.99,10,34.2,461.69
12098,3468,401,2,487.99,10,70.27,948.65
12099,3469,10,2,551.99,0,88.32,1192.3
12100,3469,4,2,935.99,0,149.76,2021.74
12101,3469,485,2,875.99,5,133.15,1797.53
12102,3469,26,3,270.99,10,58.53,790.2
12103,3469,476,1,732.99,15,49.84,672.88
12104,3470,426,1,887.99,10,63.94,863.13
12105,3470,278,1,714.99,15,48.62,656.36
12106,3470,489,4,800.99,10,230.69,3114.25
12107,3470,188,3,1278.99,5,291.61,3936.73
12108,3470,309,1,103.99,5,7.9,106.69
12109,3470,134,4,290.99,10,83.81,1131.37
12110,3471,185,3,252.99,5,57.68,778.7
12111,3471,40,2,506.99,15,68.95,930.83
12112,3471,224,3,462.99,0,111.12,1500.09
12113,3471,195,1,420.99,5,32,431.94
12114,3471,320,3,1027.99,10,222.05,2997.62
12115,3472,16,1,809.99,10,58.32,787.31
12116,3472,42,1,1420.99,15,96.63,1304.47
12117,3472,299,2,71.99,0,11.52,155.5
12118,3472,420,2,653.99,15,88.94,1200.72
12119,3473,214,3,423.99,15,86.49,1167.66
12120,3473,205,3,727.99,0,174.72,2358.69
12121,3474,58,2,1408.99,0,225.44,3043.42
12122,3474,496,2,484.99,5,73.72,995.2
12123,3474,22,4,1226.99,15,333.74,4505.51
12124,3474,133,3,514.99,0,123.6,1668.57
12125,3474,458,2,449.99,10,64.8,874.78
12126,3475,72,3,436.99,0,104.88,1415.85
12127,3475,286,1,365.99,10,26.35,355.74
12128,3475,298,1,1045.99,5,79.5,1073.19
12129,3475,75,2,927.99,10,133.63,1804.01
12130,3475,65,4,72.99,5,22.19,299.55
12131,3476,143,2,553.99,10,79.77,1076.95
12132,3477,420,1,653.99,15,44.47,600.36
12133,3477,12,2,403.99,5,61.41,828.99
12134,3477,423,3,1494.99,0,358.8,4843.77
12135,3478,199,1,882.99,15,60.04,810.58
12136,3479,122,1,1350.99,0,108.08,1459.07
12137,3480,349,3,29.99,10,6.48,87.45
12138,3481,232,1,1001.99,0,80.16,1082.15
12139,3481,46,1,941.99,15,64.06,864.75
12140,3481,304,2,119.99,0,19.2,259.18
12141,3481,491,1,891.99,0,71.36,963.35
12142,3481,294,2,184.99,0,29.6,399.58
12143,3481,460,1,1118.99,5,85.04,1148.08
12144,3482,1,2,524.99,0,84,1133.98
12145,3482,50,2,1364.99,10,196.56,2653.54
12146,3482,267,4,1201.99,10,346.17,4673.33
12147,3482,319,4,336.99,10,97.05,1310.21
12148,3483,86,1,113.99,10,8.21,110.8
12149,3483,431,2,124.99,10,18,242.98
12150,3483,208,4,1001.99,0,320.64,4328.6
12151,3483,176,3,1323.99,0,317.76,4289.73
12152,3484,242,4,1500.99,0,480.32,6484.28
12153,3484,96,3,545.99,5,124.49,1680.56
12154,3485,493,1,451.99,0,36.16,488.15
12155,3485,423,4,1494.99,10,430.56,5812.52
12156,3486,347,4,89.99,5,27.36,369.32
12157,3486,83,1,549.99,10,39.6,534.59
12158,3487,29,4,573.99,10,165.31,2231.67
12159,3488,443,4,941.99,15,256.22,3458.99
12160,3488,341,3,558.99,5,127.45,1720.57
12161,3488,82,1,807.99,10,58.18,785.37
12162,3488,49,1,124.99,0,10,134.99
12163,3489,2,4,102.99,10,29.66,400.42
12164,3489,208,3,1001.99,10,216.43,2921.8
12165,3489,232,2,1001.99,10,144.29,1947.87
12166,3489,59,2,254.99,15,34.68,468.16
12167,3489,439,1,168.99,5,12.84,173.38
12168,3490,382,3,88.99,15,18.15,245.07
12169,3490,201,4,501.99,15,136.54,1843.31
12170,3490,322,4,291.99,0,93.44,1261.4
12171,3491,250,4,314.99,5,95.76,1292.72
12172,3491,285,1,936.99,5,71.21,961.35
12173,3491,282,4,427.99,0,136.96,1848.92
12174,3492,311,1,1079.99,0,86.4,1166.39
12175,3493,437,2,257.99,0,41.28,557.26
12176,3494,359,2,147.99,10,21.31,287.69
12177,3494,389,4,1452.99,10,418.46,5649.22
12178,3494,163,4,911.99,10,262.65,3545.81
12179,3495,437,3,257.99,0,61.92,835.89
12180,3496,117,3,957.99,5,218.42,2948.69
12181,3496,241,1,753.99,0,60.32,814.31
12182,3496,324,4,135.99,15,36.99,499.36
12183,3496,369,3,1321.99,0,317.28,4283.25
12184,3496,40,3,506.99,5,115.59,1560.51
12185,3497,43,3,423.99,15,86.49,1167.66
12186,3497,457,1,929.99,10,66.96,903.95
12187,3497,65,2,72.99,0,11.68,157.66
12188,3497,32,3,471.99,15,96.29,1299.86
12189,3498,467,3,827.99,5,188.78,2548.55
12190,3498,72,3,436.99,5,99.63,1345.05
12191,3498,230,2,875.99,5,133.15,1797.53
12192,3499,444,4,682.99,15,185.77,2507.94
12193,3499,122,4,1350.99,15,367.47,4960.84
12194,3499,400,1,1305.99,10,94.03,1269.42
12195,3499,166,3,247.99,5,56.54,763.31
12196,3500,47,2,498.99,10,71.85,970.03
12197,3500,387,2,947.99,5,144.09,1945.27
12198,3500,477,3,1192.99,10,257.69,3478.76
12199,3501,170,4,865.99,5,263.26,3554.02
12200,3501,288,4,1187.99,0,380.16,5132.12
12201,3501,452,3,364.99,10,78.84,1064.31
12202,3502,299,4,71.99,10,20.73,279.89
12203,3502,344,3,791.99,15,161.57,2181.14
12204,3502,256,4,395.99,0,126.72,1710.68
12205,3503,168,4,387.99,15,105.53,1424.7
12206,3503,316,4,1218.99,15,331.57,4476.14
12207,3503,464,4,820.99,15,223.31,3014.68
12208,3503,486,2,220.99,10,31.82,429.6
12209,3504,384,2,898.99,15,122.26,1650.54
12210,3504,47,3,498.99,15,101.79,1374.21
12211,3504,316,2,1218.99,15,165.78,2238.06
12212,3505,127,4,1200.99,0,384.32,5188.28
12213,3505,114,4,879.99,0,281.6,3801.56
12214,3505,444,3,682.99,5,155.72,2102.24
12215,3506,296,2,52.99,10,7.63,103.01
12216,3506,329,1,464.99,0,37.2,502.19
12217,3506,432,4,423.99,0,135.68,1831.64
12218,3506,276,2,293.99,0,47.04,635.02
12219,3506,489,3,800.99,5,182.63,2465.45
12220,3507,166,3,247.99,10,53.57,723.14
12221,3507,264,2,1444.99,5,219.64,2965.12
12222,3507,206,1,1275.99,0,102.08,1378.07
12223,3507,26,1,270.99,15,18.43,248.77
12224,3507,463,4,1279.99,0,409.6,5529.56
12225,3508,477,4,1192.99,10,343.58,4638.34
12226,3509,115,3,548.99,15,111.99,1511.91
12227,3509,105,1,1499.99,10,108,1457.99
12228,3509,243,1,1487.99,0,119.04,1607.03
12229,3510,32,1,471.99,0,37.76,509.75
12230,3511,264,1,1444.99,10,104.04,1404.53
12231,3511,412,1,1121.99,0,89.76,1211.75
12232,3511,495,1,974.99,5,74.1,1000.34
12233,3512,351,2,321.99,10,46.37,625.95
12234,3513,129,3,251.99,0,60.48,816.45
12235,3514,118,1,213.99,10,15.41,208
12236,3514,183,1,56.99,10,4.1,55.39
12237,3514,479,2,1129.99,0,180.8,2440.78
12238,3514,3,1,889.99,0,71.2,961.19
12239,3514,273,4,1167.99,10,336.38,4541.14
12240,3515,281,2,1147.99,5,174.49,2355.67
12241,3515,220,1,620.99,0,49.68,670.67
12242,3515,460,2,1118.99,5,170.09,2296.17
12243,3515,420,1,653.99,10,47.09,635.68
12244,3515,384,3,898.99,10,194.18,2621.45
12245,3515,293,1,1158.99,10,83.45,1126.54
12246,3516,359,3,147.99,0,35.52,479.49
12247,3516,429,1,940.99,15,63.99,863.83
12248,3516,41,3,549.99,15,112.2,1514.67
12249,3516,304,3,119.99,10,25.92,349.89
12250,3517,324,2,135.99,10,19.58,264.36
12251,3517,257,3,1143.99,10,247.1,3335.87
12252,3517,48,2,1148.99,10,165.45,2233.63
12253,3518,55,3,856.99,10,185.11,2498.98
12254,3518,250,1,314.99,5,23.94,323.18
12255,3518,146,2,26.99,5,4.1,55.38
12256,3518,245,1,1338.99,15,91.05,1229.19
12257,3518,25,4,109.99,10,31.68,427.64
12258,3518,74,4,143.99,5,43.77,590.93
12259,3519,251,4,134.99,5,41.04,554
12260,3519,294,3,184.99,5,42.18,569.4
12261,3519,295,2,1309.99,5,199.12,2688.1
12262,3520,427,1,378.99,10,27.29,368.38
12263,3520,414,3,1426.99,5,325.35,4392.27
12264,3520,161,2,1385.99,15,188.49,2544.67
12265,3520,44,1,586.99,15,39.92,538.86
12266,3520,384,4,898.99,5,273.29,3689.45
12267,3521,244,2,42.99,0,6.88,92.86
12268,3521,388,4,1182.99,0,378.56,5110.52
12269,3521,469,1,489.99,0,39.2,529.19
12270,3521,155,4,635.99,15,172.99,2335.36
12271,3521,206,3,1275.99,0,306.24,4134.21
12272,3521,347,3,89.99,0,21.6,291.57
12273,3522,485,1,875.99,15,59.57,804.16
12274,3522,164,2,135.99,0,21.76,293.74
12275,3522,42,1,1420.99,5,108,1457.94
12276,3523,101,4,1394.99,10,401.76,5423.72
12277,3523,316,2,1218.99,10,175.53,2369.71
12278,3524,143,3,553.99,15,113.01,1525.68
12279,3524,105,2,1499.99,5,228,3077.98
12280,3525,251,4,134.99,15,36.72,495.69
12281,3525,152,3,47.99,15,9.79,132.16
12282,3525,140,2,1240.99,15,168.77,2278.45
12283,3525,178,2,1071.99,10,154.37,2083.95
12284,3525,395,4,1497.99,15,407.45,5500.62
12285,3525,353,4,155.99,5,47.42,640.18
12286,3526,185,4,252.99,10,72.86,983.62
12287,3527,131,3,371.99,5,84.81,1144.98
12288,3527,311,3,1079.99,10,233.28,3149.25
12289,3527,493,4,451.99,0,144.64,1952.6
12290,3527,111,2,282.99,0,45.28,611.26
12291,3528,163,1,911.99,5,69.31,935.7
12292,3528,406,4,1125.99,15,306.27,4134.64
12293,3528,282,4,427.99,5,130.11,1756.47
12294,3528,443,2,941.99,5,143.18,1932.96
12295,3528,183,3,56.99,5,12.99,175.41
12296,3529,355,3,45.99,0,11.04,149.01
12297,3529,50,2,1364.99,5,207.48,2800.96
12298,3529,109,1,1104.99,0,88.4,1193.39
12299,3529,363,2,1073.99,10,154.65,2087.83
12300,3529,335,2,758.99,5,115.37,1557.45
12301,3530,115,3,548.99,15,111.99,1511.91
12302,3530,413,1,1416.99,15,96.36,1300.8
12303,3530,445,4,20.99,5,6.38,86.14
12304,3530,108,1,1184.99,15,80.58,1087.82
12305,3530,216,2,979.99,15,133.28,1799.26
12306,3531,289,1,1112.99,0,89.04,1202.03
12307,3532,17,2,517.99,5,78.73,1062.91
12308,3532,137,3,1014.99,15,207.06,2795.28
12309,3532,232,4,1001.99,15,272.54,3679.31
12310,3533,398,3,512.99,15,104.65,1412.77
12311,3533,151,4,683.99,15,186.05,2511.62
12312,3534,437,3,257.99,15,52.63,710.5
12313,3534,339,3,200.99,5,45.83,618.65
12314,3535,28,2,176.99,10,25.49,344.07
12315,3535,191,1,676.99,0,54.16,731.15
12316,3535,365,3,1002.99,0,240.72,3249.69
12317,3535,302,3,1319.99,5,300.96,4062.93
12318,3536,406,1,1125.99,10,81.07,1094.46
12319,3536,67,3,879.99,5,200.64,2708.61
12320,3536,268,4,1229.99,0,393.6,5313.56
12321,3536,489,4,800.99,10,230.69,3114.25
12322,3537,370,4,1201.99,10,346.17,4673.33
12323,3537,499,2,1078.99,15,146.74,1981.02
12324,3537,147,3,22.99,10,4.97,67.04
12325,3538,392,2,691.99,0,110.72,1494.7
12326,3538,73,1,1030.99,5,78.36,1057.8
12327,3538,465,3,1287.99,5,293.66,3964.43
12328,3538,303,1,230.99,15,15.71,212.05
12329,3538,219,2,737.99,5,112.17,1514.35
12330,3538,329,2,464.99,15,63.24,853.72
12331,3539,139,3,1205.99,0,289.44,3907.41
12332,3539,459,1,868.99,10,62.57,844.66
12333,3539,438,1,1482.99,10,106.78,1441.47
12334,3539,172,3,1080.99,15,220.52,2977.04
12335,3540,111,1,282.99,15,19.24,259.78
12336,3540,495,3,974.99,0,234,3158.97
12337,3540,96,1,545.99,15,37.13,501.22
12338,3540,494,3,1384.99,10,299.16,4038.63
12339,3541,41,4,549.99,5,167.2,2257.16
12340,3541,342,2,1071.99,10,154.37,2083.95
12341,3541,419,3,351.99,5,80.25,1083.42
12342,3541,198,2,1083.99,5,164.77,2224.35
12343,3541,341,3,558.99,15,114.03,1539.45
12344,3541,486,4,220.99,10,63.65,859.21
12345,3542,9,1,896.99,15,61,823.44
12346,3543,140,2,1240.99,5,188.63,2546.51
12347,3543,89,1,794.99,10,57.24,772.73
12348,3543,448,3,420.99,0,101.04,1364.01
12349,3543,341,4,558.99,5,169.93,2294.09
12350,3544,405,1,33.99,10,2.45,33.04
12351,3544,342,3,1071.99,10,231.55,3125.92
12352,3544,337,3,1160.99,10,250.77,3385.44
12353,3544,5,3,1162.99,10,251.21,3391.28
12354,3544,2,1,102.99,5,7.83,105.67
12355,3544,264,2,1444.99,10,208.08,2809.06
12356,3545,123,2,271.99,0,43.52,587.5
12357,3546,197,1,659.99,15,44.88,605.87
12358,3547,55,2,856.99,5,130.26,1758.54
12359,3548,455,2,1465.99,0,234.56,3166.54
12360,3548,140,1,1240.99,0,99.28,1340.27
12361,3548,300,1,991.99,0,79.36,1071.35
12362,3549,193,1,973.99,0,77.92,1051.91
12363,3549,269,1,794.99,0,63.6,858.59
12364,3549,198,3,1083.99,15,221.13,2985.3
12365,3549,226,1,278.99,0,22.32,301.31
12366,3549,411,1,1232.99,5,93.71,1265.05
12367,3549,216,2,979.99,5,148.96,2010.94
12368,3550,252,3,896.99,10,193.75,2615.62
12369,3550,473,2,1377.99,5,209.45,2827.63
12370,3551,48,2,1148.99,5,174.65,2357.73
12371,3551,82,4,807.99,0,258.56,3490.52
12372,3551,427,4,378.99,15,103.09,1391.66
12373,3551,481,1,413.99,15,28.15,380.04
12374,3552,181,1,332.99,15,22.64,305.68
12375,3552,302,4,1319.99,0,422.4,5702.36
12376,3552,336,1,743.99,0,59.52,803.51
12377,3552,206,2,1275.99,5,193.95,2618.33
12378,3552,14,4,1137.99,15,309.53,4178.7
12379,3553,315,4,852.99,5,259.31,3500.67
12380,3553,481,3,413.99,0,99.36,1341.33
12381,3553,294,2,184.99,0,29.6,399.58
12382,3553,199,4,882.99,15,240.17,3242.34
12383,3553,238,4,280.99,15,76.43,1031.8
12384,3554,19,3,1251.99,5,285.45,3853.62
12385,3554,2,2,102.99,15,14.01,189.09
12386,3554,463,2,1279.99,5,194.56,2626.54
12387,3554,351,3,321.99,5,73.41,991.08
12388,3554,167,1,715.99,15,48.69,657.28
12389,3554,103,1,310.99,0,24.88,335.87
12390,3555,285,2,936.99,10,134.93,1821.51
12391,3555,357,4,481.99,15,131.1,1769.87
12392,3555,289,3,1112.99,10,240.41,3245.48
12393,3556,67,1,879.99,5,66.88,902.87
12394,3556,70,3,453.99,0,108.96,1470.93
12395,3557,459,4,868.99,5,264.17,3566.33
12396,3557,79,3,1262.99,10,272.81,3682.88
12397,3558,227,4,1337.99,5,406.75,5491.11
12398,3558,330,4,791.99,15,215.42,2908.19
12399,3558,167,4,715.99,0,229.12,3093.08
12400,3558,442,2,799.99,0,128,1727.98
12401,3558,314,4,159.99,15,43.52,587.49
12402,3558,190,4,1002.99,15,272.81,3682.98
12403,3559,417,2,897.99,10,129.31,1745.69
12404,3560,270,4,213.99,10,61.63,831.99
12405,3560,493,2,451.99,15,61.47,829.85
12406,3561,2,4,102.99,15,28.01,378.18
12407,3561,202,4,721.99,0,231.04,3119
12408,3562,250,2,314.99,0,50.4,680.38
12409,3562,122,4,1350.99,5,410.7,5544.46
12410,3562,78,4,1476.99,10,425.37,5742.53
12411,3562,387,2,947.99,15,128.93,1740.51
12412,3562,178,3,1071.99,10,231.55,3125.92
12413,3563,62,4,516.99,15,140.62,1898.39
12414,3563,136,4,182.99,15,49.77,671.94
12415,3563,375,2,541.99,0,86.72,1170.7
12416,3563,107,3,384.99,10,83.16,1122.63
12417,3563,274,2,729.99,5,110.96,1497.94
12418,3563,57,2,461.99,5,70.22,948
12419,3564,174,1,688.99,5,52.36,706.9
12420,3564,165,4,1057.99,10,304.7,4113.46
12421,3564,73,1,1030.99,15,70.11,946.45
12422,3565,246,1,1215.99,5,92.42,1247.61
12423,3565,125,4,1036.99,10,298.65,4031.81
12424,3565,483,2,897.99,10,129.31,1745.69
12425,3565,290,4,963.99,5,293.05,3956.21
12426,3565,375,2,541.99,5,82.38,1112.16
12427,3565,103,3,310.99,5,70.91,957.23
12428,3566,65,1,72.99,15,4.96,67
12429,3566,305,1,1235.99,5,93.94,1268.13
12430,3566,53,3,766.99,10,165.67,2236.54
12431,3566,86,1,113.99,15,7.75,104.64
12432,3566,438,2,1482.99,0,237.28,3203.26
12433,3566,201,2,501.99,10,72.29,975.87
12434,3567,317,3,1482.99,15,302.53,4084.15
12435,3567,327,3,975.99,15,199.1,2687.87
12436,3568,45,4,896.99,15,243.98,3293.75
12437,3568,349,2,29.99,5,4.56,61.54
12438,3568,91,1,1053.99,15,71.67,967.56
12439,3569,22,2,1226.99,0,196.32,2650.3
12440,3569,261,4,718.99,10,207.07,2795.43
12441,3569,428,1,160.99,0,12.88,173.87
12442,3569,419,2,351.99,15,47.87,646.25
12443,3569,367,2,419.99,10,60.48,816.46
12444,3570,259,2,491.99,10,70.85,956.43
12445,3570,325,3,527.99,15,107.71,1454.08
12446,3570,371,1,105.99,0,8.48,114.47
12447,3571,423,2,1494.99,15,203.32,2744.8
12448,3571,492,4,494.99,15,134.64,1817.61
12449,3571,304,1,119.99,5,9.12,123.11
12450,3571,255,2,677.99,0,108.48,1464.46
12451,3572,339,1,200.99,10,14.47,195.36
12452,3572,300,2,991.99,0,158.72,2142.7
12453,3573,452,3,364.99,15,74.46,1005.18
12454,3573,5,1,1162.99,5,88.39,1193.23
12455,3573,92,3,1065.99,10,230.25,3108.42
12456,3573,128,1,987.99,5,75.09,1013.68
12457,3574,382,3,88.99,15,18.15,245.07
12458,3574,182,3,766.99,15,156.47,2112.29
12459,3575,21,4,683.99,5,207.93,2807.09
12460,3575,431,4,124.99,5,38,512.96
12461,3575,412,3,1121.99,5,255.81,3453.48
12462,3575,398,1,512.99,10,36.94,498.63
12463,3575,156,4,1366.99,15,371.82,5019.59
12464,3575,399,3,94.99,15,19.38,261.6
12465,3576,454,4,499.99,0,160,2159.96
12466,3576,104,2,1343.99,0,215.04,2903.02
12467,3577,367,1,419.99,10,30.24,408.23
12468,3577,317,3,1482.99,5,338.12,4564.64
12469,3577,278,2,714.99,15,97.24,1312.72
12470,3577,209,3,565.99,5,129.05,1742.12
12471,3577,428,3,160.99,0,38.64,521.61
12472,3577,216,3,979.99,0,235.2,3175.17
12473,3578,133,1,514.99,15,35.02,472.76
12474,3578,110,1,628.99,15,42.77,577.41
12475,3578,500,1,835.99,5,63.54,857.73
12476,3578,33,1,1048.99,5,79.72,1076.26
12477,3578,227,3,1337.99,15,272.95,3684.82
12478,3579,465,1,1287.99,0,103.04,1391.03
12479,3579,201,1,501.99,5,38.15,515.04
12480,3579,311,2,1079.99,5,164.16,2216.14
12481,3580,488,3,732.99,10,158.33,2137.4
12482,3580,360,4,407.99,10,117.5,1586.26
12483,3580,221,4,1084.99,5,329.84,4452.8
12484,3580,464,3,820.99,10,177.33,2394
12485,3581,14,1,1137.99,5,86.49,1167.58
12486,3581,62,3,516.99,0,124.08,1675.05
12487,3581,49,3,124.99,15,25.5,344.22
12488,3582,493,1,451.99,15,30.74,414.93
12489,3582,349,1,29.99,0,2.4,32.39
12490,3582,29,1,573.99,5,43.62,588.91
12491,3582,319,3,336.99,5,76.83,1037.25
12492,3582,234,4,405.99,5,123.42,1666.18
12493,3582,416,3,444.99,5,101.46,1369.68
12494,3583,113,3,549.99,5,125.4,1692.87
12495,3583,274,4,729.99,10,210.24,2838.2
12496,3583,221,3,1084.99,0,260.4,3515.37
12497,3584,395,1,1497.99,5,113.85,1536.94
12498,3584,234,4,405.99,10,116.93,1578.49
12499,3584,229,1,611.99,10,44.06,594.85
12500,3585,167,3,715.99,10,154.65,2087.82
12501,3585,215,4,686.99,10,197.85,2671.01
12502,3585,340,2,1235.99,10,177.98,2402.76
12503,3586,64,2,546.99,10,78.77,1063.35
12504,3586,292,3,907.99,5,207.02,2794.79
12505,3586,302,4,1319.99,15,359.04,4847.01
12506,3586,148,2,705.99,15,96.01,1296.19
12507,3587,214,1,423.99,5,32.22,435.01
12508,3587,91,1,1053.99,0,84.32,1138.31
12509,3587,445,1,20.99,5,1.6,21.54
12510,3587,473,2,1377.99,5,209.45,2827.63
12511,3587,13,2,241.99,0,38.72,522.7
12512,3588,1,1,524.99,5,39.9,538.64
12513,3589,480,2,833.99,0,133.44,1801.42
12514,3589,393,3,363.99,5,82.99,1120.36
12515,3589,124,4,388.99,15,105.81,1428.38
12516,3589,228,2,836.99,10,120.53,1627.11
12517,3589,420,2,653.99,0,104.64,1412.62
12518,3589,26,4,270.99,0,86.72,1170.68
12519,3590,387,1,947.99,15,64.46,870.25
12520,3590,193,1,973.99,0,77.92,1051.91
12521,3590,414,4,1426.99,15,388.14,5239.91
12522,3590,381,4,1077.99,15,293.21,3958.38
12523,3591,126,1,1486.99,5,113.01,1525.65
12524,3591,233,2,133.99,15,18.22,246
12525,3591,266,3,232.99,10,50.33,679.4
12526,3592,16,3,809.99,15,165.24,2230.71
12527,3592,146,2,26.99,15,3.67,49.55
12528,3592,470,3,203.99,5,46.51,627.88
12529,3593,22,1,1226.99,5,93.25,1258.89
12530,3593,12,4,403.99,10,116.35,1570.71
12531,3593,325,3,527.99,0,126.72,1710.69
12532,3594,172,2,1080.99,0,172.96,2334.94
12533,3594,92,3,1065.99,5,243.05,3281.12
12534,3594,486,3,220.99,0,53.04,716.01
12535,3595,336,2,743.99,0,119.04,1607.02
12536,3595,378,4,1307.99,10,376.7,5085.46
12537,3595,366,2,1373.99,0,219.84,2967.82
12538,3595,169,1,755.99,0,60.48,816.47
12539,3596,435,4,214.99,5,65.36,882.32
12540,3596,214,4,423.99,5,128.89,1740.05
12541,3596,454,4,499.99,15,136,1835.97
12542,3597,490,1,968.99,15,65.89,889.53
12543,3598,66,1,276.99,10,19.94,269.23
12544,3599,58,3,1408.99,5,321.25,4336.87
12545,3599,214,3,423.99,0,101.76,1373.73
12546,3600,9,3,896.99,0,215.28,2906.25
12547,3600,386,1,300.99,0,24.08,325.07
12548,3600,213,1,700.99,5,53.28,719.22
12549,3600,490,2,968.99,5,147.29,1988.37
12550,3600,218,4,790.99,5,240.46,3246.22
12551,3601,323,4,599.99,15,163.2,2203.17
12552,3601,461,1,345.99,15,23.53,317.62
12553,3601,89,1,794.99,15,54.06,729.8
12554,3601,47,1,498.99,5,37.92,511.96
12555,3602,212,3,893.99,15,182.37,2462.04
12556,3602,384,3,898.99,10,194.18,2621.45
12557,3602,53,4,766.99,15,208.62,2816.39
12558,3602,43,2,423.99,5,64.45,870.03
12559,3602,111,4,282.99,10,81.5,1100.26
12560,3603,298,1,1045.99,10,75.31,1016.7
12561,3603,454,3,499.99,10,108,1457.97
12562,3603,241,2,753.99,5,114.61,1547.19
12563,3603,485,2,875.99,15,119.13,1608.31
12564,3603,37,4,303.99,0,97.28,1313.24
12565,3603,351,2,321.99,10,46.37,625.95
12566,3604,353,1,155.99,0,12.48,168.47
12567,3604,140,2,1240.99,10,178.7,2412.48
12568,3604,389,4,1452.99,15,395.21,5335.38
12569,3605,151,3,683.99,15,139.53,1883.7
12570,3605,201,4,501.99,5,152.6,2060.16
12571,3605,249,3,462.99,5,105.56,1425.08
12572,3605,252,1,896.99,0,71.76,968.75
12573,3605,406,2,1125.99,15,153.13,2067.31
12574,3605,246,3,1215.99,0,291.84,3939.81
12575,3606,13,4,241.99,5,73.56,993.12
12576,3606,255,3,677.99,0,162.72,2196.69
12577,3606,171,4,399.99,5,121.6,1641.56
12578,3606,64,4,546.99,10,157.53,2126.69
12579,3606,474,1,500.99,15,34.07,459.91
12580,3607,113,3,549.99,0,132,1781.97
12581,3607,268,3,1229.99,5,280.44,3785.91
12582,3607,491,3,891.99,0,214.08,2890.05
12583,3607,230,4,875.99,10,252.29,3405.85
12584,3607,248,3,804.99,15,164.22,2216.94
12585,3608,17,1,517.99,5,39.37,531.46
12586,3608,115,1,548.99,15,37.33,503.97
12587,3609,175,1,667.99,0,53.44,721.43
12588,3609,484,2,622.99,5,94.69,1278.37
12589,3609,55,3,856.99,5,195.39,2637.81
12590,3609,77,1,453.99,0,36.32,490.31
12591,3609,422,2,572.99,5,87.09,1175.77
12592,3610,40,3,506.99,10,109.51,1478.38
12593,3610,384,3,898.99,10,194.18,2621.45
12594,3611,87,3,1443.99,5,329.23,4444.6
12595,3611,218,4,790.99,10,227.81,3075.37
12596,3612,124,3,388.99,0,93.36,1260.33
12597,3612,77,2,453.99,0,72.64,980.62
12598,3612,221,3,1084.99,15,221.34,2988.06
12599,3612,202,1,721.99,10,51.98,701.77
12600,3613,242,4,1500.99,0,480.32,6484.28
12601,3613,359,2,147.99,10,21.31,287.69
12602,3613,307,4,1360.99,0,435.52,5879.48
12603,3613,243,1,1487.99,10,107.14,1446.33
12604,3613,306,1,842.99,10,60.7,819.39
12605,3614,242,1,1500.99,5,114.08,1540.02
12606,3614,485,2,875.99,10,126.14,1702.92
12607,3614,279,1,814.99,0,65.2,880.19
12608,3614,492,4,494.99,10,142.56,1924.52
12609,3615,266,3,232.99,10,50.33,679.4
12610,3615,84,2,186.99,0,29.92,403.9
12611,3615,181,4,332.99,10,95.9,1294.66
12612,3616,325,1,527.99,0,42.24,570.23
12613,3616,281,2,1147.99,5,174.49,2355.67
12614,3616,250,2,314.99,10,45.36,612.34
12615,3616,221,3,1084.99,0,260.4,3515.37
12616,3617,251,1,134.99,15,9.18,123.92
12617,3618,65,1,72.99,5,5.55,74.89
12618,3618,69,2,998.99,10,143.85,1942.03
12619,3618,214,1,423.99,15,28.83,389.22
12620,3618,181,2,332.99,5,50.61,683.29
12621,3618,137,2,1014.99,15,138.04,1863.52
12622,3619,190,2,1002.99,0,160.48,2166.46
12623,3620,327,4,975.99,0,312.32,4216.28
12624,3621,277,4,422.99,10,121.82,1644.58
12625,3621,214,1,423.99,10,30.53,412.12
12626,3621,208,2,1001.99,0,160.32,2164.3
12627,3621,445,4,20.99,15,5.71,77.08
12628,3622,206,3,1275.99,0,306.24,4134.21
12629,3622,427,2,378.99,0,60.64,818.62
12630,3622,136,1,182.99,0,14.64,197.63
12631,3622,7,1,814.99,5,61.94,836.18
12632,3623,311,1,1079.99,5,82.08,1108.07
12633,3624,356,2,328.99,5,50.01,675.09
12634,3624,439,2,168.99,5,25.69,346.77
12635,3625,229,1,611.99,0,48.96,660.95
12636,3625,75,3,927.99,5,211.58,2856.35
12637,3625,65,4,72.99,10,21.02,283.78
12638,3625,414,2,1426.99,0,228.32,3082.3
12639,3625,453,2,351.99,10,50.69,684.27
12640,3626,78,2,1476.99,10,212.69,2871.27
12641,3626,305,2,1235.99,15,168.09,2269.27
12642,3627,171,3,399.99,10,86.4,1166.37
12643,3627,155,1,635.99,10,45.79,618.18
12644,3627,278,4,714.99,0,228.8,3088.76
12645,3627,26,3,270.99,5,61.79,834.11
12646,3628,247,3,1255.99,0,301.44,4069.41
12647,3628,114,1,879.99,5,66.88,902.87
12648,3628,85,1,978.99,10,70.49,951.58
12649,3629,380,4,1349.99,0,432,5831.96
12650,3629,290,2,963.99,5,146.53,1978.11
12651,3629,324,4,135.99,10,39.17,528.73
12652,3629,422,3,572.99,0,137.52,1856.49
12653,3629,170,2,865.99,10,124.7,1683.48
12654,3629,339,3,200.99,0,48.24,651.21
12655,3630,66,4,276.99,5,84.2,1136.76
12656,3630,212,4,893.99,0,286.08,3862.04
12657,3630,374,4,1025.99,5,311.9,4210.66
12658,3630,61,2,130.99,15,17.81,240.49
12659,3630,496,3,484.99,10,104.76,1414.23
12660,3631,239,4,133.99,15,36.45,492.02
12661,3631,238,4,280.99,5,85.42,1153.18
12662,3631,458,2,449.99,10,64.8,874.78
12663,3631,126,2,1486.99,10,214.13,2890.71
12664,3631,419,2,351.99,5,53.5,722.28
12665,3632,368,4,1159.99,10,334.08,4510.04
12666,3632,466,4,796.99,15,216.78,2926.55
12667,3632,289,1,1112.99,15,75.68,1021.72
12668,3632,489,1,800.99,0,64.08,865.07
12669,3633,405,1,33.99,5,2.58,34.87
12670,3634,407,4,160.99,15,43.79,591.16
12671,3635,94,2,827.99,10,119.23,1609.61
12672,3635,198,2,1083.99,10,156.09,2107.27
12673,3635,320,1,1027.99,5,78.13,1054.72
12674,3635,466,4,796.99,0,255.04,3443
12675,3635,245,4,1338.99,10,385.63,5205.99
12676,3635,67,3,879.99,5,200.64,2708.61
12677,3636,405,4,33.99,5,10.33,139.49
12678,3636,75,3,927.99,5,211.58,2856.35
12679,3636,113,2,549.99,10,79.2,1069.18
12680,3636,26,4,270.99,0,86.72,1170.68
12681,3637,178,4,1071.99,0,343.04,4631
12682,3637,179,1,251.99,15,17.14,231.33
12683,3637,466,2,796.99,5,121.14,1635.42
12684,3638,367,3,419.99,15,85.68,1156.65
12685,3638,180,1,656.99,0,52.56,709.55
12686,3639,66,4,276.99,15,75.34,1017.11
12687,3639,500,2,835.99,0,133.76,1805.74
12688,3640,85,1,978.99,10,70.49,951.58
12689,3640,77,4,453.99,10,130.75,1765.11
12690,3640,308,3,1135.99,10,245.37,3312.54
12691,3640,44,1,586.99,0,46.96,633.95
12692,3640,446,4,169.99,5,51.68,697.64
12693,3641,22,4,1226.99,5,373,5035.56
12694,3641,433,1,834.99,0,66.8,901.79
12695,3641,457,3,929.99,5,212.04,2862.51
12696,3641,104,1,1343.99,5,102.14,1378.93
12697,3642,495,1,974.99,0,78,1052.99
12698,3642,235,3,1232.99,15,251.53,3395.65
12699,3642,456,1,1330.99,0,106.48,1437.47
12700,3642,396,1,777.99,15,52.9,714.19
12701,3642,138,2,1243.99,10,179.13,2418.31
12702,3642,427,1,378.99,10,27.29,368.38
12703,3643,128,4,987.99,10,284.54,3841.3
12704,3644,192,3,192.99,10,41.69,562.76
12705,3644,468,3,757.99,15,154.63,2087.5
12706,3645,186,1,937.99,10,67.54,911.73
12707,3645,68,4,230.99,10,66.53,898.09
12708,3645,288,4,1187.99,10,342.14,4618.9
12709,3645,168,3,387.99,5,88.46,1194.23
12710,3645,306,2,842.99,5,128.13,1729.81
12711,3645,366,2,1373.99,0,219.84,2967.82
12712,3646,293,3,1158.99,5,264.25,3567.37
12713,3646,431,3,124.99,0,30,404.97
12714,3646,485,1,875.99,10,63.07,851.46
12715,3646,167,1,715.99,10,51.55,695.94
12716,3647,57,4,461.99,15,125.66,1696.43
12717,3647,109,2,1104.99,15,150.28,2028.76
12718,3647,163,4,911.99,10,262.65,3545.81
12719,3648,322,1,291.99,10,21.02,283.81
12720,3648,461,3,345.99,10,74.73,1008.9
12721,3649,329,1,464.99,10,33.48,451.97
12722,3649,357,1,481.99,15,32.78,442.47
12723,3649,316,1,1218.99,0,97.52,1316.51
12724,3650,393,4,363.99,15,99.01,1336.58
12725,3650,251,1,134.99,10,9.72,131.21
12726,3650,208,3,1001.99,15,204.41,2759.48
12727,3650,452,1,364.99,0,29.2,394.19
12728,3650,371,1,105.99,15,7.21,97.3
12729,3651,31,4,542.99,10,156.38,2111.14
12730,3651,97,2,432.99,10,62.35,841.73
12731,3651,450,3,670.99,5,152.99,2065.31
12732,3651,406,2,1125.99,5,171.15,2310.53
12733,3652,46,2,941.99,10,135.65,1831.23
12734,3652,250,1,314.99,0,25.2,340.19
12735,3652,82,2,807.99,0,129.28,1745.26
12736,3652,348,3,586.99,10,126.79,1711.66
12737,3653,10,1,551.99,0,44.16,596.15
12738,3654,330,1,791.99,10,57.02,769.81
12739,3654,239,3,133.99,10,28.94,390.71
12740,3655,156,1,1366.99,0,109.36,1476.35
12741,3655,440,4,637.99,10,183.74,2480.5
12742,3655,416,2,444.99,0,71.2,961.18
12743,3655,31,2,542.99,15,73.85,996.93
12744,3655,368,4,1159.99,0,371.2,5011.16
12745,3655,13,2,241.99,15,32.91,444.29
12746,3656,449,4,634.99,0,203.2,2743.16
12747,3656,211,1,440.99,5,33.52,452.46
12748,3656,33,1,1048.99,5,79.72,1076.26
12749,3656,209,3,565.99,10,122.25,1650.42
12750,3657,241,3,753.99,0,180.96,2442.93
12751,3658,323,2,599.99,5,91.2,1231.18
12752,3658,233,3,133.99,0,32.16,434.13
12753,3658,33,2,1048.99,5,159.45,2152.53
12754,3658,227,4,1337.99,15,363.93,4913.1
12755,3658,38,1,385.99,5,29.34,396.03
12756,3659,449,2,634.99,0,101.6,1371.58
12757,3659,296,2,52.99,5,8.05,108.73
12758,3659,387,4,947.99,15,257.85,3481.02
12759,3660,446,1,169.99,5,12.92,174.41
12760,3661,327,4,975.99,0,312.32,4216.28
12761,3661,37,2,303.99,15,41.34,558.12
12762,3661,470,3,203.99,10,44.06,594.83
12763,3661,395,1,1497.99,15,101.86,1375.15
12764,3661,379,3,571.99,0,137.28,1853.25
12765,3662,486,2,220.99,5,33.59,453.47
12766,3662,145,4,864.99,5,262.96,3549.92
12767,3662,198,3,1083.99,5,247.15,3336.52
12768,3663,130,3,1187.99,10,256.61,3464.18
12769,3664,277,2,422.99,0,67.68,913.66
12770,3665,132,2,728.99,5,110.81,1495.89
12771,3665,220,4,620.99,0,198.72,2682.68
12772,3666,384,3,898.99,15,183.39,2475.81
12773,3666,173,3,682.99,15,139.33,1880.95
12774,3666,151,3,683.99,15,139.53,1883.7
12775,3667,39,4,1415.99,0,453.12,6117.08
12776,3667,455,1,1465.99,0,117.28,1583.27
12777,3667,103,3,310.99,10,67.17,906.84
12778,3667,57,4,461.99,0,147.84,1995.8
12779,3667,495,2,974.99,10,140.4,1895.38
12780,3667,480,3,833.99,10,180.14,2431.91
12781,3668,412,3,1121.99,5,255.81,3453.48
12782,3668,147,2,22.99,5,3.49,47.17
12783,3668,327,3,975.99,15,199.1,2687.87
12784,3668,113,3,549.99,0,132,1781.97
12785,3669,144,4,260.99,10,75.17,1014.73
12786,3669,397,3,635.99,10,137.37,1854.54
12787,3669,427,3,378.99,5,86.41,1166.53
12788,3669,167,3,715.99,10,154.65,2087.82
12789,3669,275,1,329.99,15,22.44,302.93
12790,3670,257,3,1143.99,10,247.1,3335.87
12791,3671,403,2,760.99,5,115.67,1561.55
12792,3671,174,3,688.99,5,157.09,2120.71
12793,3671,262,4,140.99,5,42.86,578.62
12794,3671,62,2,516.99,15,70.31,949.19
12795,3672,28,2,176.99,5,26.9,363.18
12796,3673,113,4,549.99,5,167.2,2257.16
12797,3673,344,1,791.99,0,63.36,855.35
12798,3673,277,1,422.99,5,32.15,433.99
12799,3673,289,4,1112.99,10,320.54,4327.3
12800,3673,467,1,827.99,10,59.62,804.81
12801,3673,106,2,151.99,0,24.32,328.3
12802,3674,22,2,1226.99,5,186.5,2517.78
12803,3675,230,4,875.99,15,238.27,3216.64
12804,3675,274,4,729.99,0,233.6,3153.56
12805,3675,284,3,1112.99,0,267.12,3606.09
12806,3675,254,4,621.99,10,179.13,2418.29
12807,3675,200,1,330.99,10,23.83,321.72
12808,3675,380,1,1349.99,0,108,1457.99
12809,3676,57,1,461.99,10,33.26,449.05
12810,3676,242,1,1500.99,0,120.08,1621.07
12811,3676,141,2,1173.99,15,159.66,2155.44
12812,3676,290,2,963.99,0,154.24,2082.22
12813,3677,449,3,634.99,0,152.4,2057.37
12814,3677,477,1,1192.99,10,85.9,1159.59
12815,3677,284,3,1112.99,10,240.41,3245.48
12816,3677,437,2,257.99,15,35.09,473.67
12817,3678,330,4,791.99,0,253.44,3421.4
12818,3678,93,3,498.99,0,119.76,1616.73
12819,3678,403,3,760.99,15,155.24,2095.76
12820,3679,9,3,896.99,15,182.99,2470.31
12821,3679,448,4,420.99,10,121.25,1636.81
12822,3680,37,4,303.99,0,97.28,1313.24
12823,3680,141,1,1173.99,5,89.22,1204.51
12824,3680,375,3,541.99,10,117.07,1580.44
12825,3680,57,4,461.99,15,125.66,1696.43
12826,3680,467,2,827.99,15,112.61,1520.19
12827,3680,33,3,1048.99,15,213.99,2888.91
12828,3681,279,2,814.99,10,117.36,1584.34
12829,3682,141,1,1173.99,15,79.83,1077.72
12830,3682,392,3,691.99,15,141.17,1905.74
12831,3682,238,2,280.99,15,38.21,515.89
12832,3682,41,3,549.99,0,132,1781.97
12833,3682,1,2,524.99,0,84,1133.98
12834,3682,423,2,1494.99,5,227.24,3067.72
12835,3683,397,1,635.99,15,43.25,583.84
12836,3683,195,1,420.99,0,33.68,454.67
12837,3683,155,4,635.99,5,193.34,2610.1
12838,3684,49,4,124.99,10,36,485.96
12839,3684,225,1,861.99,10,62.06,837.85
12840,3685,173,2,682.99,15,92.89,1253.97
12841,3685,425,2,817.99,15,111.25,1501.83
12842,3685,36,1,624.99,10,45,607.49
12843,3685,156,4,1366.99,5,415.56,5610.12
12844,3685,412,4,1121.99,0,359.04,4847
12845,3685,418,2,445.99,5,67.79,915.17
12846,3686,249,1,462.99,10,33.34,450.03
12847,3686,378,1,1307.99,10,94.18,1271.37
12848,3686,441,4,766.99,15,208.62,2816.39
12849,3686,282,3,427.99,10,92.45,1248.02
12850,3686,240,4,1188.99,5,361.45,4879.61
12851,3686,500,3,835.99,10,180.57,2437.74
12852,3687,490,1,968.99,0,77.52,1046.51
12853,3687,347,3,89.99,5,20.52,276.99
12854,3687,411,3,1232.99,15,251.53,3395.65
12855,3687,254,2,621.99,15,84.59,1141.97
12856,3688,131,3,371.99,10,80.35,1084.72
12857,3689,239,2,133.99,15,18.22,246
12858,3689,249,4,462.99,5,140.75,1900.11
12859,3689,227,1,1337.99,5,101.69,1372.78
12860,3690,178,3,1071.99,15,218.69,2952.26
12861,3690,212,1,893.99,5,67.94,917.23
12862,3690,455,1,1465.99,0,117.28,1583.27
12863,3690,87,3,1443.99,5,329.23,4444.6
12864,3690,333,4,1238.99,15,337.01,4549.58
12865,3691,325,2,527.99,0,84.48,1140.46
12866,3691,7,1,814.99,10,58.68,792.17
12867,3691,246,2,1215.99,5,184.83,2495.21
12868,3691,437,1,257.99,5,19.61,264.7
12869,3691,291,3,1046.99,0,251.28,3392.25
12870,3691,452,1,364.99,10,26.28,354.77
12871,3692,62,4,516.99,0,165.44,2233.4
12872,3692,19,2,1251.99,5,190.3,2569.08
12873,3692,358,1,94.99,15,6.46,87.2
12874,3692,171,4,399.99,5,121.6,1641.56
12875,3692,128,3,987.99,10,213.41,2880.98
12876,3692,111,3,282.99,15,57.73,779.35
12877,3693,361,3,531.99,15,108.53,1465.1
12878,3693,279,2,814.99,10,117.36,1584.34
12879,3693,141,3,1173.99,0,281.76,3803.73
12880,3694,214,4,423.99,5,128.89,1740.05
12881,3694,403,4,760.99,5,231.34,3123.1
12882,3694,32,1,471.99,10,33.98,458.77
12883,3694,305,1,1235.99,15,84.05,1134.64
12884,3695,354,3,946.99,10,204.55,2761.42
12885,3695,159,4,229.99,10,66.24,894.2
12886,3695,333,3,1238.99,15,252.75,3412.17
12887,3695,279,3,814.99,15,166.26,2244.48
12888,3695,313,2,1158.99,15,157.62,2127.9
12889,3695,202,3,721.99,10,155.95,2105.32
12890,3696,347,1,89.99,10,6.48,87.47
12891,3696,424,1,823.99,15,56.03,756.42
12892,3696,30,2,307.99,15,41.89,565.47
12893,3696,103,3,310.99,15,63.44,856.46
12894,3696,386,4,300.99,0,96.32,1300.28
12895,3696,391,1,1383.99,10,99.65,1345.24
12896,3697,40,3,506.99,0,121.68,1642.65
12897,3697,471,2,873.99,10,125.85,1699.03
12898,3698,40,4,506.99,0,162.24,2190.2
12899,3698,285,1,936.99,15,63.72,860.16
12900,3698,481,1,413.99,10,29.81,402.4
12901,3698,170,2,865.99,15,117.77,1589.95
12902,3698,294,3,184.99,5,42.18,569.4
12903,3698,354,2,946.99,0,151.52,2045.5
12904,3699,168,3,387.99,10,83.81,1131.38
12905,3699,316,3,1218.99,5,277.93,3752.05
12906,3699,476,4,732.99,5,222.83,3008.19
12907,3699,262,2,140.99,5,21.43,289.31
12908,3699,366,3,1373.99,0,329.76,4451.73
12909,3699,21,3,683.99,15,139.53,1883.7
12910,3700,230,2,875.99,5,133.15,1797.53
12911,3701,112,1,652.99,15,44.4,599.44
12912,3701,428,4,160.99,10,46.37,625.93
12913,3701,177,2,1234.99,0,197.6,2667.58
12914,3702,35,2,1193.99,15,162.38,2192.16
12915,3702,383,3,888.99,15,181.35,2448.27
12916,3702,264,1,1444.99,0,115.6,1560.59
12917,3702,48,2,1148.99,5,174.65,2357.73
12918,3703,371,3,105.99,5,24.17,326.24
12919,3703,150,4,335.99,5,102.14,1378.9
12920,3703,31,2,542.99,0,86.88,1172.86
12921,3703,497,3,681.99,15,139.13,1878.2
12922,3703,355,1,45.99,0,3.68,49.67
12923,3704,434,4,1392.99,15,378.89,5115.06
12924,3705,27,2,788.99,15,107.3,1448.58
12925,3705,140,4,1240.99,15,337.55,4556.92
12926,3705,136,2,182.99,0,29.28,395.26
12927,3706,138,4,1243.99,5,378.17,5105.33
12928,3706,160,4,1272.99,0,407.36,5499.32
12929,3707,178,4,1071.99,5,325.88,4399.44
12930,3708,498,1,525.99,0,42.08,568.07
12931,3708,418,1,445.99,10,32.11,433.5
12932,3708,83,2,549.99,10,79.2,1069.18
12933,3708,353,1,155.99,15,10.61,143.2
12934,3708,125,2,1036.99,5,157.62,2127.9
12935,3709,434,2,1392.99,0,222.88,3008.86
12936,3709,227,4,1337.99,0,428.16,5780.12
12937,3709,336,3,743.99,10,160.7,2169.47
12938,3710,402,2,723.99,5,110.05,1485.63
12939,3710,472,2,393.99,0,63.04,851.02
12940,3710,40,4,506.99,0,162.24,2190.2
12941,3711,227,4,1337.99,10,385.34,5202.1
12942,3712,157,4,33.99,10,9.79,132.15
12943,3712,190,1,1002.99,10,72.22,974.91
12944,3712,266,1,232.99,10,16.78,226.47
12945,3713,263,3,787.99,15,160.75,2170.12
12946,3714,108,4,1184.99,5,360.24,4863.2
12947,3714,194,2,1138.99,15,154.9,2091.18
12948,3714,486,2,220.99,10,31.82,429.6
12949,3715,203,4,992.99,5,301.87,4075.23
12950,3715,11,1,1445.99,0,115.68,1561.67
12951,3715,128,1,987.99,15,67.18,906.97
12952,3715,438,2,1482.99,15,201.69,2722.77
12953,3716,159,2,229.99,15,31.28,422.26
12954,3716,493,2,451.99,0,72.32,976.3
12955,3716,125,4,1036.99,15,282.06,3807.83
12956,3716,377,2,808.99,10,116.49,1572.67
12957,3717,265,1,454.99,15,30.94,417.68
12958,3717,23,4,347.99,10,100.22,1352.98
12959,3717,194,2,1138.99,10,164.01,2214.19
12960,3718,348,1,586.99,0,46.96,633.95
12961,3718,210,2,919.99,5,139.84,1887.82
12962,3718,52,2,449.99,5,68.4,923.38
12963,3718,484,1,622.99,10,44.86,605.55
12964,3718,123,3,271.99,5,62.01,837.18
12965,3719,69,4,998.99,0,319.68,4315.64
12966,3719,152,4,47.99,10,13.82,186.58
12967,3719,173,1,682.99,5,51.91,700.75
12968,3720,346,2,406.99,0,65.12,879.1
12969,3720,297,2,1086.99,10,156.53,2113.11
12970,3720,304,1,119.99,5,9.12,123.11
12971,3720,396,2,777.99,10,112.03,1512.41
12972,3720,119,1,975.99,5,74.18,1001.37
12973,3721,85,4,978.99,15,266.29,3594.86
12974,3721,337,1,1160.99,10,83.59,1128.48
12975,3721,367,4,419.99,5,127.68,1723.64
12976,3721,128,3,987.99,15,201.55,2720.92
12977,3721,375,1,541.99,5,41.19,556.08
12978,3722,365,1,1002.99,10,72.22,974.91
12979,3722,20,2,632.99,0,101.28,1367.26
12980,3722,302,4,1319.99,15,359.04,4847.01
12981,3722,477,1,1192.99,0,95.44,1288.43
12982,3722,416,2,444.99,0,71.2,961.18
12983,3722,408,2,474.99,10,68.4,923.38
12984,3723,110,4,628.99,5,191.21,2581.37
12985,3723,229,4,611.99,5,186.04,2511.6
12986,3723,237,2,1263.99,0,202.24,2730.22
12987,3724,465,2,1287.99,0,206.08,2782.06
12988,3724,108,1,1184.99,15,80.58,1087.82
12989,3724,221,3,1084.99,5,247.38,3339.6
12990,3724,303,4,230.99,0,73.92,997.88
12991,3724,72,1,436.99,10,31.46,424.75
12992,3724,364,4,968.99,0,310.08,4186.04
12993,3725,338,2,674.99,5,102.6,1385.08
12994,3726,336,4,743.99,10,214.27,2892.63
12995,3726,393,4,363.99,0,116.48,1572.44
12996,3727,411,1,1232.99,15,83.84,1131.88
12997,3727,435,3,214.99,15,43.86,592.08
12998,3728,414,3,1426.99,5,325.35,4392.27
12999,3728,113,1,549.99,10,39.6,534.59
13000,3728,98,4,1194.99,0,382.4,5162.36
13001,3728,118,3,213.99,15,43.65,589.32
13002,3728,415,3,1290.99,0,309.84,4182.81
13003,3729,344,2,791.99,15,107.71,1454.09
13004,3729,157,2,33.99,15,4.62,62.4
13005,3729,90,2,825.99,5,125.55,1694.93
13006,3729,445,3,20.99,5,4.79,64.61
13007,3730,195,3,420.99,15,85.88,1159.4
13008,3730,250,1,314.99,10,22.68,306.17
13009,3730,92,4,1065.99,10,307.01,4144.57
13010,3731,227,4,1337.99,10,385.34,5202.1
13011,3731,140,3,1240.99,0,297.84,4020.81
13012,3731,38,3,385.99,10,83.37,1125.54
13013,3732,387,4,947.99,10,273.02,3685.78
13014,3732,173,3,682.99,15,139.33,1880.95
13015,3732,317,3,1482.99,15,302.53,4084.15
13016,3732,62,4,516.99,15,140.62,1898.39
13017,3732,212,2,893.99,0,143.04,1931.02
13018,3732,108,4,1184.99,0,379.2,5119.16
13019,3733,119,4,975.99,0,312.32,4216.28
13020,3733,362,1,285.99,15,19.45,262.54
13021,3733,282,3,427.99,5,97.58,1317.35
13022,3734,5,3,1162.99,10,251.21,3391.28
13023,3734,26,4,270.99,5,82.38,1112.14
13024,3734,492,1,494.99,0,39.6,534.59
13025,3735,137,1,1014.99,0,81.2,1096.19
13026,3735,92,3,1065.99,15,217.46,2935.73
13027,3735,356,2,328.99,15,44.74,604.02
13028,3735,398,1,512.99,5,38.99,526.33
13029,3736,75,2,927.99,5,141.05,1904.23
13030,3736,342,2,1071.99,10,154.37,2083.95
13031,3736,423,2,1494.99,5,227.24,3067.72
13032,3736,28,1,176.99,10,12.74,172.03
13033,3736,143,4,553.99,0,177.28,2393.24
13034,3737,312,1,522.99,5,39.75,536.59
13035,3737,283,3,63.99,10,13.82,186.59
13036,3737,219,1,737.99,10,53.14,717.33
13037,3737,73,4,1030.99,5,313.42,4231.18
13038,3737,286,3,365.99,15,74.66,1007.93
13039,3737,55,3,856.99,0,205.68,2776.65
13040,3738,382,3,88.99,5,20.29,273.91
13041,3738,118,4,213.99,5,65.05,878.21
13042,3739,197,3,659.99,5,150.48,2031.45
13043,3739,374,1,1025.99,10,73.87,997.26
13044,3739,158,1,1369.99,0,109.6,1479.59
13045,3739,62,3,516.99,0,124.08,1675.05
13046,3739,214,1,423.99,0,33.92,457.91
13047,3739,283,1,63.99,5,4.86,65.65
13048,3740,462,2,30.99,5,4.71,63.59
13049,3740,283,3,63.99,10,13.82,186.59
13050,3740,398,1,512.99,15,34.88,470.92
13051,3740,257,1,1143.99,5,86.94,1173.73
13052,3740,182,2,766.99,5,116.58,1573.86
13053,3741,414,3,1426.99,10,308.23,4161.1
13054,3741,383,3,888.99,15,181.35,2448.27
13055,3741,189,1,612.99,15,41.68,562.72
13056,3742,302,4,1319.99,5,401.28,5417.24
13057,3742,76,3,1285.99,5,293.21,3958.28
13058,3742,43,3,423.99,15,86.49,1167.66
13059,3742,368,3,1159.99,0,278.4,3758.37
13060,3742,432,3,423.99,10,91.58,1236.35
13061,3743,132,1,728.99,10,52.49,708.58
13062,3743,294,2,184.99,5,28.12,379.6
13063,3744,57,4,461.99,0,147.84,1995.8
13064,3744,358,3,94.99,15,19.38,261.6
13065,3744,3,3,889.99,5,202.92,2739.39
13066,3745,461,4,345.99,5,105.18,1419.94
13067,3746,258,2,277.99,15,37.81,510.39
13068,3746,138,2,1243.99,10,179.13,2418.31
13069,3746,172,3,1080.99,5,246.47,3327.29
13070,3746,145,4,864.99,0,276.8,3736.76
13071,3747,63,4,1206.99,0,386.24,5214.2
13072,3747,403,2,760.99,15,103.49,1397.17
13073,3747,377,2,808.99,15,110.02,1485.3
13074,3747,294,3,184.99,15,37.74,509.46
13075,3747,273,4,1167.99,15,317.69,4288.86
13076,3748,397,2,635.99,5,96.67,1305.05
13077,3748,385,1,1224.99,0,98,1322.99
13078,3749,23,3,347.99,0,83.52,1127.49
13079,3750,423,3,1494.99,0,358.8,4843.77
13080,3750,115,1,548.99,10,39.53,533.62
13081,3750,399,2,94.99,10,13.68,184.66
13082,3750,281,1,1147.99,0,91.84,1239.83
13083,3751,334,2,597.99,15,81.33,1097.91
13084,3752,20,2,632.99,10,91.15,1230.53
13085,3752,70,3,453.99,0,108.96,1470.93
13086,3752,209,2,565.99,10,81.5,1100.28
13087,3752,37,3,303.99,5,69.31,935.68
13088,3752,166,1,247.99,0,19.84,267.83
13089,3752,180,4,656.99,5,199.72,2696.28
13090,3753,226,4,278.99,0,89.28,1205.24
13091,3754,13,1,241.99,5,18.39,248.28
13092,3754,238,4,280.99,10,80.93,1092.49
13093,3755,167,1,715.99,10,51.55,695.94
13094,3755,435,3,214.99,0,51.6,696.57
13095,3755,12,4,403.99,5,122.81,1657.97
13096,3756,368,1,1159.99,0,92.8,1252.79
13097,3756,458,3,449.99,15,91.8,1239.27
13098,3756,9,1,896.99,15,61,823.44
13099,3756,234,1,405.99,0,32.48,438.47
13100,3756,6,2,98.99,0,15.84,213.82
13101,3757,265,2,454.99,10,65.52,884.5
13102,3757,345,3,1180.99,5,269.27,3635.09
13103,3757,468,1,757.99,5,57.61,777.7
13104,3758,325,3,527.99,5,120.38,1625.15
13105,3759,385,3,1224.99,5,279.3,3770.52
13106,3759,367,1,419.99,10,30.24,408.23
13107,3759,479,2,1129.99,10,162.72,2196.7
13108,3759,490,4,968.99,10,279.07,3767.43
13109,3759,478,3,296.99,0,71.28,962.25
13110,3760,192,4,192.99,10,55.58,750.34
13111,3760,201,1,501.99,15,34.14,460.83
13112,3760,193,1,973.99,10,70.13,946.72
13113,3760,34,2,67.99,10,9.79,132.17
13114,3761,198,1,1083.99,5,82.38,1112.17
13115,3761,21,1,683.99,0,54.72,738.71
13116,3761,226,3,278.99,10,60.26,813.53
13117,3762,354,4,946.99,10,272.73,3681.89
13118,3762,112,1,652.99,15,44.4,599.44
13119,3763,97,3,432.99,15,88.33,1192.45
13120,3763,175,4,667.99,0,213.76,2885.72
13121,3764,53,2,766.99,10,110.45,1491.03
13122,3764,118,2,213.99,0,34.24,462.22
13123,3765,216,1,979.99,0,78.4,1058.39
13124,3765,186,2,937.99,5,142.57,1924.75
13125,3766,110,1,628.99,15,42.77,577.41
13126,3766,151,2,683.99,0,109.44,1477.42
13127,3766,260,2,301.99,10,43.49,587.07
13128,3766,93,3,498.99,5,113.77,1535.89
13129,3766,77,3,453.99,10,98.06,1323.83
13130,3766,187,2,1184.99,10,170.64,2303.62
13131,3767,153,4,850.99,0,272.32,3676.28
13132,3767,385,2,1224.99,0,196,2645.98
13133,3767,494,4,1384.99,0,443.2,5983.16
13134,3767,425,1,817.99,5,62.17,839.26
13135,3768,410,1,169.99,0,13.6,183.59
13136,3768,381,2,1077.99,10,155.23,2095.61
13137,3768,305,4,1235.99,15,336.19,4538.56
13138,3768,83,4,549.99,15,149.6,2019.57
13139,3768,143,3,553.99,0,132.96,1794.93
13140,3768,51,4,246.99,0,79.04,1067
13141,3769,270,4,213.99,5,65.05,878.21
13142,3769,70,3,453.99,10,98.06,1323.83
13143,3769,206,3,1275.99,0,306.24,4134.21
13144,3769,235,2,1232.99,0,197.28,2663.26
13145,3769,108,4,1184.99,5,360.24,4863.2
13146,3770,190,4,1002.99,15,272.81,3682.98
13147,3770,371,3,105.99,15,21.62,291.89
13148,3771,447,2,1108.99,5,168.57,2275.65
13149,3771,288,2,1187.99,15,161.57,2181.15
13150,3771,320,2,1027.99,10,148.03,1998.41
13151,3771,277,4,422.99,10,121.82,1644.58
13152,3772,183,1,56.99,15,3.88,52.32
13153,3772,106,1,151.99,15,10.34,139.53
13154,3772,470,3,203.99,15,41.61,561.78
13155,3773,252,4,896.99,15,243.98,3293.75
13156,3773,29,4,573.99,5,174.49,2355.65
13157,3773,25,2,109.99,5,16.72,225.7
13158,3774,296,1,52.99,5,4.03,54.37
13159,3774,278,3,714.99,10,154.44,2084.91
13160,3774,368,4,1159.99,10,334.08,4510.04
13161,3775,256,3,395.99,5,90.29,1218.86
13162,3775,93,4,498.99,5,151.69,2047.85
13163,3775,162,3,259.99,15,53.04,716.01
13164,3776,61,3,130.99,10,28.29,381.96
13165,3776,450,3,670.99,0,161.04,2174.01
13166,3776,251,4,134.99,0,43.2,583.16
13167,3776,67,1,879.99,15,59.84,807.83
13168,3776,7,4,814.99,5,247.76,3344.72
13169,3776,25,1,109.99,0,8.8,118.79
13170,3777,110,4,628.99,15,171.09,2309.66
13171,3777,257,4,1143.99,10,329.47,4447.83
13172,3777,367,4,419.99,5,127.68,1723.64
13173,3777,256,2,395.99,10,57.02,769.8
13174,3778,498,4,525.99,0,168.32,2272.28
13175,3778,487,3,417.99,15,85.27,1151.14
13176,3778,253,1,978.99,0,78.32,1057.31
13177,3778,178,4,1071.99,15,291.58,3936.35
13178,3779,490,4,968.99,10,279.07,3767.43
13179,3779,358,4,94.99,10,27.36,369.32
13180,3779,468,2,757.99,15,103.09,1391.67
13181,3779,340,1,1235.99,5,93.94,1268.13
13182,3779,460,1,1118.99,0,89.52,1208.51
13183,3779,56,2,425.99,5,64.75,874.13
13184,3780,471,4,873.99,10,251.71,3398.07
13185,3780,336,1,743.99,10,53.57,723.16
13186,3780,267,1,1201.99,10,86.54,1168.33
13187,3780,94,1,827.99,5,62.93,849.52
13188,3780,69,2,998.99,0,159.84,2157.82
13189,3780,35,1,1193.99,5,90.74,1225.03
13190,3781,341,2,558.99,15,76.02,1026.3
13191,3781,425,4,817.99,5,248.67,3357.03
13192,3782,254,2,621.99,15,84.59,1141.97
13193,3783,164,1,135.99,5,10.34,139.53
13194,3784,299,2,71.99,5,10.94,147.72
13195,3784,80,2,811.99,5,123.42,1666.2
13196,3785,101,1,1394.99,15,94.86,1280.6
13197,3785,228,2,836.99,10,120.53,1627.11
13198,3785,203,2,992.99,0,158.88,2144.86
13199,3786,1,3,524.99,5,119.7,1615.92
13200,3786,165,2,1057.99,15,143.89,1942.47
13201,3786,45,4,896.99,0,287.04,3875
13202,3786,337,3,1160.99,5,264.71,3573.53
13203,3786,309,2,103.99,0,16.64,224.62
13204,3786,290,2,963.99,15,131.1,1769.88
13205,3787,458,4,449.99,10,129.6,1749.56
13206,3787,459,3,868.99,10,187.7,2533.97
13207,3787,418,1,445.99,10,32.11,433.5
13208,3787,2,4,102.99,15,28.01,378.18
13209,3787,443,1,941.99,10,67.82,915.61
13210,3788,159,3,229.99,10,49.68,670.65
13211,3788,352,3,1453.99,15,296.61,4004.28
13212,3788,29,4,573.99,5,174.49,2355.65
13213,3789,481,1,413.99,10,29.81,402.4
13214,3790,342,1,1071.99,10,77.18,1041.97
13215,3790,348,2,586.99,15,79.83,1077.71
13216,3790,491,1,891.99,15,60.66,818.85
13217,3790,406,3,1125.99,5,256.73,3465.8
13218,3791,231,3,121.99,15,24.89,335.96
13219,3791,38,3,385.99,15,78.74,1063.01
13220,3792,324,3,135.99,15,27.74,374.51
13221,3792,255,4,677.99,0,216.96,2928.92
13222,3792,289,4,1112.99,5,338.35,4567.71
13223,3792,449,4,634.99,0,203.2,2743.16
13224,3793,61,4,130.99,0,41.92,565.88
13225,3793,196,2,347.99,10,50.11,676.49
13226,3794,301,2,517.99,0,82.88,1118.86
13227,3794,154,4,156.99,0,50.24,678.2
13228,3794,469,4,489.99,5,148.96,2010.92
13229,3794,360,2,407.99,10,58.75,793.13
13230,3794,82,3,807.99,15,164.83,2225.2
13231,3795,474,3,500.99,5,114.23,1542.05
13232,3795,302,2,1319.99,5,200.64,2708.62
13233,3796,446,1,169.99,5,12.92,174.41
13234,3797,219,1,737.99,5,56.09,757.18
13235,3797,419,1,351.99,0,28.16,380.15
13236,3797,59,1,254.99,15,17.34,234.08
13237,3797,18,4,825.99,15,224.67,3033.04
13238,3798,372,2,364.99,10,52.56,709.54
13239,3798,67,2,879.99,5,133.76,1805.74
13240,3798,304,1,119.99,0,9.6,129.59
13241,3798,271,2,242.99,0,38.88,524.86
13242,3798,430,3,421.99,10,91.15,1230.52
13243,3799,327,2,975.99,5,148.35,2002.73
13244,3799,329,3,464.99,5,106.02,1431.24
13245,3799,379,1,571.99,5,43.47,586.86
13246,3799,271,4,242.99,0,77.76,1049.72
13247,3799,222,4,1259.99,0,403.2,5443.16
13248,3800,99,4,1421.99,15,386.78,5221.55
13249,3800,488,4,732.99,0,234.56,3166.52
13250,3801,357,2,481.99,0,77.12,1041.1
13251,3801,125,4,1036.99,15,282.06,3807.83
13252,3802,114,3,879.99,5,200.64,2708.61
13253,3802,308,2,1135.99,5,172.67,2331.05
13254,3802,373,4,1329.99,10,383.04,5171
13255,3802,299,2,71.99,10,10.37,139.95
13256,3802,341,4,558.99,5,169.93,2294.09
13257,3803,255,4,677.99,5,206.11,2782.47
13258,3803,75,1,927.99,0,74.24,1002.23
13259,3803,461,3,345.99,5,78.89,1064.96
13260,3803,449,2,634.99,5,96.52,1303
13261,3803,256,2,395.99,0,63.36,855.34
13262,3803,290,3,963.99,15,196.65,2654.82
13263,3804,448,1,420.99,10,30.31,409.2
13264,3804,354,4,946.99,15,257.58,3477.35
13265,3804,251,2,134.99,5,20.52,277
13266,3804,116,2,1096.99,10,157.97,2132.55
13267,3805,439,4,168.99,15,45.97,620.54
13268,3805,351,4,321.99,15,87.58,1182.35
13269,3806,494,2,1384.99,15,188.36,2542.84
13270,3807,453,3,351.99,0,84.48,1140.45
13271,3807,301,4,517.99,0,165.76,2237.72
13272,3807,103,3,310.99,0,74.64,1007.61
13273,3808,295,1,1309.99,10,94.32,1273.31
13274,3808,157,1,33.99,10,2.45,33.04
13275,3808,163,3,911.99,0,218.88,2954.85
13276,3808,388,3,1182.99,5,269.72,3641.24
13277,3808,189,4,612.99,0,196.16,2648.12
13278,3809,397,4,635.99,5,193.34,2610.1
13279,3809,293,3,1158.99,10,250.34,3379.61
13280,3809,279,1,814.99,10,58.68,792.17
13281,3809,135,4,933.99,15,254.05,3429.62
13282,3810,345,1,1180.99,0,94.48,1275.47
13283,3810,120,2,1301.99,10,187.49,2531.07
13284,3811,97,2,432.99,0,69.28,935.26
13285,3811,258,1,277.99,0,22.24,300.23
13286,3811,362,4,285.99,5,86.94,1173.7
13287,3811,451,2,1029.99,0,164.8,2224.78
13288,3811,31,3,542.99,0,130.32,1759.29
13289,3812,500,2,835.99,15,113.69,1534.87
13290,3812,261,2,718.99,0,115.04,1553.02
13291,3812,318,2,300.99,15,40.93,552.61
13292,3812,264,3,1444.99,15,294.78,3979.5
13293,3812,59,4,254.99,10,73.44,991.4
13294,3812,284,3,1112.99,10,240.41,3245.48
13295,3813,313,4,1158.99,0,370.88,5006.84
13296,3814,100,3,291.99,10,63.07,851.44
13297,3814,86,3,113.99,15,23.25,313.92
13298,3814,365,2,1002.99,10,144.43,1949.81
13299,3814,185,3,252.99,15,51.61,696.73
13300,3814,394,4,198.99,0,63.68,859.64
13301,3815,180,4,656.99,0,210.24,2838.2
13302,3815,359,4,147.99,15,40.25,543.42
13303,3815,306,4,842.99,0,269.76,3641.72
13304,3816,447,1,1108.99,10,79.85,1077.94
13305,3816,265,3,454.99,15,92.82,1253.04
13306,3816,470,2,203.99,10,29.37,396.55
13307,3816,376,1,121.99,15,8.3,111.99
13308,3817,324,2,135.99,10,19.58,264.36
13309,3817,88,3,322.99,10,69.77,941.84
13310,3817,18,2,825.99,0,132.16,1784.14
13311,3817,4,3,935.99,0,224.64,3032.61
13312,3818,6,1,98.99,10,7.13,96.22
13313,3818,393,4,363.99,15,99.01,1336.58
13314,3818,139,3,1205.99,0,289.44,3907.41
13315,3818,463,3,1279.99,5,291.84,3939.81
13316,3818,234,2,405.99,10,58.46,789.24
13317,3819,471,2,873.99,0,139.84,1887.82
13318,3820,67,3,879.99,10,190.08,2566.05
13319,3820,151,3,683.99,15,139.53,1883.7
13320,3820,140,4,1240.99,5,377.26,5093.02
13321,3820,169,1,755.99,10,54.43,734.82
13322,3820,300,1,991.99,15,67.46,910.65
13323,3821,316,1,1218.99,15,82.89,1119.03
13324,3821,224,3,462.99,5,105.56,1425.08
13325,3821,46,1,941.99,5,71.59,966.48
13326,3821,282,2,427.99,5,65.05,878.23
13327,3821,47,1,498.99,5,37.92,511.96
13328,3822,483,3,897.99,10,193.97,2618.54
13329,3822,173,3,682.99,0,163.92,2212.89
13330,3822,84,3,186.99,5,42.63,575.55
13331,3822,395,1,1497.99,15,101.86,1375.15
13332,3822,100,3,291.99,10,63.07,851.44
13333,3822,184,3,446.99,5,101.91,1375.83
13334,3823,381,1,1077.99,15,73.3,989.59
13335,3823,224,2,462.99,15,62.97,850.05
13336,3824,3,2,889.99,15,121.04,1634.02
13337,3824,426,4,887.99,15,241.53,3260.7
13338,3825,234,3,405.99,5,92.57,1249.64
13339,3825,430,2,421.99,5,64.14,865.92
13340,3825,115,1,548.99,10,39.53,533.62
13341,3825,422,2,572.99,10,82.51,1113.89
13342,3825,192,3,192.99,15,39.37,531.49
13343,3825,151,2,683.99,10,98.49,1329.67
13344,3826,284,1,1112.99,10,80.14,1081.83
13345,3826,199,3,882.99,10,190.73,2574.8
13346,3827,473,4,1377.99,15,374.81,5059.98
13347,3827,294,3,184.99,0,44.4,599.37
13348,3827,314,4,159.99,0,51.2,691.16
13349,3828,451,1,1029.99,10,74.16,1001.15
13350,3828,84,3,186.99,0,44.88,605.85
13351,3828,333,4,1238.99,15,337.01,4549.58
13352,3828,463,1,1279.99,10,92.16,1244.15
13353,3828,319,3,336.99,10,72.79,982.66
13354,3828,57,3,461.99,5,105.33,1422
13355,3829,126,1,1486.99,10,107.06,1445.35
13356,3829,427,3,378.99,5,86.41,1166.53
13357,3829,397,1,635.99,0,50.88,686.87
13358,3829,107,2,384.99,5,58.52,790
13359,3829,25,2,109.99,15,14.96,201.94
13360,3830,145,3,864.99,15,176.46,2382.18
13361,3830,348,3,586.99,15,119.75,1616.57
13362,3830,110,3,628.99,10,135.86,1834.13
13363,3830,83,1,549.99,0,44,593.99
13364,3830,251,4,134.99,0,43.2,583.16
13365,3830,29,4,573.99,10,165.31,2231.67
13366,3831,296,4,52.99,0,16.96,228.92
13367,3831,114,1,879.99,0,70.4,950.39
13368,3831,140,1,1240.99,15,84.39,1139.23
13369,3831,162,2,259.99,5,39.52,533.5
13370,3831,239,1,133.99,10,9.65,130.24
13371,3831,38,2,385.99,5,58.67,792.05
13372,3832,412,4,1121.99,0,359.04,4847
13373,3832,500,2,835.99,0,133.76,1805.74
13374,3832,238,2,280.99,10,40.46,546.24
13375,3832,127,4,1200.99,10,345.89,4669.45
13376,3832,343,3,758.99,5,173.05,2336.17
13377,3833,402,2,723.99,15,98.46,1329.24
13378,3833,479,1,1129.99,0,90.4,1220.39
13379,3833,306,2,842.99,15,114.65,1547.73
13380,3833,477,3,1192.99,0,286.32,3865.29
13381,3834,436,4,541.99,10,156.09,2107.25
13382,3834,259,4,491.99,0,157.44,2125.4
13383,3834,421,2,1020.99,5,155.19,2095.07
13384,3834,50,1,1364.99,10,98.28,1326.77
13385,3835,100,3,291.99,15,59.57,804.14
13386,3836,80,3,811.99,0,194.88,2630.85
13387,3836,304,3,119.99,5,27.36,369.33
13388,3836,147,3,22.99,5,5.24,70.76
13389,3836,192,2,192.99,10,27.79,375.17
13390,3837,23,4,347.99,5,105.79,1428.15
13391,3838,478,2,296.99,5,45.14,609.42
13392,3838,216,4,979.99,10,282.24,3810.2
13393,3838,113,4,549.99,0,176,2375.96
13394,3839,22,1,1226.99,10,88.34,1192.63
13395,3839,423,1,1494.99,10,107.64,1453.13
13396,3839,16,2,809.99,5,123.12,1662.1
13397,3839,139,1,1205.99,15,82.01,1107.1
13398,3839,328,1,197.99,15,13.46,181.75
13399,3840,483,2,897.99,15,122.13,1648.71
13400,3840,485,1,875.99,5,66.58,898.77
13401,3840,334,1,597.99,10,43.06,581.25
13402,3840,151,4,683.99,15,186.05,2511.62
13403,3840,40,1,506.99,5,38.53,520.17
13404,3840,356,3,328.99,15,67.11,906.03
13405,3841,354,2,946.99,10,136.37,1840.95
13406,3841,13,2,241.99,15,32.91,444.29
13407,3841,497,1,681.99,10,49.1,662.89
13408,3842,237,1,1263.99,0,101.12,1365.11
13409,3842,385,4,1224.99,15,333.2,4498.17
13410,3842,276,1,293.99,5,22.34,301.63
13411,3842,66,3,276.99,0,66.48,897.45
13412,3842,224,2,462.99,10,66.67,900.05
13413,3842,260,3,301.99,0,72.48,978.45
13414,3843,477,2,1192.99,10,171.79,2319.17
13415,3843,279,2,814.99,5,123.88,1672.36
13416,3843,10,1,551.99,5,41.95,566.34
13417,3843,332,2,1276.99,15,173.67,2344.55
13418,3844,23,3,347.99,10,75.17,1014.74
13419,3844,98,1,1194.99,5,90.82,1226.06
13420,3845,248,3,804.99,15,164.22,2216.94
13421,3845,442,1,799.99,0,64,863.99
13422,3845,389,1,1452.99,15,98.8,1333.84
13423,3846,486,4,220.99,0,70.72,954.68
13424,3846,421,1,1020.99,5,77.6,1047.54
13425,3846,402,2,723.99,0,115.84,1563.82
13426,3846,312,4,522.99,0,167.36,2259.32
13427,3846,125,2,1036.99,10,149.33,2015.91
13428,3846,274,2,729.99,15,99.28,1340.26
13429,3847,74,2,143.99,10,20.73,279.91
13430,3847,489,3,800.99,5,182.63,2465.45
13431,3848,492,2,494.99,0,79.2,1069.18
13432,3848,464,2,820.99,0,131.36,1773.34
13433,3848,400,4,1305.99,10,376.13,5077.69
13434,3848,376,3,121.99,0,29.28,395.25
13435,3848,178,3,1071.99,10,231.55,3125.92
13436,3849,70,4,453.99,15,123.49,1667.06
13437,3849,370,4,1201.99,0,384.64,5192.6
13438,3849,78,4,1476.99,10,425.37,5742.53
13439,3849,189,2,612.99,15,83.37,1125.45
13440,3849,297,3,1086.99,10,234.79,3169.66
13441,3850,327,2,975.99,5,148.35,2002.73
13442,3850,109,2,1104.99,15,150.28,2028.76
13443,3850,17,1,517.99,5,39.37,531.46
13444,3850,430,2,421.99,5,64.14,865.92
13445,3850,406,2,1125.99,15,153.13,2067.31
13446,3850,11,1,1445.99,15,98.33,1327.42
13447,3851,264,4,1444.99,15,393.04,5306.01
13448,3851,392,1,691.99,5,52.59,709.98
13449,3851,175,1,667.99,5,50.77,685.36
13450,3852,6,1,98.99,10,7.13,96.22
13451,3853,472,2,393.99,5,59.89,808.47
13452,3853,359,1,147.99,15,10.06,135.85
13453,3853,357,2,481.99,0,77.12,1041.1
13454,3854,454,3,499.99,10,108,1457.97
13455,3854,337,4,1160.99,15,315.79,4263.16
13456,3854,119,4,975.99,5,296.7,4005.46
13457,3854,225,2,861.99,0,137.92,1861.9
13458,3854,431,4,124.99,5,38,512.96
13459,3855,492,3,494.99,15,100.98,1363.2
13460,3855,96,3,545.99,15,111.38,1503.65
13461,3855,20,3,632.99,10,136.73,1845.8
13462,3855,318,1,300.99,10,21.67,292.56
13463,3855,288,3,1187.99,15,242.35,3271.72
13464,3855,428,3,160.99,0,38.64,521.61
13465,3856,55,3,856.99,5,195.39,2637.81
13466,3857,147,3,22.99,10,4.97,67.04
13467,3858,112,4,652.99,5,198.51,2679.87
13468,3858,281,1,1147.99,10,82.66,1115.85
13469,3858,140,4,1240.99,10,357.41,4824.97
13470,3858,421,4,1020.99,0,326.72,4410.68
13471,3858,69,1,998.99,5,75.92,1024.96
13472,3858,369,4,1321.99,10,380.73,5139.89
13473,3859,388,4,1182.99,5,359.63,4854.99
13474,3859,269,3,794.99,15,162.18,2189.4
13475,3859,270,1,213.99,15,14.55,196.44
13476,3859,313,1,1158.99,5,88.08,1189.12
13477,3860,430,1,421.99,15,28.7,387.39
13478,3860,446,1,169.99,0,13.6,183.59
13479,3860,233,1,133.99,0,10.72,144.71
13480,3860,148,2,705.99,15,96.01,1296.19
13481,3860,370,4,1201.99,0,384.64,5192.6
13482,3861,17,1,517.99,0,41.44,559.43
13483,3861,499,3,1078.99,5,246.01,3321.13
13484,3861,210,2,919.99,10,132.48,1788.46
13485,3861,165,4,1057.99,0,338.56,4570.52
13486,3861,263,3,787.99,0,189.12,2553.09
13487,3862,327,4,975.99,15,265.47,3583.84
13488,3862,277,2,422.99,5,64.29,867.97
13489,3862,378,3,1307.99,10,282.53,3814.1
13490,3862,278,3,714.99,15,145.86,1969.08
13491,3862,34,2,67.99,5,10.33,139.51
13492,3863,362,2,285.99,5,43.47,586.85
13493,3863,377,2,808.99,5,122.97,1660.05
13494,3863,354,3,946.99,0,227.28,3068.25
13495,3864,248,3,804.99,0,193.2,2608.17
13496,3864,431,4,124.99,15,34,458.97
13497,3864,78,1,1476.99,0,118.16,1595.15
13498,3865,177,4,1234.99,5,375.44,5068.4
13499,3866,473,3,1377.99,0,330.72,4464.69
13500,3866,95,3,449.99,15,91.8,1239.27
13501,3867,99,2,1421.99,5,216.14,2917.92
13502,3867,397,4,635.99,15,172.99,2335.36
13503,3867,84,3,186.99,10,40.39,545.26
13504,3867,123,4,271.99,10,78.33,1057.49
13505,3868,149,4,1056.99,15,287.5,3881.27
13506,3868,269,4,794.99,10,228.96,3090.92
13507,3868,93,4,498.99,10,143.71,1940.07
13508,3868,145,1,864.99,5,65.74,887.48
13509,3868,438,1,1482.99,5,112.71,1521.55
13510,3868,113,1,549.99,10,39.6,534.59
13511,3869,120,3,1301.99,15,265.61,3585.68
13512,3869,354,4,946.99,0,303.04,4091
13513,3869,123,3,271.99,5,62.01,837.18
13514,3869,108,3,1184.99,0,284.4,3839.37
13515,3869,211,4,440.99,15,119.95,1619.32
13516,3869,141,2,1173.99,5,178.45,2409.03
13517,3870,83,4,549.99,15,149.6,2019.57
13518,3871,53,3,766.99,10,165.67,2236.54
13519,3871,411,3,1232.99,10,266.33,3595.4
13520,3871,36,2,624.99,5,95,1282.48
13521,3871,420,1,653.99,15,44.47,600.36
13522,3872,174,1,688.99,5,52.36,706.9
13523,3872,68,1,230.99,0,18.48,249.47
13524,3872,6,2,98.99,5,15.05,203.13
13525,3872,180,4,656.99,0,210.24,2838.2
13526,3872,253,3,978.99,10,211.46,2854.73
13527,3872,389,1,1452.99,10,104.62,1412.31
13528,3873,217,4,1491.99,15,405.82,5478.59
13529,3873,115,2,548.99,15,74.66,1007.94
13530,3874,447,1,1108.99,15,75.41,1018.05
13531,3875,412,3,1121.99,0,269.28,3635.25
13532,3875,459,1,868.99,0,69.52,938.51
13533,3876,179,3,251.99,0,60.48,816.45
13534,3876,6,1,98.99,10,7.13,96.22
13535,3876,332,2,1276.99,5,194.1,2620.38
13536,3877,391,4,1383.99,5,420.73,5679.89
13537,3878,180,3,656.99,10,141.91,1915.78
13538,3878,58,2,1408.99,10,202.89,2739.07
13539,3878,165,1,1057.99,5,80.41,1085.5
13540,3879,282,1,427.99,10,30.82,416.01
13541,3879,112,1,652.99,15,44.4,599.44
13542,3879,222,2,1259.99,10,181.44,2449.42
13543,3879,123,4,271.99,15,73.98,998.75
13544,3879,434,3,1392.99,0,334.32,4513.29
13545,3879,466,1,796.99,5,60.57,817.71
13546,3880,71,4,1311.99,0,419.84,5667.8
13547,3880,37,2,303.99,15,41.34,558.12
13548,3881,492,4,494.99,5,150.48,2031.44
13549,3881,244,3,42.99,10,9.29,125.36
13550,3882,62,1,516.99,0,41.36,558.35
13551,3882,414,3,1426.99,5,325.35,4392.27
13552,3882,407,1,160.99,5,12.24,165.18
13553,3882,435,3,214.99,10,46.44,626.91
13554,3882,140,1,1240.99,0,99.28,1340.27
13555,3883,390,2,33.99,5,5.17,69.75
13556,3883,322,1,291.99,15,19.86,268.05
13557,3884,37,1,303.99,0,24.32,328.31
13558,3884,245,4,1338.99,10,385.63,5205.99
13559,3884,166,1,247.99,0,19.84,267.83
13560,3884,269,3,794.99,15,162.18,2189.4
13561,3884,43,1,423.99,15,28.83,389.22
13562,3885,391,1,1383.99,0,110.72,1494.71
13563,3885,123,1,271.99,15,18.5,249.69
13564,3885,197,4,659.99,15,179.52,2423.49
13565,3885,40,3,506.99,15,103.43,1396.25
13566,3885,367,1,419.99,5,31.92,430.91
13567,3886,349,1,29.99,5,2.28,30.77
13568,3886,458,1,449.99,15,30.6,413.09
13569,3887,94,3,827.99,10,178.85,2414.42
13570,3887,117,4,957.99,0,306.56,4138.52
13571,3887,9,4,896.99,10,258.33,3487.49
13572,3887,176,4,1323.99,0,423.68,5719.64
13573,3887,260,1,301.99,10,21.74,293.53
13574,3887,13,3,241.99,5,55.17,744.84
13575,3888,255,3,677.99,10,146.45,1977.02
13576,3888,258,1,277.99,10,20.02,270.21
13577,3888,265,3,454.99,0,109.2,1474.17
13578,3888,159,1,229.99,15,15.64,211.13
13579,3888,388,2,1182.99,0,189.28,2555.26
13580,3889,115,2,548.99,10,79.05,1067.23
13581,3889,201,1,501.99,0,40.16,542.15
13582,3889,5,4,1162.99,5,353.55,4772.91
13583,3889,334,2,597.99,5,90.89,1227.07
13584,3890,437,1,257.99,15,17.54,236.83
13585,3890,363,2,1073.99,15,146.06,1971.84
13586,3891,221,4,1084.99,10,312.48,4218.44
13587,3891,267,2,1201.99,5,182.7,2466.48
13588,3892,104,1,1343.99,0,107.52,1451.51
13589,3893,55,2,856.99,5,130.26,1758.54
13590,3893,425,3,817.99,5,186.5,2517.77
13591,3893,337,2,1160.99,10,167.18,2256.96
13592,3893,343,2,758.99,0,121.44,1639.42
13593,3893,106,4,151.99,0,48.64,656.6
13594,3893,437,4,257.99,15,70.17,947.34
13595,3894,317,1,1482.99,0,118.64,1601.63
13596,3895,89,1,794.99,15,54.06,729.8
13597,3895,212,4,893.99,5,271.77,3668.93
13598,3896,256,4,395.99,10,114.05,1539.61
13599,3896,254,2,621.99,10,89.57,1209.15
13600,3896,460,4,1118.99,15,304.37,4108.94
13601,3896,399,4,94.99,15,25.84,348.81
13602,3897,17,4,517.99,5,157.47,2125.83
13603,3898,40,3,506.99,5,115.59,1560.51
13604,3898,70,4,453.99,15,123.49,1667.06
13605,3898,413,2,1416.99,10,204.05,2754.63
13606,3898,480,1,833.99,0,66.72,900.71
13607,3899,55,4,856.99,15,233.1,3146.87
13608,3900,375,3,541.99,0,130.08,1756.05
13609,3900,336,2,743.99,5,113.09,1526.67
13610,3900,64,4,546.99,0,175.04,2363
13611,3900,14,2,1137.99,15,154.77,2089.35
13612,3900,104,1,1343.99,5,102.14,1378.93
13613,3901,336,2,743.99,10,107.13,1446.31
13614,3901,217,3,1491.99,5,340.17,4592.34
13615,3901,157,4,33.99,15,9.25,124.82
13616,3901,257,3,1143.99,15,233.37,3150.54
13617,3902,55,3,856.99,5,195.39,2637.81
13618,3902,297,3,1086.99,15,221.75,2993.57
13619,3902,308,4,1135.99,15,308.99,4171.36
13620,3902,184,2,446.99,0,71.52,965.5
13621,3902,290,4,963.99,0,308.48,4164.44
13622,3902,265,4,454.99,5,138.32,1867.28
13623,3903,392,2,691.99,15,94.11,1270.49
13624,3903,367,1,419.99,10,30.24,408.23
13625,3903,267,1,1201.99,5,91.35,1233.24
13626,3903,415,4,1290.99,10,371.81,5019.37
13627,3904,227,3,1337.99,10,289.01,3901.58
13628,3904,436,2,541.99,15,73.71,995.09
13629,3904,486,1,220.99,10,15.91,214.8
13630,3904,335,3,758.99,10,163.94,2213.21
13631,3905,133,3,514.99,5,117.42,1585.14
13632,3905,409,4,773.99,5,235.29,3176.45
13633,3905,139,4,1205.99,10,347.33,4688.89
13634,3905,327,1,975.99,15,66.37,895.96
13635,3905,336,3,743.99,5,169.63,2290
13636,3906,6,1,98.99,5,7.52,101.56
13637,3906,168,4,387.99,5,117.95,1592.31
13638,3906,486,2,220.99,10,31.82,429.6
13639,3906,434,2,1392.99,0,222.88,3008.86
13640,3906,67,3,879.99,5,200.64,2708.61
13641,3906,169,4,755.99,10,217.73,2939.29
13642,3907,333,1,1238.99,5,94.16,1271.2
13643,3908,51,1,246.99,10,17.78,240.07
13644,3908,244,1,42.99,15,2.92,39.46
13645,3908,433,2,834.99,5,126.92,1713.4
13646,3909,221,1,1084.99,0,86.8,1171.79
13647,3909,228,2,836.99,15,113.83,1536.71
13648,3909,368,2,1159.99,5,176.32,2380.3
13649,3909,80,4,811.99,0,259.84,3507.8
13650,3909,59,1,254.99,0,20.4,275.39
13651,3910,465,4,1287.99,0,412.16,5564.12
13652,3910,440,3,637.99,5,145.46,1963.73
13653,3910,125,1,1036.99,0,82.96,1119.95
13654,3911,136,1,182.99,10,13.18,177.87
13655,3911,251,2,134.99,5,20.52,277
13656,3911,164,1,135.99,0,10.88,146.87
13657,3912,400,4,1305.99,5,397.02,5359.78
13658,3912,460,2,1118.99,15,152.18,2054.46
13659,3912,70,2,453.99,0,72.64,980.62
13660,3912,384,1,898.99,5,68.32,922.36
13661,3912,476,2,732.99,10,105.55,1424.93
13662,3913,115,3,548.99,15,111.99,1511.91
13663,3913,376,1,121.99,0,9.76,131.75
13664,3913,154,1,156.99,10,11.3,152.59
13665,3913,432,3,423.99,10,91.58,1236.35
13666,3913,297,3,1086.99,10,234.79,3169.66
13667,3914,115,4,548.99,10,158.11,2134.47
13668,3914,257,1,1143.99,5,86.94,1173.73
13669,3914,378,4,1307.99,10,376.7,5085.46
13670,3914,439,2,168.99,10,24.33,328.51
13671,3914,66,2,276.99,10,39.89,538.47
13672,3914,38,1,385.99,5,29.34,396.03
13673,3915,23,3,347.99,0,83.52,1127.49
13674,3915,449,1,634.99,15,43.18,582.92
13675,3915,64,1,546.99,10,39.38,531.67
13676,3915,393,3,363.99,10,78.62,1061.39
13677,3915,188,3,1278.99,0,306.96,4143.93
13678,3916,105,1,1499.99,0,120,1619.99
13679,3916,180,2,656.99,10,94.61,1277.19
13680,3916,184,1,446.99,15,30.4,410.34
13681,3916,485,2,875.99,0,140.16,1892.14
13682,3916,340,3,1235.99,0,296.64,4004.61
13683,3916,213,2,700.99,10,100.94,1362.72
13684,3917,105,3,1499.99,0,360,4859.97
13685,3918,451,4,1029.99,10,296.64,4004.6
13686,3918,331,4,1061.99,15,288.86,3899.63
13687,3918,310,2,1363.99,10,196.41,2651.59
13688,3919,59,4,254.99,5,77.52,1046.48
13689,3919,42,2,1420.99,5,215.99,2915.87
13690,3919,141,4,1173.99,15,319.33,4310.9
13691,3919,101,3,1394.99,10,301.32,4067.79
13692,3919,492,1,494.99,0,39.6,534.59
13693,3919,362,3,285.99,0,68.64,926.61
13694,3920,291,4,1046.99,15,284.78,3844.55
13695,3920,235,3,1232.99,0,295.92,3994.89
13696,3920,49,1,124.99,5,9.5,128.24
13697,3920,322,3,291.99,15,59.57,804.14
13698,3921,224,2,462.99,15,62.97,850.05
13699,3921,333,1,1238.99,0,99.12,1338.11
13700,3921,153,1,850.99,5,64.68,873.12
13701,3921,166,2,247.99,15,33.73,455.31
13702,3921,446,3,169.99,5,38.76,523.23
13703,3922,105,4,1499.99,10,432,5831.96
13704,3922,247,2,1255.99,15,170.81,2305.99
13705,3922,162,1,259.99,5,19.76,266.75
13706,3923,435,4,214.99,10,61.92,835.88
13707,3923,275,2,329.99,15,44.88,605.86
13708,3923,422,4,572.99,10,165.02,2227.78
13709,3923,58,1,1408.99,10,101.45,1369.54
13710,3924,90,4,825.99,5,251.1,3389.86
13711,3924,89,1,794.99,15,54.06,729.8
13712,3924,364,4,968.99,5,294.57,3976.73
13713,3925,261,1,718.99,15,48.89,660.03
13714,3925,253,3,978.99,5,223.21,3013.33
13715,3925,110,3,628.99,15,128.31,1732.23
13716,3925,137,1,1014.99,15,69.02,931.76
13717,3925,290,3,963.99,0,231.36,3123.33
13718,3926,56,2,425.99,10,61.34,828.12
13719,3926,164,1,135.99,0,10.88,146.87
13720,3926,207,4,1123.99,15,305.73,4127.3
13721,3926,34,1,67.99,5,5.17,69.76
13722,3926,33,3,1048.99,0,251.76,3398.73
13723,3926,481,3,413.99,5,94.39,1274.26
13724,3927,152,4,47.99,10,13.82,186.58
13725,3928,226,3,278.99,10,60.26,813.53
13726,3928,173,1,682.99,15,46.44,626.98
13727,3928,500,1,835.99,15,56.85,767.44
13728,3928,391,3,1383.99,15,282.33,3811.5
13729,3929,171,4,399.99,10,115.2,1555.16
13730,3929,446,4,169.99,0,54.4,734.36
13731,3929,421,4,1020.99,15,277.71,3749.08
13732,3930,199,2,882.99,10,127.15,1716.53
13733,3930,217,1,1491.99,0,119.36,1611.35
13734,3930,405,3,33.99,5,7.75,104.62
13735,3930,411,2,1232.99,5,187.41,2530.09
13736,3930,184,4,446.99,15,121.58,1641.35
13737,3931,322,3,291.99,15,59.57,804.14
13738,3931,210,3,919.99,5,209.76,2831.73
13739,3931,56,3,425.99,10,92.01,1242.18
13740,3931,263,1,787.99,5,59.89,808.48
13741,3932,111,1,282.99,15,19.24,259.78
13742,3932,103,3,310.99,5,70.91,957.23
13743,3932,396,3,777.99,0,186.72,2520.69
13744,3932,200,2,330.99,15,45.01,607.69
13745,3933,10,1,551.99,5,41.95,566.34
13746,3933,11,4,1445.99,15,393.31,5309.68
13747,3933,198,4,1083.99,10,312.19,4214.55
13748,3933,39,4,1415.99,15,385.15,5199.52
13749,3934,271,4,242.99,15,66.09,892.26
13750,3934,21,3,683.99,5,155.95,2105.32
13751,3934,198,4,1083.99,15,294.85,3980.42
13752,3935,41,3,549.99,10,118.8,1603.77
13753,3935,452,2,364.99,0,58.4,788.38
13754,3935,3,4,889.99,5,270.56,3652.52
13755,3936,399,4,94.99,0,30.4,410.36
13756,3936,210,4,919.99,15,250.24,3378.21
13757,3937,27,3,788.99,5,179.89,2428.51
13758,3937,308,3,1135.99,15,231.74,3128.51
13759,3937,302,1,1319.99,0,105.6,1425.59
13760,3937,327,3,975.99,10,210.81,2845.98
13761,3937,106,2,151.99,5,23.1,311.88
13762,3938,278,4,714.99,5,217.36,2934.32
13763,3938,274,3,729.99,5,166.44,2246.91
13764,3938,1,1,524.99,0,42,566.99
13765,3938,338,4,674.99,15,183.6,2478.57
13766,3939,500,1,835.99,10,60.19,812.58
13767,3939,146,1,26.99,15,1.84,24.78
13768,3940,471,3,873.99,5,199.27,2690.14
13769,3940,248,1,804.99,10,57.96,782.45
13770,3940,82,4,807.99,0,258.56,3490.52
13771,3941,258,3,277.99,10,60.05,810.62
13772,3941,42,4,1420.99,5,431.98,5831.74
13773,3941,53,4,766.99,0,245.44,3313.4
13774,3941,329,1,464.99,0,37.2,502.19
13775,3941,81,2,1111.99,15,151.23,2041.61
13776,3942,437,1,257.99,15,17.54,236.83
13777,3942,20,3,632.99,0,151.92,2050.89
13778,3942,471,4,873.99,0,279.68,3775.64
13779,3943,368,4,1159.99,10,334.08,4510.04
13780,3943,134,3,290.99,0,69.84,942.81
13781,3943,436,3,541.99,0,130.08,1756.05
13782,3943,494,4,1384.99,15,376.72,5085.69
13783,3943,99,3,1421.99,5,324.21,4376.88
13784,3944,208,4,1001.99,15,272.54,3679.31
13785,3945,108,3,1184.99,10,255.96,3455.43
13786,3945,430,2,421.99,5,64.14,865.92
13787,3945,155,2,635.99,10,91.58,1236.36
13788,3945,177,4,1234.99,0,395.2,5335.16
13789,3946,485,1,875.99,0,70.08,946.07
13790,3947,96,4,545.99,10,157.25,2122.81
13791,3947,267,4,1201.99,5,365.4,4932.96
13792,3947,405,4,33.99,0,10.88,146.84
13793,3947,186,2,937.99,0,150.08,2026.06
13794,3948,309,2,103.99,10,14.97,202.15
13795,3948,166,3,247.99,5,56.54,763.31
13796,3948,169,3,755.99,15,154.22,2081.99
13797,3948,408,3,474.99,5,108.3,1462.02
13798,3948,432,1,423.99,5,32.22,435.01
13799,3948,153,3,850.99,0,204.24,2757.21
13800,3949,50,4,1364.99,10,393.12,5307.08
13801,3949,417,4,897.99,15,244.25,3297.42
13802,3949,386,1,300.99,0,24.08,325.07
13803,3949,162,1,259.99,0,20.8,280.79
13804,3949,276,2,293.99,10,42.33,571.51
13805,3949,480,1,833.99,0,66.72,900.71
13806,3950,273,3,1167.99,0,280.32,3784.29
13807,3950,248,4,804.99,15,218.96,2955.93
13808,3951,292,2,907.99,5,138.01,1863.19
13809,3951,155,2,635.99,5,96.67,1305.05
13810,3951,410,1,169.99,5,12.92,174.41
13811,3951,161,3,1385.99,10,299.37,4041.54
13812,3952,93,2,498.99,0,79.84,1077.82
13813,3952,364,2,968.99,10,139.53,1883.71
13814,3952,421,1,1020.99,15,69.43,937.27
13815,3952,147,1,22.99,15,1.56,21.1
13816,3952,432,4,423.99,15,115.33,1556.9
13817,3952,265,1,454.99,15,30.94,417.68
13818,3953,485,2,875.99,15,119.13,1608.31
13819,3953,202,4,721.99,0,231.04,3119
13820,3953,371,4,105.99,0,33.92,457.88
13821,3953,432,2,423.99,5,64.45,870.03
13822,3953,251,4,134.99,5,41.04,554
13823,3953,180,2,656.99,15,89.35,1206.23
13824,3954,244,4,42.99,0,13.76,185.72
13825,3954,62,4,516.99,0,165.44,2233.4
13826,3954,168,4,387.99,15,105.53,1424.7
13827,3955,485,4,875.99,10,252.29,3405.85
13828,3955,477,3,1192.99,10,257.69,3478.76
13829,3955,281,3,1147.99,0,275.52,3719.49
13830,3955,427,2,378.99,5,57.61,777.69
13831,3956,449,1,634.99,15,43.18,582.92
13832,3956,297,2,1086.99,10,156.53,2113.11
13833,3956,360,4,407.99,15,110.97,1498.14
13834,3957,85,3,978.99,15,199.71,2696.13
13835,3957,492,1,494.99,15,33.66,454.4
13836,3957,128,4,987.99,5,300.35,4054.71
13837,3957,346,1,406.99,0,32.56,439.55
13838,3957,196,3,347.99,15,70.99,958.36
13839,3958,159,2,229.99,10,33.12,447.1
13840,3958,404,4,1238.99,0,396.48,5352.44
13841,3958,204,3,1355.99,5,309.17,4173.74
13842,3958,137,4,1014.99,5,308.56,4165.52
13843,3958,240,4,1188.99,15,323.41,4365.98
13844,3959,253,3,978.99,15,199.71,2696.13
13845,3959,179,3,251.99,5,57.45,775.62
13846,3959,399,2,94.99,5,14.44,194.92
13847,3959,260,1,301.99,15,20.54,277.23
13848,3960,479,1,1129.99,0,90.4,1220.39
13849,3960,58,2,1408.99,10,202.89,2739.07
13850,3960,73,3,1030.99,0,247.44,3340.41
13851,3960,394,4,198.99,0,63.68,859.64
13852,3961,436,2,541.99,0,86.72,1170.7
13853,3961,75,2,927.99,10,133.63,1804.01
13854,3961,182,3,766.99,10,165.67,2236.54
13855,3961,115,3,548.99,10,118.58,1600.85
13856,3961,243,4,1487.99,15,404.73,5463.9
13857,3962,281,1,1147.99,10,82.66,1115.85
13858,3963,363,1,1073.99,5,81.62,1101.91
13859,3963,283,4,63.99,10,18.43,248.79
13860,3963,32,4,471.99,15,128.38,1733.15
13861,3963,148,2,705.99,5,107.31,1448.69
13862,3963,80,1,811.99,5,61.71,833.1
13863,3963,54,4,685.99,0,219.52,2963.48
13864,3964,480,3,833.99,5,190.15,2567.02
13865,3964,59,3,254.99,10,55.08,743.55
13866,3965,461,1,345.99,15,23.53,317.62
13867,3965,442,4,799.99,10,230.4,3110.36
13868,3965,101,4,1394.99,5,424.08,5725.04
13869,3965,357,1,481.99,0,38.56,520.55
13870,3965,73,3,1030.99,0,247.44,3340.41
13871,3965,35,3,1193.99,0,286.56,3868.53
13872,3966,348,1,586.99,15,39.92,538.86
13873,3966,213,3,700.99,0,168.24,2271.21
13874,3966,455,3,1465.99,5,334.25,4512.32
13875,3966,191,1,676.99,0,54.16,731.15
13876,3966,342,1,1071.99,10,77.18,1041.97
13877,3966,494,2,1384.99,5,210.52,2842
13878,3967,102,3,1242.99,0,298.32,4027.29
13879,3967,91,3,1053.99,15,215.01,2902.68
13880,3967,428,3,160.99,15,32.84,443.36
13881,3967,231,4,121.99,5,37.08,500.64
13882,3968,47,3,498.99,0,119.76,1616.73
13883,3968,43,3,423.99,0,101.76,1373.73
13884,3968,322,1,291.99,0,23.36,315.35
13885,3968,63,3,1206.99,0,289.68,3910.65
13886,3968,340,3,1235.99,15,252.14,3403.91
13887,3968,82,3,807.99,10,174.53,2356.1
13888,3969,413,1,1416.99,5,107.69,1453.83
13889,3969,84,4,186.99,5,56.84,767.4
13890,3969,363,4,1073.99,0,343.68,4639.64
13891,3969,141,3,1173.99,10,253.58,3423.35
13892,3969,285,2,936.99,0,149.92,2023.9
13893,3969,23,1,347.99,5,26.45,357.04
13894,3970,173,4,682.99,5,207.63,2802.99
13895,3970,56,1,425.99,0,34.08,460.07
13896,3970,126,4,1486.99,0,475.84,6423.8
13897,3970,375,2,541.99,10,78.05,1053.63
13898,3970,361,1,531.99,15,36.18,488.37
13899,3970,247,4,1255.99,10,361.73,4883.29
13900,3971,327,3,975.99,15,199.1,2687.87
13901,3971,71,4,1311.99,5,398.84,5384.4
13902,3971,123,4,271.99,10,78.33,1057.49
13903,3972,346,3,406.99,5,92.79,1252.71
13904,3973,107,2,384.99,15,52.36,706.84
13905,3973,159,2,229.99,5,34.96,471.94
13906,3974,336,3,743.99,0,178.56,2410.53
13907,3975,53,3,766.99,10,165.67,2236.54
13908,3975,392,3,691.99,5,157.77,2129.94
13909,3975,258,3,277.99,0,66.72,900.69
13910,3976,37,3,303.99,10,65.66,886.43
13911,3976,192,1,192.99,5,14.67,198.01
13912,3976,230,2,875.99,15,119.13,1608.31
13913,3977,226,3,278.99,10,60.26,813.53
13914,3978,54,4,685.99,15,186.59,2518.96
13915,3978,383,3,888.99,15,181.35,2448.27
13916,3978,213,3,700.99,15,143,1930.52
13917,3978,323,3,599.99,10,129.6,1749.57
13918,3978,279,4,814.99,5,247.76,3344.72
13919,3978,139,1,1205.99,15,82.01,1107.1
13920,3979,11,3,1445.99,5,329.69,4450.76
13921,3979,206,3,1275.99,15,260.3,3514.07
13922,3979,21,1,683.99,15,46.51,627.9
13923,3980,389,1,1452.99,15,98.8,1333.84
13924,3980,149,1,1056.99,10,76.1,1027.39
13925,3980,269,4,794.99,0,254.4,3434.36
13926,3981,483,1,897.99,15,61.06,824.35
13927,3981,160,1,1272.99,5,96.75,1306.09
13928,3982,245,3,1338.99,15,273.15,3687.57
13929,3982,68,4,230.99,0,73.92,997.88
13930,3983,328,3,197.99,15,40.39,545.26
13931,3984,343,2,758.99,5,115.37,1557.45
13932,3984,402,2,723.99,10,104.25,1407.43
13933,3984,216,3,979.99,10,211.68,2857.65
13934,3984,208,2,1001.99,0,160.32,2164.3
13935,3985,246,4,1215.99,15,330.75,4465.12
13936,3985,92,4,1065.99,10,307.01,4144.57
13937,3986,218,1,790.99,10,56.95,768.84
13938,3986,125,3,1036.99,5,236.43,3191.85
13939,3986,417,2,897.99,15,122.13,1648.71
13940,3986,494,1,1384.99,15,94.18,1271.42
13941,3987,53,1,766.99,15,52.16,704.1
13942,3987,495,2,974.99,0,156,2105.98
13943,3987,46,2,941.99,10,135.65,1831.23
13944,3987,396,1,777.99,15,52.9,714.19
13945,3987,235,1,1232.99,5,93.71,1265.05
13946,3987,25,3,109.99,15,22.44,302.91
13947,3988,453,1,351.99,0,28.16,380.15
13948,3988,355,4,45.99,10,13.25,178.81
13949,3988,413,2,1416.99,0,226.72,3060.7
13950,3989,230,3,875.99,10,189.21,2554.38
13951,3989,295,1,1309.99,0,104.8,1414.79
13952,3989,331,4,1061.99,15,288.86,3899.63
13953,3989,268,4,1229.99,5,373.92,5047.88
13954,3989,152,3,47.99,5,10.94,147.71
13955,3990,381,3,1077.99,0,258.72,3492.69
13956,3990,93,1,498.99,5,37.92,511.96
13957,3990,415,2,1290.99,5,196.23,2649.11
13958,3990,465,2,1287.99,5,195.77,2642.95
13959,3991,168,1,387.99,5,29.49,398.08
13960,3991,379,1,571.99,15,38.9,525.09
13961,3992,39,1,1415.99,10,101.95,1376.34
13962,3992,487,1,417.99,10,30.1,406.29
13963,3993,263,3,787.99,10,170.21,2297.78
13964,3993,144,4,260.99,15,70.99,958.36
13965,3993,259,1,491.99,10,35.42,478.21
13966,3993,232,3,1001.99,5,228.45,3084.12
13967,3993,8,3,586.99,5,133.83,1806.75
13968,3993,230,3,875.99,5,199.73,2696.3
13969,3994,318,3,300.99,10,65.01,877.68
13970,3994,8,1,586.99,0,46.96,633.95
13971,3994,256,3,395.99,0,95.04,1283.01
13972,3995,239,2,133.99,10,19.29,260.47
13973,3995,302,2,1319.99,15,179.52,2423.5
13974,3996,270,3,213.99,10,46.22,623.99
13975,3996,311,4,1079.99,10,311.04,4199
13976,3996,487,1,417.99,5,31.77,428.86
13977,3996,254,4,621.99,15,169.18,2283.95
13978,3997,75,4,927.99,15,252.41,3407.58
13979,3997,15,1,1374.99,15,93.5,1262.24
13980,3997,143,1,553.99,15,37.67,508.56
13981,3997,265,2,454.99,5,69.16,933.64
13982,3997,115,3,548.99,0,131.76,1778.73
13983,3998,229,4,611.99,15,166.46,2247.23
13984,3998,208,3,1001.99,0,240.48,3246.45
13985,3998,356,2,328.99,5,50.01,675.09
13986,3998,344,3,791.99,5,180.57,2437.74
13987,3999,356,2,328.99,5,50.01,675.09
13988,3999,69,2,998.99,15,135.86,1834.14
13989,3999,204,2,1355.99,10,195.26,2636.04
13990,4000,103,1,310.99,10,22.39,302.28
13991,4001,355,3,45.99,0,11.04,149.01
13992,4001,420,1,653.99,5,49.7,670.99
13993,4001,199,1,882.99,5,67.11,905.95
13994,4001,375,1,541.99,0,43.36,585.35
13995,4002,144,2,260.99,5,39.67,535.55
13996,4002,186,2,937.99,15,127.57,1722.15
13997,4003,87,4,1443.99,15,392.77,5302.34
13998,4003,107,2,384.99,10,55.44,748.42
13999,4003,110,3,628.99,5,143.41,1936.03
14000,4003,293,3,1158.99,10,250.34,3379.61
14001,4004,465,2,1287.99,5,195.77,2642.95
14002,4004,471,2,873.99,10,125.85,1699.03
14003,4004,341,4,558.99,10,160.99,2173.35
14004,4005,42,2,1420.99,10,204.62,2762.4
14005,4006,278,1,714.99,10,51.48,694.97
14006,4006,216,3,979.99,5,223.44,3016.41
14007,4007,8,3,586.99,15,119.75,1616.57
14008,4007,62,2,516.99,0,82.72,1116.7
14009,4008,155,4,635.99,15,172.99,2335.36
14010,4008,61,4,130.99,0,41.92,565.88
14011,4008,173,3,682.99,0,163.92,2212.89
14012,4008,161,1,1385.99,0,110.88,1496.87
14013,4008,462,4,30.99,0,9.92,133.88
14014,4008,181,4,332.99,0,106.56,1438.52
14015,4009,220,1,620.99,0,49.68,670.67
14016,4009,2,3,102.99,5,23.48,317
14017,4009,374,2,1025.99,5,155.95,2105.33
14018,4010,260,4,301.99,15,82.14,1108.91
14019,4010,43,1,423.99,15,28.83,389.22
14020,4010,138,2,1243.99,10,179.13,2418.31
14021,4011,302,4,1319.99,5,401.28,5417.24
14022,4012,300,3,991.99,0,238.08,3214.05
14023,4013,121,3,318.99,5,72.73,981.85
14024,4013,219,4,737.99,5,224.35,3028.71
14025,4013,115,4,548.99,0,175.68,2371.64
14026,4013,126,2,1486.99,15,202.23,2730.11
14027,4013,71,3,1311.99,10,283.39,3825.76
14028,4014,467,4,827.99,5,251.71,3398.07
14029,4014,410,2,169.99,10,24.48,330.46
14030,4014,297,4,1086.99,10,313.05,4226.21
14031,4014,195,4,420.99,5,127.98,1727.74
14032,4014,227,1,1337.99,10,96.34,1300.53
14033,4015,466,3,796.99,5,181.71,2453.13
14034,4015,168,4,387.99,10,111.74,1508.5
14035,4015,486,3,220.99,5,50.39,680.21
14036,4015,104,1,1343.99,10,96.77,1306.36
14037,4016,376,4,121.99,15,33.18,447.95
14038,4017,500,4,835.99,10,240.77,3250.33
14039,4017,296,4,52.99,5,16.11,217.47
14040,4018,245,3,1338.99,5,305.29,4121.41
14041,4018,127,2,1200.99,5,182.55,2464.43
14042,4019,338,3,674.99,10,145.8,1968.27
14043,4019,441,1,766.99,15,52.16,704.1
14044,4019,404,1,1238.99,10,89.21,1204.3
14045,4020,320,4,1027.99,15,279.61,3774.78
14046,4020,252,2,896.99,15,121.99,1646.87
14047,4020,392,4,691.99,5,210.36,2839.92
14048,4020,286,4,365.99,15,99.55,1343.92
14049,4020,40,1,506.99,15,34.48,465.42
14050,4020,211,2,440.99,15,59.97,809.65
14051,4021,289,3,1112.99,10,240.41,3245.48
14052,4021,22,3,1226.99,5,279.75,3776.67
14053,4022,269,1,794.99,10,57.24,772.73
14054,4022,107,4,384.99,0,123.2,1663.16
14055,4022,488,2,732.99,15,99.69,1345.77
14056,4022,323,1,599.99,15,40.8,550.79
14057,4022,106,4,151.99,5,46.2,623.76
14058,4022,36,1,624.99,15,42.5,573.74
14059,4023,398,4,512.99,10,147.74,1994.5
14060,4023,121,3,318.99,15,65.07,878.49
14061,4023,494,4,1384.99,5,421.04,5684
14062,4023,30,2,307.99,15,41.89,565.47
14063,4023,126,3,1486.99,10,321.19,4336.06
14064,4024,155,3,635.99,10,137.37,1854.54
14065,4024,349,3,29.99,0,7.2,97.17
14066,4024,62,4,516.99,15,140.62,1898.39
14067,4024,468,1,757.99,15,51.54,695.83
14068,4025,126,2,1486.99,10,214.13,2890.71
14069,4025,23,1,347.99,5,26.45,357.04
14070,4025,293,1,1158.99,5,88.08,1189.12
14071,4025,40,3,506.99,15,103.43,1396.25
14072,4025,3,4,889.99,10,256.32,3460.28
14073,4025,78,1,1476.99,5,112.25,1515.39
14074,4026,119,1,975.99,15,66.37,895.96
14075,4026,106,1,151.99,0,12.16,164.15
14076,4026,121,2,318.99,15,43.38,585.66
14077,4026,36,3,624.99,15,127.5,1721.22
14078,4027,196,2,347.99,5,52.89,714.07
14079,4027,459,3,868.99,10,187.7,2533.97
14080,4027,424,1,823.99,15,56.03,756.42
14081,4027,359,1,147.99,15,10.06,135.85
14082,4027,66,3,276.99,10,59.83,807.7
14083,4027,94,1,827.99,5,62.93,849.52
14084,4028,468,1,757.99,15,51.54,695.83
14085,4028,136,1,182.99,5,13.91,187.75
14086,4028,109,1,1104.99,5,83.98,1133.72
14087,4028,179,4,251.99,0,80.64,1088.6
14088,4028,216,2,979.99,15,133.28,1799.26
14089,4028,286,2,365.99,15,49.77,671.95
14090,4029,337,2,1160.99,0,185.76,2507.74
14091,4029,331,4,1061.99,0,339.84,4587.8
14092,4030,384,1,898.99,15,61.13,825.27
14093,4030,293,3,1158.99,5,264.25,3567.37
14094,4030,371,3,105.99,0,25.44,343.41
14095,4030,21,2,683.99,0,109.44,1477.42
14096,4030,246,1,1215.99,0,97.28,1313.27
14097,4031,422,4,572.99,15,155.85,2104.02
14098,4031,221,2,1084.99,10,156.24,2109.22
14099,4032,85,2,978.99,10,140.97,1903.15
14100,4032,297,4,1086.99,5,330.44,4461
14101,4032,153,2,850.99,10,122.54,1654.32
14102,4032,484,4,622.99,10,179.42,2422.18
14103,4033,124,1,388.99,0,31.12,420.11
14104,4033,312,4,522.99,10,150.62,2033.38
14105,4033,227,2,1337.99,0,214.08,2890.06
14106,4033,334,3,597.99,5,136.34,1840.61
14107,4033,177,1,1234.99,0,98.8,1333.79
14108,4034,370,1,1201.99,0,96.16,1298.15
14109,4034,186,4,937.99,15,255.13,3444.3
14110,4034,383,1,888.99,5,67.56,912.1
14111,4034,170,1,865.99,10,62.35,841.74
14112,4035,377,4,808.99,0,258.88,3494.84
14113,4036,179,1,251.99,0,20.16,272.15
14114,4036,15,4,1374.99,15,374,5048.97
14115,4036,373,1,1329.99,5,101.08,1364.57
14116,4036,27,3,788.99,15,160.95,2172.87
14117,4036,359,1,147.99,15,10.06,135.85
14118,4036,186,4,937.99,5,285.15,3849.51
14119,4037,255,1,677.99,10,48.82,659.01
14120,4037,333,1,1238.99,0,99.12,1338.11
14121,4038,482,1,774.99,10,55.8,753.29
14122,4038,37,1,303.99,5,23.1,311.89
14123,4038,115,4,548.99,0,175.68,2371.64
14124,4038,66,2,276.99,15,37.67,508.55
14125,4038,208,4,1001.99,10,288.57,3895.73
14126,4039,124,1,388.99,5,29.56,399.1
14127,4039,135,4,933.99,5,283.93,3833.09
14128,4039,212,1,893.99,5,67.94,917.23
14129,4039,89,4,794.99,10,228.96,3090.92
14130,4040,199,1,882.99,10,63.58,858.27
14131,4040,29,4,573.99,0,183.68,2479.64
14132,4040,363,2,1073.99,0,171.84,2319.82
14133,4040,11,2,1445.99,15,196.65,2654.83
14134,4040,82,2,807.99,10,116.35,1570.73
14135,4040,390,1,33.99,15,2.31,31.2
14136,4041,256,1,395.99,5,30.1,406.29
14137,4041,52,2,449.99,10,64.8,874.78
14138,4041,54,1,685.99,5,52.14,703.83
14139,4041,474,4,500.99,10,144.29,1947.85
14140,4041,53,1,766.99,0,61.36,828.35
14141,4041,395,1,1497.99,0,119.84,1617.83
14142,4042,337,1,1160.99,15,78.95,1065.79
14143,4042,33,1,1048.99,15,71.33,962.97
14144,4042,320,4,1027.99,10,296.06,3996.82
14145,4042,358,4,94.99,15,25.84,348.81
14146,4042,157,4,33.99,0,10.88,146.84
14147,4043,321,2,679.99,5,103.36,1395.34
14148,4043,383,1,888.99,15,60.45,816.09
14149,4044,331,3,1061.99,15,216.65,2924.72
14150,4044,22,2,1226.99,15,166.87,2252.75
14151,4044,448,2,420.99,5,63.99,863.87
14152,4044,92,2,1065.99,15,144.97,1957.15
14153,4045,292,2,907.99,0,145.28,1961.26
14154,4046,228,4,836.99,10,241.05,3254.21
14155,4046,206,1,1275.99,5,96.98,1309.17
14156,4046,281,2,1147.99,0,183.68,2479.66
14157,4046,59,3,254.99,5,58.14,784.86
14158,4046,272,3,425.99,10,92.01,1242.18
14159,4047,62,4,516.99,0,165.44,2233.4
14160,4047,266,3,232.99,15,47.53,641.65
14161,4047,243,1,1487.99,15,101.18,1365.97
14162,4047,451,3,1029.99,10,222.48,3003.45
14163,4047,488,3,732.99,10,158.33,2137.4
14164,4048,156,1,1366.99,5,103.89,1402.53
14165,4048,31,2,542.99,10,78.19,1055.57
14166,4049,16,3,809.99,0,194.4,2624.37
14167,4049,23,4,347.99,15,94.65,1277.82
14168,4049,422,3,572.99,0,137.52,1856.49
14169,4050,343,3,758.99,10,163.94,2213.21
14170,4050,141,4,1173.99,0,375.68,5071.64
14171,4051,151,3,683.99,5,155.95,2105.32
14172,4051,52,3,449.99,10,97.2,1312.17
14173,4051,317,1,1482.99,0,118.64,1601.63
14174,4051,92,2,1065.99,5,162.03,2187.41
14175,4051,153,2,850.99,5,129.35,1746.23
14176,4052,222,4,1259.99,0,403.2,5443.16
14177,4052,326,3,879.99,0,211.2,2851.17
14178,4052,469,1,489.99,5,37.24,502.73
14179,4053,270,4,213.99,5,65.05,878.21
14180,4053,160,4,1272.99,0,407.36,5499.32
14181,4054,177,3,1234.99,5,281.58,3801.3
14182,4054,440,3,637.99,10,137.81,1860.38
14183,4055,252,3,896.99,15,182.99,2470.31
14184,4055,133,1,514.99,10,37.08,500.57
14185,4055,340,1,1235.99,15,84.05,1134.64
14186,4055,45,4,896.99,0,287.04,3875
14187,4055,369,1,1321.99,10,95.18,1284.97
14188,4056,391,2,1383.99,15,188.22,2541
14189,4056,440,2,637.99,15,86.77,1171.35
14190,4056,44,3,586.99,5,133.83,1806.75
14191,4056,45,3,896.99,0,215.28,2906.25
14192,4056,22,3,1226.99,10,265.03,3577.9
14193,4056,47,3,498.99,5,113.77,1535.89
14194,4057,4,3,935.99,0,224.64,3032.61
14195,4058,1,4,524.99,0,168,2267.96
14196,4058,5,4,1162.99,10,334.94,4521.7
14197,4058,442,4,799.99,5,243.2,3283.16
14198,4058,177,1,1234.99,15,83.98,1133.72
14199,4058,180,1,656.99,5,49.93,674.07
14200,4059,295,4,1309.99,0,419.2,5659.16
14201,4060,492,1,494.99,10,35.64,481.13
14202,4060,10,4,551.99,15,150.14,2026.91
14203,4060,461,1,345.99,5,26.3,354.99
14204,4061,467,4,827.99,0,264.96,3576.92
14205,4061,35,2,1193.99,15,162.38,2192.16
14206,4061,211,1,440.99,5,33.52,452.46
14207,4061,208,4,1001.99,5,304.6,4112.16
14208,4061,305,1,1235.99,5,93.94,1268.13
14209,4061,40,4,506.99,0,162.24,2190.2
14210,4062,209,2,565.99,0,90.56,1222.54
14211,4062,17,1,517.99,5,39.37,531.46
14212,4062,126,2,1486.99,5,226.02,3051.3
14213,4062,148,3,705.99,10,152.49,2058.66
14214,4062,28,3,176.99,5,40.35,544.77
14215,4062,46,4,941.99,10,271.29,3662.45
14216,4063,61,1,130.99,15,8.91,120.25
14217,4063,70,2,453.99,10,65.37,882.55
14218,4064,258,3,277.99,15,56.71,765.58
14219,4064,292,1,907.99,15,61.74,833.53
14220,4064,368,1,1159.99,10,83.52,1127.51
14221,4064,290,2,963.99,5,146.53,1978.11
14222,4064,99,2,1421.99,10,204.77,2764.35
14223,4064,133,2,514.99,10,74.16,1001.14
14224,4065,236,4,1306.99,10,376.41,5081.57
14225,4065,112,1,652.99,10,47.02,634.71
14226,4065,450,4,670.99,5,203.98,2753.74
14227,4065,341,4,558.99,0,178.88,2414.84
14228,4065,234,4,405.99,0,129.92,1753.88
14229,4065,378,4,1307.99,5,397.63,5367.99
14230,4066,494,2,1384.99,0,221.6,2991.58
14231,4066,380,4,1349.99,15,367.2,4957.17
14232,4066,93,4,498.99,0,159.68,2155.64
14233,4067,154,3,156.99,15,32.03,432.35
14234,4068,300,2,991.99,0,158.72,2142.7
14235,4068,272,3,425.99,10,92.01,1242.18
14236,4068,58,4,1408.99,0,450.88,6086.84
14237,4069,135,3,933.99,15,190.53,2572.2
14238,4069,417,2,897.99,5,136.49,1842.67
14239,4070,116,1,1096.99,15,74.6,1007.04
14240,4070,295,2,1309.99,15,178.16,2405.14
14241,4070,487,4,417.99,10,120.38,1625.14
14242,4071,50,1,1364.99,5,103.74,1400.48
14243,4071,131,4,371.99,10,107.13,1446.29
14244,4072,256,3,395.99,10,85.53,1154.7
14245,4072,250,4,314.99,0,100.8,1360.76
14246,4072,198,3,1083.99,0,260.16,3512.13
14247,4073,30,1,307.99,5,23.41,316
14248,4073,285,3,936.99,5,213.63,2884.05
14249,4073,140,1,1240.99,10,89.35,1206.24
14250,4073,376,4,121.99,10,35.13,474.29
14251,4073,340,3,1235.99,15,252.14,3403.91
14252,4074,227,4,1337.99,15,363.93,4913.1
14253,4074,368,4,1159.99,10,334.08,4510.04
14254,4074,332,3,1276.99,10,275.83,3723.7
14255,4074,268,4,1229.99,10,354.24,4782.2
14256,4075,77,4,453.99,10,130.75,1765.11
14257,4075,110,2,628.99,5,95.61,1290.69
14258,4075,499,4,1078.99,5,328.01,4428.17
14259,4075,80,4,811.99,0,259.84,3507.8
14260,4075,449,4,634.99,0,203.2,2743.16
14261,4076,297,1,1086.99,15,73.92,997.86
14262,4077,439,4,168.99,5,51.37,693.53
14263,4077,210,1,919.99,5,69.92,943.91
14264,4078,66,2,276.99,5,42.1,568.38
14265,4078,197,2,659.99,15,89.76,1211.74
14266,4078,310,4,1363.99,5,414.65,5597.81
14267,4078,438,4,1482.99,10,427.1,5765.86
14268,4078,107,3,384.99,10,83.16,1122.63
14269,4079,156,3,1366.99,5,311.67,4207.59
14270,4079,226,4,278.99,10,80.35,1084.71
14271,4079,252,1,896.99,15,61,823.44
14272,4079,408,2,474.99,15,64.6,872.08
14273,4079,384,3,898.99,5,204.97,2767.09
14274,4080,246,2,1215.99,0,194.56,2626.54
14275,4080,439,2,168.99,0,27.04,365.02
14276,4081,309,4,103.99,15,28.29,381.86
14277,4081,193,2,973.99,10,140.25,1893.43
14278,4081,430,3,421.99,15,86.09,1162.16
14279,4081,115,2,548.99,0,87.84,1185.82
14280,4081,237,1,1263.99,15,85.95,1160.34
14281,4081,461,1,345.99,0,27.68,373.67
14282,4082,242,1,1500.99,10,108.07,1458.96
14283,4082,287,3,549.99,15,112.2,1514.67
14284,4083,106,4,151.99,5,46.2,623.76
14285,4083,34,4,67.99,15,18.49,249.66
14286,4083,281,3,1147.99,5,261.74,3533.51
14287,4084,362,3,285.99,15,58.34,787.61
14288,4084,187,3,1184.99,5,270.18,3647.4
14289,4084,20,4,632.99,0,202.56,2734.52
14290,4085,485,2,875.99,15,119.13,1608.31
14291,4085,173,1,682.99,5,51.91,700.75
14292,4085,240,1,1188.99,5,90.36,1219.9
14293,4086,482,3,774.99,5,176.7,2385.42
14294,4086,3,1,889.99,5,67.64,913.13
14295,4086,479,1,1129.99,5,85.88,1159.37
14296,4086,414,1,1426.99,15,97.04,1309.98
14297,4086,272,1,425.99,10,30.67,414.06
14298,4087,218,4,790.99,10,227.81,3075.37
14299,4087,167,4,715.99,10,206.21,2783.77
14300,4088,155,2,635.99,0,101.76,1373.74
14301,4088,171,3,399.99,5,91.2,1231.17
14302,4089,120,3,1301.99,0,312.48,4218.45
14303,4089,470,4,203.99,10,58.75,793.11
14304,4089,257,3,1143.99,0,274.56,3706.53
14305,4089,411,3,1232.99,0,295.92,3994.89
14306,4090,455,4,1465.99,5,445.66,6016.42
14307,4090,481,1,413.99,0,33.12,447.11
14308,4090,311,3,1079.99,5,246.24,3324.21
14309,4090,50,1,1364.99,15,92.82,1253.06
14310,4091,78,4,1476.99,10,425.37,5742.53
14311,4091,85,1,978.99,0,78.32,1057.31
14312,4091,409,3,773.99,5,176.47,2382.34
14313,4091,353,2,155.99,5,23.71,320.09
14314,4091,281,4,1147.99,15,312.25,4215.42
14315,4092,307,1,1360.99,0,108.88,1469.87
14316,4092,476,3,732.99,0,175.92,2374.89
14317,4092,19,1,1251.99,15,85.14,1149.33
14318,4093,383,3,888.99,0,213.36,2880.33
14319,4093,294,4,184.99,10,53.28,719.24
14320,4093,207,4,1123.99,10,323.71,4370.07
14321,4094,105,2,1499.99,15,204,2753.98
14322,4094,488,1,732.99,0,58.64,791.63
14323,4094,86,2,113.99,10,16.41,221.59
14324,4094,273,4,1167.99,5,355.07,4793.43
14325,4094,302,1,1319.99,0,105.6,1425.59
14326,4094,193,1,973.99,0,77.92,1051.91
14327,4095,401,1,487.99,10,35.14,474.33
14328,4095,302,4,1319.99,5,401.28,5417.24
14329,4095,130,1,1187.99,0,95.04,1283.03
14330,4095,102,4,1242.99,10,357.98,4832.74
14331,4096,220,4,620.99,10,178.85,2414.41
14332,4097,197,4,659.99,5,200.64,2708.6
14333,4097,454,3,499.99,15,102,1376.97
14334,4098,62,1,516.99,15,35.16,474.6
14335,4098,54,3,685.99,0,164.64,2222.61
14336,4099,141,4,1173.99,10,338.11,4564.47
14337,4100,416,1,444.99,15,30.26,408.5
14338,4100,23,2,347.99,10,50.11,676.49
14339,4100,335,1,758.99,5,57.68,778.72
14340,4101,436,4,541.99,5,164.76,2224.32
14341,4101,74,2,143.99,5,21.89,295.47
14342,4101,264,4,1444.99,5,439.28,5930.24
14343,4101,26,4,270.99,5,82.38,1112.14
14344,4102,331,1,1061.99,5,80.71,1089.6
14345,4102,90,3,825.99,5,188.33,2542.4
14346,4102,388,2,1182.99,15,160.89,2171.97
14347,4102,482,1,774.99,10,55.8,753.29
14348,4103,260,1,301.99,10,21.74,293.53
14349,4103,57,4,461.99,5,140.44,1896
14350,4103,283,2,63.99,10,9.21,124.39
14351,4104,102,4,1242.99,0,397.76,5369.72
14352,4104,470,1,203.99,0,16.32,220.31
14353,4104,195,3,420.99,5,95.99,1295.81
14354,4104,81,3,1111.99,10,240.19,3242.56
14355,4105,425,4,817.99,15,222.49,3003.66
14356,4105,67,2,879.99,5,133.76,1805.74
14357,4105,323,1,599.99,5,45.6,615.59
14358,4106,460,2,1118.99,10,161.13,2175.31
14359,4106,459,2,868.99,10,125.13,1689.31
14360,4106,490,1,968.99,10,69.77,941.86
14361,4106,158,4,1369.99,10,394.56,5326.52
14362,4107,371,2,105.99,15,14.41,194.59
14363,4107,355,3,45.99,15,9.38,126.65
14364,4107,309,1,103.99,15,7.07,95.46
14365,4108,356,4,328.99,0,105.28,1421.24
14366,4108,184,1,446.99,5,33.97,458.61
14367,4108,497,1,681.99,5,51.83,699.72
14368,4108,370,2,1201.99,15,163.47,2206.85
14369,4109,237,2,1263.99,0,202.24,2730.22
14370,4109,300,3,991.99,5,226.17,3053.34
14371,4109,122,2,1350.99,0,216.16,2918.14
14372,4110,247,4,1255.99,5,381.82,5154.58
14373,4111,268,3,1229.99,5,280.44,3785.91
14374,4111,264,1,1444.99,0,115.6,1560.59
14375,4112,485,2,875.99,15,119.13,1608.31
14376,4112,303,1,230.99,5,17.56,237
14377,4112,332,4,1276.99,15,347.34,4689.11
14378,4113,15,2,1374.99,15,187,2524.48
14379,4113,41,2,549.99,5,83.6,1128.58
14380,4113,167,4,715.99,10,206.21,2783.77
14381,4114,158,2,1369.99,15,186.32,2515.3
14382,4114,459,2,868.99,0,139.04,1877.02
14383,4114,215,2,686.99,5,104.42,1409.7
14384,4114,334,3,597.99,0,143.52,1937.49
14385,4115,59,2,254.99,0,40.8,550.78
14386,4115,243,1,1487.99,10,107.14,1446.33
14387,4116,70,1,453.99,10,32.69,441.28
14388,4116,357,2,481.99,5,73.26,989.04
14389,4117,388,3,1182.99,15,241.33,3257.95
14390,4117,492,3,494.99,0,118.8,1603.77
14391,4117,315,2,852.99,15,116.01,1566.09
14392,4117,224,4,462.99,15,125.93,1700.1
14393,4117,184,3,446.99,15,91.19,1231.01
14394,4117,43,4,423.99,0,135.68,1831.64
14395,4118,204,1,1355.99,5,103.06,1391.25
14396,4118,67,4,879.99,15,239.36,3231.33
14397,4119,112,3,652.99,0,156.72,2115.69
14398,4119,19,3,1251.99,5,285.45,3853.62
14399,4119,199,3,882.99,0,211.92,2860.89
14400,4119,420,2,653.99,15,88.94,1200.72
14401,4120,327,4,975.99,10,281.09,3794.65
14402,4120,138,2,1243.99,15,169.18,2283.96
14403,4120,336,1,743.99,0,59.52,803.51
14404,4121,215,3,686.99,15,140.15,1891.97
14405,4121,372,2,364.99,5,55.48,748.96
14406,4122,106,4,151.99,0,48.64,656.6
14407,4122,403,4,760.99,10,219.17,2958.73
14408,4122,439,2,168.99,0,27.04,365.02
14409,4123,62,1,516.99,5,39.29,530.43
14410,4123,468,1,757.99,15,51.54,695.83
14411,4123,434,2,1392.99,0,222.88,3008.86
14412,4124,186,3,937.99,5,213.86,2887.13
14413,4124,445,1,20.99,0,1.68,22.67
14414,4124,463,1,1279.99,10,92.16,1244.15
14415,4124,13,2,241.99,0,38.72,522.7
14416,4124,495,2,974.99,0,156,2105.98
14417,4125,442,3,799.99,10,172.8,2332.77
14418,4126,279,1,814.99,5,61.94,836.18
14419,4126,446,3,169.99,10,36.72,495.69
14420,4126,189,2,612.99,10,88.27,1191.65
14421,4126,224,2,462.99,0,74.08,1000.06
14422,4126,337,2,1160.99,5,176.47,2382.35
14423,4126,182,4,766.99,5,233.16,3147.72
14424,4127,419,1,351.99,15,23.94,323.13
14425,4127,93,3,498.99,0,119.76,1616.73
14426,4127,324,2,135.99,10,19.58,264.36
14427,4128,304,4,119.99,10,34.56,466.52
14428,4129,342,3,1071.99,10,231.55,3125.92
14429,4129,243,3,1487.99,0,357.12,4821.09
14430,4129,325,1,527.99,0,42.24,570.23
14431,4129,116,4,1096.99,15,298.38,4028.15
14432,4129,330,3,791.99,10,171.07,2309.44
14433,4129,254,2,621.99,0,99.52,1343.5
14434,4130,314,2,159.99,15,21.76,293.74
14435,4130,206,1,1275.99,15,86.77,1171.36
14436,4130,48,4,1148.99,5,349.29,4715.45
14437,4130,304,3,119.99,0,28.8,388.77
14438,4130,263,1,787.99,5,59.89,808.48
14439,4130,187,2,1184.99,0,189.6,2559.58
14440,4131,440,3,637.99,10,137.81,1860.38
14441,4132,466,2,796.99,15,108.39,1463.27
14442,4132,71,1,1311.99,10,94.46,1275.25
14443,4132,457,2,929.99,0,148.8,2008.78
14444,4133,138,4,1243.99,15,338.37,4567.94
14445,4133,2,2,102.99,10,14.83,200.21
14446,4133,121,2,318.99,0,51.04,689.02
14447,4134,304,2,119.99,10,17.28,233.26
14448,4134,256,4,395.99,10,114.05,1539.61
14449,4134,419,1,351.99,5,26.75,361.14
14450,4134,331,3,1061.99,10,229.39,3096.76
14451,4134,179,3,251.99,0,60.48,816.45
14452,4134,257,1,1143.99,10,82.37,1111.96
14453,4135,404,2,1238.99,5,188.33,2542.41
14454,4135,159,4,229.99,5,69.92,943.88
14455,4135,157,4,33.99,10,9.79,132.15
14456,4136,158,3,1369.99,0,328.8,4438.77
14457,4136,217,2,1491.99,10,214.85,2900.43
14458,4136,318,2,300.99,5,45.75,617.63
14459,4136,108,4,1184.99,15,322.32,4351.29
14460,4137,358,4,94.99,0,30.4,410.36
14461,4137,229,4,611.99,0,195.84,2643.8
14462,4137,247,2,1255.99,0,200.96,2712.94
14463,4137,378,4,1307.99,5,397.63,5367.99
14464,4137,230,1,875.99,10,63.07,851.46
14465,4138,245,3,1338.99,10,289.22,3904.49
14466,4138,343,1,758.99,0,60.72,819.71
14467,4138,108,4,1184.99,5,360.24,4863.2
14468,4138,106,3,151.99,10,32.83,443.2
14469,4138,22,1,1226.99,5,93.25,1258.89
14470,4138,284,4,1112.99,0,356.16,4808.12
14471,4139,349,1,29.99,0,2.4,32.39
14472,4139,279,1,814.99,5,61.94,836.18
14473,4139,213,2,700.99,0,112.16,1514.14
14474,4139,125,4,1036.99,15,282.06,3807.83
14475,4139,343,3,758.99,0,182.16,2459.13
14476,4139,318,3,300.99,15,61.4,828.92
14477,4140,98,1,1194.99,10,86.04,1161.53
14478,4140,280,3,1103.99,15,225.21,3040.38
14479,4140,25,2,109.99,0,17.6,237.58
14480,4140,271,1,242.99,0,19.44,262.43
14481,4140,335,4,758.99,5,230.73,3114.89
14482,4140,266,3,232.99,5,53.12,717.14
14483,4141,430,2,421.99,15,57.39,774.77
14484,4141,123,1,271.99,15,18.5,249.69
14485,4141,250,1,314.99,0,25.2,340.19
14486,4142,350,3,1204.99,15,245.82,3318.54
14487,4142,36,3,624.99,15,127.5,1721.22
14488,4142,352,2,1453.99,10,209.37,2826.55
14489,4142,162,1,259.99,5,19.76,266.75
14490,4142,444,1,682.99,15,46.44,626.98
14491,4143,186,3,937.99,15,191.35,2583.22
14492,4143,370,3,1201.99,15,245.21,3310.28
14493,4143,214,4,423.99,15,115.33,1556.9
14494,4143,233,4,133.99,5,40.73,549.89
14495,4143,195,2,420.99,10,60.62,818.4
14496,4143,149,3,1056.99,5,240.99,3253.41
14497,4144,493,4,451.99,10,130.17,1757.33
14498,4144,249,3,462.99,10,100.01,1350.08
14499,4145,215,1,686.99,5,52.21,704.85
14500,4145,313,2,1158.99,5,176.17,2378.25
14501,4146,334,4,597.99,0,191.36,2583.32
14502,4146,87,2,1443.99,10,207.93,2807.11
14503,4146,114,4,879.99,5,267.52,3611.48
14504,4147,455,3,1465.99,10,316.65,4274.82
14505,4148,331,2,1061.99,0,169.92,2293.9
14506,4149,192,4,192.99,10,55.58,750.34
14507,4149,65,3,72.99,10,15.77,212.84
14508,4149,391,2,1383.99,15,188.22,2541
14509,4149,402,3,723.99,0,173.76,2345.73
14510,4150,121,4,318.99,15,86.77,1171.34
14511,4150,352,1,1453.99,15,98.87,1334.76
14512,4150,228,2,836.99,0,133.92,1807.9
14513,4150,373,1,1329.99,15,90.44,1220.93
14514,4151,481,4,413.99,0,132.48,1788.44
14515,4152,278,3,714.99,10,154.44,2084.91
14516,4152,221,1,1084.99,10,78.12,1054.61
14517,4152,450,4,670.99,5,203.98,2753.74
14518,4152,46,3,941.99,0,226.08,3052.05
14519,4152,253,2,978.99,15,133.14,1797.42
14520,4152,268,2,1229.99,15,167.28,2258.26
14521,4153,19,1,1251.99,15,85.14,1149.33
14522,4153,253,3,978.99,15,199.71,2696.13
14523,4154,274,1,729.99,10,52.56,709.55
14524,4154,208,3,1001.99,15,204.41,2759.48
14525,4154,67,3,879.99,5,200.64,2708.61
14526,4154,315,3,852.99,5,194.48,2625.5
14527,4154,374,4,1025.99,5,311.9,4210.66
14528,4154,37,2,303.99,15,41.34,558.12
14529,4155,498,1,525.99,5,39.98,539.67
14530,4155,68,4,230.99,0,73.92,997.88
14531,4155,387,2,947.99,15,128.93,1740.51
14532,4156,350,2,1204.99,5,183.16,2472.64
14533,4156,322,4,291.99,5,88.76,1198.32
14534,4156,150,1,335.99,0,26.88,362.87
14535,4156,102,3,1242.99,15,253.57,3423.19
14536,4156,404,3,1238.99,5,282.49,3813.61
14537,4157,250,1,314.99,15,21.42,289.16
14538,4157,63,4,1206.99,5,366.92,4953.48
14539,4157,52,4,449.99,5,136.8,1846.76
14540,4158,237,4,1263.99,15,343.81,4641.38
14541,4158,448,1,420.99,15,28.63,386.47
14542,4158,410,1,169.99,0,13.6,183.59
14543,4158,323,2,599.99,0,96,1295.98
14544,4158,113,1,549.99,0,44,593.99
14545,4158,171,4,399.99,15,108.8,1468.77
14546,4159,85,3,978.99,15,199.71,2696.13
14547,4159,452,1,364.99,10,26.28,354.77
14548,4159,86,3,113.99,0,27.36,369.33
14549,4159,185,1,252.99,10,18.22,245.91
14550,4160,96,2,545.99,5,82.99,1120.37
14551,4160,9,1,896.99,5,68.17,920.31
14552,4160,253,2,978.99,5,148.81,2008.89
14553,4160,106,2,151.99,0,24.32,328.3
14554,4161,166,2,247.99,0,39.68,535.66
14555,4161,46,4,941.99,10,271.29,3662.45
14556,4162,115,3,548.99,5,125.17,1689.79
14557,4162,410,2,169.99,15,23.12,312.1
14558,4162,459,3,868.99,10,187.7,2533.97
14559,4162,154,2,156.99,5,23.86,322.14
14560,4162,41,4,549.99,15,149.6,2019.57
14561,4162,79,3,1262.99,5,287.96,3887.48
14562,4163,489,1,800.99,15,54.47,735.31
14563,4163,138,4,1243.99,15,338.37,4567.94
14564,4163,386,3,300.99,5,68.63,926.45
14565,4164,350,4,1204.99,5,366.32,4945.28
14566,4164,182,1,766.99,15,52.16,704.1
14567,4164,294,4,184.99,15,50.32,679.29
14568,4164,457,4,929.99,5,282.72,3816.68
14569,4164,167,3,715.99,10,154.65,2087.82
14570,4164,30,2,307.99,15,41.89,565.47
14571,4165,148,3,705.99,10,152.49,2058.66
14572,4165,116,4,1096.99,5,333.48,4502.04
14573,4165,343,1,758.99,5,57.68,778.72
14574,4165,208,4,1001.99,0,320.64,4328.6
14575,4166,120,3,1301.99,10,281.23,3796.6
14576,4166,326,2,879.99,15,119.68,1615.66
14577,4166,178,2,1071.99,5,162.94,2199.72
14578,4166,195,2,420.99,15,57.25,772.93
14579,4166,473,1,1377.99,10,99.22,1339.41
14580,4166,138,4,1243.99,0,398.08,5374.04
14581,4167,262,1,140.99,5,10.72,144.66
14582,4167,376,1,121.99,15,8.3,111.99
14583,4167,298,1,1045.99,0,83.68,1129.67
14584,4167,75,2,927.99,0,148.48,2004.46
14585,4167,264,1,1444.99,10,104.04,1404.53
14586,4168,264,1,1444.99,15,98.26,1326.5
14587,4168,290,1,963.99,10,69.41,937
14588,4168,340,1,1235.99,0,98.88,1334.87
14589,4168,316,3,1218.99,10,263.3,3554.57
14590,4168,68,4,230.99,15,62.83,848.2
14591,4168,497,3,681.99,10,147.31,1988.68
14592,4169,173,4,682.99,15,185.77,2507.94
14593,4170,464,2,820.99,10,118.22,1596
14594,4171,368,1,1159.99,15,78.88,1064.87
14595,4171,261,2,718.99,15,97.78,1320.06
14596,4171,163,3,911.99,15,186.05,2511.62
14597,4171,39,4,1415.99,0,453.12,6117.08
14598,4171,137,1,1014.99,0,81.2,1096.19
14599,4171,186,2,937.99,0,150.08,2026.06
14600,4172,301,2,517.99,0,82.88,1118.86
14601,4172,118,4,213.99,0,68.48,924.44
14602,4173,292,2,907.99,0,145.28,1961.26
14603,4173,160,2,1272.99,5,193.49,2612.17
14604,4173,256,2,395.99,10,57.02,769.8
14605,4173,253,4,978.99,0,313.28,4229.24
14606,4174,440,4,637.99,15,173.53,2342.7
14607,4174,316,3,1218.99,0,292.56,3949.53
14608,4175,59,1,254.99,5,19.38,261.62
14609,4175,386,2,300.99,10,43.34,585.12
14610,4176,257,3,1143.99,10,247.1,3335.87
14611,4176,80,4,811.99,0,259.84,3507.8
14612,4176,141,1,1173.99,10,84.53,1141.12
14613,4176,313,1,1158.99,10,83.45,1126.54
14614,4176,278,1,714.99,15,48.62,656.36
14615,4177,61,2,130.99,5,19.91,268.79
14616,4177,378,4,1307.99,0,418.56,5650.52
14617,4177,160,1,1272.99,15,86.56,1168.6
14618,4178,102,2,1242.99,5,188.93,2550.61
14619,4179,420,1,653.99,5,49.7,670.99
14620,4179,31,2,542.99,10,78.19,1055.57
14621,4179,250,3,314.99,0,75.6,1020.57
14622,4179,41,2,549.99,0,88,1187.98
14623,4179,279,2,814.99,15,110.84,1496.32
14624,4179,309,1,103.99,15,7.07,95.46
14625,4180,433,4,834.99,5,253.84,3426.8
14626,4180,338,1,674.99,5,51.3,692.54
14627,4180,365,3,1002.99,10,216.65,2924.72
14628,4180,409,4,773.99,10,222.91,3009.27
14629,4181,315,2,852.99,15,116.01,1566.09
14630,4181,378,2,1307.99,5,198.81,2683.99
14631,4181,199,1,882.99,10,63.58,858.27
14632,4181,102,2,1242.99,15,169.05,2282.13
14633,4182,414,3,1426.99,0,342.48,4623.45
14634,4182,157,4,33.99,15,9.25,124.82
14635,4182,476,2,732.99,5,111.41,1504.09
14636,4182,293,4,1158.99,10,333.79,4506.15
14637,4182,338,2,674.99,15,91.8,1239.28
14638,4182,204,4,1355.99,15,368.83,4979.2
14639,4183,297,3,1086.99,0,260.88,3521.85
14640,4183,132,3,728.99,5,166.21,2243.83
14641,4184,122,2,1350.99,5,205.35,2772.23
14642,4184,286,3,365.99,5,83.45,1126.52
14643,4184,215,4,686.99,5,208.84,2819.4
14644,4184,356,1,328.99,10,23.69,319.78
14645,4184,112,3,652.99,5,148.88,2009.9
14646,4185,90,4,825.99,5,251.1,3389.86
14647,4185,443,1,941.99,15,64.06,864.75
14648,4186,35,3,1193.99,0,286.56,3868.53
14649,4186,227,2,1337.99,15,181.97,2456.55
14650,4187,94,3,827.99,5,188.78,2548.55
14651,4187,493,3,451.99,10,97.63,1318
14652,4187,481,2,413.99,10,59.61,804.79
14653,4188,293,3,1158.99,10,250.34,3379.61
14654,4188,13,2,241.99,10,34.85,470.43
14655,4188,477,3,1192.99,10,257.69,3478.76
14656,4188,342,1,1071.99,0,85.76,1157.75
14657,4188,429,4,940.99,5,286.06,3861.82
14658,4189,419,2,351.99,0,56.32,760.3
14659,4189,474,4,500.99,10,144.29,1947.85
14660,4189,394,2,198.99,5,30.25,408.33
14661,4189,492,2,494.99,10,71.28,962.26
14662,4190,295,4,1309.99,10,377.28,5093.24
14663,4190,445,1,20.99,15,1.43,19.27
14664,4190,139,4,1205.99,10,347.33,4688.89
14665,4190,44,4,586.99,10,169.05,2282.21
14666,4190,207,4,1123.99,10,323.71,4370.07
14667,4190,215,3,686.99,5,156.63,2114.55
14668,4191,72,4,436.99,15,118.86,1604.63
14669,4191,255,4,677.99,5,206.11,2782.47
14670,4191,35,4,1193.99,5,362.97,4900.13
14671,4192,232,4,1001.99,0,320.64,4328.6
14672,4193,339,2,200.99,10,28.94,390.72
14673,4193,138,4,1243.99,10,358.27,4836.63
14674,4193,348,4,586.99,10,169.05,2282.21
14675,4194,110,3,628.99,5,143.41,1936.03
14676,4194,495,1,974.99,10,70.2,947.69
14677,4194,239,3,133.99,0,32.16,434.13
14678,4195,276,1,293.99,5,22.34,301.63
14679,4195,99,1,1421.99,10,102.38,1382.17
14680,4196,283,1,63.99,0,5.12,69.11
14681,4196,314,1,159.99,15,10.88,146.87
14682,4196,364,4,968.99,0,310.08,4186.04
14683,4196,89,2,794.99,10,114.48,1545.46
14684,4196,252,2,896.99,10,129.17,1743.75
14685,4196,302,3,1319.99,15,269.28,3635.25
14686,4197,187,4,1184.99,10,341.28,4607.24
14687,4197,146,1,26.99,15,1.84,24.78
14688,4197,193,1,973.99,10,70.13,946.72
14689,4197,102,4,1242.99,0,397.76,5369.72
14690,4198,350,3,1204.99,0,289.2,3904.17
14691,4198,96,2,545.99,15,74.25,1002.43
14692,4199,87,2,1443.99,15,196.38,2651.16
14693,4199,89,1,794.99,15,54.06,729.8
14694,4199,470,3,203.99,10,44.06,594.83
14695,4199,210,1,919.99,10,66.24,894.23
14696,4199,118,3,213.99,10,46.22,623.99
14697,4199,336,2,743.99,10,107.13,1446.31
14698,4200,7,3,814.99,5,185.82,2508.54
14699,4200,14,3,1137.99,0,273.12,3687.09
14700,4201,457,1,929.99,5,70.68,954.17
14701,4201,201,1,501.99,0,40.16,542.15
14702,4201,448,3,420.99,5,95.99,1295.81
14703,4202,158,1,1369.99,0,109.6,1479.59
14704,4202,453,3,351.99,0,84.48,1140.45
14705,4202,284,4,1112.99,0,356.16,4808.12
14706,4202,203,1,992.99,5,75.47,1018.81
14707,4202,190,4,1002.99,10,288.86,3899.62
14708,4203,151,3,683.99,0,164.16,2216.13
14709,4203,170,4,865.99,0,277.12,3741.08
14710,4203,279,4,814.99,10,234.72,3168.68
14711,4203,253,4,978.99,5,297.61,4017.77
14712,4203,354,4,946.99,15,257.58,3477.35
14713,4203,269,2,794.99,10,114.48,1545.46
14714,4204,157,3,33.99,0,8.16,110.13
14715,4204,258,3,277.99,5,63.38,855.65
14716,4204,54,2,685.99,10,98.78,1333.56
14717,4205,381,3,1077.99,10,232.85,3143.42
14718,4205,19,2,1251.99,15,170.27,2298.65
14719,4205,179,3,251.99,0,60.48,816.45
14720,4206,48,2,1148.99,0,183.84,2481.82
14721,4206,426,1,887.99,15,60.38,815.17
14722,4206,356,2,328.99,10,47.37,639.55
14723,4206,249,1,462.99,10,33.34,450.03
14724,4207,41,2,549.99,0,88,1187.98
14725,4207,160,3,1272.99,5,290.24,3918.26
14726,4207,466,3,796.99,0,191.28,2582.25
14727,4207,442,4,799.99,0,256,3455.96
14728,4208,388,4,1182.99,15,321.77,4343.94
14729,4209,491,3,891.99,5,203.37,2745.54
14730,4210,407,3,160.99,15,32.84,443.36
14731,4210,338,1,674.99,5,51.3,692.54
14732,4210,171,2,399.99,10,57.6,777.58
14733,4211,493,3,451.99,15,92.21,1244.78
14734,4212,456,2,1330.99,5,202.31,2731.19
14735,4212,237,1,1263.99,10,91.01,1228.6
14736,4212,497,3,681.99,0,163.68,2209.65
14737,4212,205,3,727.99,0,174.72,2358.69
14738,4212,267,4,1201.99,5,365.4,4932.96
14739,4212,499,4,1078.99,15,293.49,3962.06
14740,4213,293,3,1158.99,0,278.16,3755.13
14741,4213,76,1,1285.99,10,92.59,1249.98
14742,4213,441,1,766.99,5,58.29,786.93
14743,4213,39,4,1415.99,5,430.46,5811.22
14744,4214,441,3,766.99,5,174.87,2360.79
14745,4214,383,2,888.99,0,142.24,1920.22
14746,4214,257,3,1143.99,0,274.56,3706.53
14747,4214,360,2,407.99,15,55.49,749.07
14748,4215,229,4,611.99,10,176.25,2379.41
14749,4215,495,3,974.99,15,198.9,2685.12
14750,4215,47,1,498.99,15,33.93,458.07
14751,4215,106,1,151.99,15,10.34,139.53
14752,4216,93,3,498.99,5,113.77,1535.89
14753,4216,173,3,682.99,10,147.53,1991.6
14754,4216,244,1,42.99,5,3.27,44.11
14755,4217,94,4,827.99,5,251.71,3398.07
14756,4217,282,1,427.99,5,32.53,439.12
14757,4218,80,2,811.99,0,129.92,1753.9
14758,4218,145,4,864.99,10,249.12,3363.08
14759,4218,164,3,135.99,5,31.01,418.58
14760,4218,184,4,446.99,10,128.73,1737.89
14761,4219,167,1,715.99,10,51.55,695.94
14762,4219,414,2,1426.99,0,228.32,3082.3
14763,4219,246,2,1215.99,10,175.1,2363.88
14764,4219,179,4,251.99,10,72.57,979.73
14765,4220,5,2,1162.99,0,186.08,2512.06
14766,4220,14,3,1137.99,10,245.81,3318.38
14767,4220,182,2,766.99,0,122.72,1656.7
14768,4220,442,4,799.99,5,243.2,3283.16
14769,4220,288,1,1187.99,15,80.78,1090.57
14770,4220,309,1,103.99,15,7.07,95.46
14771,4221,20,3,632.99,5,144.32,1948.34
14772,4221,303,2,230.99,0,36.96,498.94
14773,4221,383,2,888.99,10,128.01,1728.19
14774,4222,352,1,1453.99,10,104.69,1413.28
14775,4222,59,2,254.99,0,40.8,550.78
14776,4222,401,4,487.99,5,148.35,2002.71
14777,4222,60,3,1245.99,10,269.13,3633.3
14778,4222,18,4,825.99,15,224.67,3033.04
14779,4223,202,2,721.99,5,109.74,1481.52
14780,4223,413,2,1416.99,15,192.71,2601.59
14781,4223,137,2,1014.99,0,162.4,2192.38
14782,4223,316,2,1218.99,5,185.29,2501.37
14783,4224,267,1,1201.99,15,81.74,1103.43
14784,4224,143,3,553.99,5,126.31,1705.18
14785,4224,94,3,827.99,5,188.78,2548.55
14786,4224,176,2,1323.99,5,201.25,2716.83
14787,4224,230,2,875.99,0,140.16,1892.14
14788,4224,95,3,449.99,0,108,1457.97
14789,4225,292,4,907.99,5,276.03,3726.39
14790,4225,102,3,1242.99,5,283.4,3825.92
14791,4225,369,3,1321.99,0,317.28,4283.25
14792,4225,231,1,121.99,5,9.27,125.16
14793,4225,21,2,683.99,10,98.49,1329.67
14794,4225,260,1,301.99,0,24.16,326.15
14795,4226,115,4,548.99,0,175.68,2371.64
14796,4226,365,3,1002.99,10,216.65,2924.72
14797,4226,51,4,246.99,5,75.08,1013.64
14798,4226,64,2,546.99,15,74.39,1004.27
14799,4227,396,3,777.99,0,186.72,2520.69
14800,4227,50,2,1364.99,5,207.48,2800.96
14801,4227,132,1,728.99,15,49.57,669.21
14802,4227,106,1,151.99,0,12.16,164.15
14803,4227,313,4,1158.99,15,315.25,4255.82
14804,4228,169,4,755.99,10,217.73,2939.29
14805,4228,166,3,247.99,5,56.54,763.31
14806,4228,83,1,549.99,5,41.8,564.29
14807,4228,472,2,393.99,5,59.89,808.47
14808,4228,329,1,464.99,10,33.48,451.97
14809,4228,494,4,1384.99,10,398.88,5384.84
14810,4229,363,1,1073.99,10,77.33,1043.92
14811,4229,376,1,121.99,15,8.3,111.99
14812,4230,70,1,453.99,5,34.5,465.79
14813,4231,177,1,1234.99,5,93.86,1267.1
14814,4231,337,2,1160.99,15,157.89,2131.57
14815,4231,444,2,682.99,15,92.89,1253.97
14816,4231,48,1,1148.99,5,87.32,1178.86
14817,4231,344,1,791.99,15,53.86,727.05
14818,4231,141,1,1173.99,15,79.83,1077.72
14819,4232,183,1,56.99,0,4.56,61.55
14820,4233,322,1,291.99,0,23.36,315.35
14821,4233,149,3,1056.99,15,215.63,2910.95
14822,4233,342,2,1071.99,5,162.94,2199.72
14823,4234,374,2,1025.99,10,147.74,1994.52
14824,4234,46,1,941.99,15,64.06,864.75
14825,4234,181,4,332.99,15,90.57,1222.74
14826,4235,364,1,968.99,10,69.77,941.86
14827,4235,319,2,336.99,10,48.53,655.11
14828,4235,408,3,474.99,10,102.6,1385.07
14829,4235,186,4,937.99,10,270.14,3646.9
14830,4235,174,2,688.99,5,104.73,1413.81
14831,4236,472,4,393.99,0,126.08,1702.04
14832,4236,132,2,728.99,5,110.81,1495.89
14833,4236,277,3,422.99,10,91.37,1233.44
14834,4236,325,4,527.99,10,152.06,2052.82
14835,4236,182,1,766.99,10,55.22,745.51
14836,4236,484,2,622.99,0,99.68,1345.66
14837,4237,84,3,186.99,15,38.15,514.97
14838,4237,76,4,1285.99,10,370.37,4999.93
14839,4237,445,1,20.99,0,1.68,22.67
14840,4238,168,4,387.99,15,105.53,1424.7
14841,4238,206,3,1275.99,0,306.24,4134.21
14842,4238,2,1,102.99,10,7.42,100.11
14843,4238,166,2,247.99,5,37.69,508.87
14844,4239,83,3,549.99,15,112.2,1514.67
14845,4239,258,4,277.99,15,75.61,1020.78
14846,4239,141,4,1173.99,10,338.11,4564.47
14847,4239,156,1,1366.99,15,92.96,1254.9
14848,4239,36,2,624.99,10,90,1214.98
14849,4240,66,4,276.99,10,79.77,1076.93
14850,4240,462,1,30.99,10,2.23,30.12
14851,4241,370,3,1201.99,5,274.05,3699.72
14852,4241,96,3,545.99,5,124.49,1680.56
14853,4241,114,3,879.99,10,190.08,2566.05
14854,4241,105,4,1499.99,15,408,5507.97
14855,4241,388,4,1182.99,5,359.63,4854.99
14856,4241,456,1,1330.99,0,106.48,1437.47
14857,4242,57,4,461.99,15,125.66,1696.43
14858,4242,3,3,889.99,10,192.24,2595.21
14859,4243,367,4,419.99,10,120.96,1632.92
14860,4243,11,3,1445.99,0,347.04,4685.01
14861,4244,372,4,364.99,0,116.8,1576.76
14862,4244,172,1,1080.99,15,73.51,992.35
14863,4244,9,2,896.99,0,143.52,1937.5
14864,4244,326,2,879.99,15,119.68,1615.66
14865,4244,106,2,151.99,15,20.67,279.05
14866,4244,321,4,679.99,5,206.72,2790.68
14867,4245,499,1,1078.99,5,82,1107.04
14868,4245,100,1,291.99,0,23.36,315.35
14869,4245,170,2,865.99,10,124.7,1683.48
14870,4245,224,4,462.99,10,133.34,1800.1
14871,4245,274,1,729.99,10,52.56,709.55
14872,4245,190,2,1002.99,15,136.41,1841.49
14873,4246,225,1,861.99,15,58.62,791.31
14874,4246,49,4,124.99,10,36,485.96
14875,4246,446,4,169.99,0,54.4,734.36
14876,4246,66,1,276.99,15,18.84,254.28
14877,4246,207,2,1123.99,10,161.85,2185.03
14878,4246,101,2,1394.99,10,200.88,2711.86
14879,4247,110,3,628.99,15,128.31,1732.23
14880,4248,428,4,160.99,10,46.37,625.93
14881,4248,247,3,1255.99,10,271.29,3662.46
14882,4248,129,4,251.99,15,68.54,925.31
14883,4249,9,1,896.99,0,71.76,968.75
14884,4249,499,3,1078.99,10,233.06,3146.33
14885,4249,77,4,453.99,10,130.75,1765.11
14886,4250,11,4,1445.99,10,416.45,5622.01
14887,4251,274,4,729.99,15,198.56,2680.53
14888,4251,383,2,888.99,10,128.01,1728.19
14889,4252,432,3,423.99,10,91.58,1236.35
14890,4252,356,3,328.99,15,67.11,906.03
14891,4252,359,3,147.99,0,35.52,479.49
14892,4252,287,1,549.99,10,39.6,534.59
14893,4252,488,2,732.99,5,111.41,1504.09
14894,4253,469,1,489.99,0,39.2,529.19
14895,4253,479,4,1129.99,10,325.44,4393.4
14896,4253,178,3,1071.99,10,231.55,3125.92
14897,4254,466,3,796.99,5,181.71,2453.13
14898,4254,255,2,677.99,15,92.21,1244.79
14899,4254,416,1,444.99,15,30.26,408.5
14900,4254,361,2,531.99,15,72.35,976.73
14901,4254,297,4,1086.99,5,330.44,4461
14902,4254,84,4,186.99,15,50.86,686.63
14903,4255,144,2,260.99,15,35.49,479.17
14904,4255,111,4,282.99,10,81.5,1100.26
14905,4255,481,3,413.99,10,89.42,1207.19
14906,4255,393,3,363.99,5,82.99,1120.36
14907,4255,210,4,919.99,5,279.68,3775.64
14908,4255,365,3,1002.99,15,204.61,2762.23
14909,4256,360,2,407.99,10,58.75,793.13
14910,4256,128,2,987.99,10,142.27,1920.65
14911,4257,388,1,1182.99,10,85.18,1149.87
14912,4257,450,4,670.99,0,214.72,2898.68
14913,4258,111,2,282.99,10,40.75,550.13
14914,4258,453,1,351.99,15,23.94,323.13
14915,4258,243,3,1487.99,5,339.26,4580.03
14916,4258,46,2,941.99,10,135.65,1831.23
14917,4259,469,3,489.99,0,117.6,1587.57
14918,4259,135,3,933.99,5,212.95,2874.82
14919,4259,310,2,1363.99,15,185.5,2504.28
14920,4259,234,3,405.99,10,87.69,1183.86
14921,4259,273,3,1167.99,15,238.27,3216.64
14922,4260,431,4,124.99,5,38,512.96
14923,4260,494,1,1384.99,15,94.18,1271.42
14924,4260,287,2,549.99,5,83.6,1128.58
14925,4260,290,2,963.99,0,154.24,2082.22
14926,4261,30,4,307.99,10,88.7,1197.46
14927,4261,398,1,512.99,5,38.99,526.33
14928,4261,173,3,682.99,10,147.53,1991.6
14929,4262,444,1,682.99,0,54.64,737.63
14930,4263,318,1,300.99,0,24.08,325.07
14931,4263,405,1,33.99,10,2.45,33.04
14932,4263,390,3,33.99,10,7.34,99.11
14933,4263,270,4,213.99,0,68.48,924.44
14934,4264,18,2,825.99,5,125.55,1694.93
14935,4264,222,2,1259.99,0,201.6,2721.58
14936,4264,108,3,1184.99,15,241.74,3263.46
14937,4264,362,1,285.99,15,19.45,262.54
14938,4264,195,1,420.99,0,33.68,454.67
14939,4265,220,2,620.99,0,99.36,1341.34
14940,4265,83,4,549.99,5,167.2,2257.16
14941,4265,342,1,1071.99,5,81.47,1099.86
14942,4266,213,3,700.99,5,159.83,2157.65
14943,4266,402,1,723.99,5,55.02,742.81
14944,4266,498,4,525.99,5,159.9,2158.66
14945,4267,484,2,622.99,15,84.73,1143.81
14946,4268,494,2,1384.99,10,199.44,2692.42
14947,4268,260,1,301.99,15,20.54,277.23
14948,4268,124,3,388.99,5,88.69,1197.31
14949,4268,208,4,1001.99,15,272.54,3679.31
14950,4268,65,2,72.99,10,10.51,141.89
14951,4268,487,2,417.99,10,60.19,812.57
14952,4269,376,3,121.99,5,27.81,375.48
14953,4270,13,4,241.99,5,73.56,993.12
14954,4270,346,3,406.99,5,92.79,1252.71
14955,4270,421,1,1020.99,5,77.6,1047.54
14956,4270,490,3,968.99,5,220.93,2982.55
14957,4270,403,3,760.99,0,182.64,2465.61
14958,4271,362,4,285.99,10,82.37,1111.93
14959,4271,424,4,823.99,10,237.31,3203.67
14960,4271,436,1,541.99,5,41.19,556.08
14961,4271,146,2,26.99,5,4.1,55.38
14962,4272,63,2,1206.99,5,183.46,2476.74
14963,4273,418,2,445.99,10,64.22,867
14964,4273,115,4,548.99,10,158.11,2134.47
14965,4273,153,1,850.99,5,64.68,873.12
14966,4273,368,4,1159.99,5,352.64,4760.6
14967,4273,76,1,1285.99,10,92.59,1249.98
14968,4274,47,2,498.99,5,75.85,1023.93
14969,4274,480,4,833.99,5,253.53,3422.69
14970,4275,167,3,715.99,5,163.25,2203.82
14971,4275,151,4,683.99,5,207.93,2807.09
14972,4275,207,4,1123.99,15,305.73,4127.3
14973,4275,301,1,517.99,5,39.37,531.46
14974,4275,423,1,1494.99,15,101.66,1372.4
14975,4275,418,3,445.99,15,90.98,1228.25
14976,4276,227,3,1337.99,5,305.06,4118.33
14977,4276,16,3,809.99,5,184.68,2493.15
14978,4276,107,1,384.99,0,30.8,415.79
14979,4276,481,1,413.99,5,31.46,424.75
14980,4276,53,1,766.99,5,58.29,786.93
14981,4276,301,4,517.99,5,157.47,2125.83
14982,4277,468,4,757.99,0,242.56,3274.52
14983,4277,222,3,1259.99,0,302.4,4082.37
14984,4277,411,3,1232.99,5,281.12,3795.14
14985,4278,282,1,427.99,0,34.24,462.23
14986,4279,139,3,1205.99,10,260.49,3516.66
14987,4279,336,1,743.99,10,53.57,723.16
14988,4279,185,2,252.99,0,40.48,546.46
14989,4280,278,2,714.99,10,102.96,1389.94
14990,4280,232,2,1001.99,0,160.32,2164.3
14991,4280,399,1,94.99,0,7.6,102.59
14992,4280,363,4,1073.99,10,309.31,4175.67
14993,4281,340,3,1235.99,0,296.64,4004.61
14994,4281,382,3,88.99,15,18.15,245.07
14995,4281,407,2,160.99,5,24.47,330.35
14996,4281,224,2,462.99,10,66.67,900.05
14997,4281,23,1,347.99,15,23.66,319.45
14998,4281,193,2,973.99,10,140.25,1893.43
14999,4282,235,1,1232.99,10,88.78,1198.47
15000,4282,236,3,1306.99,5,297.99,4022.91
15001,4283,414,2,1426.99,15,194.07,2619.95
15002,4283,68,4,230.99,0,73.92,997.88
15003,4283,255,4,677.99,10,195.26,2636.02
15004,4283,24,4,371.99,10,107.13,1446.29
15005,4284,399,4,94.99,0,30.4,410.36
15006,4284,273,2,1167.99,10,168.19,2270.57
15007,4284,201,3,501.99,0,120.48,1626.45
15008,4284,430,1,421.99,0,33.76,455.75
15009,4284,323,1,599.99,0,48,647.99
15010,4284,206,2,1275.99,5,193.95,2618.33
15011,4285,255,1,677.99,10,48.82,659.01
15012,4285,196,4,347.99,10,100.22,1352.98
15013,4285,448,1,420.99,15,28.63,386.47
15014,4286,302,4,1319.99,10,380.16,5132.12
15015,4286,46,3,941.99,5,214.77,2899.44
15016,4286,294,2,184.99,15,25.16,339.64
15017,4286,134,1,290.99,10,20.95,282.84
15018,4287,96,4,545.99,5,165.98,2240.74
15019,4287,401,1,487.99,0,39.04,527.03
15020,4287,428,4,160.99,0,51.52,695.48
15021,4288,491,4,891.99,5,271.16,3660.72
15022,4288,235,4,1232.99,10,355.1,4793.86
15023,4288,103,3,310.99,0,74.64,1007.61
15024,4288,90,3,825.99,5,188.33,2542.4
15025,4288,213,1,700.99,0,56.08,757.07
15026,4289,415,4,1290.99,0,413.12,5577.08
15027,4289,221,3,1084.99,10,234.36,3163.83
15028,4289,449,1,634.99,15,43.18,582.92
15029,4289,187,2,1184.99,15,161.16,2175.64
15030,4289,310,4,1363.99,15,371.01,5008.58
15031,4289,57,2,461.99,5,70.22,948
15032,4290,22,3,1226.99,10,265.03,3577.9
15033,4290,212,3,893.99,15,182.37,2462.04
15034,4291,51,3,246.99,15,50.39,680.21
15035,4292,144,2,260.99,0,41.76,563.74
15036,4292,388,2,1182.99,15,160.89,2171.97
15037,4292,403,2,760.99,0,121.76,1643.74
15038,4292,295,1,1309.99,5,99.56,1344.05
15039,4292,426,3,887.99,15,181.15,2445.52
15040,4293,69,4,998.99,10,287.71,3884.07
15041,4293,302,2,1319.99,15,179.52,2423.5
15042,4293,30,1,307.99,5,23.41,316
15043,4293,202,4,721.99,15,196.38,2651.15
15044,4293,47,4,498.99,0,159.68,2155.64
15045,4293,52,1,449.99,5,34.2,461.69
15046,4294,75,4,927.99,0,296.96,4008.92
15047,4294,258,4,277.99,15,75.61,1020.78
15048,4294,198,4,1083.99,10,312.19,4214.55
15049,4294,281,3,1147.99,10,247.97,3347.54
15050,4294,91,2,1053.99,15,143.34,1935.12
15051,4295,98,2,1194.99,0,191.2,2581.18
15052,4295,232,2,1001.99,0,160.32,2164.3
15053,4295,7,2,814.99,15,110.84,1496.32
15054,4295,305,3,1235.99,0,296.64,4004.61
15055,4295,180,1,656.99,5,49.93,674.07
15056,4295,15,1,1374.99,0,110,1484.99
15057,4296,53,2,766.99,0,122.72,1656.7
15058,4296,285,2,936.99,15,127.43,1720.31
15059,4297,272,1,425.99,5,32.38,437.07
15060,4297,449,2,634.99,5,96.52,1303
15061,4298,280,4,1103.99,15,300.29,4053.86
15062,4298,153,1,850.99,10,61.27,827.16
15063,4299,33,2,1048.99,10,151.05,2039.23
15064,4299,86,4,113.99,0,36.48,492.44
15065,4300,489,3,800.99,5,182.63,2465.45
15066,4300,189,3,612.99,5,139.76,1886.78
15067,4300,145,3,864.99,10,186.84,2522.31
15068,4300,80,3,811.99,0,194.88,2630.85
15069,4300,166,2,247.99,10,35.71,482.09
15070,4300,244,4,42.99,10,12.38,167.14
15071,4301,175,1,667.99,10,48.1,649.29
15072,4301,362,3,285.99,5,65.21,880.28
15073,4301,86,3,113.99,10,24.62,332.39
15074,4301,189,2,612.99,5,93.17,1257.85
15075,4302,91,1,1053.99,15,71.67,967.56
15076,4302,105,4,1499.99,10,432,5831.96
15077,4302,197,2,659.99,5,100.32,1354.3
15078,4302,462,1,30.99,10,2.23,30.12
15079,4302,230,1,875.99,10,63.07,851.46
15080,4302,240,1,1188.99,15,80.85,1091.49
15081,4303,154,1,156.99,10,11.3,152.59
15082,4304,190,4,1002.99,10,288.86,3899.62
15083,4304,14,2,1137.99,0,182.08,2458.06
15084,4304,313,1,1158.99,15,78.81,1063.95
15085,4305,4,3,935.99,10,202.17,2729.34
15086,4305,253,3,978.99,10,211.46,2854.73
15087,4305,431,1,124.99,0,10,134.99
15088,4305,361,2,531.99,0,85.12,1149.1
15089,4306,143,3,553.99,5,126.31,1705.18
15090,4306,255,3,677.99,0,162.72,2196.69
15091,4307,339,1,200.99,5,15.28,206.22
15092,4307,65,2,72.99,15,9.93,134.01
15093,4307,414,2,1426.99,5,216.9,2928.18
15094,4307,377,1,808.99,0,64.72,873.71
15095,4308,75,2,927.99,15,126.21,1703.79
15096,4309,363,3,1073.99,0,257.76,3479.73
15097,4309,473,3,1377.99,10,297.65,4018.22
15098,4310,256,2,395.99,0,63.36,855.34
15099,4310,18,2,825.99,15,112.33,1516.51
15100,4310,463,2,1279.99,0,204.8,2764.78
15101,4311,477,1,1192.99,0,95.44,1288.43
15102,4311,295,3,1309.99,0,314.4,4244.37
15103,4311,394,1,198.99,5,15.12,204.16
15104,4311,442,2,799.99,0,128,1727.98
15105,4311,382,3,88.99,0,21.36,288.33
15106,4312,349,2,29.99,0,4.8,64.78
15107,4312,127,1,1200.99,5,91.28,1232.22
15108,4312,343,4,758.99,5,230.73,3114.89
15109,4313,29,3,573.99,5,130.87,1766.74
15110,4314,401,1,487.99,5,37.09,500.68
15111,4314,165,4,1057.99,10,304.7,4113.46
15112,4314,345,3,1180.99,15,240.92,3252.44
15113,4314,37,2,303.99,15,41.34,558.12
15114,4315,275,1,329.99,0,26.4,356.39
15115,4315,256,1,395.99,10,28.51,384.9
15116,4316,128,1,987.99,0,79.04,1067.03
15117,4316,468,3,757.99,5,172.82,2333.09
15118,4316,120,3,1301.99,5,296.85,4007.52
15119,4316,49,3,124.99,0,30,404.97
15120,4316,251,1,134.99,5,10.26,138.5
15121,4316,13,1,241.99,5,18.39,248.28
15122,4317,417,2,897.99,0,143.68,1939.66
15123,4318,193,4,973.99,15,264.93,3576.5
15124,4319,14,2,1137.99,15,154.77,2089.35
15125,4319,433,3,834.99,5,190.38,2570.1
15126,4319,329,2,464.99,0,74.4,1004.38
15127,4319,175,3,667.99,15,136.27,1839.64
15128,4319,119,2,975.99,0,156.16,2108.14
15129,4319,413,2,1416.99,10,204.05,2754.63
15130,4320,164,4,135.99,15,36.99,499.36
15131,4320,318,4,300.99,10,86.69,1170.25
15132,4320,232,2,1001.99,0,160.32,2164.3
15133,4320,497,1,681.99,0,54.56,736.55
15134,4321,160,1,1272.99,15,86.56,1168.6
15135,4321,315,4,852.99,15,232.01,3132.18
15136,4322,4,4,935.99,5,284.54,3841.3
15137,4322,324,1,135.99,15,9.25,124.84
15138,4322,63,3,1206.99,15,246.23,3324.05
15139,4322,242,1,1500.99,15,102.07,1377.91
15140,4322,142,4,614.99,0,196.8,2656.76
15141,4323,457,2,929.99,10,133.92,1807.9
15142,4323,119,1,975.99,15,66.37,895.96
15143,4323,330,1,791.99,10,57.02,769.81
15144,4323,299,1,71.99,15,4.9,66.09
15145,4323,396,3,777.99,10,168.05,2268.62
15146,4323,39,4,1415.99,15,385.15,5199.52
15147,4324,412,2,1121.99,5,170.54,2302.32
15148,4325,372,4,364.99,15,99.28,1340.25
15149,4325,444,1,682.99,15,46.44,626.98
15150,4325,490,3,968.99,5,220.93,2982.55
15151,4325,201,3,501.99,10,108.43,1463.8
15152,4326,455,1,1465.99,5,111.42,1504.11
15153,4326,466,4,796.99,10,229.53,3098.69
15154,4326,152,4,47.99,0,15.36,207.32
15155,4326,158,1,1369.99,0,109.6,1479.59
15156,4326,444,4,682.99,10,196.7,2655.46
15157,4327,141,4,1173.99,5,356.89,4818.05
15158,4327,16,1,809.99,15,55.08,743.57
15159,4327,55,1,856.99,0,68.56,925.55
15160,4327,342,3,1071.99,0,257.28,3473.25
15161,4328,202,1,721.99,0,57.76,779.75
15162,4328,20,4,632.99,10,182.3,2461.06
15163,4329,110,3,628.99,15,128.31,1732.23
15164,4329,237,4,1263.99,10,364.03,4914.39
15165,4329,454,4,499.99,0,160,2159.96
15166,4330,453,1,351.99,10,25.34,342.13
15167,4330,250,2,314.99,5,47.88,646.36
15168,4330,478,2,296.99,0,47.52,641.5
15169,4331,114,4,879.99,0,281.6,3801.56
15170,4332,159,1,229.99,5,17.48,235.97
15171,4332,433,4,834.99,5,253.84,3426.8
15172,4332,146,4,26.99,5,8.2,110.76
15173,4332,40,4,506.99,0,162.24,2190.2
15174,4332,125,4,1036.99,15,282.06,3807.83
15175,4333,142,1,614.99,10,44.28,597.77
15176,4333,400,3,1305.99,15,266.42,3596.69
15177,4334,442,3,799.99,0,192,2591.97
15178,4334,128,2,987.99,5,150.17,2027.35
15179,4334,368,3,1159.99,10,250.56,3382.53
15180,4335,279,4,814.99,0,260.8,3520.76
15181,4335,31,2,542.99,5,82.53,1114.21
15182,4335,318,2,300.99,5,45.75,617.63
15183,4335,193,4,973.99,10,280.51,3786.87
15184,4336,136,2,182.99,0,29.28,395.26
15185,4336,27,3,788.99,15,160.95,2172.87
15186,4336,91,4,1053.99,15,286.69,3870.26
15187,4336,141,3,1173.99,0,281.76,3803.73
15188,4336,325,1,527.99,10,38.02,513.21
15189,4337,60,1,1245.99,0,99.68,1345.67
15190,4337,374,2,1025.99,10,147.74,1994.52
15191,4337,69,3,998.99,0,239.76,3236.73
15192,4337,213,1,700.99,0,56.08,757.07
15193,4338,166,1,247.99,10,17.86,241.05
15194,4338,418,1,445.99,10,32.11,433.5
15195,4338,307,3,1360.99,15,277.64,3748.16
15196,4338,297,1,1086.99,15,73.92,997.86
15197,4338,423,2,1494.99,10,215.28,2906.26
15198,4339,107,4,384.99,0,123.2,1663.16
15199,4339,488,3,732.99,0,175.92,2374.89
15200,4340,9,1,896.99,0,71.76,968.75
15201,4340,81,2,1111.99,0,177.92,2401.9
15202,4340,332,4,1276.99,0,408.64,5516.6
15203,4340,91,1,1053.99,5,80.1,1081.39
15204,4340,230,4,875.99,10,252.29,3405.85
15205,4340,236,4,1306.99,15,355.5,4799.27
15206,4341,246,3,1215.99,10,262.65,3545.82
15207,4341,35,2,1193.99,0,191.04,2579.02
15208,4341,334,2,597.99,15,81.33,1097.91
15209,4341,420,4,653.99,0,209.28,2825.24
15210,4341,261,4,718.99,5,218.57,2950.73
15211,4342,100,1,291.99,5,22.19,299.58
15212,4342,140,2,1240.99,5,188.63,2546.51
15213,4342,38,4,385.99,5,117.34,1584.1
15214,4342,416,4,444.99,15,121.04,1634.01
15215,4343,232,4,1001.99,0,320.64,4328.6
15216,4343,411,1,1232.99,0,98.64,1331.63
15217,4344,68,1,230.99,5,17.56,237
15218,4345,70,2,453.99,10,65.37,882.55
15219,4345,223,1,526.99,0,42.16,569.15
15220,4345,4,1,935.99,0,74.88,1010.87
15221,4345,20,1,632.99,10,45.58,615.27
15222,4345,133,1,514.99,10,37.08,500.57
15223,4346,460,4,1118.99,0,358.08,4834.04
15224,4347,58,3,1408.99,5,321.25,4336.87
15225,4347,197,4,659.99,15,179.52,2423.49
15226,4347,341,3,558.99,15,114.03,1539.45
15227,4347,55,4,856.99,15,233.1,3146.87
15228,4347,457,4,929.99,0,297.6,4017.56
15229,4347,120,2,1301.99,5,197.9,2671.68
15230,4348,500,2,835.99,0,133.76,1805.74
15231,4348,29,2,573.99,0,91.84,1239.82
15232,4348,178,4,1071.99,5,325.88,4399.44
15233,4348,402,3,723.99,0,173.76,2345.73
15234,4348,337,4,1160.99,10,334.37,4513.93
15235,4348,226,2,278.99,0,44.64,602.62
15236,4349,94,2,827.99,15,112.61,1520.19
15237,4349,141,3,1173.99,0,281.76,3803.73
15238,4349,81,2,1111.99,15,151.23,2041.61
15239,4349,159,2,229.99,0,36.8,496.78
15240,4349,352,1,1453.99,10,104.69,1413.28
15241,4349,39,4,1415.99,5,430.46,5811.22
15242,4350,193,1,973.99,0,77.92,1051.91
15243,4350,358,1,94.99,10,6.84,92.33
15244,4350,496,1,484.99,15,32.98,445.22
15245,4350,147,4,22.99,15,6.25,84.42
15246,4351,35,1,1193.99,0,95.52,1289.51
15247,4351,431,2,124.99,5,19,256.48
15248,4351,2,4,102.99,0,32.96,444.92
15249,4351,410,3,169.99,10,36.72,495.69
15250,4351,132,4,728.99,5,221.61,2991.77
15251,4352,236,4,1306.99,10,376.41,5081.57
15252,4352,490,2,968.99,10,139.53,1883.71
15253,4352,344,3,791.99,10,171.07,2309.44
15254,4352,112,1,652.99,15,44.4,599.44
15255,4352,147,4,22.99,5,6.99,94.35
15256,4353,270,4,213.99,0,68.48,924.44
15257,4353,302,4,1319.99,5,401.28,5417.24
15258,4354,23,2,347.99,0,55.68,751.66
15259,4354,96,1,545.99,0,43.68,589.67
15260,4354,154,1,156.99,0,12.56,169.55
15261,4354,101,3,1394.99,5,318.06,4293.78
15262,4354,434,4,1392.99,5,423.47,5716.83
15263,4354,122,4,1350.99,5,410.7,5544.46
15264,4355,360,4,407.99,5,124.03,1674.39
15265,4355,241,3,753.99,15,153.81,2076.48
15266,4355,340,4,1235.99,0,395.52,5339.48
15267,4355,364,3,968.99,5,220.93,2982.55
15268,4356,297,2,1086.99,10,156.53,2113.11
15269,4356,194,3,1138.99,15,232.35,3136.77
15270,4356,157,1,33.99,15,2.31,31.2
15271,4357,380,4,1349.99,0,432,5831.96
15272,4357,493,2,451.99,0,72.32,976.3
15273,4357,89,4,794.99,5,241.68,3262.64
15274,4357,233,3,133.99,5,30.55,412.42
15275,4357,442,4,799.99,15,217.6,2937.57
15276,4357,47,2,498.99,5,75.85,1023.93
15277,4358,305,4,1235.99,15,336.19,4538.56
15278,4358,430,2,421.99,0,67.52,911.5
15279,4358,41,2,549.99,15,74.8,1009.78
15280,4358,115,4,548.99,0,175.68,2371.64
15281,4359,350,1,1204.99,10,86.76,1171.25
15282,4359,334,1,597.99,5,45.45,613.54
15283,4359,387,2,947.99,5,144.09,1945.27
15284,4360,321,3,679.99,5,155.04,2093.01
15285,4360,200,2,330.99,0,52.96,714.94
15286,4360,176,2,1323.99,10,190.65,2573.83
15287,4361,107,3,384.99,0,92.4,1247.37
15288,4361,66,4,276.99,10,79.77,1076.93
15289,4361,166,2,247.99,15,33.73,455.31
15290,4362,43,2,423.99,10,61.05,824.23
15291,4362,361,3,531.99,10,114.91,1551.28
15292,4362,472,1,393.99,0,31.52,425.51
15293,4362,309,2,103.99,15,14.14,190.92
15294,4363,333,3,1238.99,10,267.62,3612.89
15295,4363,180,2,656.99,15,89.35,1206.23
15296,4364,428,3,160.99,15,32.84,443.36
15297,4364,293,3,1158.99,15,236.43,3191.85
15298,4364,103,4,310.99,15,84.59,1141.96
15299,4364,362,4,285.99,0,91.52,1235.48
15300,4365,383,3,888.99,5,202.69,2736.31
15301,4365,120,1,1301.99,5,98.95,1335.84
15302,4365,161,1,1385.99,10,99.79,1347.18
15303,4366,483,4,897.99,0,287.36,3879.32
15304,4366,296,1,52.99,10,3.82,51.51
15305,4367,173,2,682.99,10,98.35,1327.73
15306,4367,168,4,387.99,5,117.95,1592.31
15307,4367,316,2,1218.99,15,165.78,2238.06
15308,4368,93,2,498.99,0,79.84,1077.82
15309,4368,308,1,1135.99,10,81.79,1104.18
15310,4368,395,2,1497.99,15,203.73,2750.31
15311,4368,360,2,407.99,10,58.75,793.13
15312,4368,167,3,715.99,5,163.25,2203.82
15313,4369,405,1,33.99,0,2.72,36.71
15314,4369,275,2,329.99,0,52.8,712.78
15315,4369,429,4,940.99,10,271.01,3658.57
15316,4370,224,4,462.99,5,140.75,1900.11
15317,4370,59,2,254.99,5,38.76,523.24
15318,4370,214,4,423.99,15,115.33,1556.9
15319,4370,433,1,834.99,0,66.8,901.79
15320,4370,269,4,794.99,15,216.24,2919.21
15321,4371,130,3,1187.99,15,242.35,3271.72
15322,4371,267,1,1201.99,10,86.54,1168.33
15323,4371,262,2,140.99,15,19.17,258.85
15324,4371,373,1,1329.99,15,90.44,1220.93
15325,4371,193,4,973.99,5,296.09,3997.25
15326,4372,133,3,514.99,15,105.06,1418.28
15327,4372,262,4,140.99,5,42.86,578.62
15328,4372,143,4,553.99,5,168.41,2273.57
15329,4373,412,1,1121.99,0,89.76,1211.75
15330,4373,83,4,549.99,10,158.4,2138.36
15331,4373,47,2,498.99,10,71.85,970.03
15332,4374,423,4,1494.99,15,406.64,5489.61
15333,4374,77,2,453.99,0,72.64,980.62
15334,4375,300,3,991.99,15,202.37,2731.94
15335,4376,50,2,1364.99,0,218.4,2948.38
15336,4376,320,1,1027.99,10,74.02,999.21
15337,4376,312,1,522.99,15,35.56,480.1
15338,4377,3,4,889.99,5,270.56,3652.52
15339,4378,445,2,20.99,10,3.02,40.8
15340,4378,85,2,978.99,5,148.81,2008.89
15341,4378,249,4,462.99,15,125.93,1700.1
15342,4378,405,2,33.99,10,4.89,66.07
15343,4378,215,2,686.99,5,104.42,1409.7
15344,4379,47,1,498.99,5,37.92,511.96
15345,4379,462,4,30.99,15,8.43,113.8
15346,4379,444,4,682.99,5,207.63,2802.99
15347,4379,189,1,612.99,0,49.04,662.03
15348,4379,482,2,774.99,10,111.6,1506.58
15349,4379,153,4,850.99,10,245.09,3308.65
15350,4380,392,2,691.99,15,94.11,1270.49
15351,4380,84,1,186.99,15,12.72,171.66
15352,4380,182,1,766.99,15,52.16,704.1
15353,4381,222,4,1259.99,15,342.72,4626.69
15354,4381,110,1,628.99,5,47.8,645.34
15355,4381,186,1,937.99,10,67.54,911.73
15356,4382,126,4,1486.99,10,428.25,5781.41
15357,4382,227,4,1337.99,15,363.93,4913.1
15358,4382,169,1,755.99,0,60.48,816.47
15359,4382,124,2,388.99,0,62.24,840.22
15360,4382,173,4,682.99,0,218.56,2950.52
15361,4382,195,4,420.99,0,134.72,1818.68
15362,4383,269,1,794.99,5,60.42,815.66
15363,4383,467,3,827.99,5,188.78,2548.55
15364,4383,247,3,1255.99,10,271.29,3662.46
15365,4383,9,1,896.99,0,71.76,968.75
15366,4384,136,4,182.99,15,49.77,671.94
15367,4384,440,1,637.99,10,45.94,620.13
15368,4384,326,2,879.99,15,119.68,1615.66
15369,4385,365,2,1002.99,0,160.48,2166.46
15370,4385,381,3,1077.99,0,258.72,3492.69
15371,4385,352,1,1453.99,0,116.32,1570.31
15372,4385,195,3,420.99,15,85.88,1159.4
15373,4385,398,2,512.99,0,82.08,1108.06
15374,4386,260,1,301.99,15,20.54,277.23
15375,4386,333,1,1238.99,0,99.12,1338.11
15376,4386,201,4,501.99,0,160.64,2168.6
15377,4386,468,1,757.99,0,60.64,818.63
15378,4386,451,3,1029.99,5,234.84,3170.31
15379,4387,406,3,1125.99,10,243.21,3283.38
15380,4387,191,3,676.99,15,138.11,1864.43
15381,4388,301,3,517.99,15,105.67,1426.54
15382,4388,228,1,836.99,15,56.92,768.36
15383,4388,160,4,1272.99,0,407.36,5499.32
15384,4388,230,4,875.99,10,252.29,3405.85
15385,4388,278,4,714.99,0,228.8,3088.76
15386,4389,145,3,864.99,0,207.6,2802.57
15387,4389,389,1,1452.99,10,104.62,1412.31
15388,4390,437,2,257.99,5,39.21,529.39
15389,4390,268,1,1229.99,15,83.64,1129.13
15390,4391,5,2,1162.99,5,176.77,2386.45
15391,4391,280,4,1103.99,5,335.61,4530.77
15392,4391,385,2,1224.99,10,176.4,2381.38
15393,4391,440,1,637.99,0,51.04,689.03
15394,4391,433,4,834.99,5,253.84,3426.8
15395,4391,251,2,134.99,15,18.36,247.84
15396,4392,203,3,992.99,10,214.49,2895.56
15397,4393,105,3,1499.99,5,342,4616.97
15398,4393,236,1,1306.99,5,99.33,1340.97
15399,4394,110,2,628.99,5,95.61,1290.69
15400,4394,54,1,685.99,5,52.14,703.83
15401,4394,38,1,385.99,0,30.88,416.87
15402,4394,415,1,1290.99,10,92.95,1254.84
15403,4395,459,1,868.99,5,66.04,891.58
15404,4396,169,1,755.99,5,57.46,775.65
15405,4396,472,4,393.99,0,126.08,1702.04
15406,4396,38,3,385.99,10,83.37,1125.54
15407,4396,368,2,1159.99,5,176.32,2380.3
15408,4397,266,3,232.99,5,53.12,717.14
15409,4397,26,2,270.99,10,39.02,526.8
15410,4397,445,3,20.99,0,5.04,68.01
15411,4397,403,1,760.99,0,60.88,821.87
15412,4397,276,4,293.99,10,84.67,1143.03
15413,4397,17,4,517.99,5,157.47,2125.83
15414,4398,439,4,168.99,5,51.37,693.53
15415,4398,16,3,809.99,15,165.24,2230.71
15416,4398,273,3,1167.99,0,280.32,3784.29
15417,4398,466,4,796.99,0,255.04,3443
15418,4398,244,4,42.99,5,13.07,176.43
15419,4399,155,3,635.99,0,152.64,2060.61
15420,4400,108,2,1184.99,10,170.64,2303.62
15421,4401,136,2,182.99,5,27.81,375.49
15422,4401,15,1,1374.99,10,99,1336.49
15423,4401,20,3,632.99,10,136.73,1845.8
15424,4401,86,4,113.99,5,34.65,467.81
15425,4401,357,4,481.99,5,146.52,1978.08
15426,4402,309,4,103.99,0,33.28,449.24
15427,4403,215,1,686.99,5,52.21,704.85
15428,4403,477,3,1192.99,0,286.32,3865.29
15429,4403,433,3,834.99,15,170.34,2299.56
15430,4403,263,2,787.99,0,126.08,1702.06
15431,4403,194,1,1138.99,5,86.56,1168.6
15432,4404,149,2,1056.99,15,143.75,1940.63
15433,4404,493,4,451.99,10,130.17,1757.33
15434,4404,462,3,30.99,5,7.07,95.39
15435,4404,280,2,1103.99,5,167.81,2265.39
15436,4404,380,4,1349.99,10,388.8,5248.76
15437,4404,369,3,1321.99,15,269.69,3640.76
15438,4405,475,2,1263.99,15,171.9,2320.68
15439,4405,159,3,229.99,15,46.92,633.39
15440,4405,145,3,864.99,10,186.84,2522.31
15441,4405,463,2,1279.99,0,204.8,2764.78
15442,4405,363,3,1073.99,5,244.87,3305.74
15443,4405,94,1,827.99,15,56.3,760.09
15444,4406,204,2,1355.99,0,216.96,2928.94
15445,4407,121,1,318.99,15,21.69,292.83
15446,4407,398,4,512.99,0,164.16,2216.12
15447,4407,188,2,1278.99,5,194.41,2624.49
15448,4407,413,4,1416.99,15,385.42,5203.19
15449,4407,277,2,422.99,5,64.29,867.97
15450,4407,498,1,525.99,5,39.98,539.67
15451,4408,414,2,1426.99,0,228.32,3082.3
15452,4409,161,2,1385.99,5,210.67,2844.05
15453,4409,111,4,282.99,15,76.97,1039.14
15454,4410,483,3,897.99,10,193.97,2618.54
15455,4410,361,1,531.99,0,42.56,574.55
15456,4411,180,2,656.99,15,89.35,1206.23
15457,4412,307,4,1360.99,5,413.74,5585.5
15458,4412,148,1,705.99,0,56.48,762.47
15459,4412,165,1,1057.99,0,84.64,1142.63
15460,4413,379,4,571.99,10,164.73,2223.89
15461,4413,56,4,425.99,15,115.87,1564.24
15462,4413,186,1,937.99,0,75.04,1013.03
15463,4413,419,4,351.99,15,95.74,1292.51
15464,4414,59,1,254.99,15,17.34,234.08
15465,4414,50,1,1364.99,5,103.74,1400.48
15466,4414,349,2,29.99,5,4.56,61.54
15467,4414,406,4,1125.99,5,342.3,4621.06
15468,4414,238,2,280.99,10,40.46,546.24
15469,4415,173,2,682.99,15,92.89,1253.97
15470,4415,123,2,271.99,10,39.17,528.75
15471,4415,32,3,471.99,0,113.28,1529.25
15472,4415,24,2,371.99,0,59.52,803.5
15473,4415,285,4,936.99,0,299.84,4047.8
15474,4415,56,3,425.99,10,92.01,1242.18
15475,4416,206,3,1275.99,15,260.3,3514.07
15476,4416,272,2,425.99,10,61.34,828.12
15477,4417,395,3,1497.99,5,341.54,4610.81
15478,4418,194,1,1138.99,10,82.01,1107.1
15479,4418,31,1,542.99,15,36.92,498.46
15480,4418,32,3,471.99,0,113.28,1529.25
15481,4418,73,3,1030.99,5,235.07,3173.39
15482,4419,34,1,67.99,5,5.17,69.76
15483,4419,187,2,1184.99,0,189.6,2559.58
15484,4419,198,1,1083.99,15,73.71,995.1
15485,4419,445,2,20.99,0,3.36,45.34
15486,4420,280,2,1103.99,10,158.97,2146.15
15487,4420,332,1,1276.99,10,91.94,1241.23
15488,4421,203,2,992.99,15,135.05,1823.13
15489,4422,14,1,1137.99,15,77.38,1044.67
15490,4422,25,4,109.99,0,35.2,475.16
15491,4422,393,3,363.99,10,78.62,1061.39
15492,4423,16,3,809.99,5,184.68,2493.15
15493,4423,170,4,865.99,15,235.55,3179.92
15494,4424,180,1,656.99,10,47.3,638.59
15495,4424,79,4,1262.99,10,363.74,4910.5
15496,4424,367,4,419.99,10,120.96,1632.92
15497,4424,356,3,328.99,10,71.06,959.33
15498,4425,432,2,423.99,10,61.05,824.23
15499,4425,228,2,836.99,10,120.53,1627.11
15500,4425,54,4,685.99,10,197.57,2667.13
15501,4425,305,1,1235.99,10,88.99,1201.38
15502,4425,379,1,571.99,5,43.47,586.86
15503,4426,82,3,807.99,15,164.83,2225.2
15504,4426,396,4,777.99,0,248.96,3360.92
15505,4426,189,4,612.99,5,186.35,2515.71
15506,4426,247,2,1255.99,0,200.96,2712.94
15507,4427,59,1,254.99,0,20.4,275.39
15508,4427,449,1,634.99,0,50.8,685.79
15509,4427,149,1,1056.99,5,80.33,1084.47
15510,4427,187,2,1184.99,0,189.6,2559.58
15511,4427,116,2,1096.99,0,175.52,2369.5
15512,4428,341,1,558.99,5,42.48,573.52
15513,4428,399,4,94.99,5,28.88,389.84
15514,4428,300,1,991.99,10,71.42,964.21
15515,4428,301,2,517.99,15,70.45,951.03
15516,4428,148,4,705.99,5,214.62,2897.38
15517,4428,349,1,29.99,0,2.4,32.39
15518,4429,365,2,1002.99,5,152.45,2058.13
15519,4429,496,1,484.99,0,38.8,523.79
15520,4429,97,2,432.99,15,58.89,794.97
15521,4429,437,1,257.99,5,19.61,264.7
15522,4429,485,3,875.99,15,178.7,2412.47
15523,4430,64,4,546.99,10,157.53,2126.69
15524,4430,185,2,252.99,0,40.48,546.46
15525,4430,132,1,728.99,15,49.57,669.21
15526,4430,265,2,454.99,10,65.52,884.5
15527,4431,496,4,484.99,0,155.2,2095.16
15528,4431,178,2,1071.99,15,145.79,1968.17
15529,4431,43,2,423.99,0,67.84,915.82
15530,4431,161,4,1385.99,10,399.17,5388.73
15531,4431,286,1,365.99,5,27.82,375.51
15532,4431,386,3,300.99,5,68.63,926.45
15533,4432,479,4,1129.99,5,343.52,4637.48
15534,4432,397,1,635.99,15,43.25,583.84
15535,4432,207,3,1123.99,0,269.76,3641.73
15536,4433,177,2,1234.99,10,177.84,2400.82
15537,4434,78,1,1476.99,10,106.34,1435.63
15538,4434,409,2,773.99,5,117.65,1588.23
15539,4434,206,3,1275.99,0,306.24,4134.21
15540,4435,77,1,453.99,15,30.87,416.76
15541,4436,2,2,102.99,5,15.65,211.33
15542,4436,323,4,599.99,10,172.8,2332.76
15543,4437,420,1,653.99,10,47.09,635.68
15544,4437,238,3,280.99,5,64.07,864.89
15545,4437,182,4,766.99,0,245.44,3313.4
15546,4438,416,4,444.99,0,142.4,1922.36
15547,4439,475,4,1263.99,10,364.03,4914.39
15548,4439,482,3,774.99,10,167.4,2259.87
15549,4439,252,1,896.99,15,61,823.44
15550,4439,46,2,941.99,15,128.11,1729.49
15551,4440,156,1,1366.99,5,103.89,1402.53
15552,4440,418,2,445.99,10,64.22,867
15553,4440,202,2,721.99,15,98.19,1325.57
15554,4441,228,1,836.99,0,66.96,903.95
15555,4441,124,1,388.99,5,29.56,399.1
15556,4441,433,1,834.99,15,56.78,766.52
15557,4441,392,3,691.99,5,157.77,2129.94
15558,4441,95,3,449.99,0,108,1457.97
15559,4441,251,1,134.99,0,10.8,145.79
15560,4442,104,3,1343.99,5,306.43,4136.8
15561,4442,203,1,992.99,0,79.44,1072.43
15562,4442,68,4,230.99,10,66.53,898.09
15563,4443,95,1,449.99,15,30.6,413.09
15564,4443,34,4,67.99,15,18.49,249.66
15565,4443,116,4,1096.99,5,333.48,4502.04
15566,4443,356,3,328.99,10,71.06,959.33
15567,4443,222,4,1259.99,0,403.2,5443.16
15568,4443,49,3,124.99,10,27,364.47
15569,4444,69,4,998.99,5,303.69,4099.85
15570,4444,292,3,907.99,15,185.23,2500.6
15571,4444,97,1,432.99,15,29.44,397.48
15572,4445,345,3,1180.99,10,255.09,3443.76
15573,4445,309,2,103.99,5,15.81,213.39
15574,4446,229,3,611.99,10,132.19,1784.56
15575,4446,489,1,800.99,15,54.47,735.31
15576,4446,481,1,413.99,5,31.46,424.75
15577,4447,67,1,879.99,5,66.88,902.87
15578,4447,139,3,1205.99,10,260.49,3516.66
15579,4447,313,4,1158.99,0,370.88,5006.84
15580,4447,386,4,300.99,15,81.87,1105.24
15581,4447,165,4,1057.99,15,287.77,3884.94
15582,4448,151,3,683.99,15,139.53,1883.7
15583,4448,64,4,546.99,15,148.78,2008.55
15584,4448,397,1,635.99,5,48.34,652.53
15585,4449,430,1,421.99,0,33.76,455.75
15586,4449,316,2,1218.99,0,195.04,2633.02
15587,4449,160,2,1272.99,0,203.68,2749.66
15588,4449,460,2,1118.99,0,179.04,2417.02
15589,4449,109,4,1104.99,5,335.92,4534.88
15590,4449,412,3,1121.99,0,269.28,3635.25
15591,4450,176,3,1323.99,15,270.09,3646.26
15592,4450,277,2,422.99,5,64.29,867.97
15593,4450,455,1,1465.99,10,105.55,1424.94
15594,4451,413,3,1416.99,10,306.07,4131.94
15595,4451,450,2,670.99,5,101.99,1376.87
15596,4452,175,3,667.99,5,152.3,2056.07
15597,4453,116,4,1096.99,5,333.48,4502.04
15598,4453,483,3,897.99,5,204.74,2764.01
15599,4453,240,1,1188.99,15,80.85,1091.49
15600,4453,307,4,1360.99,15,370.19,4997.56
15601,4453,93,3,498.99,5,113.77,1535.89
15602,4453,207,4,1123.99,10,323.71,4370.07
15603,4454,384,2,898.99,0,143.84,1941.82
15604,4455,494,2,1384.99,15,188.36,2542.84
15605,4455,293,4,1158.99,10,333.79,4506.15
15606,4455,285,4,936.99,15,254.86,3440.63
15607,4455,348,1,586.99,0,46.96,633.95
15608,4455,103,2,310.99,0,49.76,671.74
15609,4455,364,3,968.99,5,220.93,2982.55
15610,4456,207,4,1123.99,15,305.73,4127.3
15611,4456,388,3,1182.99,0,283.92,3832.89
15612,4457,411,1,1232.99,5,93.71,1265.05
15613,4458,356,2,328.99,15,44.74,604.02
15614,4458,251,1,134.99,10,9.72,131.21
15615,4458,446,2,169.99,0,27.2,367.18
15616,4458,260,4,301.99,5,91.8,1239.36
15617,4458,116,2,1096.99,15,149.19,2014.07
15618,4459,256,1,395.99,0,31.68,427.67
15619,4459,359,4,147.99,15,40.25,543.42
15620,4460,382,3,88.99,15,18.15,245.07
15621,4460,307,2,1360.99,10,195.98,2645.76
15622,4460,421,4,1020.99,0,326.72,4410.68
15623,4460,383,2,888.99,0,142.24,1920.22
15624,4461,231,2,121.99,5,18.54,250.32
15625,4461,115,3,548.99,15,111.99,1511.91
15626,4461,165,2,1057.99,5,160.81,2170.99
15627,4461,158,2,1369.99,15,186.32,2515.3
15628,4461,489,4,800.99,0,256.32,3460.28
15629,4461,320,3,1027.99,10,222.05,2997.62
15630,4462,178,3,1071.99,5,244.41,3299.58
15631,4462,183,2,56.99,5,8.66,116.94
15632,4462,267,1,1201.99,10,86.54,1168.33
15633,4463,431,3,124.99,10,27,364.47
15634,4463,20,1,632.99,10,45.58,615.27
15635,4464,330,3,791.99,15,161.57,2181.14
15636,4464,382,3,88.99,5,20.29,273.91
15637,4464,112,4,652.99,10,188.06,2538.82
15638,4464,370,4,1201.99,15,326.94,4413.71
15639,4464,247,1,1255.99,0,100.48,1356.47
15640,4465,435,1,214.99,0,17.2,232.19
15641,4465,103,3,310.99,10,67.17,906.84
15642,4466,368,4,1159.99,15,315.52,4259.49
15643,4466,135,3,933.99,5,212.95,2874.82
15644,4466,323,1,599.99,0,48,647.99
15645,4466,270,3,213.99,10,46.22,623.99
15646,4466,162,1,259.99,5,19.76,266.75
15647,4466,5,1,1162.99,0,93.04,1256.03
15648,4467,106,4,151.99,0,48.64,656.6
15649,4468,381,2,1077.99,10,155.23,2095.61
15650,4468,313,4,1158.99,5,352.33,4756.49
15651,4468,57,4,461.99,5,140.44,1896
15652,4468,438,1,1482.99,10,106.78,1441.47
15653,4468,450,4,670.99,10,193.25,2608.81
15654,4469,317,3,1482.99,0,355.92,4804.89
15655,4469,386,3,300.99,15,61.4,828.92
15656,4470,269,4,794.99,10,228.96,3090.92
15657,4470,359,4,147.99,0,47.36,639.32
15658,4470,52,1,449.99,5,34.2,461.69
15659,4470,154,2,156.99,10,22.61,305.19
15660,4470,138,2,1243.99,15,169.18,2283.96
15661,4470,213,3,700.99,5,159.83,2157.65
15662,4471,346,4,406.99,5,123.72,1670.28
15663,4472,354,2,946.99,0,151.52,2045.5
15664,4472,55,4,856.99,5,260.52,3517.08
15665,4473,277,2,422.99,5,64.29,867.97
15666,4473,229,1,611.99,10,44.06,594.85
15667,4473,216,1,979.99,0,78.4,1058.39
15668,4473,114,2,879.99,0,140.8,1900.78
15669,4473,232,2,1001.99,10,144.29,1947.87
15670,4473,307,2,1360.99,10,195.98,2645.76
15671,4474,389,1,1452.99,10,104.62,1412.31
15672,4474,123,4,271.99,0,87.04,1175
15673,4474,265,2,454.99,0,72.8,982.78
15674,4474,248,3,804.99,15,164.22,2216.94
15675,4474,413,3,1416.99,0,340.08,4591.05
15676,4474,103,4,310.99,5,94.54,1276.3
15677,4475,66,2,276.99,5,42.1,568.38
15678,4475,12,2,403.99,0,64.64,872.62
15679,4475,116,2,1096.99,10,157.97,2132.55
15680,4475,455,1,1465.99,5,111.42,1504.11
15681,4475,273,3,1167.99,0,280.32,3784.29
15682,4475,163,4,911.99,10,262.65,3545.81
15683,4476,7,1,814.99,10,58.68,792.17
15684,4476,369,4,1321.99,0,423.04,5711
15685,4476,487,2,417.99,15,56.85,767.43
15686,4476,325,3,527.99,15,107.71,1454.08
15687,4477,392,4,691.99,15,188.22,2540.99
15688,4478,219,1,737.99,0,59.04,797.03
15689,4479,200,1,330.99,15,22.51,303.85
15690,4479,432,1,423.99,0,33.92,457.91
15691,4479,356,1,328.99,10,23.69,319.78
15692,4479,428,3,160.99,0,38.64,521.61
15693,4479,343,4,758.99,0,242.88,3278.84
15694,4480,214,1,423.99,5,32.22,435.01
15695,4480,15,4,1374.99,5,418,5642.96
15696,4480,438,4,1482.99,0,474.56,6406.52
15697,4480,307,3,1360.99,10,293.97,3968.64
15698,4480,266,2,232.99,15,31.69,427.77
15699,4480,347,2,89.99,5,13.68,184.66
15700,4481,166,3,247.99,5,56.54,763.31
15701,4481,39,4,1415.99,5,430.46,5811.22
15702,4482,291,2,1046.99,5,159.14,2148.42
15703,4482,297,3,1086.99,0,260.88,3521.85
15704,4482,424,2,823.99,5,125.25,1690.83
15705,4482,109,4,1104.99,10,318.24,4296.2
15706,4482,4,1,935.99,15,63.65,859.24
15707,4483,196,4,347.99,5,105.79,1428.15
15708,4483,256,3,395.99,5,90.29,1218.86
15709,4484,293,3,1158.99,10,250.34,3379.61
15710,4485,289,2,1112.99,10,160.27,2163.65
15711,4485,334,1,597.99,5,45.45,613.54
15712,4486,339,4,200.99,5,61.1,824.86
15713,4486,368,2,1159.99,10,167.04,2255.02
15714,4487,294,3,184.99,15,37.74,509.46
15715,4487,143,4,553.99,15,150.69,2034.26
15716,4487,128,2,987.99,0,158.08,2134.06
15717,4488,192,2,192.99,0,30.88,416.86
15718,4488,66,1,276.99,5,21.05,284.19
15719,4488,189,1,612.99,10,44.14,595.83
15720,4489,144,2,260.99,0,41.76,563.74
15721,4490,153,2,850.99,0,136.16,1838.14
15722,4490,182,3,766.99,10,165.67,2236.54
15723,4490,384,2,898.99,0,143.84,1941.82
15724,4490,6,3,98.99,0,23.76,320.73
15725,4490,16,2,809.99,5,123.12,1662.1
15726,4491,351,3,321.99,5,73.41,991.08
15727,4491,267,4,1201.99,15,326.94,4413.71
15728,4491,86,2,113.99,0,18.24,246.22
15729,4492,275,1,329.99,10,23.76,320.75
15730,4492,345,3,1180.99,15,240.92,3252.44
15731,4492,124,3,388.99,0,93.36,1260.33
15732,4492,321,4,679.99,5,206.72,2790.68
15733,4492,211,1,440.99,0,35.28,476.27
15734,4493,279,2,814.99,15,110.84,1496.32
15735,4493,423,2,1494.99,10,215.28,2906.26
15736,4493,124,1,388.99,15,26.45,357.09
15737,4494,100,3,291.99,15,59.57,804.14
15738,4494,449,1,634.99,15,43.18,582.92
15739,4494,257,1,1143.99,15,77.79,1050.18
15740,4495,417,2,897.99,5,136.49,1842.67
15741,4495,426,2,887.99,15,120.77,1630.35
15742,4496,190,2,1002.99,5,152.45,2058.13
15743,4496,473,2,1377.99,10,198.43,2678.81
15744,4496,480,3,833.99,5,190.15,2567.02
15745,4497,442,1,799.99,15,54.4,734.39
15746,4498,5,4,1162.99,10,334.94,4521.7
15747,4498,417,3,897.99,15,183.19,2473.06
15748,4498,366,2,1373.99,15,186.86,2522.64
15749,4498,122,4,1350.99,5,410.7,5544.46
15750,4499,113,1,549.99,10,39.6,534.59
15751,4499,295,2,1309.99,5,199.12,2688.1
15752,4499,449,1,634.99,15,43.18,582.92
15753,4499,216,4,979.99,0,313.6,4233.56
15754,4499,172,3,1080.99,5,246.47,3327.29
15755,4500,239,4,133.99,0,42.88,578.84
15756,4500,315,3,852.99,5,194.48,2625.5
15757,4501,64,4,546.99,5,166.28,2244.84
15758,4501,175,3,667.99,10,144.29,1947.86
15759,4501,455,4,1465.99,0,469.12,6333.08
15760,4501,143,1,553.99,15,37.67,508.56
15761,4501,438,1,1482.99,0,118.64,1601.63
15762,4501,256,3,395.99,15,80.78,1090.55
15763,4502,466,2,796.99,0,127.52,1721.5
15764,4502,284,3,1112.99,5,253.76,3425.78
15765,4502,221,3,1084.99,15,221.34,2988.06
15766,4502,136,4,182.99,0,58.56,790.52
15767,4502,500,2,835.99,10,120.38,1625.16
15768,4503,18,4,825.99,0,264.32,3568.28
15769,4503,201,3,501.99,15,102.41,1382.48
15770,4503,308,4,1135.99,0,363.52,4907.48
15771,4503,376,4,121.99,15,33.18,447.95
15772,4504,334,1,597.99,15,40.66,548.95
15773,4505,485,4,875.99,15,238.27,3216.64
15774,4505,385,2,1224.99,15,166.6,2249.08
15775,4505,143,2,553.99,0,88.64,1196.62
15776,4506,275,1,329.99,15,22.44,302.93
15777,4506,307,2,1360.99,15,185.09,2498.77
15778,4506,420,3,653.99,5,149.11,2012.98
15779,4506,43,3,423.99,15,86.49,1167.66
15780,4507,337,2,1160.99,10,167.18,2256.96
15781,4507,416,2,444.99,10,64.08,865.06
15782,4507,168,3,387.99,5,88.46,1194.23
15783,4508,484,3,622.99,0,149.52,2018.49
15784,4508,408,1,474.99,0,38,512.99
15785,4508,485,3,875.99,15,178.7,2412.47
15786,4509,406,4,1125.99,10,324.29,4377.85
15787,4510,16,3,809.99,5,184.68,2493.15
15788,4510,271,2,242.99,0,38.88,524.86
15789,4510,105,2,1499.99,15,204,2753.98
15790,4511,26,4,270.99,5,82.38,1112.14
15791,4511,365,3,1002.99,15,204.61,2762.23
15792,4511,334,1,597.99,15,40.66,548.95
15793,4511,494,2,1384.99,15,188.36,2542.84
15794,4511,401,3,487.99,10,105.41,1422.98
15795,4512,185,1,252.99,0,20.24,273.23
15796,4512,446,4,169.99,0,54.4,734.36
15797,4512,99,3,1421.99,0,341.28,4607.25
15798,4512,246,3,1215.99,5,277.25,3742.82
15799,4512,181,4,332.99,0,106.56,1438.52
15800,4512,245,4,1338.99,0,428.48,5784.44
15801,4513,187,3,1184.99,10,255.96,3455.43
15802,4513,57,4,461.99,15,125.66,1696.43
15803,4513,384,4,898.99,0,287.68,3883.64
15804,4514,416,1,444.99,5,33.82,456.56
15805,4514,132,4,728.99,0,233.28,3149.24
15806,4514,208,2,1001.99,0,160.32,2164.3
15807,4514,58,1,1408.99,15,95.81,1293.45
15808,4514,283,1,63.99,15,4.35,58.74
15809,4514,267,3,1201.99,10,259.63,3505
15810,4515,442,3,799.99,10,172.8,2332.77
15811,4515,312,1,522.99,5,39.75,536.59
15812,4515,317,1,1482.99,5,112.71,1521.55
15813,4516,205,3,727.99,10,157.25,2122.82
15814,4516,217,4,1491.99,0,477.44,6445.4
15815,4516,289,2,1112.99,5,169.17,2283.85
15816,4517,80,4,811.99,10,233.85,3157.01
15817,4517,157,1,33.99,10,2.45,33.04
15818,4517,221,1,1084.99,5,82.46,1113.2
15819,4517,319,1,336.99,5,25.61,345.75
15820,4518,452,3,364.99,5,83.22,1123.44
15821,4518,410,4,169.99,0,54.4,734.36
15822,4518,18,1,825.99,10,59.47,802.86
15823,4518,349,4,29.99,5,9.12,123.08
15824,4519,404,4,1238.99,0,396.48,5352.44
15825,4519,435,4,214.99,0,68.8,928.76
15826,4519,352,1,1453.99,0,116.32,1570.31
15827,4519,41,4,549.99,15,149.6,2019.57
15828,4520,219,3,737.99,10,159.41,2151.98
15829,4521,193,1,973.99,0,77.92,1051.91
15830,4521,372,4,364.99,15,99.28,1340.25
15831,4521,225,3,861.99,0,206.88,2792.85
15832,4521,153,3,850.99,5,194.03,2619.35
15833,4521,279,2,814.99,15,110.84,1496.32
15834,4522,36,1,624.99,10,45,607.49
15835,4522,205,2,727.99,5,110.65,1493.83
15836,4522,130,4,1187.99,5,361.15,4875.51
15837,4523,88,1,322.99,0,25.84,348.83
15838,4523,411,4,1232.99,10,355.1,4793.86
15839,4523,191,4,676.99,5,205.8,2778.36
15840,4523,92,3,1065.99,5,243.05,3281.12
15841,4523,351,3,321.99,0,77.28,1043.25
15842,4524,383,1,888.99,0,71.12,960.11
15843,4524,260,1,301.99,0,24.16,326.15
15844,4525,481,3,413.99,15,84.45,1140.12
15845,4526,443,3,941.99,10,203.47,2746.84
15846,4526,342,4,1071.99,5,325.88,4399.44
15847,4526,461,2,345.99,15,47.05,635.23
15848,4526,456,4,1330.99,10,383.33,5174.89
15849,4526,407,1,160.99,10,11.59,156.48
15850,4526,142,1,614.99,10,44.28,597.77
15851,4527,222,1,1259.99,5,95.76,1292.75
15852,4527,441,2,766.99,10,110.45,1491.03
15853,4527,18,4,825.99,10,237.89,3211.45
15854,4527,143,3,553.99,5,126.31,1705.18
15855,4528,199,1,882.99,15,60.04,810.58
15856,4528,290,1,963.99,10,69.41,937
15857,4529,190,4,1002.99,10,288.86,3899.62
15858,4529,202,3,721.99,5,164.61,2222.28
15859,4529,330,1,791.99,10,57.02,769.81
15860,4529,476,3,732.99,15,149.53,2018.65
15861,4529,279,3,814.99,5,185.82,2508.54
15862,4529,228,4,836.99,5,254.44,3435
15863,4530,347,4,89.99,5,27.36,369.32
15864,4530,342,1,1071.99,0,85.76,1157.75
15865,4530,331,3,1061.99,15,216.65,2924.72
15866,4531,273,4,1167.99,0,373.76,5045.72
15867,4531,50,3,1364.99,0,327.6,4422.57
15868,4532,202,4,721.99,15,196.38,2651.15
15869,4532,482,2,774.99,15,105.4,1422.88
15870,4532,207,2,1123.99,10,161.85,2185.03
15871,4532,92,3,1065.99,15,217.46,2935.73
15872,4532,73,1,1030.99,5,78.36,1057.8
15873,4532,325,2,527.99,15,71.81,969.39
15874,4533,348,2,586.99,5,89.22,1204.5
15875,4533,57,4,461.99,10,133.05,1796.21
15876,4533,67,2,879.99,15,119.68,1615.66
15877,4533,489,1,800.99,10,57.67,778.56
15878,4533,166,4,247.99,5,75.39,1017.75
15879,4534,112,1,652.99,15,44.4,599.44
15880,4534,431,3,124.99,0,30,404.97
15881,4534,287,4,549.99,10,158.4,2138.36
15882,4534,360,4,407.99,10,117.5,1586.26
15883,4535,432,4,423.99,5,128.89,1740.05
15884,4535,483,4,897.99,0,287.36,3879.32
15885,4536,464,2,820.99,15,111.65,1507.33
15886,4536,101,2,1394.99,15,189.72,2561.2
15887,4536,446,4,169.99,0,54.4,734.36
15888,4537,345,4,1180.99,5,359.02,4846.78
15889,4537,410,2,169.99,5,25.84,348.82
15890,4537,424,4,823.99,5,250.49,3381.65
15891,4538,145,4,864.99,0,276.8,3736.76
15892,4539,35,2,1193.99,5,181.49,2450.07
15893,4539,239,3,133.99,0,32.16,434.13
15894,4540,159,4,229.99,0,73.6,993.56
15895,4541,297,2,1086.99,0,173.92,2347.9
15896,4542,496,3,484.99,10,104.76,1414.23
15897,4542,86,3,113.99,0,27.36,369.33
15898,4542,285,1,936.99,0,74.96,1011.95
15899,4542,351,4,321.99,5,97.88,1321.44
15900,4543,185,1,252.99,0,20.24,273.23
15901,4543,144,2,260.99,15,35.49,479.17
15902,4543,311,2,1079.99,10,155.52,2099.5
15903,4543,114,1,879.99,15,59.84,807.83
15904,4544,224,4,462.99,10,133.34,1800.1
15905,4544,450,4,670.99,5,203.98,2753.74
15906,4544,496,3,484.99,0,116.4,1571.37
15907,4545,188,3,1278.99,5,291.61,3936.73
15908,4545,81,2,1111.99,10,160.13,2161.71
15909,4545,413,4,1416.99,5,430.76,5815.32
15910,4545,137,1,1014.99,15,69.02,931.76
15911,4545,261,3,718.99,10,155.3,2096.57
15912,4545,424,2,823.99,5,125.25,1690.83
15913,4546,300,4,991.99,10,285.69,3856.85
15914,4546,244,1,42.99,15,2.92,39.46
15915,4546,146,3,26.99,0,6.48,87.45
15916,4546,424,1,823.99,15,56.03,756.42
15917,4546,281,1,1147.99,10,82.66,1115.85
15918,4547,196,2,347.99,5,52.89,714.07
15919,4548,467,3,827.99,0,198.72,2682.69
15920,4548,471,3,873.99,10,188.78,2548.55
15921,4548,112,2,652.99,15,88.81,1198.89
15922,4548,117,1,957.99,5,72.81,982.9
15923,4549,380,2,1349.99,0,216,2915.98
15924,4549,301,3,517.99,10,111.89,1510.46
15925,4549,336,1,743.99,0,59.52,803.51
15926,4549,291,3,1046.99,10,226.15,3053.02
15927,4550,145,4,864.99,5,262.96,3549.92
15928,4551,300,3,991.99,5,226.17,3053.34
15929,4551,86,3,113.99,15,23.25,313.92
15930,4551,260,4,301.99,15,82.14,1108.91
15931,4551,298,3,1045.99,10,225.93,3050.1
15932,4551,32,2,471.99,0,75.52,1019.5
15933,4552,456,1,1330.99,0,106.48,1437.47
15934,4552,343,1,758.99,15,51.61,696.75
15935,4552,402,3,723.99,0,173.76,2345.73
15936,4552,323,4,599.99,15,163.2,2203.17
15937,4553,411,4,1232.99,5,374.83,5060.19
15938,4553,251,1,134.99,15,9.18,123.92
15939,4553,297,2,1086.99,0,173.92,2347.9
15940,4553,462,1,30.99,5,2.36,31.8
15941,4553,375,1,541.99,10,39.02,526.81
15942,4554,160,2,1272.99,5,193.49,2612.17
15943,4555,361,4,531.99,15,144.7,1953.47
15944,4555,233,1,133.99,10,9.65,130.24
15945,4555,434,1,1392.99,10,100.3,1353.99
15946,4555,96,3,545.99,15,111.38,1503.65
15947,4555,20,1,632.99,0,50.64,683.63
15948,4555,38,4,385.99,10,111.17,1500.73
15949,4556,500,2,835.99,10,120.38,1625.16
15950,4556,239,1,133.99,15,9.11,123
15951,4556,335,2,758.99,5,115.37,1557.45
15952,4557,395,4,1497.99,15,407.45,5500.62
15953,4558,380,3,1349.99,15,275.4,3717.87
15954,4558,342,3,1071.99,5,244.41,3299.58
15955,4559,210,2,919.99,5,139.84,1887.82
15956,4560,463,2,1279.99,5,194.56,2626.54
15957,4560,111,1,282.99,10,20.38,275.07
15958,4560,26,1,270.99,0,21.68,292.67
15959,4560,249,1,462.99,10,33.34,450.03
15960,4560,464,4,820.99,10,236.45,3192.01
15961,4561,92,1,1065.99,10,76.75,1036.14
15962,4561,279,2,814.99,10,117.36,1584.34
15963,4561,321,2,679.99,5,103.36,1395.34
15964,4561,47,4,498.99,5,151.69,2047.85
15965,4562,480,4,833.99,0,266.88,3602.84
15966,4562,124,2,388.99,10,56.01,756.19
15967,4562,183,2,56.99,0,9.12,123.1
15968,4562,411,4,1232.99,10,355.1,4793.86
15969,4562,34,3,67.99,15,13.87,187.24
15970,4563,483,4,897.99,10,258.62,3491.38
15971,4563,425,4,817.99,15,222.49,3003.66
15972,4564,258,1,277.99,15,18.9,255.19
15973,4564,102,1,1242.99,10,89.5,1208.19
15974,4564,83,4,549.99,15,149.6,2019.57
15975,4565,492,2,494.99,15,67.32,908.8
15976,4565,216,4,979.99,10,282.24,3810.2
15977,4565,177,3,1234.99,15,251.94,3401.16
15978,4565,234,3,405.99,15,82.82,1118.09
15979,4566,143,1,553.99,15,37.67,508.56
15980,4566,44,2,586.99,0,93.92,1267.9
15981,4566,221,2,1084.99,10,156.24,2109.22
15982,4566,386,1,300.99,0,24.08,325.07
15983,4566,437,4,257.99,5,78.43,1058.79
15984,4567,410,2,169.99,0,27.2,367.18
15985,4567,73,3,1030.99,0,247.44,3340.41
15986,4567,191,3,676.99,10,146.23,1974.1
15987,4567,97,1,432.99,15,29.44,397.48
15988,4567,321,1,679.99,0,54.4,734.39
15989,4567,110,3,628.99,15,128.31,1732.23
15990,4568,164,1,135.99,10,9.79,132.18
15991,4569,269,2,794.99,15,108.12,1459.6
15992,4570,38,3,385.99,5,88.01,1188.08
15993,4570,461,2,345.99,5,52.59,709.97
15994,4570,157,2,33.99,15,4.62,62.4
15995,4570,123,1,271.99,15,18.5,249.69
15996,4570,353,4,155.99,10,44.93,606.49
15997,4571,192,2,192.99,15,26.25,354.33
15998,4571,486,4,220.99,5,67.18,906.94
15999,4571,76,1,1285.99,5,97.74,1319.43
16000,4571,465,4,1287.99,10,370.94,5007.7
16001,4571,425,2,817.99,5,124.33,1678.51
16002,4572,413,3,1416.99,10,306.07,4131.94
16003,4572,162,3,259.99,5,59.28,800.25
16004,4572,220,2,620.99,0,99.36,1341.34
16005,4572,350,3,1204.99,15,245.82,3318.54
16006,4573,349,3,29.99,0,7.2,97.17
16007,4573,314,3,159.99,0,38.4,518.37
16008,4573,324,3,135.99,0,32.64,440.61
16009,4573,248,1,804.99,5,61.18,825.92
16010,4573,354,1,946.99,5,71.97,971.61
16011,4574,149,4,1056.99,5,321.32,4337.88
16012,4574,388,4,1182.99,5,359.63,4854.99
16013,4574,237,2,1263.99,10,182.01,2457.19
16014,4575,13,2,241.99,5,36.78,496.56
16015,4575,258,3,277.99,5,63.38,855.65
16016,4575,489,3,800.99,15,163.4,2205.92
16017,4575,10,1,551.99,5,41.95,566.34
16018,4575,325,1,527.99,5,40.13,541.72
16019,4575,45,3,896.99,0,215.28,2906.25
16020,4576,235,2,1232.99,10,177.55,2396.93
16021,4576,195,4,420.99,10,121.25,1636.81
16022,4577,405,2,33.99,0,5.44,73.42
16023,4577,327,3,975.99,10,210.81,2845.98
16024,4577,480,1,833.99,5,63.38,855.67
16025,4577,446,3,169.99,10,36.72,495.69
16026,4577,431,4,124.99,15,34,458.97
16027,4578,224,4,462.99,0,148.16,2000.12
16028,4578,55,4,856.99,0,274.24,3702.2
16029,4579,242,4,1500.99,5,456.3,6160.06
16030,4579,198,3,1083.99,10,234.14,3160.91
16031,4579,468,1,757.99,5,57.61,777.7
16032,4579,322,1,291.99,0,23.36,315.35
16033,4579,309,1,103.99,5,7.9,106.69
16034,4580,38,1,385.99,15,26.25,354.34
16035,4580,129,3,251.99,10,54.43,734.8
16036,4580,373,3,1329.99,0,319.2,4309.17
16037,4580,53,2,766.99,5,116.58,1573.86
16038,4580,327,4,975.99,15,265.47,3583.84
16039,4580,425,4,817.99,10,235.58,3180.34
16040,4581,224,4,462.99,5,140.75,1900.11
16041,4581,450,4,670.99,15,182.51,2463.88
16042,4581,286,1,365.99,15,24.89,335.98
16043,4581,304,2,119.99,5,18.24,246.22
16044,4582,456,2,1330.99,15,181.01,2443.69
16045,4582,5,1,1162.99,10,83.74,1130.43
16046,4582,359,4,147.99,10,42.62,575.38
16047,4582,326,2,879.99,0,140.8,1900.78
16048,4583,169,4,755.99,10,217.73,2939.29
16049,4583,424,1,823.99,10,59.33,800.92
16050,4584,409,3,773.99,5,176.47,2382.34
16051,4584,24,1,371.99,15,25.3,341.49
16052,4584,301,4,517.99,5,157.47,2125.83
16053,4585,332,3,1276.99,10,275.83,3723.7
16054,4585,285,1,936.99,15,63.72,860.16
16055,4585,67,3,879.99,10,190.08,2566.05
16056,4585,206,2,1275.99,15,173.53,2342.71
16057,4586,160,4,1272.99,0,407.36,5499.32
16058,4587,173,4,682.99,10,196.7,2655.46
16059,4587,324,3,135.99,0,32.64,440.61
16060,4588,48,3,1148.99,5,261.97,3536.59
16061,4588,248,3,804.99,15,164.22,2216.94
16062,4588,478,1,296.99,10,21.38,288.67
16063,4589,194,2,1138.99,5,173.13,2337.21
16064,4589,84,2,186.99,5,28.42,383.7
16065,4589,260,2,301.99,10,43.49,587.07
16066,4589,268,2,1229.99,5,186.96,2523.94
16067,4589,222,4,1259.99,5,383.04,5171
16068,4590,220,2,620.99,10,89.42,1207.2
16069,4591,217,3,1491.99,10,322.27,4350.64
16070,4591,131,3,371.99,10,80.35,1084.72
16071,4591,42,4,1420.99,0,454.72,6138.68
16072,4592,336,4,743.99,0,238.08,3214.04
16073,4592,407,3,160.99,10,34.77,469.44
16074,4592,8,1,586.99,10,42.26,570.55
16075,4592,114,1,879.99,10,63.36,855.35
16076,4592,118,3,213.99,15,43.65,589.32
16077,4592,160,1,1272.99,0,101.84,1374.83
16078,4593,130,2,1187.99,10,171.07,2309.45
16079,4593,198,3,1083.99,0,260.16,3512.13
16080,4593,135,1,933.99,5,70.98,958.27
16081,4593,106,3,151.99,0,36.48,492.45
16082,4594,219,4,737.99,10,212.54,2869.3
16083,4595,389,3,1452.99,0,348.72,4707.69
16084,4595,349,3,29.99,10,6.48,87.45
16085,4595,326,2,879.99,5,133.76,1805.74
16086,4595,425,1,817.99,0,65.44,883.43
16087,4595,367,4,419.99,0,134.4,1814.36
16088,4596,271,2,242.99,15,33.05,446.13
16089,4596,15,1,1374.99,5,104.5,1410.74
16090,4596,322,2,291.99,15,39.71,536.09
16091,4596,125,3,1036.99,15,211.55,2855.87
16092,4596,489,4,800.99,0,256.32,3460.28
16093,4597,376,3,121.99,5,27.81,375.48
16094,4597,314,1,159.99,5,12.16,164.15
16095,4597,408,3,474.99,15,96.9,1308.12
16096,4597,315,4,852.99,10,245.66,3316.42
16097,4597,177,2,1234.99,10,177.84,2400.82
16098,4598,323,4,599.99,15,163.2,2203.17
16099,4599,468,2,757.99,10,109.15,1473.53
16100,4599,351,2,321.99,10,46.37,625.95
16101,4599,111,4,282.99,15,76.97,1039.14
16102,4599,471,3,873.99,5,199.27,2690.14
16103,4599,145,3,864.99,10,186.84,2522.31
16104,4599,118,3,213.99,15,43.65,589.32
16105,4600,63,1,1206.99,5,91.73,1238.37
16106,4601,115,4,548.99,0,175.68,2371.64
16107,4602,44,2,586.99,0,93.92,1267.9
16108,4602,253,3,978.99,10,211.46,2854.73
16109,4602,343,1,758.99,0,60.72,819.71
16110,4603,256,2,395.99,5,60.19,812.57
16111,4603,472,4,393.99,10,113.47,1531.83
16112,4604,439,4,168.99,15,45.97,620.54
16113,4604,176,1,1323.99,15,90.03,1215.42
16114,4604,306,2,842.99,10,121.39,1638.77
16115,4604,120,3,1301.99,15,265.61,3585.68
16116,4604,160,3,1272.99,10,274.97,3712.04
16117,4605,99,4,1421.99,0,455.04,6143
16118,4605,62,3,516.99,15,105.47,1423.79
16119,4605,182,1,766.99,0,61.36,828.35
16120,4606,180,1,656.99,10,47.3,638.59
16121,4606,445,4,20.99,15,5.71,77.08
16122,4607,399,3,94.99,10,20.52,276.99
16123,4607,221,2,1084.99,10,156.24,2109.22
16124,4607,332,4,1276.99,15,347.34,4689.11
16125,4607,131,3,371.99,0,89.28,1205.25
16126,4607,462,1,30.99,10,2.23,30.12
16127,4608,415,3,1290.99,10,278.85,3764.52
16128,4608,444,1,682.99,5,51.91,700.75
16129,4608,81,1,1111.99,5,84.51,1140.9
16130,4608,47,4,498.99,15,135.73,1832.3
16131,4609,220,2,620.99,0,99.36,1341.34
16132,4610,408,1,474.99,5,36.1,487.34
16133,4611,321,4,679.99,15,184.96,2496.93
16134,4612,233,2,133.99,0,21.44,289.42
16135,4612,229,3,611.99,10,132.19,1784.56
16136,4613,271,4,242.99,0,77.76,1049.72
16137,4614,411,1,1232.99,5,93.71,1265.05
16138,4614,96,3,545.99,10,117.93,1592.1
16139,4614,206,3,1275.99,10,275.61,3720.78
16140,4614,35,3,1193.99,10,257.9,3481.67
16141,4614,446,2,169.99,5,25.84,348.82
16142,4614,267,1,1201.99,15,81.74,1103.43
16143,4615,263,3,787.99,10,170.21,2297.78
16144,4615,291,4,1046.99,15,284.78,3844.55
16145,4615,11,4,1445.99,5,439.58,5934.34
16146,4616,234,2,405.99,5,61.71,833.09
16147,4616,256,2,395.99,10,57.02,769.8
16148,4617,31,4,542.99,0,173.76,2345.72
16149,4617,1,3,524.99,15,107.1,1445.82
16150,4617,292,4,907.99,10,261.5,3530.26
16151,4617,37,1,303.99,0,24.32,328.31
16152,4618,49,3,124.99,10,27,364.47
16153,4619,4,4,935.99,5,284.54,3841.3
16154,4619,363,1,1073.99,10,77.33,1043.92
16155,4619,452,4,364.99,5,110.96,1497.92
16156,4619,74,3,143.99,15,29.37,396.54
16157,4620,223,3,526.99,10,113.83,1536.7
16158,4620,372,4,364.99,10,105.12,1419.08
16159,4620,335,3,758.99,5,173.05,2336.17
16160,4621,180,3,656.99,5,149.79,2022.21
16161,4622,45,1,896.99,0,71.76,968.75
16162,4622,490,4,968.99,15,263.57,3558.14
16163,4622,214,2,423.99,10,61.05,824.23
16164,4622,24,3,371.99,15,75.89,1024.46
16165,4623,110,2,628.99,15,85.54,1154.82
16166,4623,6,4,98.99,5,30.09,406.25
16167,4623,80,3,811.99,15,165.65,2236.22
16168,4623,160,2,1272.99,15,173.13,2337.21
16169,4623,354,1,946.99,10,68.18,920.47
16170,4624,251,4,134.99,0,43.2,583.16
16171,4624,267,2,1201.99,10,173.09,2336.67
16172,4624,181,3,332.99,0,79.92,1078.89
16173,4624,401,3,487.99,5,111.26,1502.03
16174,4624,370,2,1201.99,0,192.32,2596.3
16175,4625,29,1,573.99,0,45.92,619.91
16176,4626,122,1,1350.99,10,97.27,1313.16
16177,4626,341,4,558.99,5,169.93,2294.09
16178,4626,354,4,946.99,15,257.58,3477.35
16179,4627,306,1,842.99,5,64.07,864.91
16180,4627,367,2,419.99,15,57.12,771.1
16181,4627,154,2,156.99,5,23.86,322.14
16182,4627,194,4,1138.99,5,346.25,4674.41
16183,4627,324,3,135.99,0,32.64,440.61
16184,4627,119,3,975.99,10,210.81,2845.98
16185,4628,217,3,1491.99,10,322.27,4350.64
16186,4628,471,1,873.99,10,62.93,849.52
16187,4628,67,3,879.99,10,190.08,2566.05
16188,4628,414,1,1426.99,10,102.74,1387.03
16189,4628,289,4,1112.99,0,356.16,4808.12
16190,4628,219,4,737.99,5,224.35,3028.71
16191,4629,44,1,586.99,10,42.26,570.55
16192,4629,133,1,514.99,5,39.14,528.38
16193,4630,372,2,364.99,15,49.64,670.12
16194,4630,102,4,1242.99,5,377.87,5101.23
16195,4630,257,1,1143.99,15,77.79,1050.18
16196,4630,252,4,896.99,15,243.98,3293.75
16197,4630,348,3,586.99,0,140.88,1901.85
16198,4630,31,3,542.99,0,130.32,1759.29
16199,4631,458,1,449.99,10,32.4,437.39
16200,4631,179,1,251.99,15,17.14,231.33
16201,4631,369,3,1321.99,0,317.28,4283.25
16202,4631,248,4,804.99,0,257.6,3477.56
16203,4631,102,3,1242.99,0,298.32,4027.29
16204,4632,32,2,471.99,5,71.74,968.52
16205,4633,434,4,1392.99,5,423.47,5716.83
16206,4633,59,3,254.99,10,55.08,743.55
16207,4633,109,1,1104.99,0,88.4,1193.39
16208,4633,293,4,1158.99,5,352.33,4756.49
16209,4633,491,1,891.99,10,64.22,867.01
16210,4633,138,3,1243.99,0,298.56,4030.53
16211,4634,23,1,347.99,10,25.06,338.25
16212,4634,333,1,1238.99,10,89.21,1204.3
16213,4635,344,4,791.99,0,253.44,3421.4
16214,4635,246,1,1215.99,0,97.28,1313.27
16215,4635,331,3,1061.99,15,216.65,2924.72
16216,4636,118,3,213.99,15,43.65,589.32
16217,4636,4,4,935.99,5,284.54,3841.3
16218,4636,190,4,1002.99,5,304.91,4116.27
16219,4637,172,2,1080.99,5,164.31,2218.19
16220,4637,313,4,1158.99,15,315.25,4255.82
16221,4637,344,3,791.99,10,171.07,2309.44
16222,4637,389,2,1452.99,5,220.85,2981.53
16223,4638,325,4,527.99,15,143.61,1938.78
16224,4638,253,2,978.99,5,148.81,2008.89
16225,4638,64,3,546.99,15,111.59,1506.41
16226,4638,155,2,635.99,10,91.58,1236.36
16227,4638,28,1,176.99,15,12.04,162.48
16228,4638,157,2,33.99,15,4.62,62.4
16229,4639,238,3,280.99,5,64.07,864.89
16230,4639,276,1,293.99,0,23.52,317.51
16231,4639,122,1,1350.99,15,91.87,1240.21
16232,4640,381,4,1077.99,0,344.96,4656.92
16233,4640,259,3,491.99,15,100.37,1354.94
16234,4640,490,3,968.99,5,220.93,2982.55
16235,4640,304,2,119.99,15,16.32,220.3
16236,4640,294,4,184.99,5,56.24,759.2
16237,4640,116,2,1096.99,15,149.19,2014.07
16238,4641,314,1,159.99,10,11.52,155.51
16239,4641,282,1,427.99,15,29.1,392.89
16240,4641,21,1,683.99,5,51.98,701.77
16241,4641,267,2,1201.99,0,192.32,2596.3
16242,4641,381,2,1077.99,0,172.48,2328.46
16243,4641,132,2,728.99,15,99.14,1338.42
16244,4642,382,4,88.99,10,25.63,345.99
16245,4643,61,2,130.99,10,18.86,254.64
16246,4643,439,4,168.99,15,45.97,620.54
16247,4644,469,4,489.99,15,133.28,1799.25
16248,4645,251,2,134.99,5,20.52,277
16249,4645,11,3,1445.99,10,312.33,4216.5
16250,4645,306,2,842.99,0,134.88,1820.86
16251,4645,181,4,332.99,5,101.23,1366.59
16252,4645,294,3,184.99,15,37.74,509.46
16253,4646,258,1,277.99,15,18.9,255.19
16254,4646,455,3,1465.99,15,299.06,4037.33
16255,4646,345,3,1180.99,10,255.09,3443.76
16256,4647,226,4,278.99,5,84.81,1144.97
16257,4648,12,2,403.99,10,58.17,785.35
16258,4648,120,2,1301.99,10,187.49,2531.07
16259,4648,4,2,935.99,15,127.29,1718.47
16260,4648,101,3,1394.99,0,334.8,4519.77
16261,4648,45,1,896.99,5,68.17,920.31
16262,4648,169,2,755.99,0,120.96,1632.94
16263,4649,208,1,1001.99,15,68.14,919.83
16264,4649,465,4,1287.99,5,391.55,5285.91
16265,4649,469,1,489.99,5,37.24,502.73
16266,4649,472,3,393.99,15,80.37,1085.04
16267,4649,197,4,659.99,0,211.2,2851.16
16268,4649,307,4,1360.99,10,391.97,5291.53
16269,4650,279,3,814.99,0,195.6,2640.57
16270,4651,60,4,1245.99,15,338.91,4575.28
16271,4652,82,2,807.99,10,116.35,1570.73
16272,4652,135,1,933.99,10,67.25,907.84
16273,4653,132,3,728.99,15,148.71,2007.63
16274,4653,229,3,611.99,0,146.88,1982.85
16275,4653,490,2,968.99,0,155.04,2093.02
16276,4653,454,1,499.99,0,40,539.99
16277,4653,32,2,471.99,10,67.97,917.55
16278,4654,347,1,89.99,0,7.2,97.19
16279,4654,54,4,685.99,5,208.54,2815.3
16280,4655,121,2,318.99,0,51.04,689.02
16281,4655,458,4,449.99,15,122.4,1652.37
16282,4655,106,4,151.99,0,48.64,656.6
16283,4656,104,2,1343.99,15,182.78,2467.56
16284,4656,320,1,1027.99,10,74.02,999.21
16285,4656,409,4,773.99,15,210.53,2842.1
16286,4656,475,3,1263.99,10,273.02,3685.79
16287,4657,217,2,1491.99,5,226.78,3061.56
16288,4657,430,4,421.99,10,121.53,1640.69
16289,4657,458,4,449.99,0,144,1943.96
16290,4657,260,1,301.99,5,22.95,309.84
16291,4658,418,1,445.99,0,35.68,481.67
16292,4658,439,4,168.99,5,51.37,693.53
16293,4658,136,2,182.99,15,24.89,335.97
16294,4658,340,1,1235.99,15,84.05,1134.64
16295,4658,430,4,421.99,0,135.04,1823
16296,4658,406,1,1125.99,0,90.08,1216.07
16297,4659,327,2,975.99,5,148.35,2002.73
16298,4659,66,2,276.99,0,44.32,598.3
16299,4660,138,2,1243.99,15,169.18,2283.96
16300,4660,279,3,814.99,0,195.6,2640.57
16301,4660,75,4,927.99,5,282.11,3808.47
16302,4660,350,1,1204.99,15,81.94,1106.18
16303,4660,214,4,423.99,15,115.33,1556.9
16304,4661,152,2,47.99,15,6.53,88.11
16305,4661,365,2,1002.99,0,160.48,2166.46
16306,4661,203,3,992.99,5,226.4,3056.42
16307,4661,215,4,686.99,0,219.84,2967.8
16308,4661,104,4,1343.99,15,365.57,4935.14
16309,4661,442,4,799.99,0,256,3455.96
16310,4662,291,1,1046.99,0,83.76,1130.75
16311,4663,254,4,621.99,15,169.18,2283.95
16312,4663,454,4,499.99,0,160,2159.96
16313,4663,108,2,1184.99,10,170.64,2303.62
16314,4663,478,2,296.99,15,40.39,545.27
16315,4663,241,2,753.99,0,120.64,1628.62
16316,4663,183,3,56.99,0,13.68,184.65
16317,4664,278,1,714.99,5,54.34,733.58
16318,4664,306,3,842.99,5,192.2,2594.72
16319,4665,226,1,278.99,5,21.2,286.24
16320,4665,207,3,1123.99,10,242.78,3277.55
16321,4666,248,3,804.99,5,183.54,2477.76
16322,4666,334,3,597.99,10,129.17,1743.74
16323,4667,9,4,896.99,0,287.04,3875
16324,4667,63,1,1206.99,15,82.08,1108.02
16325,4667,29,1,573.99,10,41.33,557.92
16326,4667,250,2,314.99,10,45.36,612.34
16327,4668,448,3,420.99,15,85.88,1159.4
16328,4668,120,4,1301.99,0,416.64,5624.6
16329,4668,488,3,732.99,10,158.33,2137.4
16330,4669,276,4,293.99,5,89.37,1206.53
16331,4669,89,1,794.99,5,60.42,815.66
16332,4669,26,4,270.99,0,86.72,1170.68
16333,4669,400,4,1305.99,15,355.23,4795.6
16334,4669,213,4,700.99,10,201.89,2725.45
16335,4669,245,3,1338.99,0,321.36,4338.33
16336,4670,149,3,1056.99,15,215.63,2910.95
16337,4670,360,4,407.99,10,117.5,1586.26
16338,4670,200,2,330.99,15,45.01,607.69
16339,4670,314,2,159.99,10,23.04,311.02
16340,4671,142,1,614.99,5,46.74,630.98
16341,4671,269,3,794.99,15,162.18,2189.4
16342,4671,35,2,1193.99,5,181.49,2450.07
16343,4671,188,3,1278.99,10,276.26,3729.53
16344,4671,183,4,56.99,0,18.24,246.2
16345,4671,134,2,290.99,15,39.57,534.25
16346,4672,71,4,1311.99,5,398.84,5384.4
16347,4672,488,1,732.99,0,58.64,791.63
16348,4672,281,3,1147.99,0,275.52,3719.49
16349,4672,473,1,1377.99,10,99.22,1339.41
16350,4673,449,4,634.99,5,193.04,2606
16351,4673,439,3,168.99,15,34.47,465.39
16352,4673,309,3,103.99,0,24.96,336.93
16353,4673,497,4,681.99,10,196.41,2651.57
16354,4673,317,3,1482.99,0,355.92,4804.89
16355,4674,193,3,973.99,5,222.07,2997.94
16356,4674,307,3,1360.99,0,326.64,4409.61
16357,4674,228,4,836.99,15,227.66,3073.43
16358,4674,270,3,213.99,5,48.79,658.66
16359,4675,274,1,729.99,0,58.4,788.39
16360,4675,318,4,300.99,15,81.87,1105.24
16361,4675,305,3,1235.99,10,266.97,3604.14
16362,4675,218,2,790.99,0,126.56,1708.54
16363,4675,423,3,1494.99,10,322.92,4359.39
16364,4676,245,1,1338.99,10,96.41,1301.5
16365,4676,314,1,159.99,10,11.52,155.51
16366,4677,21,3,683.99,15,139.53,1883.7
16367,4677,443,4,941.99,5,286.36,3865.92
16368,4678,336,4,743.99,15,202.37,2731.94
16369,4678,292,3,907.99,10,196.13,2647.7
16370,4678,498,3,525.99,5,119.93,1619
16371,4678,365,3,1002.99,15,204.61,2762.23
16372,4679,486,4,220.99,15,60.11,811.48
16373,4680,207,4,1123.99,5,341.69,4612.85
16374,4680,45,1,896.99,0,71.76,968.75
16375,4680,395,4,1497.99,10,431.42,5824.18
16376,4680,182,2,766.99,0,122.72,1656.7
16377,4681,240,4,1188.99,5,361.45,4879.61
16378,4681,359,1,147.99,15,10.06,135.85
16379,4681,280,1,1103.99,5,83.9,1132.69
16380,4681,456,4,1330.99,5,404.62,5462.38
16381,4681,302,2,1319.99,5,200.64,2708.62
16382,4681,368,4,1159.99,15,315.52,4259.49
16383,4682,256,2,395.99,10,57.02,769.8
16384,4682,378,4,1307.99,10,376.7,5085.46
16385,4682,176,3,1323.99,5,301.87,4075.24
16386,4682,212,1,893.99,0,71.52,965.51
16387,4682,410,2,169.99,15,23.12,312.1
16388,4682,141,2,1173.99,5,178.45,2409.03
16389,4683,268,4,1229.99,10,354.24,4782.2
16390,4683,433,3,834.99,5,190.38,2570.1
16391,4683,476,1,732.99,15,49.84,672.88
16392,4683,135,1,933.99,10,67.25,907.84
16393,4683,145,1,864.99,10,62.28,840.77
16394,4684,215,1,686.99,0,54.96,741.95
16395,4685,70,3,453.99,5,103.51,1397.38
16396,4685,104,2,1343.99,0,215.04,2903.02
16397,4685,133,1,514.99,15,35.02,472.76
16398,4685,436,2,541.99,15,73.71,995.09
16399,4686,395,4,1497.99,0,479.36,6471.32
16400,4686,402,2,723.99,0,115.84,1563.82
16401,4686,387,1,947.99,0,75.84,1023.83
16402,4686,250,3,314.99,5,71.82,969.54
16403,4686,79,3,1262.99,15,257.65,3478.27
16404,4687,247,1,1255.99,0,100.48,1356.47
16405,4687,303,1,230.99,15,15.71,212.05
16406,4687,470,2,203.99,0,32.64,440.62
16407,4687,69,4,998.99,10,287.71,3884.07
16408,4687,191,2,676.99,15,92.07,1242.95
16409,4688,358,2,94.99,10,13.68,184.66
16410,4688,377,4,808.99,15,220.05,2970.62
16411,4688,151,2,683.99,0,109.44,1477.42
16412,4688,486,4,220.99,15,60.11,811.48
16413,4688,167,1,715.99,10,51.55,695.94
16414,4689,300,3,991.99,15,202.37,2731.94
16415,4689,490,2,968.99,10,139.53,1883.71
16416,4689,438,1,1482.99,5,112.71,1521.55
16417,4689,270,4,213.99,0,68.48,924.44
16418,4690,13,2,241.99,0,38.72,522.7
16419,4690,121,2,318.99,15,43.38,585.66
16420,4690,441,1,766.99,5,58.29,786.93
16421,4690,418,3,445.99,5,101.69,1372.76
16422,4691,376,3,121.99,5,27.81,375.48
16423,4692,242,1,1500.99,10,108.07,1458.96
16424,4693,227,3,1337.99,5,305.06,4118.33
16425,4694,12,3,403.99,5,92.11,1243.48
16426,4694,470,3,203.99,10,44.06,594.83
16427,4694,474,1,500.99,15,34.07,459.91
16428,4694,413,3,1416.99,10,306.07,4131.94
16429,4695,168,2,387.99,10,55.87,754.25
16430,4696,125,3,1036.99,0,248.88,3359.85
16431,4696,190,1,1002.99,15,68.2,920.74
16432,4696,400,4,1305.99,0,417.92,5641.88
16433,4696,8,2,586.99,0,93.92,1267.9
16434,4696,223,2,526.99,10,75.89,1024.47
16435,4696,178,1,1071.99,10,77.18,1041.97
16436,4697,163,3,911.99,10,196.99,2659.36
16437,4697,500,1,835.99,5,63.54,857.73
16438,4698,377,2,808.99,10,116.49,1572.67
16439,4698,459,1,868.99,10,62.57,844.66
16440,4698,407,1,160.99,10,11.59,156.48
16441,4698,237,3,1263.99,0,303.36,4095.33
16442,4698,17,2,517.99,15,70.45,951.03
16443,4699,386,1,300.99,15,20.47,276.31
16444,4699,487,4,417.99,0,133.76,1805.72
16445,4699,240,2,1188.99,0,190.24,2568.22
16446,4699,152,2,47.99,10,6.91,93.29
16447,4700,220,2,620.99,5,94.39,1274.27
16448,4700,327,4,975.99,5,296.7,4005.46
16449,4700,330,1,791.99,0,63.36,855.35
16450,4701,367,2,419.99,10,60.48,816.46
16451,4702,77,1,453.99,15,30.87,416.76
16452,4702,246,1,1215.99,0,97.28,1313.27
16453,4703,47,3,498.99,0,119.76,1616.73
16454,4703,426,3,887.99,10,191.81,2589.38
16455,4703,241,3,753.99,10,162.86,2198.63
16456,4703,277,1,422.99,10,30.46,411.15
16457,4703,307,2,1360.99,10,195.98,2645.76
16458,4704,303,1,230.99,10,16.63,224.52
16459,4704,355,1,45.99,5,3.5,47.19
16460,4704,6,4,98.99,5,30.09,406.25
16461,4704,324,2,135.99,10,19.58,264.36
16462,4705,8,1,586.99,10,42.26,570.55
16463,4705,32,4,471.99,10,135.93,1835.09
16464,4705,180,1,656.99,10,47.3,638.59
16465,4705,104,1,1343.99,15,91.39,1233.78
16466,4705,310,4,1363.99,15,371.01,5008.58
16467,4706,86,3,113.99,10,24.62,332.39
16468,4706,90,3,825.99,15,168.5,2274.77
16469,4706,128,4,987.99,15,268.73,3627.9
16470,4707,169,4,755.99,0,241.92,3265.88
16471,4707,141,3,1173.99,5,267.67,3613.54
16472,4707,429,4,940.99,0,301.12,4065.08
16473,4707,156,2,1366.99,10,196.85,2657.43
16474,4708,354,1,946.99,5,71.97,971.61
16475,4708,291,3,1046.99,5,238.71,3222.63
16476,4708,85,1,978.99,10,70.49,951.58
16477,4709,341,4,558.99,5,169.93,2294.09
16478,4709,452,1,364.99,0,29.2,394.19
16479,4709,337,3,1160.99,10,250.77,3385.44
16480,4709,84,3,186.99,10,40.39,545.26
16481,4710,135,2,933.99,15,127.02,1714.8
16482,4711,47,2,498.99,15,67.86,916.14
16483,4711,163,2,911.99,0,145.92,1969.9
16484,4712,372,3,364.99,15,74.46,1005.18
16485,4712,173,1,682.99,15,46.44,626.98
16486,4712,63,1,1206.99,15,82.08,1108.02
16487,4712,64,4,546.99,10,157.53,2126.69
16488,4712,100,1,291.99,15,19.86,268.05
16489,4712,139,3,1205.99,5,274.97,3712.04
16490,4713,306,4,842.99,0,269.76,3641.72
16491,4713,328,2,197.99,5,30.09,406.27
16492,4713,103,4,310.99,0,99.52,1343.48
16493,4713,326,1,879.99,0,70.4,950.39
16494,4713,125,1,1036.99,10,74.66,1007.95
16495,4714,417,3,897.99,15,183.19,2473.06
16496,4714,217,3,1491.99,0,358.08,4834.05
16497,4714,369,1,1321.99,15,89.9,1213.59
16498,4714,423,3,1494.99,5,340.86,4601.58
16499,4714,436,1,541.99,5,41.19,556.08
16500,4715,311,1,1079.99,0,86.4,1166.39
16501,4715,104,4,1343.99,5,408.57,5515.73
16502,4715,417,2,897.99,0,143.68,1939.66
16503,4715,38,1,385.99,5,29.34,396.03
16504,4715,193,3,973.99,15,198.69,2682.36
16505,4716,252,2,896.99,15,121.99,1646.87
16506,4716,185,2,252.99,0,40.48,546.46
16507,4717,465,1,1287.99,5,97.89,1321.48
16508,4717,500,3,835.99,0,200.64,2708.61
16509,4717,405,3,33.99,5,7.75,104.62
16510,4717,40,4,506.99,15,137.9,1861.67
16511,4717,173,3,682.99,10,147.53,1991.6
16512,4718,162,3,259.99,10,56.16,758.13
16513,4718,156,1,1366.99,10,98.42,1328.71
16514,4718,19,3,1251.99,15,255.41,3447.98
16515,4718,105,3,1499.99,10,324,4373.97
16516,4718,232,1,1001.99,0,80.16,1082.15
16517,4719,432,4,423.99,0,135.68,1831.64
16518,4719,234,4,405.99,10,116.93,1578.49
16519,4719,281,1,1147.99,10,82.66,1115.85
16520,4719,453,1,351.99,0,28.16,380.15
16521,4720,181,1,332.99,0,26.64,359.63
16522,4720,75,4,927.99,15,252.41,3407.58
16523,4720,33,3,1048.99,0,251.76,3398.73
16524,4721,421,4,1020.99,10,294.05,3969.61
16525,4721,467,2,827.99,15,112.61,1520.19
16526,4721,319,4,336.99,10,97.05,1310.21
16527,4721,182,4,766.99,10,220.89,2982.05
16528,4721,234,3,405.99,0,97.44,1315.41
16529,4721,288,1,1187.99,5,90.29,1218.88
16530,4722,168,2,387.99,10,55.87,754.25
16531,4722,270,2,213.99,0,34.24,462.22
16532,4722,94,3,827.99,0,198.72,2682.69
16533,4722,330,4,791.99,10,228.09,3079.25
16534,4722,287,2,549.99,15,74.8,1009.78
16535,4722,381,2,1077.99,10,155.23,2095.61
16536,4723,294,4,184.99,15,50.32,679.29
16537,4723,445,3,20.99,15,4.28,57.8
16538,4724,101,1,1394.99,10,100.44,1355.93
16539,4725,337,3,1160.99,15,236.84,3197.36
16540,4725,191,3,676.99,15,138.11,1864.43
16541,4725,484,1,622.99,15,42.36,571.9
16542,4725,195,2,420.99,0,67.36,909.34
16543,4725,343,3,758.99,5,173.05,2336.17
16544,4726,15,1,1374.99,0,110,1484.99
16545,4726,94,3,827.99,15,168.91,2280.28
16546,4726,419,2,351.99,15,47.87,646.25
16547,4726,219,4,737.99,0,236.16,3188.12
16548,4726,141,4,1173.99,0,375.68,5071.64
16549,4726,7,2,814.99,5,123.88,1672.36
16550,4727,151,2,683.99,15,93.02,1255.8
16551,4728,78,2,1476.99,15,200.87,2711.75
16552,4728,419,4,351.99,15,95.74,1292.51
16553,4728,202,4,721.99,5,219.48,2963.04
16554,4728,29,2,573.99,5,87.25,1177.83
16555,4728,484,1,622.99,0,49.84,672.83
16556,4728,266,4,232.99,0,74.56,1006.52
16557,4729,35,1,1193.99,15,81.19,1096.08
16558,4729,414,1,1426.99,0,114.16,1541.15
16559,4730,23,4,347.99,0,111.36,1503.32
16560,4730,281,3,1147.99,15,234.19,3161.56
16561,4730,469,2,489.99,10,70.56,952.54
16562,4731,198,2,1083.99,0,173.44,2341.42
16563,4731,467,2,827.99,10,119.23,1609.61
16564,4731,106,3,151.99,15,31.01,418.58
16565,4731,436,4,541.99,15,147.42,1990.19
16566,4731,31,3,542.99,15,110.77,1495.39
16567,4731,297,3,1086.99,15,221.75,2993.57
16568,4732,284,3,1112.99,10,240.41,3245.48
16569,4732,102,1,1242.99,5,94.47,1275.31
16570,4732,446,1,169.99,0,13.6,183.59
16571,4733,36,4,624.99,10,180,2429.96
16572,4733,51,4,246.99,10,71.13,960.29
16573,4733,146,1,26.99,0,2.16,29.15
16574,4733,150,2,335.99,5,51.07,689.45
16575,4733,449,2,634.99,15,86.36,1165.84
16576,4734,261,1,718.99,10,51.77,698.86
16577,4734,26,1,270.99,15,18.43,248.77
16578,4735,134,2,290.99,0,46.56,628.54
16579,4735,422,2,572.99,5,87.09,1175.77
16580,4735,119,2,975.99,0,156.16,2108.14
16581,4735,181,3,332.99,10,71.93,971
16582,4735,345,3,1180.99,10,255.09,3443.76
16583,4736,77,2,453.99,10,65.37,882.55
16584,4737,346,4,406.99,10,117.21,1582.37
16585,4737,132,1,728.99,15,49.57,669.21
16586,4737,393,4,363.99,5,110.65,1493.81
16587,4737,334,2,597.99,15,81.33,1097.91
16588,4737,295,1,1309.99,5,99.56,1344.05
16589,4737,429,1,940.99,10,67.75,914.64
16590,4738,425,2,817.99,5,124.33,1678.51
16591,4738,108,4,1184.99,10,341.28,4607.24
16592,4738,212,2,893.99,5,135.89,1834.47
16593,4739,24,1,371.99,5,28.27,381.66
16594,4739,192,1,192.99,0,15.44,208.43
16595,4739,496,3,484.99,10,104.76,1414.23
16596,4739,221,4,1084.99,5,329.84,4452.8
16597,4739,343,4,758.99,10,218.59,2950.95
16598,4740,143,4,553.99,15,150.69,2034.26
16599,4740,102,4,1242.99,15,338.09,4564.26
16600,4740,207,2,1123.99,10,161.85,2185.03
16601,4740,308,1,1135.99,15,77.25,1042.84
16602,4741,156,1,1366.99,15,92.96,1254.9
16603,4742,438,1,1482.99,10,106.78,1441.47
16604,4742,359,1,147.99,15,10.06,135.85
16605,4742,158,4,1369.99,15,372.64,5030.61
16606,4742,29,3,573.99,5,130.87,1766.74
16607,4742,226,4,278.99,10,80.35,1084.71
16608,4742,343,2,758.99,5,115.37,1557.45
16609,4743,172,1,1080.99,15,73.51,992.35
16610,4743,19,1,1251.99,0,100.16,1352.15
16611,4743,401,4,487.99,10,140.54,1897.3
16612,4744,145,3,864.99,10,186.84,2522.31
16613,4744,249,2,462.99,15,62.97,850.05
16614,4744,325,4,527.99,10,152.06,2052.82
16615,4744,400,4,1305.99,0,417.92,5641.88
16616,4745,393,2,363.99,15,49.5,668.28
16617,4745,292,4,907.99,0,290.56,3922.52
16618,4745,329,1,464.99,5,35.34,477.08
16619,4746,454,3,499.99,0,120,1619.97
16620,4746,17,1,517.99,10,37.3,503.49
16621,4746,480,2,833.99,10,120.09,1621.27
16622,4746,490,1,968.99,0,77.52,1046.51
16623,4746,419,4,351.99,0,112.64,1520.6
16624,4747,413,4,1416.99,10,408.09,5509.25
16625,4748,14,3,1137.99,5,259.46,3502.73
16626,4748,404,1,1238.99,10,89.21,1204.3
16627,4748,417,1,897.99,0,71.84,969.83
16628,4748,265,3,454.99,10,98.28,1326.75
16629,4748,40,1,506.99,10,36.5,492.79
16630,4748,387,3,947.99,10,204.77,2764.34
16631,4749,61,3,130.99,10,28.29,381.96
16632,4749,87,3,1443.99,0,346.56,4678.53
16633,4749,432,4,423.99,15,115.33,1556.9
16634,4749,229,3,611.99,5,139.53,1883.7
16635,4750,10,2,551.99,5,83.9,1132.68
16636,4750,182,4,766.99,0,245.44,3313.4
16637,4750,217,4,1491.99,5,453.56,6123.12
16638,4750,328,4,197.99,0,63.36,855.32
16639,4750,288,2,1187.99,0,190.08,2566.06
16640,4751,202,3,721.99,0,173.28,2339.25
16641,4751,93,4,498.99,5,151.69,2047.85
16642,4751,64,1,546.99,15,37.2,502.14
16643,4751,143,3,553.99,10,119.66,1615.43
16644,4751,366,2,1373.99,0,219.84,2967.82
16645,4752,312,4,522.99,0,167.36,2259.32
16646,4752,245,3,1338.99,10,289.22,3904.49
16647,4752,26,1,270.99,5,20.6,278.04
16648,4752,315,2,852.99,0,136.48,1842.46
16649,4752,159,3,229.99,15,46.92,633.39
16650,4753,284,3,1112.99,15,227.05,3065.17
16651,4753,248,1,804.99,15,54.74,738.98
16652,4753,167,3,715.99,0,171.84,2319.81
16653,4753,196,4,347.99,10,100.22,1352.98
16654,4753,486,4,220.99,5,67.18,906.94
16655,4753,37,3,303.99,15,62.01,837.18
16656,4754,23,4,347.99,0,111.36,1503.32
16657,4754,121,3,318.99,5,72.73,981.85
16658,4755,189,3,612.99,0,147.12,1986.09
16659,4755,286,4,365.99,0,117.12,1581.08
16660,4755,264,4,1444.99,15,393.04,5306.01
16661,4756,267,1,1201.99,10,86.54,1168.33
16662,4756,57,3,461.99,5,105.33,1422
16663,4757,144,1,260.99,5,19.84,267.78
16664,4757,32,1,471.99,0,37.76,509.75
16665,4758,316,2,1218.99,5,185.29,2501.37
16666,4758,225,3,861.99,10,186.19,2513.56
16667,4758,141,3,1173.99,0,281.76,3803.73
16668,4758,227,4,1337.99,5,406.75,5491.11
16669,4758,259,2,491.99,0,78.72,1062.7
16670,4759,73,1,1030.99,0,82.48,1113.47
16671,4760,151,1,683.99,10,49.25,664.84
16672,4760,68,3,230.99,10,49.89,673.56
16673,4761,29,1,573.99,15,39.03,526.92
16674,4761,88,3,322.99,10,69.77,941.84
16675,4762,142,2,614.99,15,83.64,1129.12
16676,4762,248,2,804.99,15,109.48,1477.96
16677,4762,40,1,506.99,0,40.56,547.55
16678,4762,43,2,423.99,10,61.05,824.23
16679,4763,473,1,1377.99,5,104.73,1413.82
16680,4763,155,3,635.99,5,145.01,1957.58
16681,4763,492,4,494.99,15,134.64,1817.61
16682,4763,192,2,192.99,15,26.25,354.33
16683,4764,236,2,1306.99,15,177.75,2399.63
16684,4764,49,3,124.99,0,30,404.97
16685,4765,271,1,242.99,15,16.52,223.06
16686,4765,424,2,823.99,0,131.84,1779.82
16687,4765,157,3,33.99,15,6.93,93.6
16688,4765,214,4,423.99,0,135.68,1831.64
16689,4766,242,1,1500.99,10,108.07,1458.96
16690,4767,241,1,753.99,10,54.29,732.88
16691,4767,142,4,614.99,15,167.28,2258.25
16692,4768,126,2,1486.99,15,202.23,2730.11
16693,4768,337,3,1160.99,10,250.77,3385.44
16694,4768,433,1,834.99,5,63.46,856.7
16695,4769,309,1,103.99,0,8.32,112.31
16696,4769,402,4,723.99,5,220.09,2971.25
16697,4769,370,4,1201.99,10,346.17,4673.33
16698,4769,323,2,599.99,15,81.6,1101.58
16699,4769,256,2,395.99,5,60.19,812.57
16700,4770,299,1,71.99,5,5.47,73.86
16701,4770,40,4,506.99,10,146.01,1971.17
16702,4770,246,4,1215.99,15,330.75,4465.12
16703,4770,441,2,766.99,15,104.31,1408.19
16704,4770,343,3,758.99,10,163.94,2213.21
16705,4771,144,3,260.99,10,56.37,761.04
16706,4771,314,4,159.99,15,43.52,587.49
16707,4772,430,2,421.99,10,60.77,820.35
16708,4772,101,3,1394.99,15,284.58,3841.8
16709,4772,116,1,1096.99,10,78.98,1066.27
16710,4772,79,1,1262.99,10,90.94,1227.63
16711,4772,98,2,1194.99,0,191.2,2581.18
16712,4773,123,1,271.99,10,19.58,264.37
16713,4773,466,2,796.99,0,127.52,1721.5
16714,4774,304,4,119.99,5,36.48,492.44
16715,4774,367,1,419.99,0,33.6,453.59
16716,4774,133,1,514.99,15,35.02,472.76
16717,4774,167,4,715.99,0,229.12,3093.08
16718,4774,61,4,130.99,10,37.73,509.29
16719,4775,156,2,1366.99,15,185.91,2509.79
16720,4776,484,3,622.99,0,149.52,2018.49
16721,4777,281,3,1147.99,10,247.97,3347.54
16722,4777,170,1,865.99,10,62.35,841.74
16723,4777,389,2,1452.99,5,220.85,2981.53
16724,4777,167,3,715.99,5,163.25,2203.82
16725,4777,104,1,1343.99,15,91.39,1233.78
16726,4778,13,4,241.99,10,69.69,940.85
16727,4778,416,2,444.99,10,64.08,865.06
16728,4779,357,4,481.99,15,131.1,1769.87
16729,4779,400,2,1305.99,5,198.51,2679.89
16730,4780,185,2,252.99,5,38.45,519.13
16731,4780,331,2,1061.99,10,152.93,2064.51
16732,4780,489,4,800.99,15,217.87,2941.24
16733,4780,119,2,975.99,10,140.54,1897.32
16734,4781,314,4,159.99,5,48.64,656.6
16735,4781,48,3,1148.99,0,275.76,3722.73
16736,4781,186,2,937.99,15,127.57,1722.15
16737,4781,1,4,524.99,15,142.8,1927.77
16738,4782,48,4,1148.99,5,349.29,4715.45
16739,4782,53,3,766.99,10,165.67,2236.54
16740,4782,232,3,1001.99,5,228.45,3084.12
16741,4782,45,2,896.99,5,136.34,1840.62
16742,4782,29,1,573.99,5,43.62,588.91
16743,4783,259,4,491.99,10,141.69,1912.85
16744,4783,118,2,213.99,0,34.24,462.22
16745,4783,85,3,978.99,5,223.21,3013.33
16746,4784,445,3,20.99,5,4.79,64.61
16747,4784,321,1,679.99,5,51.68,697.67
16748,4784,233,3,133.99,10,28.94,390.71
16749,4784,393,3,363.99,15,74.25,1002.42
16750,4784,414,1,1426.99,15,97.04,1309.98
16751,4784,7,4,814.99,15,221.68,2992.65
16752,4785,488,2,732.99,0,117.28,1583.26
16753,4786,186,2,937.99,5,142.57,1924.75
16754,4786,281,3,1147.99,0,275.52,3719.49
16755,4787,400,3,1305.99,0,313.44,4231.41
16756,4788,471,4,873.99,10,251.71,3398.07
16757,4788,207,2,1123.99,0,179.84,2427.82
16758,4788,464,3,820.99,15,167.48,2261
16759,4788,100,2,291.99,0,46.72,630.7
16760,4788,59,1,254.99,15,17.34,234.08
16761,4789,302,3,1319.99,15,269.28,3635.25
16762,4789,275,1,329.99,15,22.44,302.93
16763,4789,289,1,1112.99,0,89.04,1202.03
16764,4789,132,2,728.99,0,116.64,1574.62
16765,4789,443,2,941.99,5,143.18,1932.96
16766,4789,226,1,278.99,0,22.32,301.31
16767,4790,401,4,487.99,0,156.16,2108.12
16768,4791,219,2,737.99,10,106.27,1434.65
16769,4791,36,4,624.99,15,170,2294.97
16770,4791,397,1,635.99,15,43.25,583.84
16771,4791,448,2,420.99,5,63.99,863.87
16772,4791,200,1,330.99,0,26.48,357.47
16773,4792,167,1,715.99,15,48.69,657.28
16774,4792,246,4,1215.99,0,389.12,5253.08
16775,4792,408,4,474.99,5,144.4,1949.36
16776,4792,300,3,991.99,5,226.17,3053.34
16777,4793,240,1,1188.99,5,90.36,1219.9
16778,4793,375,1,541.99,10,39.02,526.81
16779,4793,487,2,417.99,10,60.19,812.57
16780,4793,362,4,285.99,10,82.37,1111.93
16781,4794,227,1,1337.99,0,107.04,1445.03
16782,4794,143,3,553.99,10,119.66,1615.43
16783,4794,211,1,440.99,15,29.99,404.83
16784,4795,316,1,1218.99,5,92.64,1250.68
16785,4795,248,4,804.99,5,244.72,3303.68
16786,4796,382,4,88.99,5,27.05,365.21
16787,4796,480,2,833.99,15,113.42,1531.2
16788,4797,229,2,611.99,15,83.23,1123.61
16789,4797,135,2,933.99,10,134.49,1815.67
16790,4797,421,1,1020.99,0,81.68,1102.67
16791,4797,172,1,1080.99,15,73.51,992.35
16792,4798,339,1,200.99,10,14.47,195.36
16793,4799,471,2,873.99,0,139.84,1887.82
16794,4799,129,3,251.99,0,60.48,816.45
16795,4799,238,1,280.99,0,22.48,303.47
16796,4799,333,3,1238.99,15,252.75,3412.17
16797,4800,181,1,332.99,5,25.31,341.65
16798,4800,286,4,365.99,5,111.26,1502.02
16799,4800,56,4,425.99,0,136.32,1840.28
16800,4801,473,1,1377.99,10,99.22,1339.41
16801,4801,189,3,612.99,0,147.12,1986.09
16802,4801,20,3,632.99,0,151.92,2050.89
16803,4801,348,1,586.99,5,44.61,602.25
16804,4802,184,2,446.99,15,60.79,820.67
16805,4802,323,3,599.99,15,122.4,1652.37
16806,4803,37,1,303.99,15,20.67,279.06
16807,4803,30,2,307.99,10,44.35,598.73
16808,4803,462,2,30.99,15,4.21,56.89
16809,4803,423,3,1494.99,0,358.8,4843.77
16810,4804,259,2,491.99,15,66.91,903.29
16811,4804,281,2,1147.99,10,165.31,2231.69
16812,4805,102,2,1242.99,10,178.99,2416.37
16813,4805,242,2,1500.99,10,216.14,2917.92
16814,4805,131,2,371.99,15,50.59,682.97
16815,4805,126,3,1486.99,0,356.88,4817.85
16816,4806,251,2,134.99,15,18.36,247.84
16817,4806,364,2,968.99,15,131.78,1779.06
16818,4807,450,4,670.99,10,193.25,2608.81
16819,4807,71,4,1311.99,5,398.84,5384.4
16820,4807,146,4,26.99,0,8.64,116.6
16821,4807,443,4,941.99,15,256.22,3458.99
16822,4808,250,4,314.99,10,90.72,1224.68
16823,4808,288,3,1187.99,15,242.35,3271.72
16824,4808,143,3,553.99,15,113.01,1525.68
16825,4808,187,3,1184.99,0,284.4,3839.37
16826,4809,290,4,963.99,0,308.48,4164.44
16827,4809,291,1,1046.99,15,71.2,961.14
16828,4809,387,4,947.99,10,273.02,3685.78
16829,4809,466,3,796.99,10,172.15,2324.02
16830,4809,211,3,440.99,5,100.55,1357.37
16831,4810,82,2,807.99,10,116.35,1570.73
16832,4810,236,4,1306.99,10,376.41,5081.57
16833,4810,171,4,399.99,5,121.6,1641.56
16834,4811,32,2,471.99,0,75.52,1019.5
16835,4811,463,1,1279.99,0,102.4,1382.39
16836,4811,161,2,1385.99,5,210.67,2844.05
16837,4811,128,4,987.99,15,268.73,3627.9
16838,4811,257,4,1143.99,0,366.08,4942.04
16839,4812,27,3,788.99,5,179.89,2428.51
16840,4813,490,4,968.99,15,263.57,3558.14
16841,4813,13,4,241.99,0,77.44,1045.4
16842,4814,58,3,1408.99,15,287.43,3880.35
16843,4814,28,1,176.99,15,12.04,162.48
16844,4814,488,3,732.99,5,167.12,2256.14
16845,4815,156,3,1366.99,10,295.27,3986.14
16846,4815,169,1,755.99,0,60.48,816.47
16847,4815,294,1,184.99,0,14.8,199.79
16848,4816,63,4,1206.99,5,366.92,4953.48
16849,4816,423,1,1494.99,10,107.64,1453.13
16850,4816,324,2,135.99,5,20.67,279.05
16851,4817,263,2,787.99,5,119.77,1616.95
16852,4817,418,1,445.99,5,33.9,457.59
16853,4817,352,1,1453.99,15,98.87,1334.76
16854,4817,275,3,329.99,10,71.28,962.25
16855,4817,32,4,471.99,0,151.04,2039
16856,4817,265,2,454.99,0,72.8,982.78
16857,4818,32,2,471.99,5,71.74,968.52
16858,4818,327,4,975.99,15,265.47,3583.84
16859,4818,424,3,823.99,5,187.87,2536.24
16860,4818,355,4,45.99,15,12.51,168.88
16861,4818,101,2,1394.99,0,223.2,3013.18
16862,4818,328,1,197.99,10,14.26,192.45
16863,4819,27,1,788.99,15,53.65,724.29
16864,4819,325,2,527.99,15,71.81,969.39
16865,4819,161,4,1385.99,10,399.17,5388.73
16866,4820,65,2,72.99,5,11.09,149.77
16867,4820,166,3,247.99,5,56.54,763.31
16868,4820,465,1,1287.99,5,97.89,1321.48
16869,4820,137,2,1014.99,0,162.4,2192.38
16870,4821,160,1,1272.99,10,91.66,1237.35
16871,4821,316,2,1218.99,10,175.53,2369.71
16872,4821,14,4,1137.99,15,309.53,4178.7
16873,4821,150,2,335.99,5,51.07,689.45
16874,4821,307,4,1360.99,15,370.19,4997.56
16875,4821,401,4,487.99,5,148.35,2002.71
16876,4822,292,4,907.99,10,261.5,3530.26
16877,4822,30,4,307.99,5,93.63,1263.99
16878,4822,164,1,135.99,0,10.88,146.87
16879,4822,214,1,423.99,10,30.53,412.12
16880,4822,439,1,168.99,10,12.17,164.26
16881,4823,118,1,213.99,15,14.55,196.44
16882,4824,327,1,975.99,10,70.27,948.66
16883,4824,155,4,635.99,0,203.52,2747.48
16884,4825,9,1,896.99,10,64.58,871.87
16885,4825,182,3,766.99,10,165.67,2236.54
16886,4825,52,2,449.99,15,61.2,826.18
16887,4825,63,1,1206.99,0,96.56,1303.55
16888,4826,442,1,799.99,0,64,863.99
16889,4827,317,2,1482.99,5,225.41,3043.09
16890,4828,38,1,385.99,15,26.25,354.34
16891,4828,106,2,151.99,15,20.67,279.05
16892,4828,499,3,1078.99,0,258.96,3495.93
16893,4828,10,4,551.99,0,176.64,2384.6
16894,4829,393,4,363.99,0,116.48,1572.44
16895,4829,347,2,89.99,0,14.4,194.38
16896,4829,56,4,425.99,5,129.5,1748.26
16897,4829,453,1,351.99,5,26.75,361.14
16898,4829,439,4,168.99,10,48.67,657.03
16899,4830,410,1,169.99,10,12.24,165.23
16900,4830,379,2,571.99,0,91.52,1235.5
16901,4830,465,2,1287.99,5,195.77,2642.95
16902,4830,327,4,975.99,5,296.7,4005.46
16903,4831,496,3,484.99,0,116.4,1571.37
16904,4831,37,3,303.99,5,69.31,935.68
16905,4831,162,3,259.99,15,53.04,716.01
16906,4831,15,2,1374.99,0,220,2969.98
16907,4831,90,1,825.99,0,66.08,892.07
16908,4831,215,4,686.99,10,197.85,2671.01
16909,4832,47,3,498.99,0,119.76,1616.73
16910,4832,54,1,685.99,10,49.39,666.78
16911,4833,436,2,541.99,5,82.38,1112.16
16912,4833,362,4,285.99,5,86.94,1173.7
16913,4834,495,1,974.99,10,70.2,947.69
16914,4834,384,2,898.99,0,143.84,1941.82
16915,4834,443,4,941.99,10,271.29,3662.45
16916,4834,191,2,676.99,5,102.9,1389.18
16917,4834,256,4,395.99,10,114.05,1539.61
16918,4834,12,4,403.99,10,116.35,1570.71
16919,4835,228,2,836.99,15,113.83,1536.71
16920,4835,75,2,927.99,0,148.48,2004.46
16921,4835,55,1,856.99,5,65.13,879.27
16922,4836,72,4,436.99,10,125.85,1699.01
16923,4837,152,3,47.99,5,10.94,147.71
16924,4838,166,1,247.99,0,19.84,267.83
16925,4838,92,1,1065.99,10,76.75,1036.14
16926,4838,23,4,347.99,15,94.65,1277.82
16927,4838,398,4,512.99,0,164.16,2216.12
16928,4838,293,2,1158.99,15,157.62,2127.9
16929,4838,221,3,1084.99,15,221.34,2988.06
16930,4839,342,1,1071.99,10,77.18,1041.97
16931,4839,416,4,444.99,0,142.4,1922.36
16932,4839,126,4,1486.99,10,428.25,5781.41
16933,4840,462,3,30.99,0,7.44,100.41
16934,4840,297,4,1086.99,0,347.84,4695.8
16935,4841,151,2,683.99,15,93.02,1255.8
16936,4841,66,1,276.99,5,21.05,284.19
16937,4841,76,1,1285.99,0,102.88,1388.87
16938,4841,173,3,682.99,0,163.92,2212.89
16939,4842,297,4,1086.99,5,330.44,4461
16940,4842,460,3,1118.99,10,241.7,3262.97
16941,4842,143,4,553.99,5,168.41,2273.57
16942,4842,247,2,1255.99,0,200.96,2712.94
16943,4842,351,4,321.99,15,87.58,1182.35
16944,4843,16,2,809.99,15,110.16,1487.14
16945,4844,82,4,807.99,5,245.63,3315.99
16946,4844,481,1,413.99,5,31.46,424.75
16947,4844,167,1,715.99,10,51.55,695.94
16948,4845,217,1,1491.99,10,107.42,1450.21
16949,4846,191,2,676.99,0,108.32,1462.3
16950,4847,330,3,791.99,10,171.07,2309.44
16951,4847,276,3,293.99,10,63.5,857.27
16952,4847,478,2,296.99,5,45.14,609.42
16953,4847,237,2,1263.99,15,171.9,2320.68
16954,4847,455,4,1465.99,15,398.75,5383.12
16955,4847,467,1,827.99,10,59.62,804.81
16956,4848,148,3,705.99,15,144.02,1944.29
16957,4848,168,1,387.99,15,26.38,356.17
16958,4849,25,2,109.99,10,15.84,213.82
16959,4850,212,2,893.99,10,128.73,1737.91
16960,4851,461,3,345.99,10,74.73,1008.9
16961,4851,106,2,151.99,5,23.1,311.88
16962,4851,277,3,422.99,10,91.37,1233.44
16963,4851,338,3,674.99,10,145.8,1968.27
16964,4851,186,4,937.99,10,270.14,3646.9
16965,4852,72,2,436.99,15,59.43,802.31
16966,4852,175,3,667.99,5,152.3,2056.07
16967,4852,124,4,388.99,10,112.03,1512.39
16968,4852,81,1,1111.99,15,75.62,1020.81
16969,4852,106,3,151.99,0,36.48,492.45
16970,4852,403,1,760.99,5,57.84,780.78
16971,4853,466,1,796.99,10,57.38,774.67
16972,4853,78,4,1476.99,15,401.74,5423.51
16973,4853,206,4,1275.99,0,408.32,5512.28
16974,4854,393,1,363.99,0,29.12,393.11
16975,4854,251,2,134.99,15,18.36,247.84
16976,4854,431,2,124.99,10,18,242.98
16977,4855,280,1,1103.99,5,83.9,1132.69
16978,4855,486,3,220.99,0,53.04,716.01
16979,4856,450,4,670.99,10,193.25,2608.81
16980,4856,338,1,674.99,15,45.9,619.64
16981,4856,8,1,586.99,15,39.92,538.86
16982,4856,248,3,804.99,0,193.2,2608.17
16983,4857,387,2,947.99,5,144.09,1945.27
16984,4857,340,1,1235.99,5,93.94,1268.13
16985,4858,174,4,688.99,0,220.48,2976.44
16986,4859,277,1,422.99,10,30.46,411.15
16987,4859,26,4,270.99,0,86.72,1170.68
16988,4859,228,2,836.99,10,120.53,1627.11
16989,4859,352,1,1453.99,5,110.5,1491.79
16990,4860,312,1,522.99,5,39.75,536.59
16991,4861,374,1,1025.99,10,73.87,997.26
16992,4861,93,2,498.99,10,71.85,970.03
16993,4861,167,2,715.99,0,114.56,1546.54
16994,4861,435,4,214.99,0,68.8,928.76
16995,4861,447,4,1108.99,5,337.13,4551.29
16996,4861,245,3,1338.99,5,305.29,4121.41
16997,4862,7,2,814.99,15,110.84,1496.32
16998,4862,457,4,929.99,10,267.84,3615.8
16999,4863,486,2,220.99,15,30.05,405.73
17000,4863,347,4,89.99,5,27.36,369.32
17001,4863,483,2,897.99,0,143.68,1939.66
17002,4863,146,1,26.99,15,1.84,24.78
17003,4864,453,3,351.99,0,84.48,1140.45
17004,4864,170,4,865.99,5,263.26,3554.02
17005,4864,64,2,546.99,15,74.39,1004.27
17006,4864,315,4,852.99,15,232.01,3132.18
17007,4865,261,4,718.99,5,218.57,2950.73
17008,4865,64,3,546.99,10,118.15,1595.02
17009,4865,156,4,1366.99,10,393.69,5314.85
17010,4865,307,3,1360.99,5,310.31,4189.13
17011,4865,33,2,1048.99,10,151.05,2039.23
17012,4866,81,2,1111.99,5,169.02,2281.8
17013,4866,423,3,1494.99,10,322.92,4359.39
17014,4866,221,4,1084.99,5,329.84,4452.8
17015,4867,279,4,814.99,10,234.72,3168.68
17016,4867,49,2,124.99,15,17,229.48
17017,4867,123,2,271.99,5,41.34,558.12
17018,4867,468,2,757.99,15,103.09,1391.67
17019,4868,89,4,794.99,0,254.4,3434.36
17020,4868,189,4,612.99,5,186.35,2515.71
17021,4869,362,1,285.99,0,22.88,308.87
17022,4869,451,3,1029.99,5,234.84,3170.31
17023,4869,220,2,620.99,0,99.36,1341.34
17024,4870,387,1,947.99,15,64.46,870.25
17025,4871,329,4,464.99,0,148.8,2008.76
17026,4871,80,4,811.99,0,259.84,3507.8
17027,4871,375,4,541.99,15,147.42,1990.19
17028,4871,191,2,676.99,5,102.9,1389.18
17029,4871,263,4,787.99,5,239.55,3233.91
17030,4871,136,2,182.99,15,24.89,335.97
17031,4872,39,4,1415.99,10,407.81,5505.37
17032,4873,459,3,868.99,0,208.56,2815.53
17033,4873,293,4,1158.99,15,315.25,4255.82
17034,4873,477,1,1192.99,0,95.44,1288.43
17035,4873,462,4,30.99,5,9.42,127.18
17036,4874,236,1,1306.99,0,104.56,1411.55
17037,4874,313,3,1158.99,0,278.16,3755.13
17038,4874,246,3,1215.99,5,277.25,3742.82
17039,4874,460,3,1118.99,5,255.13,3444.25
17040,4874,331,1,1061.99,15,72.22,974.91
17041,4875,261,4,718.99,15,195.57,2640.14
17042,4875,101,3,1394.99,5,318.06,4293.78
17043,4876,444,1,682.99,0,54.64,737.63
17044,4876,222,4,1259.99,15,342.72,4626.69
17045,4876,418,2,445.99,10,64.22,867
17046,4876,237,3,1263.99,0,303.36,4095.33
17047,4876,422,2,572.99,10,82.51,1113.89
17048,4876,424,2,823.99,15,112.06,1512.84
17049,4877,304,2,119.99,0,19.2,259.18
17050,4877,82,4,807.99,0,258.56,3490.52
17051,4877,203,3,992.99,10,214.49,2895.56
17052,4877,104,3,1343.99,10,290.3,3919.07
17053,4878,85,1,978.99,0,78.32,1057.31
17054,4878,476,4,732.99,5,222.83,3008.19
17055,4878,430,3,421.99,15,86.09,1162.16
17056,4878,114,3,879.99,15,179.52,2423.49
17057,4878,347,3,89.99,15,18.36,247.83
17058,4878,221,1,1084.99,15,73.78,996.02
17059,4879,108,2,1184.99,0,189.6,2559.58
17060,4879,116,2,1096.99,0,175.52,2369.5
17061,4879,364,2,968.99,10,139.53,1883.71
17062,4879,167,1,715.99,10,51.55,695.94
17063,4879,79,2,1262.99,5,191.97,2591.65
17064,4879,438,1,1482.99,15,100.84,1361.38
17065,4880,280,3,1103.99,10,238.46,3219.23
17066,4880,410,2,169.99,10,24.48,330.46
17067,4880,175,1,667.99,15,45.42,613.21
17068,4881,239,4,133.99,10,38.59,520.95
17069,4881,215,4,686.99,15,186.86,2522.63
17070,4881,395,4,1497.99,15,407.45,5500.62
17071,4882,126,1,1486.99,0,118.96,1605.95
17072,4882,236,4,1306.99,10,376.41,5081.57
17073,4882,398,3,512.99,10,110.81,1495.88
17074,4882,440,3,637.99,10,137.81,1860.38
17075,4883,72,1,436.99,10,31.46,424.75
17076,4883,296,2,52.99,0,8.48,114.46
17077,4883,147,3,22.99,0,5.52,74.49
17078,4883,402,4,723.99,15,196.93,2658.5
17079,4884,145,3,864.99,15,176.46,2382.18
17080,4884,476,1,732.99,5,55.71,752.05
17081,4884,354,1,946.99,5,71.97,971.61
17082,4884,16,4,809.99,15,220.32,2974.29
17083,4884,329,2,464.99,5,70.68,954.16
17084,4885,87,1,1443.99,5,109.74,1481.53
17085,4885,271,1,242.99,0,19.44,262.43
17086,4885,265,4,454.99,0,145.6,1965.56
17087,4886,277,4,422.99,0,135.36,1827.32
17088,4886,233,3,133.99,10,28.94,390.71
17089,4886,78,4,1476.99,5,449,6061.56
17090,4887,188,1,1278.99,10,92.09,1243.18
17091,4887,166,1,247.99,10,17.86,241.05
17092,4887,356,3,328.99,5,75.01,1012.63
17093,4888,486,4,220.99,10,63.65,859.21
17094,4889,381,3,1077.99,0,258.72,3492.69
17095,4889,235,2,1232.99,10,177.55,2396.93
17096,4889,399,2,94.99,10,13.68,184.66
17097,4889,495,1,974.99,10,70.2,947.69
17098,4889,360,1,407.99,15,27.74,374.53
17099,4890,213,1,700.99,5,53.28,719.22
17100,4890,194,3,1138.99,15,232.35,3136.77
17101,4890,10,3,551.99,5,125.85,1699.02
17102,4890,357,1,481.99,0,38.56,520.55
17103,4890,282,1,427.99,0,34.24,462.23
17104,4891,182,2,766.99,0,122.72,1656.7
17105,4891,92,1,1065.99,5,81.02,1093.71
17106,4891,346,1,406.99,5,30.93,417.57
17107,4891,271,1,242.99,5,18.47,249.31
17108,4891,31,2,542.99,5,82.53,1114.21
17109,4891,55,2,856.99,15,116.55,1573.43
17110,4892,194,4,1138.99,5,346.25,4674.41
17111,4892,418,3,445.99,15,90.98,1228.25
17112,4893,494,1,1384.99,15,94.18,1271.42
17113,4893,197,2,659.99,10,95.04,1283.02
17114,4894,156,3,1366.99,10,295.27,3986.14
17115,4894,474,3,500.99,5,114.23,1542.05
17116,4895,147,2,22.99,10,3.31,44.69
17117,4896,249,3,462.99,10,100.01,1350.08
17118,4896,466,1,796.99,0,63.76,860.75
17119,4896,190,4,1002.99,0,320.96,4332.92
17120,4896,450,2,670.99,15,91.25,1231.93
17121,4896,163,2,911.99,0,145.92,1969.9
17122,4896,303,1,230.99,0,18.48,249.47
17123,4897,52,4,449.99,0,144,1943.96
17124,4897,409,3,773.99,0,185.76,2507.73
17125,4897,307,1,1360.99,0,108.88,1469.87
17126,4897,315,4,852.99,15,232.01,3132.18
17127,4897,96,4,545.99,5,165.98,2240.74
17128,4897,292,2,907.99,0,145.28,1961.26
17129,4898,75,1,927.99,15,63.1,851.89
17130,4898,455,1,1465.99,0,117.28,1583.27
17131,4899,236,4,1306.99,5,397.32,5363.88
17132,4900,216,1,979.99,15,66.64,899.63
17133,4900,450,1,670.99,0,53.68,724.67
17134,4900,314,4,159.99,0,51.2,691.16
17135,4900,406,3,1125.99,15,229.7,3100.97
17136,4901,475,4,1263.99,0,404.48,5460.44
17137,4901,376,1,121.99,5,9.27,125.16
17138,4901,447,2,1108.99,0,177.44,2395.42
17139,4901,413,3,1416.99,5,323.07,4361.49
17140,4901,130,2,1187.99,10,171.07,2309.45
17141,4902,434,2,1392.99,0,222.88,3008.86
17142,4902,403,4,760.99,0,243.52,3287.48
17143,4903,428,3,160.99,0,38.64,521.61
17144,4903,106,3,151.99,10,32.83,443.2
17145,4903,123,2,271.99,10,39.17,528.75
17146,4904,361,4,531.99,5,161.72,2183.28
17147,4904,481,3,413.99,5,94.39,1274.26
17148,4904,24,3,371.99,0,89.28,1205.25
17149,4904,428,4,160.99,0,51.52,695.48
17150,4905,482,2,774.99,0,124,1673.98
17151,4905,219,3,737.99,10,159.41,2151.98
17152,4905,52,3,449.99,0,108,1457.97
17153,4905,390,2,33.99,0,5.44,73.42
17154,4905,494,3,1384.99,0,332.4,4487.37
17155,4906,381,4,1077.99,5,327.71,4424.07
17156,4906,236,3,1306.99,5,297.99,4022.91
17157,4906,417,3,897.99,0,215.52,2909.49
17158,4906,191,2,676.99,10,97.49,1316.07
17159,4907,306,4,842.99,15,229.29,3095.46
17160,4907,85,3,978.99,0,234.96,3171.93
17161,4907,464,1,820.99,5,62.4,842.34
17162,4907,78,1,1476.99,0,118.16,1595.15
17163,4907,2,1,102.99,5,7.83,105.67
17164,4907,308,2,1135.99,0,181.76,2453.74
17165,4908,302,3,1319.99,10,285.12,3849.09
17166,4908,75,1,927.99,15,63.1,851.89
17167,4908,274,1,729.99,10,52.56,709.55
17168,4909,94,1,827.99,10,59.62,804.81
17169,4909,9,1,896.99,15,61,823.44
17170,4909,24,3,371.99,5,84.81,1144.98
17171,4909,454,2,499.99,10,72,971.98
17172,4910,166,3,247.99,0,59.52,803.49
17173,4910,2,1,102.99,0,8.24,111.23
17174,4910,387,3,947.99,5,216.14,2917.91
17175,4910,346,3,406.99,15,83.03,1120.85
17176,4910,11,2,1445.99,0,231.36,3123.34
17177,4911,295,3,1309.99,10,282.96,3819.93
17178,4912,387,1,947.99,0,75.84,1023.83
17179,4912,376,2,121.99,15,16.59,223.97
17180,4913,53,4,766.99,0,245.44,3313.4
17181,4913,316,3,1218.99,15,248.67,3357.09
17182,4913,129,2,251.99,0,40.32,544.3
17183,4913,368,4,1159.99,0,371.2,5011.16
17184,4914,334,4,597.99,10,172.22,2324.98
17185,4914,188,1,1278.99,15,86.97,1174.11
17186,4914,239,4,133.99,10,38.59,520.95
17187,4915,189,2,612.99,10,88.27,1191.65
17188,4915,434,3,1392.99,0,334.32,4513.29
17189,4915,305,2,1235.99,15,168.09,2269.27
17190,4916,19,2,1251.99,0,200.32,2704.3
17191,4916,500,1,835.99,10,60.19,812.58
17192,4916,326,1,879.99,5,66.88,902.87
17193,4916,402,3,723.99,0,173.76,2345.73
17194,4917,361,1,531.99,5,40.43,545.82
17195,4918,100,3,291.99,5,66.57,898.74
17196,4919,5,1,1162.99,15,79.08,1067.62
17197,4919,141,4,1173.99,10,338.11,4564.47
17198,4920,464,3,820.99,15,167.48,2261
17199,4920,263,2,787.99,15,107.17,1446.75
17200,4920,99,1,1421.99,5,108.07,1458.96
17201,4921,429,4,940.99,0,301.12,4065.08
17202,4921,166,3,247.99,0,59.52,803.49
17203,4921,263,4,787.99,5,239.55,3233.91
17204,4921,62,4,516.99,0,165.44,2233.4
17205,4921,354,1,946.99,5,71.97,971.61
17206,4921,219,3,737.99,15,150.55,2032.42
17207,4922,472,4,393.99,15,107.17,1446.74
17208,4922,276,1,293.99,10,21.17,285.76
17209,4922,45,3,896.99,5,204.51,2760.93
17210,4922,400,4,1305.99,15,355.23,4795.6
17211,4922,35,3,1193.99,5,272.23,3675.1
17212,4922,99,1,1421.99,0,113.76,1535.75
17213,4923,222,1,1259.99,15,85.68,1156.67
17214,4923,78,2,1476.99,0,236.32,3190.3
17215,4923,39,4,1415.99,15,385.15,5199.52
17216,4923,436,1,541.99,10,39.02,526.81
17217,4924,147,3,22.99,5,5.24,70.76
17218,4924,462,3,30.99,15,6.32,85.34
17219,4925,171,1,399.99,5,30.4,410.39
17220,4925,223,2,526.99,15,71.67,967.55
17221,4925,499,2,1078.99,5,164.01,2214.09
17222,4925,154,3,156.99,5,35.79,483.21
17223,4926,391,2,1383.99,15,188.22,2541
17224,4926,369,3,1321.99,5,301.41,4069.08
17225,4926,337,1,1160.99,5,88.24,1191.18
17226,4927,454,4,499.99,0,160,2159.96
17227,4927,198,2,1083.99,10,156.09,2107.27
17228,4927,29,1,573.99,10,41.33,557.92
17229,4927,248,3,804.99,15,164.22,2216.94
17230,4927,448,2,420.99,5,63.99,863.87
17231,4927,246,4,1215.99,5,369.66,4990.42
17232,4928,332,1,1276.99,0,102.16,1379.15
17233,4928,55,4,856.99,15,233.1,3146.87
17234,4929,411,4,1232.99,5,374.83,5060.19
17235,4930,4,4,935.99,15,254.59,3436.96
17236,4930,46,3,941.99,0,226.08,3052.05
17237,4930,97,2,432.99,5,65.81,888.49
17238,4930,145,2,864.99,15,117.64,1588.12
17239,4931,187,2,1184.99,0,189.6,2559.58
17240,4931,190,4,1002.99,5,304.91,4116.27
17241,4931,347,3,89.99,5,20.52,276.99
17242,4931,299,3,71.99,5,16.41,221.58
17243,4931,283,1,63.99,5,4.86,65.65
17244,4932,148,4,705.99,10,203.33,2744.89
17245,4932,356,4,328.99,0,105.28,1421.24
17246,4932,147,1,22.99,10,1.66,22.35
17247,4932,153,3,850.99,10,183.81,2481.48
17248,4932,298,4,1045.99,15,284.51,3840.88
17249,4932,234,1,405.99,0,32.48,438.47
17250,4933,246,2,1215.99,10,175.1,2363.88
17251,4934,130,1,1187.99,5,90.29,1218.88
17252,4934,461,3,345.99,10,74.73,1008.9
17253,4934,260,2,301.99,5,45.9,619.68
17254,4934,316,3,1218.99,0,292.56,3949.53
17255,4934,353,3,155.99,5,35.57,480.14
17256,4935,29,3,573.99,5,130.87,1766.74
17257,4935,209,3,565.99,5,129.05,1742.12
17258,4935,394,2,198.99,10,28.65,386.83
17259,4935,305,3,1235.99,0,296.64,4004.61
17260,4936,363,3,1073.99,0,257.76,3479.73
17261,4936,489,2,800.99,0,128.16,1730.14
17262,4936,421,2,1020.99,15,138.85,1874.53
17263,4937,386,2,300.99,10,43.34,585.12
17264,4937,161,1,1385.99,5,105.34,1422.03
17265,4937,332,1,1276.99,0,102.16,1379.15
17266,4937,87,4,1443.99,10,415.87,5614.23
17267,4938,193,3,973.99,0,233.76,3155.73
17268,4939,228,1,836.99,10,60.26,813.55
17269,4940,227,2,1337.99,10,192.67,2601.05
17270,4940,196,4,347.99,10,100.22,1352.98
17271,4940,22,1,1226.99,0,98.16,1325.15
17272,4940,287,4,549.99,5,167.2,2257.16
17273,4941,237,2,1263.99,0,202.24,2730.22
17274,4941,477,1,1192.99,5,90.67,1224.01
17275,4941,341,1,558.99,0,44.72,603.71
17276,4941,139,3,1205.99,0,289.44,3907.41
17277,4941,282,4,427.99,15,116.41,1571.58
17278,4941,301,4,517.99,15,140.89,1902.06
17279,4942,401,3,487.99,10,105.41,1422.98
17280,4942,310,4,1363.99,15,371.01,5008.58
17281,4943,111,3,282.99,5,64.52,871.04
17282,4943,57,3,461.99,5,105.33,1422
17283,4943,244,1,42.99,5,3.27,44.11
17284,4944,396,4,777.99,10,224.06,3024.82
17285,4944,237,4,1263.99,0,404.48,5460.44
17286,4944,414,4,1426.99,5,433.8,5856.36
17287,4944,195,2,420.99,10,60.62,818.4
17288,4944,434,2,1392.99,5,211.73,2858.41
17289,4945,334,1,597.99,10,43.06,581.25
17290,4945,47,4,498.99,15,135.73,1832.3
17291,4945,217,2,1491.99,0,238.72,3222.7
17292,4946,221,1,1084.99,15,73.78,996.02
17293,4946,490,2,968.99,10,139.53,1883.71
17294,4946,339,4,200.99,10,57.89,781.45
17295,4946,327,3,975.99,15,199.1,2687.87
17296,4946,414,2,1426.99,15,194.07,2619.95
17297,4947,165,1,1057.99,0,84.64,1142.63
17298,4947,500,4,835.99,0,267.52,3611.48
17299,4947,263,4,787.99,10,226.94,3063.7
17300,4948,140,2,1240.99,5,188.63,2546.51
17301,4948,81,4,1111.99,10,320.25,4323.41
17302,4948,383,4,888.99,10,256.03,3456.39
17303,4948,464,1,820.99,5,62.4,842.34
17304,4949,408,3,474.99,10,102.6,1385.07
17305,4949,442,4,799.99,10,230.4,3110.36
17306,4949,165,2,1057.99,15,143.89,1942.47
17307,4950,89,1,794.99,15,54.06,729.8
17308,4950,381,2,1077.99,15,146.61,1979.19
17309,4950,428,1,160.99,5,12.24,165.18
17310,4950,262,4,140.99,0,45.12,609.08
17311,4950,88,4,322.99,5,98.19,1325.55
17312,4950,177,4,1234.99,5,375.44,5068.4
17313,4951,188,3,1278.99,10,276.26,3729.53
17314,4952,393,2,363.99,15,49.5,668.28
17315,4952,273,1,1167.99,10,84.1,1135.29
17316,4952,43,1,423.99,5,32.22,435.01
17317,4952,242,1,1500.99,5,114.08,1540.02
17318,4952,447,3,1108.99,0,266.16,3593.13
17319,4952,497,1,681.99,0,54.56,736.55
17320,4953,304,4,119.99,15,32.64,440.61
17321,4953,269,4,794.99,5,241.68,3262.64
17322,4953,206,2,1275.99,15,173.53,2342.71
17323,4953,146,3,26.99,15,5.51,74.33
17324,4953,159,1,229.99,15,15.64,211.13
17325,4954,285,2,936.99,0,149.92,2023.9
17326,4955,238,1,280.99,5,21.36,288.3
17327,4956,18,4,825.99,5,251.1,3389.86
17328,4956,66,4,276.99,5,84.2,1136.76
17329,4956,17,3,517.99,0,124.32,1678.29
17330,4956,83,3,549.99,15,112.2,1514.67
17331,4956,158,1,1369.99,15,93.16,1257.65
17332,4957,248,1,804.99,0,64.4,869.39
17333,4957,409,1,773.99,10,55.73,752.32
17334,4957,210,2,919.99,5,139.84,1887.82
17335,4957,31,4,542.99,5,165.07,2228.43
17336,4957,415,1,1290.99,0,103.28,1394.27
17337,4958,89,3,794.99,0,190.8,2575.77
17338,4958,124,3,388.99,15,79.35,1071.27
17339,4958,356,2,328.99,5,50.01,675.09
17340,4959,112,4,652.99,15,177.61,2397.78
17341,4959,242,4,1500.99,10,432.29,5835.85
17342,4959,6,4,98.99,5,30.09,406.25
17343,4960,338,4,674.99,0,216,2915.96
17344,4960,386,2,300.99,0,48.16,650.14
17345,4960,18,4,825.99,15,224.67,3033.04
17346,4960,362,4,285.99,5,86.94,1173.7
17347,4960,498,4,525.99,0,168.32,2272.28
17348,4960,111,3,282.99,5,64.52,871.04
17349,4961,494,2,1384.99,5,210.52,2842
17350,4961,394,3,198.99,5,45.37,612.49
17351,4961,47,2,498.99,15,67.86,916.14
17352,4961,400,2,1305.99,10,188.06,2538.84
17353,4961,359,1,147.99,0,11.84,159.83
17354,4962,422,2,572.99,0,91.68,1237.66
17355,4962,164,4,135.99,5,41.34,558.1
17356,4962,205,3,727.99,10,157.25,2122.82
17357,4962,418,1,445.99,15,30.33,409.42
17358,4962,489,2,800.99,10,115.34,1557.12
17359,4962,265,2,454.99,10,65.52,884.5
17360,4963,73,4,1030.99,15,280.43,3785.8
17361,4963,184,3,446.99,15,91.19,1231.01
17362,4964,100,3,291.99,0,70.08,946.05
17363,4964,75,3,927.99,5,211.58,2856.35
17364,4965,168,4,387.99,15,105.53,1424.7
17365,4965,356,1,328.99,10,23.69,319.78
17366,4965,486,4,220.99,15,60.11,811.48
17367,4966,40,4,506.99,5,154.12,2080.68
17368,4967,442,2,799.99,15,108.8,1468.78
17369,4967,275,2,329.99,15,44.88,605.86
17370,4967,185,4,252.99,0,80.96,1092.92
17371,4968,445,3,20.99,0,5.04,68.01
17372,4968,123,3,271.99,0,65.28,881.25
17373,4968,305,3,1235.99,10,266.97,3604.14
17374,4968,160,4,1272.99,15,346.25,4674.42
17375,4968,338,4,674.99,10,194.4,2624.36
17376,4968,447,1,1108.99,0,88.72,1197.71
17377,4969,413,4,1416.99,15,385.42,5203.19
17378,4969,281,2,1147.99,5,174.49,2355.67
17379,4969,273,1,1167.99,5,88.77,1198.36
17380,4969,421,2,1020.99,15,138.85,1874.53
17381,4970,423,2,1494.99,15,203.32,2744.8
17382,4970,211,1,440.99,5,33.52,452.46
17383,4970,331,4,1061.99,0,339.84,4587.8
17384,4970,309,3,103.99,15,21.21,286.38
17385,4970,1,4,524.99,0,168,2267.96
17386,4970,189,2,612.99,0,98.08,1324.06
17387,4971,379,2,571.99,5,86.94,1173.72
17388,4971,492,2,494.99,15,67.32,908.8
17389,4972,77,4,453.99,0,145.28,1961.24
17390,4972,403,3,760.99,0,182.64,2465.61
17391,4972,190,2,1002.99,15,136.41,1841.49
17392,4972,276,4,293.99,10,84.67,1143.03
17393,4973,139,3,1205.99,10,260.49,3516.66
17394,4974,379,1,571.99,5,43.47,586.86
17395,4974,95,1,449.99,0,36,485.99
17396,4974,283,4,63.99,15,17.41,234.98
17397,4974,391,3,1383.99,15,282.33,3811.5
17398,4974,19,4,1251.99,5,380.6,5138.16
17399,4974,387,4,947.99,0,303.36,4095.32
17400,4975,8,2,586.99,15,79.83,1077.71
17401,4975,217,4,1491.99,5,453.56,6123.12
17402,4975,345,2,1180.99,10,170.06,2295.84
17403,4975,220,2,620.99,10,89.42,1207.2
17404,4975,278,4,714.99,10,205.92,2779.88
17405,4975,165,1,1057.99,15,71.94,971.23
17406,4976,292,3,907.99,5,207.02,2794.79
17407,4976,398,3,512.99,15,104.65,1412.77
17408,4976,78,3,1476.99,5,336.75,4546.17
17409,4976,236,4,1306.99,5,397.32,5363.88
17410,4977,238,4,280.99,5,85.42,1153.18
17411,4977,335,1,758.99,10,54.65,737.74
17412,4978,136,2,182.99,0,29.28,395.26
17413,4978,420,3,653.99,0,156.96,2118.93
17414,4978,467,1,827.99,10,59.62,804.81
17415,4978,325,4,527.99,10,152.06,2052.82
17416,4978,305,1,1235.99,0,98.88,1334.87
17417,4979,454,3,499.99,10,108,1457.97
17418,4979,458,4,449.99,10,129.6,1749.56
17419,4980,20,1,632.99,10,45.58,615.27
17420,4980,406,3,1125.99,10,243.21,3283.38
17421,4981,182,2,766.99,0,122.72,1656.7
17422,4981,342,1,1071.99,5,81.47,1099.86
17423,4981,109,4,1104.99,15,300.56,4057.53
17424,4981,485,4,875.99,5,266.3,3595.06
17425,4981,448,4,420.99,5,127.98,1727.74
17426,4982,196,3,347.99,10,75.17,1014.74
17427,4983,314,2,159.99,5,24.32,328.3
17428,4983,321,3,679.99,5,155.04,2093.01
17429,4984,162,2,259.99,0,41.6,561.58
17430,4985,139,4,1205.99,0,385.92,5209.88
17431,4985,423,4,1494.99,0,478.4,6458.36
17432,4985,54,3,685.99,5,156.41,2111.48
17433,4985,470,2,203.99,10,29.37,396.55
17434,4985,393,4,363.99,10,104.83,1415.19
17435,4985,463,1,1279.99,0,102.4,1382.39
17436,4986,82,2,807.99,10,116.35,1570.73
17437,4986,448,2,420.99,10,60.62,818.4
17438,4986,191,1,676.99,10,48.74,658.03
17439,4986,442,1,799.99,10,57.6,777.59
17440,4986,185,1,252.99,15,17.2,232.24
17441,4986,429,3,940.99,0,225.84,3048.81
17442,4987,256,1,395.99,15,26.93,363.52
17443,4987,203,1,992.99,5,75.47,1018.81
17444,4987,422,3,572.99,5,130.64,1763.66
17445,4987,398,1,512.99,15,34.88,470.92
17446,4987,471,2,873.99,0,139.84,1887.82
17447,4987,165,1,1057.99,0,84.64,1142.63
17448,4988,17,4,517.99,0,165.76,2237.72
17449,4989,320,3,1027.99,15,209.71,2831.08
17450,4989,101,3,1394.99,5,318.06,4293.78
17451,4989,442,2,799.99,15,108.8,1468.78
17452,4990,216,3,979.99,15,199.92,2698.89
17453,4990,257,3,1143.99,5,260.83,3521.2
17454,4990,325,2,527.99,0,84.48,1140.46
17455,4990,43,3,423.99,5,96.67,1305.04
17456,4991,353,4,155.99,0,49.92,673.88
17457,4991,494,3,1384.99,5,315.78,4263
17458,4991,368,2,1159.99,15,157.76,2129.74
17459,4991,44,2,586.99,5,89.22,1204.5
17460,4991,150,3,335.99,15,68.54,925.31
17461,4992,430,3,421.99,15,86.09,1162.16
17462,4992,214,4,423.99,5,128.89,1740.05
17463,4993,327,3,975.99,0,234.24,3162.21
17464,4994,133,2,514.99,15,70.04,945.52
17465,4995,89,3,794.99,10,171.72,2318.19
17466,4995,10,2,551.99,10,79.49,1073.07
17467,4996,145,3,864.99,5,197.22,2662.44
17468,4996,120,1,1301.99,15,88.54,1195.23
17469,4996,215,2,686.99,5,104.42,1409.7
17470,4997,327,1,975.99,0,78.08,1054.07
17471,4997,383,2,888.99,15,120.9,1632.18
17472,4998,372,1,364.99,15,24.82,335.06
17473,4999,270,4,213.99,10,61.63,831.99
17474,4999,287,4,549.99,10,158.4,2138.36
17475,4999,299,2,71.99,15,9.79,132.17
17476,4999,460,1,1118.99,0,89.52,1208.51
17477,4999,155,1,635.99,10,45.79,618.18
17478,4999,393,4,363.99,5,110.65,1493.81
17479,5000,401,4,487.99,0,156.16,2108.12
17480,5000,267,3,1201.99,10,259.63,3505
17481,5000,102,3,1242.99,5,283.4,3825.92
