ShipmentID,OrderID,Carrier,ShipDate,DeliveryDate,DeliveryStatus
1,1,USPS,2025-11-21,2025-11-25,Delivered
2,2,DHL,2025-02-07,2025-02-10,Delayed
3,3,DHL,2025-01-14,2025-01-20,In Transit
4,4,DHL,2025-11-19,2025-11-26,In Transit
5,5,FedEx,2025-11-29,2025-12-04,Delayed
6,6,UPS,2025-02-15,2025-02-20,Delayed
7,7,USPS,2025-02-01,2025-02-05,In Transit
8,8,UPS,2025-10-19,2025-10-25,Delayed
9,9,DHL,2025-12-28,2025-12-30,Delivered
10,10,DHL,2025-04-25,2025-04-29,Delayed
11,11,FedEx,2025-08-03,2025-08-10,Delivered
12,12,DHL,2025-08-01,2025-08-06,Delivered
13,13,FedEx,2025-11-16,2025-11-19,Delayed
14,14,USPS,2025-04-06,2025-04-07,In Transit
15,15,DHL,2025-01-28,2025-02-01,Delayed
16,16,FedEx,2025-11-25,2025-11-30,In Transit
17,17,USPS,2025-01-22,2025-01-26,Delayed
18,18,DHL,2025-12-05,2025-12-12,Delayed
19,19,DHL,2025-09-15,2025-09-22,In Transit
20,20,USPS,2025-06-20,2025-06-21,Delayed
21,21,UPS,2025-06-14,2025-06-16,Delivered
22,22,USPS,2025-03-03,2025-03-10,In Transit
23,23,USPS,2025-12-13,2025-12-15,Delivered
24,24,DHL,2025-09-12,2025-09-14,In Transit
25,25,UPS,2025-06-10,2025-06-16,Delivered
26,26,DHL,2025-04-20,2025-04-27,In Transit
27,27,UPS,2025-06-20,2025-06-25,Delayed
28,28,UPS,2025-10-14,2025-10-19,Delivered
29,29,FedEx,2025-05-30,2025-06-06,Delivered
30,30,USPS,2025-06-04,2025-06-09,Delivered
31,31,USPS,2025-09-16,2025-09-21,Delivered
32,32,DHL,2025-05-23,2025-05-29,In Transit
33,33,USPS,2025-09-06,2025-09-10,Delivered
34,34,UPS,2025-05-16,2025-05-17,Delivered
35,35,DHL,2025-04-01,2025-04-08,Delivered
36,36,DHL,2025-11-20,2025-11-27,Delivered
37,37,UPS,2025-07-12,2025-07-16,In Transit
38,38,USPS,2025-10-14,2025-10-17,Delivered
39,39,UPS,2025-01-02,2025-01-09,Delayed
40,40,DHL,2025-07-25,2025-07-26,In Transit
41,41,USPS,2025-08-31,2025-09-02,In Transit
42,42,USPS,2025-03-25,2025-03-27,Delayed
43,43,DHL,2025-11-11,2025-11-12,Delivered
44,44,FedEx,2025-12-03,2025-12-04,In Transit
45,45,DHL,2025-10-16,2025-10-23,Delayed
46,46,DHL,2025-08-18,2025-08-21,Delayed
47,47,USPS,2025-07-17,2025-07-21,In Transit
48,48,FedEx,2025-11-13,2025-11-18,Delayed
49,49,FedEx,2025-08-08,2025-08-09,In Transit
50,50,DHL,2025-11-25,2025-11-28,Delivered
51,51,FedEx,2025-03-21,2025-03-25,Delayed
52,52,DHL,2025-05-26,2025-06-02,In Transit
53,53,DHL,2025-06-15,2025-06-17,Delivered
54,54,UPS,2025-08-17,2025-08-20,Delayed
55,55,DHL,2025-02-07,2025-02-12,Delayed
56,56,USPS,2025-05-20,2025-05-27,In Transit
57,57,DHL,2025-05-02,2025-05-05,Delayed
58,58,UPS,2025-06-12,2025-06-17,In Transit
59,59,UPS,2025-11-24,2025-11-29,Delayed
60,60,DHL,2025-04-17,2025-04-20,Delivered
61,61,DHL,2025-04-02,2025-04-05,Delayed
62,62,DHL,2025-09-16,2025-09-21,In Transit
63,63,UPS,2025-02-11,2025-02-12,In Transit
64,64,USPS,2025-07-27,2025-07-31,Delivered
65,65,FedEx,2025-08-13,2025-08-16,In Transit
66,66,DHL,2025-10-04,2025-10-06,Delayed
67,67,DHL,2025-09-19,2025-09-26,Delivered
68,68,USPS,2025-03-30,2025-04-03,Delivered
69,69,FedEx,2025-09-09,2025-09-12,In Transit
70,70,UPS,2025-01-06,2025-01-09,In Transit
71,71,UPS,2025-05-18,2025-05-24,Delivered
72,72,FedEx,2025-05-24,2025-05-28,Delayed
73,73,FedEx,2025-01-07,2025-01-13,In Transit
74,74,USPS,2025-05-15,2025-05-17,In Transit
75,75,USPS,2025-03-10,2025-03-11,In Transit
76,76,FedEx,2025-03-30,2025-04-03,In Transit
77,77,USPS,2025-04-03,2025-04-07,Delayed
78,78,USPS,2025-01-15,2025-01-19,Delivered
79,79,DHL,2025-01-06,2025-01-12,Delivered
80,80,UPS,2025-03-22,2025-03-28,In Transit
81,81,USPS,2025-01-06,2025-01-13,Delayed
82,82,USPS,2025-11-21,2025-11-23,In Transit
83,83,FedEx,2025-01-16,2025-01-22,In Transit
84,84,UPS,2025-03-26,2025-03-27,In Transit
85,85,DHL,2025-10-26,2025-11-02,Delayed
86,86,DHL,2025-11-14,2025-11-15,In Transit
87,87,USPS,2025-01-06,2025-01-08,Delivered
88,88,FedEx,2025-07-31,2025-08-03,Delivered
89,89,UPS,2025-09-13,2025-09-14,In Transit
90,90,DHL,2025-12-14,2025-12-21,In Transit
91,91,UPS,2025-03-11,2025-03-13,Delayed
92,92,DHL,2025-04-20,2025-04-21,Delayed
93,93,UPS,2025-10-13,2025-10-15,Delayed
94,94,UPS,2025-01-25,2025-01-29,Delayed
95,95,UPS,2025-12-12,2025-12-17,Delivered
96,96,FedEx,2025-01-17,2025-01-23,Delivered
97,97,FedEx,2025-03-02,2025-03-09,In Transit
98,98,FedEx,2025-08-17,2025-08-22,Delayed
99,99,UPS,2025-02-20,2025-02-25,Delayed
100,100,USPS,2025-08-06,2025-08-09,Delivered
101,101,DHL,2025-12-15,2025-12-16,Delivered
102,102,USPS,2025-07-11,2025-07-18,Delivered
103,103,USPS,2025-12-18,2025-12-23,Delayed
104,104,FedEx,2025-07-23,2025-07-29,Delivered
105,105,FedEx,2025-12-26,2026-01-02,In Transit
106,106,FedEx,2025-07-14,2025-07-21,In Transit
107,107,UPS,2025-05-21,2025-05-28,Delayed
108,108,UPS,2025-03-22,2025-03-28,Delivered
109,109,USPS,2025-09-24,2025-09-28,Delayed
110,110,FedEx,2025-06-25,2025-06-28,Delayed
111,111,DHL,2025-08-09,2025-08-10,Delivered
112,112,FedEx,2025-03-18,2025-03-24,In Transit
113,113,FedEx,2025-11-11,2025-11-15,In Transit
114,114,FedEx,2025-02-11,2025-02-14,Delayed
115,115,UPS,2025-07-19,2025-07-26,In Transit
116,116,USPS,2025-04-21,2025-04-25,Delivered
117,117,FedEx,2025-07-28,2025-08-02,Delivered
118,118,USPS,2025-03-09,2025-03-12,In Transit
119,119,DHL,2025-06-02,2025-06-05,Delivered
120,120,FedEx,2025-06-17,2025-06-22,Delivered
121,121,USPS,2025-06-04,2025-06-05,In Transit
122,122,FedEx,2025-04-23,2025-04-30,Delayed
123,123,USPS,2025-12-25,2025-12-26,Delivered
124,124,DHL,2025-03-30,2025-03-31,In Transit
125,125,UPS,2025-09-14,2025-09-21,Delivered
126,126,UPS,2025-12-25,2025-12-28,Delayed
127,127,UPS,2025-04-20,2025-04-24,Delivered
128,128,DHL,2025-02-10,2025-02-11,Delivered
129,129,UPS,2025-04-25,2025-04-30,Delayed
130,130,FedEx,2025-02-02,2025-02-06,In Transit
131,131,FedEx,2025-06-14,2025-06-20,Delivered
132,132,DHL,2025-05-08,2025-05-14,Delivered
133,133,USPS,2025-07-16,2025-07-17,Delayed
134,134,DHL,2025-04-30,2025-05-01,Delivered
135,135,FedEx,2025-10-31,2025-11-02,In Transit
136,136,DHL,2025-08-18,2025-08-25,Delivered
137,137,FedEx,2025-09-09,2025-09-12,Delivered
138,138,FedEx,2025-01-16,2025-01-17,In Transit
139,139,USPS,2025-01-24,2025-01-27,Delayed
140,140,DHL,2025-06-07,2025-06-13,Delayed
141,141,UPS,2025-11-30,2025-12-06,In Transit
142,142,UPS,2025-05-15,2025-05-18,In Transit
143,143,UPS,2025-03-10,2025-03-17,In Transit
144,144,UPS,2025-03-23,2025-03-25,In Transit
145,145,USPS,2025-08-09,2025-08-13,Delivered
146,146,FedEx,2025-12-07,2025-12-12,Delayed
147,147,FedEx,2025-11-29,2025-12-01,Delivered
148,148,USPS,2025-05-26,2025-05-28,Delayed
149,149,FedEx,2025-04-28,2025-05-02,Delayed
150,150,UPS,2025-11-07,2025-11-10,Delayed
151,151,UPS,2025-12-04,2025-12-10,Delayed
152,152,FedEx,2025-11-12,2025-11-16,In Transit
153,153,USPS,2025-11-28,2025-12-03,In Transit
154,154,FedEx,2025-10-20,2025-10-22,Delayed
155,155,USPS,2025-06-04,2025-06-08,In Transit
156,156,UPS,2025-01-26,2025-01-30,Delivered
157,157,USPS,2025-09-18,2025-09-21,Delivered
158,158,DHL,2025-03-02,2025-03-03,In Transit
159,159,USPS,2025-02-07,2025-02-13,In Transit
160,160,DHL,2025-10-26,2025-11-02,In Transit
161,161,UPS,2025-12-23,2025-12-29,In Transit
162,162,USPS,2025-02-27,2025-03-06,Delayed
163,163,UPS,2025-01-02,2025-01-08,Delayed
164,164,USPS,2025-09-06,2025-09-08,Delayed
165,165,FedEx,2025-10-17,2025-10-18,In Transit
166,166,UPS,2025-05-17,2025-05-20,In Transit
167,167,USPS,2025-10-18,2025-10-23,In Transit
168,168,UPS,2025-03-31,2025-04-06,In Transit
169,169,UPS,2025-02-24,2025-02-26,Delayed
170,170,DHL,2025-05-14,2025-05-21,Delayed
171,171,FedEx,2025-03-06,2025-03-13,In Transit
172,172,USPS,2025-12-05,2025-12-08,In Transit
173,173,DHL,2025-01-07,2025-01-11,Delivered
174,174,FedEx,2025-06-17,2025-06-23,Delayed
175,175,UPS,2025-11-21,2025-11-28,Delivered
176,176,USPS,2025-08-31,2025-09-01,In Transit
177,177,DHL,2025-09-05,2025-09-10,Delivered
178,178,UPS,2025-03-02,2025-03-09,In Transit
179,179,USPS,2025-12-27,2025-12-29,Delayed
180,180,UPS,2025-07-05,2025-07-10,In Transit
181,181,FedEx,2025-09-17,2025-09-22,Delayed
182,182,USPS,2025-07-22,2025-07-28,Delayed
183,183,FedEx,2025-04-23,2025-04-29,In Transit
184,184,UPS,2025-09-21,2025-09-24,In Transit
185,185,FedEx,2025-08-02,2025-08-08,Delayed
186,186,UPS,2025-10-24,2025-10-28,Delivered
187,187,UPS,2025-12-14,2025-12-16,Delayed
188,188,USPS,2025-01-06,2025-01-07,Delayed
189,189,DHL,2025-06-20,2025-06-24,Delivered
190,190,USPS,2025-03-10,2025-03-14,In Transit
191,191,UPS,2025-01-10,2025-01-16,Delayed
192,192,FedEx,2025-03-19,2025-03-23,Delivered
193,193,UPS,2025-05-22,2025-05-25,Delayed
194,194,FedEx,2025-07-06,2025-07-08,Delivered
195,195,DHL,2025-07-05,2025-07-09,In Transit
196,196,FedEx,2025-01-20,2025-01-25,In Transit
197,197,UPS,2025-06-07,2025-06-08,In Transit
198,198,USPS,2025-02-20,2025-02-27,Delayed
199,199,DHL,2025-08-01,2025-08-08,Delivered
200,200,UPS,2025-12-06,2025-12-13,Delivered
201,201,DHL,2025-08-06,2025-08-08,Delivered
202,202,UPS,2025-07-03,2025-07-06,Delayed
203,203,FedEx,2025-06-03,2025-06-06,Delayed
204,204,DHL,2025-06-14,2025-06-17,Delivered
205,205,UPS,2025-02-16,2025-02-21,In Transit
206,206,USPS,2025-08-30,2025-08-31,In Transit
207,207,UPS,2025-05-19,2025-05-23,In Transit
208,208,UPS,2025-04-27,2025-05-01,Delivered
209,209,USPS,2025-05-28,2025-06-04,Delayed
210,210,DHL,2025-11-08,2025-11-11,In Transit
211,211,DHL,2025-05-06,2025-05-08,Delivered
212,212,UPS,2025-10-22,2025-10-29,Delayed
213,213,FedEx,2025-11-05,2025-11-06,In Transit
214,214,UPS,2025-05-19,2025-05-22,In Transit
215,215,USPS,2025-06-25,2025-06-26,Delivered
216,216,UPS,2025-07-05,2025-07-06,Delayed
217,217,USPS,2025-12-25,2025-12-29,In Transit
218,218,UPS,2025-12-05,2025-12-07,Delivered
219,219,FedEx,2025-05-16,2025-05-20,Delayed
220,220,UPS,2025-12-01,2025-12-08,Delivered
221,221,DHL,2025-02-11,2025-02-17,Delivered
222,222,USPS,2025-08-01,2025-08-03,Delivered
223,223,FedEx,2025-04-05,2025-04-06,Delayed
224,224,DHL,2025-03-08,2025-03-09,In Transit
225,225,FedEx,2025-11-19,2025-11-22,In Transit
226,226,DHL,2025-10-18,2025-10-21,In Transit
227,227,UPS,2025-11-15,2025-11-21,In Transit
228,228,FedEx,2025-10-09,2025-10-16,Delayed
229,229,USPS,2025-08-28,2025-09-03,In Transit
230,230,DHL,2025-02-18,2025-02-22,Delayed
231,231,FedEx,2025-01-11,2025-01-16,In Transit
232,232,USPS,2025-03-12,2025-03-18,Delayed
233,233,USPS,2025-06-05,2025-06-09,Delayed
234,234,DHL,2025-01-15,2025-01-21,In Transit
235,235,UPS,2025-01-06,2025-01-12,In Transit
236,236,FedEx,2025-01-14,2025-01-15,Delayed
237,237,USPS,2025-09-05,2025-09-06,Delivered
238,238,UPS,2025-03-02,2025-03-07,In Transit
239,239,DHL,2025-10-01,2025-10-06,Delayed
240,240,FedEx,2025-10-02,2025-10-03,Delivered
241,241,FedEx,2025-07-06,2025-07-09,Delayed
242,242,USPS,2025-06-24,2025-06-25,Delayed
243,243,UPS,2025-09-22,2025-09-24,Delayed
244,244,UPS,2025-04-10,2025-04-12,Delayed
245,245,UPS,2025-01-11,2025-01-15,Delayed
246,246,UPS,2025-10-29,2025-11-01,Delayed
247,247,UPS,2025-06-06,2025-06-11,In Transit
248,248,FedEx,2025-04-23,2025-04-29,In Transit
249,249,FedEx,2025-08-10,2025-08-12,In Transit
250,250,FedEx,2025-02-14,2025-02-20,Delayed
251,251,UPS,2025-01-30,2025-02-04,In Transit
252,252,DHL,2025-05-25,2025-05-26,Delivered
253,253,UPS,2025-07-15,2025-07-19,Delivered
254,254,USPS,2025-03-01,2025-03-06,In Transit
255,255,USPS,2025-02-21,2025-02-28,Delivered
256,256,FedEx,2025-05-29,2025-06-03,Delayed
257,257,DHL,2025-03-21,2025-03-26,In Transit
258,258,USPS,2025-08-22,2025-08-24,In Transit
259,259,FedEx,2025-01-12,2025-01-19,In Transit
260,260,DHL,2025-02-24,2025-03-03,Delivered
261,261,USPS,2025-07-08,2025-07-10,Delayed
262,262,FedEx,2025-02-24,2025-02-28,Delayed
263,263,DHL,2025-05-16,2025-05-20,Delivered
264,264,USPS,2025-12-25,2025-12-29,Delayed
265,265,USPS,2025-10-08,2025-10-09,Delayed
266,266,DHL,2025-03-03,2025-03-06,Delivered
267,267,DHL,2025-11-13,2025-11-14,In Transit
268,268,USPS,2025-09-28,2025-10-03,Delivered
269,269,UPS,2025-04-26,2025-04-29,Delayed
270,270,UPS,2025-06-20,2025-06-22,Delayed
271,271,DHL,2025-06-05,2025-06-06,Delivered
272,272,USPS,2025-07-08,2025-07-15,Delayed
273,273,DHL,2025-11-07,2025-11-12,Delivered
274,274,DHL,2025-02-02,2025-02-05,Delayed
275,275,FedEx,2025-03-05,2025-03-07,In Transit
276,276,USPS,2025-01-11,2025-01-18,In Transit
277,277,FedEx,2025-11-11,2025-11-13,Delayed
278,278,FedEx,2025-04-06,2025-04-09,In Transit
279,279,FedEx,2025-12-21,2025-12-25,Delayed
280,280,FedEx,2025-02-03,2025-02-10,In Transit
281,281,FedEx,2025-01-27,2025-02-01,Delivered
282,282,DHL,2025-12-15,2025-12-20,Delayed
283,283,USPS,2025-10-31,2025-11-01,Delayed
284,284,UPS,2025-02-16,2025-02-18,Delivered
285,285,FedEx,2025-04-15,2025-04-16,In Transit
286,286,UPS,2025-07-20,2025-07-25,In Transit
287,287,USPS,2025-08-22,2025-08-23,Delivered
288,288,FedEx,2025-05-01,2025-05-02,In Transit
289,289,FedEx,2025-11-05,2025-11-07,Delayed
290,290,UPS,2025-03-10,2025-03-17,Delayed
291,291,UPS,2025-03-18,2025-03-20,In Transit
292,292,UPS,2025-02-19,2025-02-26,Delivered
293,293,DHL,2025-01-20,2025-01-25,Delayed
294,294,DHL,2025-11-22,2025-11-28,Delivered
295,295,UPS,2025-02-11,2025-02-15,Delayed
296,296,UPS,2025-04-08,2025-04-12,Delivered
297,297,FedEx,2025-05-14,2025-05-16,In Transit
298,298,DHL,2025-10-20,2025-10-25,Delayed
299,299,UPS,2025-07-27,2025-08-03,In Transit
300,300,USPS,2025-01-16,2025-01-18,Delayed
301,301,UPS,2025-09-23,2025-09-30,In Transit
302,302,USPS,2025-09-12,2025-09-13,Delivered
303,303,FedEx,2025-04-29,2025-05-02,In Transit
304,304,FedEx,2025-10-01,2025-10-07,Delayed
305,305,DHL,2025-01-04,2025-01-06,In Transit
306,306,UPS,2025-05-11,2025-05-17,In Transit
307,307,FedEx,2025-07-21,2025-07-26,Delivered
308,308,USPS,2025-08-03,2025-08-06,In Transit
309,309,UPS,2025-11-14,2025-11-21,In Transit
310,310,UPS,2025-02-21,2025-02-24,Delayed
311,311,USPS,2025-10-18,2025-10-20,Delivered
312,312,USPS,2025-02-27,2025-03-05,Delayed
313,313,UPS,2025-07-03,2025-07-05,In Transit
314,314,DHL,2025-02-27,2025-03-06,Delivered
315,315,UPS,2025-06-06,2025-06-08,Delivered
316,316,USPS,2025-11-08,2025-11-11,Delayed
317,317,UPS,2025-03-31,2025-04-07,Delayed
318,318,UPS,2025-07-14,2025-07-15,Delayed
319,319,DHL,2025-04-28,2025-05-02,In Transit
320,320,FedEx,2025-12-01,2025-12-03,Delivered
321,321,UPS,2025-12-22,2025-12-26,In Transit
322,322,FedEx,2025-04-09,2025-04-10,Delayed
323,323,DHL,2025-07-17,2025-07-23,In Transit
324,324,FedEx,2025-06-02,2025-06-09,Delivered
325,325,DHL,2025-09-12,2025-09-15,Delivered
326,326,DHL,2025-12-26,2025-12-28,Delivered
327,327,DHL,2025-03-01,2025-03-04,Delayed
328,328,DHL,2025-02-26,2025-02-27,In Transit
329,329,FedEx,2025-06-09,2025-06-16,Delayed
330,330,USPS,2025-09-19,2025-09-21,Delayed
331,331,FedEx,2025-06-30,2025-07-02,Delivered
332,332,FedEx,2025-05-13,2025-05-14,Delayed
333,333,DHL,2025-10-26,2025-10-30,Delivered
334,334,UPS,2025-06-02,2025-06-06,Delivered
335,335,FedEx,2025-10-14,2025-10-21,Delayed
336,336,USPS,2025-11-25,2025-11-27,Delivered
337,337,UPS,2025-06-23,2025-06-27,In Transit
338,338,USPS,2025-05-23,2025-05-26,Delivered
339,339,DHL,2025-09-23,2025-09-28,Delayed
340,340,FedEx,2025-11-23,2025-11-24,In Transit
341,341,UPS,2025-10-08,2025-10-13,Delayed
342,342,DHL,2025-01-24,2025-01-29,Delayed
343,343,USPS,2025-07-18,2025-07-24,Delivered
344,344,UPS,2025-04-25,2025-04-30,Delivered
345,345,FedEx,2025-12-30,2026-01-02,In Transit
346,346,USPS,2025-06-14,2025-06-18,In Transit
347,347,DHL,2025-09-24,2025-09-25,Delivered
348,348,FedEx,2025-11-23,2025-11-28,Delayed
349,349,FedEx,2025-01-27,2025-01-31,Delivered
350,350,FedEx,2025-03-12,2025-03-19,Delivered
351,351,DHL,2025-09-22,2025-09-23,In Transit
352,352,USPS,2025-04-27,2025-04-28,Delivered
353,353,FedEx,2025-05-08,2025-05-10,In Transit
354,354,UPS,2025-07-30,2025-07-31,Delivered
355,355,USPS,2025-11-22,2025-11-26,Delayed
356,356,USPS,2025-06-19,2025-06-22,Delivered
357,357,FedEx,2025-07-08,2025-07-10,In Transit
358,358,USPS,2025-05-14,2025-05-20,Delivered
359,359,FedEx,2025-08-07,2025-08-10,Delivered
360,360,UPS,2025-07-01,2025-07-06,Delayed
361,361,UPS,2025-07-11,2025-07-15,Delayed
362,362,DHL,2025-09-08,2025-09-14,Delivered
363,363,UPS,2025-01-26,2025-01-27,Delayed
364,364,USPS,2025-02-21,2025-02-22,Delivered
365,365,USPS,2025-03-14,2025-03-18,Delivered
366,366,FedEx,2025-11-26,2025-11-28,Delayed
367,367,FedEx,2025-07-15,2025-07-19,Delivered
368,368,FedEx,2025-08-07,2025-08-08,In Transit
369,369,DHL,2025-01-28,2025-01-31,Delivered
370,370,DHL,2025-08-14,2025-08-19,Delayed
371,371,FedEx,2025-12-17,2025-12-18,In Transit
372,372,FedEx,2025-09-30,2025-10-03,In Transit
373,373,DHL,2025-01-12,2025-01-19,Delayed
374,374,DHL,2025-06-06,2025-06-09,In Transit
375,375,FedEx,2025-01-15,2025-01-18,Delayed
376,376,DHL,2025-03-10,2025-03-11,In Transit
377,377,FedEx,2025-07-10,2025-07-13,Delivered
378,378,USPS,2025-05-01,2025-05-06,In Transit
379,379,USPS,2025-11-23,2025-11-28,Delivered
380,380,DHL,2025-03-07,2025-03-13,Delivered
381,381,USPS,2025-04-29,2025-05-05,Delayed
382,382,USPS,2025-10-28,2025-10-31,Delayed
383,383,DHL,2025-01-07,2025-01-10,In Transit
384,384,FedEx,2025-03-29,2025-04-04,Delayed
385,385,FedEx,2025-10-22,2025-10-25,Delayed
386,386,DHL,2025-01-10,2025-01-14,In Transit
387,387,FedEx,2025-05-13,2025-05-16,In Transit
388,388,UPS,2025-12-31,2026-01-04,In Transit
389,389,DHL,2025-05-25,2025-05-27,Delivered
390,390,DHL,2025-06-24,2025-06-28,Delayed
391,391,USPS,2025-07-13,2025-07-16,Delayed
392,392,UPS,2025-12-15,2025-12-20,Delivered
393,393,DHL,2025-10-14,2025-10-20,Delivered
394,394,DHL,2025-04-13,2025-04-16,Delivered
395,395,USPS,2025-06-27,2025-06-28,Delivered
396,396,USPS,2025-12-02,2025-12-04,Delayed
397,397,UPS,2025-04-27,2025-05-01,Delivered
398,398,USPS,2025-07-15,2025-07-19,Delayed
399,399,UPS,2025-07-25,2025-07-28,In Transit
400,400,USPS,2025-08-27,2025-08-28,Delivered
401,401,DHL,2025-10-08,2025-10-09,In Transit
402,402,FedEx,2025-01-06,2025-01-12,In Transit
403,403,FedEx,2025-10-13,2025-10-18,Delivered
404,404,FedEx,2025-02-08,2025-02-10,Delayed
405,405,USPS,2025-08-12,2025-08-18,Delayed
406,406,UPS,2025-02-26,2025-02-27,Delivered
407,407,USPS,2025-09-03,2025-09-08,Delayed
408,408,FedEx,2025-11-16,2025-11-19,Delivered
409,409,USPS,2025-05-06,2025-05-07,Delivered
410,410,FedEx,2025-08-16,2025-08-23,Delivered
411,411,FedEx,2025-07-16,2025-07-21,Delayed
412,412,FedEx,2025-02-14,2025-02-21,Delayed
413,413,FedEx,2025-01-17,2025-01-22,Delivered
414,414,DHL,2025-04-19,2025-04-20,Delivered
415,415,USPS,2025-09-11,2025-09-13,Delayed
416,416,FedEx,2025-07-15,2025-07-18,In Transit
417,417,DHL,2025-07-19,2025-07-21,Delayed
418,418,DHL,2025-08-05,2025-08-11,In Transit
419,419,USPS,2025-08-09,2025-08-16,Delayed
420,420,FedEx,2025-07-23,2025-07-30,Delayed
421,421,USPS,2025-01-16,2025-01-19,In Transit
422,422,USPS,2025-02-26,2025-03-04,Delayed
423,423,FedEx,2025-04-02,2025-04-03,Delivered
424,424,FedEx,2025-03-08,2025-03-11,Delivered
425,425,USPS,2025-09-04,2025-09-05,Delivered
426,426,USPS,2025-08-04,2025-08-10,Delivered
427,427,UPS,2025-11-18,2025-11-20,Delayed
428,428,USPS,2025-12-18,2025-12-19,In Transit
429,429,DHL,2025-03-16,2025-03-19,Delivered
430,430,DHL,2025-11-24,2025-11-29,In Transit
431,431,FedEx,2025-04-26,2025-04-27,Delivered
432,432,DHL,2025-07-23,2025-07-29,Delivered
433,433,UPS,2025-12-01,2025-12-07,Delayed
434,434,USPS,2025-09-19,2025-09-26,Delayed
435,435,FedEx,2025-08-06,2025-08-11,Delayed
436,436,UPS,2025-12-07,2025-12-13,In Transit
437,437,UPS,2025-12-07,2025-12-14,Delivered
438,438,USPS,2025-12-17,2025-12-18,Delivered
439,439,FedEx,2025-02-19,2025-02-22,In Transit
440,440,DHL,2025-12-04,2025-12-06,Delayed
441,441,FedEx,2025-03-22,2025-03-28,In Transit
442,442,FedEx,2025-11-02,2025-11-07,In Transit
443,443,DHL,2025-05-03,2025-05-04,In Transit
444,444,UPS,2025-05-16,2025-05-23,Delayed
445,445,UPS,2025-03-13,2025-03-17,Delivered
446,446,FedEx,2025-05-04,2025-05-10,Delayed
447,447,DHL,2025-05-18,2025-05-20,Delayed
448,448,UPS,2025-05-29,2025-06-05,In Transit
449,449,FedEx,2025-12-08,2025-12-14,Delayed
450,450,USPS,2025-01-11,2025-01-17,Delayed
451,451,UPS,2025-10-14,2025-10-21,Delivered
452,452,FedEx,2025-06-01,2025-06-02,Delayed
453,453,USPS,2025-07-24,2025-07-27,In Transit
454,454,DHL,2025-04-19,2025-04-26,Delivered
455,455,USPS,2025-03-04,2025-03-08,In Transit
456,456,UPS,2025-03-08,2025-03-10,Delayed
457,457,UPS,2025-08-02,2025-08-09,In Transit
458,458,UPS,2025-07-01,2025-07-08,In Transit
459,459,UPS,2025-07-31,2025-08-04,Delivered
460,460,UPS,2025-01-13,2025-01-14,In Transit
461,461,DHL,2025-05-18,2025-05-21,In Transit
462,462,UPS,2025-03-08,2025-03-12,In Transit
463,463,FedEx,2025-06-17,2025-06-23,Delayed
464,464,UPS,2025-09-28,2025-10-01,In Transit
465,465,FedEx,2025-08-31,2025-09-03,In Transit
466,466,FedEx,2025-09-02,2025-09-06,In Transit
467,467,UPS,2025-07-30,2025-08-02,In Transit
468,468,FedEx,2025-04-12,2025-04-18,Delayed
469,469,FedEx,2025-10-31,2025-11-01,Delayed
470,470,DHL,2025-09-04,2025-09-11,In Transit
471,471,FedEx,2025-01-09,2025-01-16,Delayed
472,472,FedEx,2025-03-15,2025-03-16,In Transit
473,473,UPS,2025-04-01,2025-04-04,Delivered
474,474,DHL,2025-04-21,2025-04-23,Delivered
475,475,USPS,2025-03-25,2025-03-29,In Transit
476,476,FedEx,2025-07-19,2025-07-25,In Transit
477,477,DHL,2025-04-23,2025-04-27,In Transit
478,478,USPS,2025-09-27,2025-09-28,Delayed
479,479,USPS,2025-12-02,2025-12-04,In Transit
480,480,FedEx,2025-04-09,2025-04-10,In Transit
481,481,USPS,2025-12-05,2025-12-08,Delivered
482,482,FedEx,2025-06-27,2025-07-03,Delivered
483,483,DHL,2025-06-25,2025-06-30,Delayed
484,484,UPS,2025-02-17,2025-02-19,Delivered
485,485,UPS,2025-05-04,2025-05-05,Delayed
486,486,DHL,2025-07-20,2025-07-21,Delayed
487,487,FedEx,2025-01-05,2025-01-07,Delivered
488,488,FedEx,2025-04-10,2025-04-17,Delayed
489,489,UPS,2025-09-12,2025-09-18,Delayed
490,490,DHL,2025-11-16,2025-11-17,In Transit
491,491,UPS,2025-04-20,2025-04-22,In Transit
492,492,USPS,2025-12-19,2025-12-21,In Transit
493,493,DHL,2025-02-14,2025-02-16,Delayed
494,494,FedEx,2025-08-30,2025-09-04,Delivered
495,495,UPS,2025-03-20,2025-03-23,Delivered
496,496,UPS,2025-07-16,2025-07-22,Delivered
497,497,DHL,2025-10-21,2025-10-22,Delivered
498,498,USPS,2025-12-05,2025-12-06,Delayed
499,499,DHL,2025-06-24,2025-06-29,Delayed
500,500,FedEx,2025-02-24,2025-02-26,Delivered
501,501,FedEx,2025-10-09,2025-10-14,Delivered
502,502,USPS,2025-09-28,2025-10-01,Delayed
503,503,FedEx,2025-01-17,2025-01-20,Delivered
504,504,UPS,2025-06-02,2025-06-03,Delivered
505,505,UPS,2025-12-06,2025-12-13,Delayed
506,506,FedEx,2025-10-13,2025-10-17,Delayed
507,507,UPS,2025-04-09,2025-04-16,Delayed
508,508,FedEx,2025-05-22,2025-05-28,Delayed
509,509,DHL,2025-05-25,2025-05-29,Delayed
510,510,DHL,2025-10-27,2025-10-30,In Transit
511,511,FedEx,2025-08-04,2025-08-09,Delayed
512,512,FedEx,2025-02-22,2025-02-23,Delayed
513,513,USPS,2025-10-16,2025-10-17,In Transit
514,514,USPS,2025-03-09,2025-03-13,In Transit
515,515,UPS,2025-06-04,2025-06-08,Delivered
516,516,FedEx,2025-12-23,2025-12-26,Delayed
517,517,FedEx,2025-03-30,2025-04-05,Delayed
518,518,USPS,2025-11-03,2025-11-10,Delivered
519,519,DHL,2025-05-22,2025-05-24,In Transit
520,520,UPS,2025-04-30,2025-05-07,In Transit
521,521,FedEx,2025-06-25,2025-06-30,Delivered
522,522,FedEx,2025-05-29,2025-06-01,In Transit
523,523,FedEx,2025-10-18,2025-10-23,Delivered
524,524,DHL,2025-10-12,2025-10-13,In Transit
525,525,UPS,2025-09-01,2025-09-05,In Transit
526,526,UPS,2025-11-21,2025-11-25,Delivered
527,527,FedEx,2025-01-29,2025-01-31,Delivered
528,528,UPS,2025-09-07,2025-09-14,In Transit
529,529,USPS,2025-10-11,2025-10-12,In Transit
530,530,DHL,2025-11-12,2025-11-14,Delayed
531,531,UPS,2025-01-17,2025-01-23,Delayed
532,532,USPS,2025-03-26,2025-03-27,Delivered
533,533,USPS,2025-08-28,2025-09-02,Delivered
534,534,USPS,2025-08-04,2025-08-09,Delayed
535,535,USPS,2025-01-10,2025-01-16,Delivered
536,536,FedEx,2025-07-20,2025-07-22,In Transit
537,537,USPS,2025-04-11,2025-04-18,Delivered
538,538,USPS,2025-06-04,2025-06-09,In Transit
539,539,FedEx,2025-09-30,2025-10-03,In Transit
540,540,FedEx,2025-06-16,2025-06-22,Delayed
541,541,DHL,2025-11-29,2025-12-02,Delivered
542,542,UPS,2025-10-09,2025-10-10,Delayed
543,543,USPS,2025-02-10,2025-02-13,In Transit
544,544,UPS,2025-05-10,2025-05-14,In Transit
545,545,UPS,2025-07-06,2025-07-11,Delayed
546,546,DHL,2025-12-19,2025-12-21,In Transit
547,547,FedEx,2025-03-13,2025-03-18,Delivered
548,548,DHL,2025-07-29,2025-08-04,Delayed
549,549,USPS,2025-08-18,2025-08-22,Delayed
550,550,USPS,2025-09-30,2025-10-03,Delayed
551,551,USPS,2025-02-07,2025-02-08,In Transit
552,552,FedEx,2025-10-08,2025-10-12,Delivered
553,553,DHL,2025-04-26,2025-05-01,Delivered
554,554,UPS,2025-12-09,2025-12-16,Delayed
555,555,FedEx,2025-05-27,2025-05-29,Delivered
556,556,USPS,2025-07-28,2025-07-31,Delivered
557,557,UPS,2025-09-14,2025-09-17,In Transit
558,558,USPS,2025-10-08,2025-10-09,Delayed
559,559,UPS,2025-11-06,2025-11-10,Delayed
560,560,FedEx,2025-07-18,2025-07-19,Delivered
561,561,UPS,2025-05-14,2025-05-18,In Transit
562,562,DHL,2025-09-09,2025-09-15,In Transit
563,563,FedEx,2025-01-05,2025-01-11,In Transit
564,564,UPS,2025-03-12,2025-03-14,Delivered
565,565,USPS,2025-05-28,2025-06-03,Delayed
566,566,FedEx,2025-06-04,2025-06-11,In Transit
567,567,FedEx,2025-06-07,2025-06-08,Delivered
568,568,UPS,2025-10-21,2025-10-22,Delivered
569,569,DHL,2025-10-17,2025-10-22,Delayed
570,570,USPS,2025-10-22,2025-10-28,Delivered
571,571,DHL,2025-07-31,2025-08-02,Delayed
572,572,UPS,2025-06-05,2025-06-08,Delayed
573,573,DHL,2025-07-17,2025-07-24,Delivered
574,574,USPS,2025-03-01,2025-03-02,In Transit
575,575,UPS,2025-06-10,2025-06-16,In Transit
576,576,FedEx,2025-04-09,2025-04-14,In Transit
577,577,USPS,2025-05-12,2025-05-19,Delivered
578,578,DHL,2025-12-12,2025-12-17,In Transit
579,579,USPS,2025-03-07,2025-03-10,In Transit
580,580,FedEx,2025-03-20,2025-03-27,Delayed
581,581,FedEx,2025-03-02,2025-03-07,In Transit
582,582,UPS,2025-08-17,2025-08-19,Delayed
583,583,DHL,2025-12-20,2025-12-24,Delivered
584,584,UPS,2025-10-06,2025-10-09,In Transit
585,585,DHL,2025-05-10,2025-05-17,Delayed
586,586,UPS,2025-07-09,2025-07-14,In Transit
587,587,UPS,2025-10-27,2025-11-02,Delayed
588,588,USPS,2025-12-21,2025-12-26,Delivered
589,589,USPS,2025-05-23,2025-05-28,In Transit
590,590,USPS,2025-08-12,2025-08-17,Delayed
591,591,UPS,2025-04-08,2025-04-09,In Transit
592,592,FedEx,2025-05-07,2025-05-11,Delivered
593,593,USPS,2025-01-20,2025-01-25,Delivered
594,594,UPS,2025-11-29,2025-12-05,In Transit
595,595,USPS,2025-04-26,2025-05-03,Delivered
596,596,DHL,2025-07-17,2025-07-19,Delayed
597,597,UPS,2025-11-19,2025-11-23,Delayed
598,598,FedEx,2025-03-18,2025-03-19,In Transit
599,599,UPS,2025-06-12,2025-06-13,Delivered
600,600,UPS,2025-01-23,2025-01-27,Delivered
601,601,DHL,2025-09-21,2025-09-26,Delayed
602,602,DHL,2025-12-26,2025-12-27,In Transit
603,603,FedEx,2025-10-10,2025-10-17,Delayed
604,604,UPS,2025-12-14,2025-12-19,In Transit
605,605,UPS,2025-01-19,2025-01-22,Delivered
606,606,DHL,2025-12-29,2026-01-01,Delayed
607,607,UPS,2025-08-14,2025-08-18,Delayed
608,608,UPS,2025-09-13,2025-09-14,Delayed
609,609,DHL,2025-12-28,2026-01-02,Delivered
610,610,UPS,2025-07-22,2025-07-29,Delivered
611,611,DHL,2025-07-13,2025-07-15,In Transit
612,612,UPS,2025-10-16,2025-10-19,In Transit
613,613,UPS,2025-11-01,2025-11-08,Delayed
614,614,FedEx,2025-07-14,2025-07-19,In Transit
615,615,FedEx,2025-07-09,2025-07-13,In Transit
616,616,USPS,2025-01-05,2025-01-11,Delivered
617,617,USPS,2025-12-29,2026-01-05,Delivered
618,618,UPS,2025-11-23,2025-11-26,Delivered
619,619,DHL,2025-06-04,2025-06-11,In Transit
620,620,UPS,2025-08-10,2025-08-12,Delayed
621,621,UPS,2025-10-26,2025-10-28,Delayed
622,622,FedEx,2025-01-04,2025-01-11,Delivered
623,623,UPS,2025-05-07,2025-05-10,Delayed
624,624,FedEx,2025-12-12,2025-12-14,Delayed
625,625,USPS,2025-08-16,2025-08-23,Delayed
626,626,FedEx,2025-04-10,2025-04-17,Delayed
627,627,FedEx,2025-09-21,2025-09-25,Delivered
628,628,USPS,2025-10-25,2025-11-01,In Transit
629,629,UPS,2025-02-12,2025-02-14,Delivered
630,630,DHL,2025-02-02,2025-02-09,Delayed
631,631,USPS,2025-12-05,2025-12-06,In Transit
632,632,FedEx,2025-05-24,2025-05-26,In Transit
633,633,USPS,2025-04-29,2025-04-30,Delayed
634,634,FedEx,2025-04-27,2025-05-01,Delayed
635,635,DHL,2025-06-27,2025-07-04,In Transit
636,636,DHL,2025-04-23,2025-04-25,Delayed
637,637,UPS,2025-09-04,2025-09-06,In Transit
638,638,UPS,2025-12-11,2025-12-14,In Transit
639,639,UPS,2025-09-03,2025-09-09,In Transit
640,640,FedEx,2025-02-17,2025-02-21,Delivered
641,641,USPS,2025-10-28,2025-11-01,Delivered
642,642,DHL,2025-05-27,2025-05-30,Delayed
643,643,UPS,2025-11-12,2025-11-16,In Transit
644,644,USPS,2025-09-07,2025-09-11,Delayed
645,645,UPS,2025-03-21,2025-03-24,Delayed
646,646,FedEx,2025-06-21,2025-06-24,Delivered
647,647,FedEx,2025-04-01,2025-04-07,Delivered
648,648,FedEx,2025-07-15,2025-07-18,Delivered
649,649,DHL,2025-09-13,2025-09-15,In Transit
650,650,UPS,2025-04-20,2025-04-26,In Transit
651,651,FedEx,2025-06-25,2025-06-29,In Transit
652,652,DHL,2025-09-13,2025-09-16,In Transit
653,653,DHL,2025-02-21,2025-02-28,Delayed
654,654,FedEx,2025-08-05,2025-08-08,In Transit
655,655,FedEx,2025-07-06,2025-07-10,Delivered
656,656,DHL,2025-06-22,2025-06-26,Delayed
657,657,UPS,2025-11-18,2025-11-21,Delayed
658,658,FedEx,2025-10-02,2025-10-07,Delayed
659,659,UPS,2025-01-19,2025-01-24,Delivered
660,660,DHL,2025-12-13,2025-12-20,Delivered
661,661,FedEx,2025-09-17,2025-09-19,In Transit
662,662,DHL,2025-10-07,2025-10-09,In Transit
663,663,DHL,2025-12-01,2025-12-08,Delayed
664,664,FedEx,2025-04-28,2025-05-04,Delayed
665,665,UPS,2025-06-25,2025-06-27,Delayed
666,666,DHL,2025-06-22,2025-06-29,Delayed
667,667,DHL,2025-02-11,2025-02-16,In Transit
668,668,FedEx,2025-06-09,2025-06-11,Delayed
669,669,DHL,2025-12-11,2025-12-15,In Transit
670,670,DHL,2025-07-03,2025-07-07,Delayed
671,671,FedEx,2025-12-27,2026-01-02,In Transit
672,672,FedEx,2025-08-18,2025-08-23,Delivered
673,673,DHL,2025-03-26,2025-04-02,Delivered
674,674,DHL,2025-05-14,2025-05-21,In Transit
675,675,UPS,2025-08-02,2025-08-06,Delayed
676,676,DHL,2025-11-14,2025-11-18,In Transit
677,677,USPS,2025-05-13,2025-05-20,Delayed
678,678,DHL,2025-10-20,2025-10-22,In Transit
679,679,UPS,2025-10-28,2025-10-30,In Transit
680,680,DHL,2025-08-06,2025-08-09,Delayed
681,681,FedEx,2025-01-20,2025-01-23,Delivered
682,682,UPS,2025-10-14,2025-10-20,Delayed
683,683,USPS,2025-12-11,2025-12-14,In Transit
684,684,FedEx,2025-10-15,2025-10-18,Delivered
685,685,DHL,2025-08-21,2025-08-22,Delayed
686,686,UPS,2025-02-01,2025-02-05,In Transit
687,687,UPS,2025-04-15,2025-04-22,In Transit
688,688,USPS,2025-11-18,2025-11-21,Delivered
689,689,DHL,2025-06-07,2025-06-08,In Transit
690,690,DHL,2025-01-08,2025-01-14,Delivered
691,691,FedEx,2025-11-06,2025-11-13,Delayed
692,692,DHL,2025-02-23,2025-03-01,Delivered
693,693,USPS,2025-03-01,2025-03-05,Delivered
694,694,UPS,2025-03-12,2025-03-18,Delivered
695,695,FedEx,2025-05-16,2025-05-21,Delivered
696,696,USPS,2025-06-08,2025-06-12,In Transit
697,697,USPS,2025-01-20,2025-01-27,Delayed
698,698,FedEx,2025-11-09,2025-11-11,In Transit
699,699,USPS,2025-04-12,2025-04-14,In Transit
700,700,USPS,2025-02-18,2025-02-24,Delayed
701,701,FedEx,2025-05-01,2025-05-03,Delivered
702,702,UPS,2025-07-08,2025-07-09,Delivered
703,703,DHL,2025-11-14,2025-11-18,Delayed
704,704,UPS,2025-10-31,2025-11-06,Delivered
705,705,DHL,2025-08-21,2025-08-28,Delayed
706,706,DHL,2025-01-30,2025-02-01,Delayed
707,707,UPS,2025-05-21,2025-05-27,Delayed
708,708,DHL,2025-01-27,2025-02-01,Delivered
709,709,UPS,2025-11-24,2025-11-30,Delivered
710,710,DHL,2025-10-15,2025-10-21,Delayed
711,711,DHL,2025-11-22,2025-11-25,Delayed
712,712,UPS,2025-10-20,2025-10-22,In Transit
713,713,USPS,2025-05-11,2025-05-17,In Transit
714,714,UPS,2025-06-05,2025-06-06,In Transit
715,715,USPS,2025-05-07,2025-05-08,Delayed
716,716,FedEx,2025-05-17,2025-05-24,In Transit
717,717,UPS,2025-05-10,2025-05-13,Delivered
718,718,USPS,2025-08-24,2025-08-25,Delivered
719,719,DHL,2025-03-10,2025-03-13,In Transit
720,720,UPS,2025-04-15,2025-04-21,Delayed
721,721,DHL,2025-05-10,2025-05-11,Delayed
722,722,USPS,2025-01-27,2025-01-31,Delayed
723,723,USPS,2025-09-19,2025-09-21,Delayed
724,724,FedEx,2025-09-12,2025-09-13,Delivered
725,725,FedEx,2025-08-07,2025-08-09,In Transit
726,726,UPS,2025-09-20,2025-09-25,Delayed
727,727,UPS,2025-12-24,2025-12-25,Delivered
728,728,USPS,2025-01-23,2025-01-25,Delayed
729,729,USPS,2025-02-15,2025-02-19,Delayed
730,730,DHL,2025-06-17,2025-06-23,In Transit
731,731,UPS,2025-02-26,2025-03-02,Delayed
732,732,UPS,2025-08-12,2025-08-18,In Transit
733,733,UPS,2025-08-31,2025-09-01,In Transit
734,734,FedEx,2025-03-29,2025-04-02,Delivered
735,735,FedEx,2025-12-02,2025-12-08,Delivered
736,736,FedEx,2025-12-31,2026-01-06,Delayed
737,737,UPS,2025-07-16,2025-07-19,In Transit
738,738,FedEx,2025-11-15,2025-11-19,In Transit
739,739,DHL,2025-11-01,2025-11-04,Delayed
740,740,USPS,2025-06-21,2025-06-23,In Transit
741,741,FedEx,2025-02-20,2025-02-25,Delayed
742,742,UPS,2025-05-04,2025-05-10,Delayed
743,743,UPS,2025-05-09,2025-05-15,Delivered
744,744,USPS,2025-06-18,2025-06-22,Delivered
745,745,UPS,2025-01-26,2025-02-02,Delivered
746,746,DHL,2025-03-08,2025-03-09,Delivered
747,747,DHL,2025-04-26,2025-04-30,Delivered
748,748,FedEx,2025-10-04,2025-10-09,Delayed
749,749,USPS,2025-07-19,2025-07-21,Delivered
750,750,USPS,2025-10-27,2025-11-02,Delayed
751,751,FedEx,2025-06-02,2025-06-03,Delayed
752,752,FedEx,2025-11-11,2025-11-16,Delayed
753,753,FedEx,2025-01-13,2025-01-19,In Transit
754,754,USPS,2025-12-12,2025-12-13,Delivered
755,755,USPS,2025-03-28,2025-04-02,Delayed
756,756,FedEx,2025-09-22,2025-09-29,In Transit
757,757,USPS,2025-10-21,2025-10-28,Delivered
758,758,USPS,2025-06-15,2025-06-18,In Transit
759,759,UPS,2025-07-26,2025-07-28,Delivered
760,760,FedEx,2025-12-08,2025-12-13,Delivered
761,761,FedEx,2025-05-15,2025-05-20,In Transit
762,762,UPS,2025-12-16,2025-12-21,Delayed
763,763,DHL,2025-10-20,2025-10-21,In Transit
764,764,FedEx,2025-06-07,2025-06-13,Delivered
765,765,UPS,2025-02-17,2025-02-19,Delivered
766,766,DHL,2025-03-24,2025-03-26,Delayed
767,767,DHL,2025-09-12,2025-09-13,In Transit
768,768,DHL,2025-08-15,2025-08-17,In Transit
769,769,USPS,2025-09-20,2025-09-25,Delivered
770,770,DHL,2025-05-25,2025-05-30,Delayed
771,771,FedEx,2025-08-11,2025-08-17,Delivered
772,772,FedEx,2025-07-19,2025-07-25,Delayed
773,773,USPS,2025-10-20,2025-10-22,In Transit
774,774,FedEx,2025-11-13,2025-11-15,In Transit
775,775,FedEx,2025-09-02,2025-09-04,Delivered
776,776,USPS,2025-09-11,2025-09-15,Delayed
777,777,DHL,2025-12-03,2025-12-09,Delayed
778,778,DHL,2025-06-11,2025-06-17,Delivered
779,779,FedEx,2025-03-28,2025-03-30,Delivered
780,780,DHL,2025-04-16,2025-04-18,Delivered
781,781,USPS,2025-09-06,2025-09-13,In Transit
782,782,USPS,2025-07-29,2025-08-04,Delivered
783,783,USPS,2025-07-23,2025-07-24,Delivered
784,784,DHL,2025-06-18,2025-06-21,In Transit
785,785,UPS,2025-09-16,2025-09-20,Delayed
786,786,UPS,2025-05-01,2025-05-04,In Transit
787,787,USPS,2025-06-19,2025-06-25,In Transit
788,788,UPS,2025-10-20,2025-10-22,Delayed
789,789,DHL,2025-06-07,2025-06-10,In Transit
790,790,USPS,2025-11-26,2025-12-01,Delayed
791,791,USPS,2025-11-12,2025-11-18,Delayed
792,792,UPS,2025-04-23,2025-04-28,Delivered
793,793,USPS,2025-07-04,2025-07-11,Delayed
794,794,UPS,2025-03-08,2025-03-10,Delivered
795,795,FedEx,2025-01-22,2025-01-26,In Transit
796,796,DHL,2025-03-14,2025-03-19,Delivered
797,797,UPS,2025-11-27,2025-11-29,Delivered
798,798,DHL,2025-08-07,2025-08-11,In Transit
799,799,DHL,2025-12-20,2025-12-21,Delayed
800,800,FedEx,2025-08-26,2025-08-29,Delayed
801,801,FedEx,2025-04-25,2025-04-28,Delivered
802,802,UPS,2025-11-03,2025-11-07,In Transit
803,803,DHL,2025-05-15,2025-05-22,Delayed
804,804,DHL,2025-10-31,2025-11-07,In Transit
805,805,USPS,2025-08-18,2025-08-20,Delivered
806,806,USPS,2025-12-08,2025-12-14,In Transit
807,807,UPS,2025-11-18,2025-11-22,Delayed
808,808,FedEx,2025-03-06,2025-03-10,Delivered
809,809,FedEx,2025-11-18,2025-11-25,Delayed
810,810,USPS,2025-09-30,2025-10-03,In Transit
811,811,DHL,2025-05-09,2025-05-14,Delayed
812,812,FedEx,2025-08-11,2025-08-12,In Transit
813,813,UPS,2025-07-05,2025-07-10,In Transit
814,814,UPS,2025-04-27,2025-04-28,Delivered
815,815,UPS,2025-04-01,2025-04-07,In Transit
816,816,DHL,2025-04-18,2025-04-24,In Transit
817,817,FedEx,2025-04-22,2025-04-23,Delivered
818,818,DHL,2025-07-24,2025-07-31,Delivered
819,819,DHL,2025-09-02,2025-09-07,Delivered
820,820,DHL,2025-07-24,2025-07-26,Delayed
821,821,FedEx,2025-08-05,2025-08-12,In Transit
822,822,DHL,2025-03-24,2025-03-30,Delivered
823,823,FedEx,2025-12-09,2025-12-15,Delivered
824,824,FedEx,2025-06-12,2025-06-14,Delivered
825,825,UPS,2025-02-26,2025-03-04,Delayed
826,826,DHL,2025-03-05,2025-03-10,Delayed
827,827,FedEx,2025-01-23,2025-01-29,In Transit
828,828,UPS,2025-03-21,2025-03-28,Delivered
829,829,DHL,2025-08-26,2025-08-28,In Transit
830,830,DHL,2025-01-14,2025-01-18,Delivered
831,831,FedEx,2025-01-11,2025-01-14,Delayed
832,832,UPS,2025-08-16,2025-08-21,Delivered
833,833,UPS,2025-03-08,2025-03-14,Delayed
834,834,UPS,2025-01-22,2025-01-25,Delayed
835,835,FedEx,2025-07-31,2025-08-05,In Transit
836,836,UPS,2025-07-31,2025-08-07,Delivered
837,837,USPS,2025-02-14,2025-02-20,In Transit
838,838,FedEx,2025-09-14,2025-09-20,Delayed
839,839,USPS,2025-05-07,2025-05-11,In Transit
840,840,DHL,2025-06-30,2025-07-04,Delivered
841,841,USPS,2025-04-16,2025-04-18,In Transit
842,842,USPS,2025-02-01,2025-02-04,Delayed
843,843,UPS,2025-07-08,2025-07-15,In Transit
844,844,USPS,2025-12-06,2025-12-08,Delivered
845,845,FedEx,2025-09-15,2025-09-22,In Transit
846,846,DHL,2025-01-29,2025-01-30,In Transit
847,847,UPS,2025-02-19,2025-02-24,Delayed
848,848,FedEx,2025-09-10,2025-09-11,Delivered
849,849,UPS,2025-05-08,2025-05-11,Delayed
850,850,USPS,2025-09-17,2025-09-20,Delivered
851,851,UPS,2025-05-07,2025-05-13,Delivered
852,852,FedEx,2025-04-23,2025-04-27,In Transit
853,853,DHL,2025-04-20,2025-04-21,Delayed
854,854,USPS,2025-01-29,2025-01-31,Delayed
855,855,FedEx,2025-12-23,2025-12-26,In Transit
856,856,DHL,2025-04-06,2025-04-12,In Transit
857,857,USPS,2025-07-24,2025-07-30,In Transit
858,858,USPS,2025-11-08,2025-11-15,Delivered
859,859,USPS,2025-07-29,2025-08-05,In Transit
860,860,UPS,2025-09-06,2025-09-11,Delayed
861,861,FedEx,2025-02-23,2025-02-28,Delivered
862,862,FedEx,2025-01-25,2025-01-27,In Transit
863,863,FedEx,2025-04-19,2025-04-25,In Transit
864,864,USPS,2025-09-10,2025-09-16,In Transit
865,865,UPS,2025-08-09,2025-08-12,Delayed
866,866,UPS,2025-01-30,2025-02-03,In Transit
867,867,DHL,2025-09-12,2025-09-14,Delivered
868,868,USPS,2025-06-09,2025-06-16,Delivered
869,869,UPS,2025-01-05,2025-01-08,Delivered
870,870,DHL,2025-05-28,2025-06-04,In Transit
871,871,USPS,2025-07-02,2025-07-09,Delayed
872,872,DHL,2025-07-15,2025-07-16,In Transit
873,873,FedEx,2025-06-26,2025-07-02,Delivered
874,874,UPS,2025-05-18,2025-05-23,In Transit
875,875,USPS,2025-10-10,2025-10-13,Delayed
876,876,FedEx,2025-08-24,2025-08-31,Delayed
877,877,DHL,2025-10-30,2025-11-01,Delivered
878,878,FedEx,2025-09-09,2025-09-12,In Transit
879,879,UPS,2025-07-09,2025-07-12,Delivered
880,880,DHL,2025-12-21,2025-12-26,Delivered
881,881,USPS,2025-04-20,2025-04-26,Delivered
882,882,UPS,2025-05-03,2025-05-07,Delivered
883,883,FedEx,2025-01-23,2025-01-30,In Transit
884,884,USPS,2025-06-29,2025-07-03,Delivered
885,885,USPS,2025-11-15,2025-11-20,Delayed
886,886,DHL,2025-10-24,2025-10-26,Delayed
887,887,DHL,2025-06-04,2025-06-08,Delivered
888,888,FedEx,2025-06-10,2025-06-13,Delayed
889,889,FedEx,2025-03-16,2025-03-23,Delivered
890,890,USPS,2025-07-06,2025-07-10,In Transit
891,891,USPS,2025-02-02,2025-02-08,Delayed
892,892,DHL,2025-10-13,2025-10-17,Delayed
893,893,FedEx,2025-03-28,2025-04-03,In Transit
894,894,USPS,2025-01-09,2025-01-14,Delayed
895,895,UPS,2025-07-17,2025-07-18,In Transit
896,896,USPS,2025-03-02,2025-03-05,Delayed
897,897,USPS,2025-06-21,2025-06-23,Delayed
898,898,UPS,2025-01-11,2025-01-18,In Transit
899,899,UPS,2025-07-07,2025-07-11,In Transit
900,900,FedEx,2025-02-01,2025-02-05,In Transit
901,901,FedEx,2025-06-07,2025-06-10,In Transit
902,902,FedEx,2025-12-24,2025-12-31,Delivered
903,903,FedEx,2025-10-13,2025-10-17,In Transit
904,904,USPS,2025-11-27,2025-11-28,Delayed
905,905,UPS,2025-07-20,2025-07-22,Delivered
906,906,FedEx,2025-10-06,2025-10-12,Delayed
907,907,UPS,2025-09-24,2025-10-01,In Transit
908,908,FedEx,2025-07-27,2025-08-02,Delayed
909,909,FedEx,2025-07-31,2025-08-02,Delivered
910,910,FedEx,2025-12-05,2025-12-08,Delivered
911,911,UPS,2025-02-12,2025-02-14,Delayed
912,912,USPS,2025-11-16,2025-11-20,Delivered
913,913,USPS,2025-02-10,2025-02-13,Delivered
914,914,UPS,2025-01-08,2025-01-15,In Transit
915,915,DHL,2025-09-20,2025-09-26,In Transit
916,916,FedEx,2025-02-13,2025-02-16,In Transit
917,917,UPS,2025-12-02,2025-12-03,In Transit
918,918,UPS,2025-07-23,2025-07-26,Delayed
919,919,UPS,2025-07-24,2025-07-30,Delivered
920,920,USPS,2025-07-29,2025-08-01,In Transit
921,921,USPS,2025-06-29,2025-07-03,Delayed
922,922,USPS,2025-11-29,2025-11-30,Delivered
923,923,FedEx,2025-03-19,2025-03-21,Delayed
924,924,DHL,2025-06-27,2025-06-30,Delayed
925,925,DHL,2025-03-04,2025-03-11,Delivered
926,926,USPS,2025-10-26,2025-11-02,Delivered
927,927,FedEx,2025-12-06,2025-12-07,Delivered
928,928,UPS,2025-10-19,2025-10-20,Delivered
929,929,DHL,2025-06-21,2025-06-24,Delayed
930,930,UPS,2025-06-02,2025-06-07,In Transit
931,931,DHL,2025-08-02,2025-08-08,Delivered
932,932,USPS,2025-04-01,2025-04-05,Delayed
933,933,DHL,2025-01-14,2025-01-17,Delayed
934,934,USPS,2025-08-20,2025-08-22,In Transit
935,935,FedEx,2025-06-07,2025-06-09,In Transit
936,936,UPS,2025-09-06,2025-09-11,Delayed
937,937,UPS,2025-03-03,2025-03-10,Delivered
938,938,USPS,2026-01-01,2026-01-04,In Transit
939,939,DHL,2025-07-07,2025-07-12,Delayed
940,940,DHL,2025-08-12,2025-08-13,In Transit
941,941,UPS,2025-11-11,2025-11-13,Delivered
942,942,FedEx,2025-02-01,2025-02-04,Delivered
943,943,USPS,2025-08-13,2025-08-16,Delayed
944,944,UPS,2025-05-28,2025-06-02,Delayed
945,945,UPS,2025-05-21,2025-05-28,Delayed
946,946,UPS,2025-09-26,2025-09-30,Delayed
947,947,FedEx,2025-06-23,2025-06-26,Delayed
948,948,DHL,2025-04-10,2025-04-15,Delayed
949,949,USPS,2025-09-04,2025-09-09,In Transit
950,950,USPS,2025-02-12,2025-02-17,Delivered
951,951,USPS,2025-04-12,2025-04-17,Delayed
952,952,UPS,2025-02-02,2025-02-05,Delayed
953,953,DHL,2025-12-03,2025-12-09,In Transit
954,954,UPS,2025-06-04,2025-06-10,In Transit
955,955,UPS,2025-09-20,2025-09-22,Delayed
956,956,FedEx,2025-09-14,2025-09-16,Delivered
957,957,FedEx,2025-04-05,2025-04-07,In Transit
958,958,UPS,2025-08-16,2025-08-20,In Transit
959,959,DHL,2025-09-27,2025-09-28,In Transit
960,960,UPS,2025-12-04,2025-12-09,Delivered
961,961,USPS,2025-11-25,2025-11-30,Delivered
962,962,FedEx,2025-12-14,2025-12-15,In Transit
963,963,DHL,2025-10-19,2025-10-25,In Transit
964,964,FedEx,2025-01-16,2025-01-18,Delivered
965,965,USPS,2025-09-26,2025-09-29,Delivered
966,966,USPS,2025-08-30,2025-09-04,Delivered
967,967,DHL,2025-12-13,2025-12-17,Delayed
968,968,FedEx,2025-06-14,2025-06-17,In Transit
969,969,USPS,2025-07-11,2025-07-17,Delayed
970,970,UPS,2025-07-28,2025-07-29,In Transit
971,971,UPS,2025-01-24,2025-01-29,Delayed
972,972,DHL,2025-06-29,2025-07-05,Delivered
973,973,USPS,2025-05-03,2025-05-10,Delivered
974,974,USPS,2025-12-17,2025-12-22,Delayed
975,975,DHL,2025-01-08,2025-01-14,Delivered
976,976,USPS,2025-08-11,2025-08-12,Delivered
977,977,USPS,2025-12-15,2025-12-19,In Transit
978,978,UPS,2025-09-15,2025-09-18,Delivered
979,979,FedEx,2025-04-17,2025-04-20,Delivered
980,980,FedEx,2025-12-17,2025-12-21,Delivered
981,981,USPS,2025-08-21,2025-08-27,Delayed
982,982,DHL,2025-04-16,2025-04-23,Delivered
983,983,DHL,2025-10-11,2025-10-12,Delivered
984,984,USPS,2025-06-04,2025-06-09,In Transit
985,985,USPS,2025-07-12,2025-07-14,Delivered
986,986,DHL,2025-09-21,2025-09-26,Delivered
987,987,USPS,2025-02-21,2025-02-23,Delayed
988,988,DHL,2025-07-02,2025-07-03,Delivered
989,989,UPS,2025-03-13,2025-03-14,Delayed
990,990,USPS,2025-09-11,2025-09-16,In Transit
991,991,USPS,2025-11-22,2025-11-23,In Transit
992,992,DHL,2025-05-26,2025-05-31,Delayed
993,993,USPS,2025-03-17,2025-03-18,Delivered
994,994,USPS,2025-05-06,2025-05-10,Delayed
995,995,USPS,2025-04-26,2025-05-03,In Transit
996,996,FedEx,2025-02-12,2025-02-19,In Transit
997,997,UPS,2025-09-02,2025-09-06,Delivered
998,998,FedEx,2025-03-12,2025-03-13,In Transit
999,999,USPS,2025-02-04,2025-02-08,In Transit
1000,1000,DHL,2025-09-01,2025-09-02,Delivered
1001,1001,DHL,2025-09-16,2025-09-23,Delayed
1002,1002,USPS,2025-10-01,2025-10-05,In Transit
1003,1003,FedEx,2025-10-08,2025-10-10,In Transit
1004,1004,UPS,2025-06-24,2025-06-28,Delayed
1005,1005,UPS,2025-08-23,2025-08-27,Delayed
1006,1006,DHL,2025-12-26,2025-12-27,Delivered
1007,1007,DHL,2025-12-11,2025-12-17,Delayed
1008,1008,UPS,2025-04-12,2025-04-18,In Transit
1009,1009,USPS,2025-09-02,2025-09-04,In Transit
1010,1010,FedEx,2025-10-09,2025-10-11,In Transit
1011,1011,UPS,2025-01-13,2025-01-14,Delivered
1012,1012,FedEx,2025-12-02,2025-12-03,Delivered
1013,1013,UPS,2025-02-15,2025-02-20,In Transit
1014,1014,DHL,2025-08-27,2025-09-01,Delivered
1015,1015,USPS,2025-09-11,2025-09-16,Delayed
1016,1016,FedEx,2025-08-26,2025-08-27,Delivered
1017,1017,USPS,2025-09-30,2025-10-01,Delayed
1018,1018,DHL,2025-10-22,2025-10-29,In Transit
1019,1019,FedEx,2025-06-03,2025-06-04,In Transit
1020,1020,FedEx,2025-04-17,2025-04-19,In Transit
1021,1021,FedEx,2025-05-08,2025-05-09,In Transit
1022,1022,UPS,2025-04-08,2025-04-13,Delayed
1023,1023,UPS,2025-05-29,2025-06-04,Delayed
1024,1024,UPS,2025-12-11,2025-12-18,Delayed
1025,1025,DHL,2025-10-01,2025-10-05,Delivered
1026,1026,DHL,2025-01-02,2025-01-06,Delivered
1027,1027,DHL,2025-09-22,2025-09-25,In Transit
1028,1028,UPS,2025-07-20,2025-07-26,In Transit
1029,1029,USPS,2025-02-26,2025-02-27,Delivered
1030,1030,FedEx,2025-01-14,2025-01-18,Delayed
1031,1031,DHL,2025-09-15,2025-09-20,Delivered
1032,1032,UPS,2025-04-29,2025-05-06,Delayed
1033,1033,USPS,2025-12-26,2025-12-31,Delayed
1034,1034,UPS,2025-07-09,2025-07-10,In Transit
1035,1035,DHL,2025-11-22,2025-11-28,In Transit
1036,1036,USPS,2025-11-30,2025-12-01,Delivered
1037,1037,FedEx,2025-03-27,2025-04-03,In Transit
1038,1038,USPS,2025-12-05,2025-12-07,In Transit
1039,1039,USPS,2025-09-19,2025-09-25,In Transit
1040,1040,DHL,2025-06-15,2025-06-22,Delayed
1041,1041,UPS,2025-08-31,2025-09-04,Delivered
1042,1042,FedEx,2025-01-07,2025-01-11,In Transit
1043,1043,DHL,2025-09-21,2025-09-22,Delayed
1044,1044,FedEx,2025-07-09,2025-07-14,Delivered
1045,1045,FedEx,2025-12-18,2025-12-23,Delivered
1046,1046,DHL,2025-05-02,2025-05-09,Delayed
1047,1047,USPS,2025-03-01,2025-03-07,Delivered
1048,1048,UPS,2025-03-04,2025-03-05,In Transit
1049,1049,UPS,2025-01-06,2025-01-09,In Transit
1050,1050,UPS,2025-11-07,2025-11-10,In Transit
1051,1051,DHL,2025-01-19,2025-01-25,Delayed
1052,1052,FedEx,2025-11-05,2025-11-10,In Transit
1053,1053,FedEx,2025-02-16,2025-02-23,In Transit
1054,1054,USPS,2025-04-18,2025-04-20,Delayed
1055,1055,USPS,2025-10-20,2025-10-24,Delayed
1056,1056,UPS,2025-07-02,2025-07-03,Delivered
1057,1057,FedEx,2025-06-22,2025-06-24,Delivered
1058,1058,UPS,2025-05-04,2025-05-05,Delivered
1059,1059,USPS,2025-12-15,2025-12-16,Delivered
1060,1060,DHL,2025-10-22,2025-10-28,In Transit
1061,1061,FedEx,2025-08-04,2025-08-07,Delivered
1062,1062,DHL,2025-03-22,2025-03-24,Delivered
1063,1063,UPS,2025-02-09,2025-02-10,In Transit
1064,1064,FedEx,2025-06-27,2025-06-30,Delayed
1065,1065,FedEx,2025-09-15,2025-09-18,Delivered
1066,1066,UPS,2025-02-21,2025-02-25,In Transit
1067,1067,UPS,2025-01-28,2025-02-02,Delayed
1068,1068,FedEx,2025-11-09,2025-11-14,Delayed
1069,1069,DHL,2025-09-11,2025-09-17,Delayed
1070,1070,FedEx,2025-10-31,2025-11-03,In Transit
1071,1071,UPS,2025-08-10,2025-08-12,Delivered
1072,1072,UPS,2025-11-10,2025-11-15,Delayed
1073,1073,DHL,2025-07-11,2025-07-17,Delivered
1074,1074,USPS,2025-08-22,2025-08-26,In Transit
1075,1075,FedEx,2025-10-26,2025-10-28,Delivered
1076,1076,DHL,2025-02-01,2025-02-06,Delivered
1077,1077,UPS,2025-04-02,2025-04-04,In Transit
1078,1078,FedEx,2025-09-24,2025-09-25,Delayed
1079,1079,UPS,2025-02-08,2025-02-10,Delayed
1080,1080,UPS,2025-04-25,2025-05-02,In Transit
1081,1081,FedEx,2025-06-09,2025-06-10,Delivered
1082,1082,USPS,2025-04-09,2025-04-10,Delivered
1083,1083,USPS,2025-12-09,2025-12-15,Delivered
1084,1084,USPS,2025-03-10,2025-03-17,Delayed
1085,1085,FedEx,2025-01-12,2025-01-16,In Transit
1086,1086,USPS,2025-11-04,2025-11-06,Delivered
1087,1087,UPS,2025-06-18,2025-06-22,In Transit
1088,1088,USPS,2025-09-06,2025-09-09,Delivered
1089,1089,USPS,2025-08-29,2025-09-04,In Transit
1090,1090,DHL,2025-07-01,2025-07-02,Delivered
1091,1091,UPS,2025-03-21,2025-03-25,Delayed
1092,1092,USPS,2025-06-07,2025-06-14,Delayed
1093,1093,FedEx,2025-08-23,2025-08-24,Delivered
1094,1094,DHL,2025-12-24,2025-12-25,Delivered
1095,1095,DHL,2025-05-10,2025-05-11,Delivered
1096,1096,FedEx,2025-12-21,2025-12-27,In Transit
1097,1097,DHL,2025-03-12,2025-03-15,Delivered
1098,1098,DHL,2025-05-02,2025-05-06,In Transit
1099,1099,DHL,2025-09-16,2025-09-20,Delayed
1100,1100,DHL,2025-12-25,2026-01-01,Delivered
1101,1101,DHL,2025-04-23,2025-04-25,Delivered
1102,1102,FedEx,2025-08-02,2025-08-09,In Transit
1103,1103,DHL,2025-09-18,2025-09-21,Delayed
1104,1104,DHL,2025-11-14,2025-11-20,Delayed
1105,1105,UPS,2025-08-23,2025-08-28,In Transit
1106,1106,UPS,2025-10-08,2025-10-13,Delivered
1107,1107,UPS,2025-03-12,2025-03-15,Delayed
1108,1108,FedEx,2025-12-26,2025-12-31,In Transit
1109,1109,UPS,2025-07-11,2025-07-18,Delivered
1110,1110,FedEx,2025-02-19,2025-02-26,In Transit
1111,1111,USPS,2025-12-31,2026-01-02,Delayed
1112,1112,UPS,2025-10-02,2025-10-06,In Transit
1113,1113,UPS,2025-04-21,2025-04-28,In Transit
1114,1114,UPS,2025-06-26,2025-07-01,Delayed
1115,1115,UPS,2025-12-02,2025-12-07,Delivered
1116,1116,UPS,2025-06-16,2025-06-22,Delayed
1117,1117,FedEx,2025-01-23,2025-01-25,In Transit
1118,1118,DHL,2025-06-13,2025-06-18,In Transit
1119,1119,DHL,2025-06-28,2025-07-04,In Transit
1120,1120,UPS,2025-01-26,2025-01-29,In Transit
1121,1121,USPS,2025-05-19,2025-05-21,In Transit
1122,1122,FedEx,2025-12-20,2025-12-24,In Transit
1123,1123,DHL,2025-04-15,2025-04-19,In Transit
1124,1124,USPS,2025-04-03,2025-04-10,Delayed
1125,1125,FedEx,2025-01-29,2025-02-04,In Transit
1126,1126,DHL,2025-09-16,2025-09-19,Delivered
1127,1127,USPS,2025-04-22,2025-04-28,Delayed
1128,1128,UPS,2025-01-08,2025-01-11,Delivered
1129,1129,FedEx,2025-08-10,2025-08-14,Delayed
1130,1130,FedEx,2025-02-05,2025-02-06,Delayed
1131,1131,DHL,2025-05-13,2025-05-18,Delivered
1132,1132,FedEx,2025-09-18,2025-09-21,Delivered
1133,1133,DHL,2025-07-18,2025-07-21,Delivered
1134,1134,FedEx,2025-09-23,2025-09-26,Delayed
1135,1135,UPS,2025-09-06,2025-09-13,Delivered
1136,1136,USPS,2025-08-19,2025-08-24,In Transit
1137,1137,UPS,2025-02-27,2025-03-04,Delayed
1138,1138,UPS,2025-07-07,2025-07-13,In Transit
1139,1139,UPS,2025-12-13,2025-12-18,Delayed
1140,1140,UPS,2025-04-15,2025-04-19,Delayed
1141,1141,DHL,2025-04-05,2025-04-08,In Transit
1142,1142,DHL,2025-12-29,2026-01-03,Delayed
1143,1143,FedEx,2025-07-08,2025-07-12,Delivered
1144,1144,DHL,2025-10-26,2025-10-29,Delivered
1145,1145,FedEx,2025-12-29,2026-01-05,In Transit
1146,1146,UPS,2025-09-19,2025-09-20,Delayed
1147,1147,UPS,2025-11-02,2025-11-09,Delivered
1148,1148,UPS,2025-07-30,2025-08-03,In Transit
1149,1149,UPS,2025-07-26,2025-07-29,Delivered
1150,1150,USPS,2025-07-16,2025-07-21,Delivered
1151,1151,USPS,2025-08-23,2025-08-29,Delivered
1152,1152,UPS,2025-04-24,2025-04-29,Delayed
1153,1153,USPS,2025-11-19,2025-11-21,In Transit
1154,1154,UPS,2025-02-28,2025-03-06,In Transit
1155,1155,UPS,2025-12-18,2025-12-25,Delivered
1156,1156,DHL,2025-06-08,2025-06-09,In Transit
1157,1157,FedEx,2025-11-13,2025-11-18,Delayed
1158,1158,USPS,2025-11-29,2025-12-04,In Transit
1159,1159,UPS,2025-04-27,2025-04-30,In Transit
1160,1160,DHL,2025-12-31,2026-01-05,Delayed
1161,1161,FedEx,2025-12-13,2025-12-20,Delayed
1162,1162,FedEx,2025-12-28,2026-01-03,In Transit
1163,1163,USPS,2025-12-27,2025-12-28,In Transit
1164,1164,USPS,2025-08-16,2025-08-20,Delayed
1165,1165,DHL,2025-05-06,2025-05-07,Delivered
1166,1166,USPS,2025-02-19,2025-02-24,In Transit
1167,1167,FedEx,2025-12-17,2025-12-23,Delayed
1168,1168,UPS,2025-01-24,2025-01-29,Delayed
1169,1169,USPS,2025-06-30,2025-07-02,In Transit
1170,1170,UPS,2025-12-07,2025-12-08,Delivered
1171,1171,USPS,2025-04-01,2025-04-06,Delayed
1172,1172,UPS,2025-10-11,2025-10-14,In Transit
1173,1173,USPS,2025-05-22,2025-05-25,Delayed
1174,1174,FedEx,2025-10-17,2025-10-20,Delivered
1175,1175,UPS,2025-11-10,2025-11-13,In Transit
1176,1176,USPS,2025-04-08,2025-04-14,Delayed
1177,1177,UPS,2025-05-13,2025-05-16,In Transit
1178,1178,UPS,2025-03-19,2025-03-26,Delivered
1179,1179,DHL,2025-01-18,2025-01-22,Delivered
1180,1180,DHL,2025-07-25,2025-07-30,Delivered
1181,1181,FedEx,2025-08-25,2025-08-27,Delivered
1182,1182,FedEx,2025-07-02,2025-07-09,Delivered
1183,1183,FedEx,2025-03-19,2025-03-24,In Transit
1184,1184,DHL,2025-07-06,2025-07-07,Delayed
1185,1185,DHL,2025-02-21,2025-02-25,Delivered
1186,1186,USPS,2025-09-19,2025-09-24,Delivered
1187,1187,UPS,2025-12-04,2025-12-06,Delivered
1188,1188,FedEx,2025-09-04,2025-09-06,Delivered
1189,1189,USPS,2025-10-16,2025-10-18,In Transit
1190,1190,DHL,2025-05-08,2025-05-14,In Transit
1191,1191,USPS,2025-03-03,2025-03-08,In Transit
1192,1192,UPS,2025-09-12,2025-09-15,Delivered
1193,1193,USPS,2025-08-28,2025-09-04,In Transit
1194,1194,FedEx,2025-08-08,2025-08-09,In Transit
1195,1195,USPS,2025-01-07,2025-01-11,Delivered
1196,1196,FedEx,2025-02-16,2025-02-20,In Transit
1197,1197,USPS,2025-09-20,2025-09-24,In Transit
1198,1198,USPS,2025-10-30,2025-11-04,Delivered
1199,1199,UPS,2025-02-24,2025-02-28,In Transit
1200,1200,FedEx,2025-06-11,2025-06-18,Delayed
1201,1201,DHL,2025-12-28,2025-12-31,Delivered
1202,1202,USPS,2025-05-23,2025-05-28,Delayed
1203,1203,FedEx,2025-11-15,2025-11-21,Delayed
1204,1204,FedEx,2025-03-04,2025-03-09,Delayed
1205,1205,USPS,2025-09-12,2025-09-19,In Transit
1206,1206,FedEx,2025-06-09,2025-06-10,Delayed
1207,1207,USPS,2025-01-29,2025-01-31,Delayed
1208,1208,FedEx,2025-01-19,2025-01-22,Delayed
1209,1209,UPS,2025-11-26,2025-11-28,Delivered
1210,1210,FedEx,2025-03-11,2025-03-17,Delayed
1211,1211,UPS,2025-11-19,2025-11-24,In Transit
1212,1212,DHL,2025-03-25,2025-04-01,In Transit
1213,1213,DHL,2025-12-13,2025-12-17,Delayed
1214,1214,USPS,2025-06-18,2025-06-20,Delayed
1215,1215,USPS,2025-03-31,2025-04-07,In Transit
1216,1216,DHL,2025-09-01,2025-09-05,Delivered
1217,1217,UPS,2025-01-20,2025-01-26,Delivered
1218,1218,UPS,2025-08-05,2025-08-08,In Transit
1219,1219,UPS,2025-07-21,2025-07-24,Delivered
1220,1220,DHL,2025-06-03,2025-06-07,In Transit
1221,1221,DHL,2025-03-26,2025-03-30,Delayed
1222,1222,UPS,2025-02-23,2025-02-27,Delayed
1223,1223,USPS,2025-04-26,2025-04-28,In Transit
1224,1224,FedEx,2025-05-11,2025-05-17,Delayed
1225,1225,FedEx,2025-04-25,2025-04-28,Delivered
1226,1226,FedEx,2025-04-27,2025-04-30,In Transit
1227,1227,DHL,2025-12-12,2025-12-13,Delivered
1228,1228,UPS,2025-12-29,2026-01-05,In Transit
1229,1229,USPS,2025-02-08,2025-02-11,Delayed
1230,1230,FedEx,2025-07-16,2025-07-23,Delivered
1231,1231,DHL,2025-01-09,2025-01-12,Delivered
1232,1232,DHL,2025-06-20,2025-06-24,In Transit
1233,1233,DHL,2025-03-05,2025-03-09,In Transit
1234,1234,UPS,2025-04-06,2025-04-10,Delivered
1235,1235,UPS,2025-06-14,2025-06-18,Delayed
1236,1236,UPS,2025-03-23,2025-03-29,Delayed
1237,1237,DHL,2025-09-08,2025-09-12,In Transit
1238,1238,FedEx,2025-08-29,2025-09-04,Delivered
1239,1239,USPS,2025-11-16,2025-11-18,Delayed
1240,1240,USPS,2025-09-02,2025-09-05,Delayed
1241,1241,FedEx,2025-01-26,2025-01-28,Delivered
1242,1242,UPS,2025-11-20,2025-11-22,Delayed
1243,1243,USPS,2025-07-12,2025-07-13,Delayed
1244,1244,DHL,2025-07-29,2025-08-04,Delayed
1245,1245,DHL,2025-10-12,2025-10-18,Delayed
1246,1246,UPS,2025-08-06,2025-08-08,In Transit
1247,1247,DHL,2025-10-07,2025-10-12,Delayed
1248,1248,USPS,2025-02-12,2025-02-17,In Transit
1249,1249,USPS,2025-08-24,2025-08-26,Delivered
1250,1250,UPS,2025-10-30,2025-11-02,In Transit
1251,1251,FedEx,2025-08-16,2025-08-17,Delayed
1252,1252,FedEx,2025-04-08,2025-04-13,Delivered
1253,1253,FedEx,2025-03-31,2025-04-02,Delayed
1254,1254,USPS,2025-01-07,2025-01-11,In Transit
1255,1255,UPS,2025-01-22,2025-01-26,In Transit
1256,1256,DHL,2025-03-25,2025-03-27,In Transit
1257,1257,DHL,2025-11-20,2025-11-24,Delayed
1258,1258,FedEx,2025-04-02,2025-04-08,Delayed
1259,1259,UPS,2025-02-12,2025-02-13,Delivered
1260,1260,USPS,2025-12-28,2026-01-03,Delayed
1261,1261,FedEx,2025-03-17,2025-03-19,In Transit
1262,1262,FedEx,2025-02-03,2025-02-10,Delivered
1263,1263,FedEx,2025-08-19,2025-08-24,Delivered
1264,1264,UPS,2025-08-31,2025-09-05,Delivered
1265,1265,USPS,2025-09-24,2025-09-27,Delivered
1266,1266,USPS,2025-11-10,2025-11-17,In Transit
1267,1267,DHL,2025-03-11,2025-03-15,Delivered
1268,1268,USPS,2025-12-06,2025-12-08,In Transit
1269,1269,FedEx,2025-01-20,2025-01-27,Delayed
1270,1270,FedEx,2025-08-14,2025-08-19,Delayed
1271,1271,UPS,2025-05-01,2025-05-06,In Transit
1272,1272,USPS,2025-10-11,2025-10-14,Delayed
1273,1273,USPS,2025-12-29,2026-01-04,Delivered
1274,1274,UPS,2025-03-29,2025-04-03,Delivered
1275,1275,UPS,2025-01-21,2025-01-28,In Transit
1276,1276,FedEx,2025-02-04,2025-02-11,Delivered
1277,1277,USPS,2025-08-13,2025-08-19,In Transit
1278,1278,USPS,2025-12-03,2025-12-05,Delayed
1279,1279,FedEx,2025-04-30,2025-05-04,Delivered
1280,1280,USPS,2025-12-29,2026-01-01,Delayed
1281,1281,UPS,2025-02-19,2025-02-20,Delayed
1282,1282,DHL,2025-06-28,2025-07-04,Delayed
1283,1283,UPS,2025-10-01,2025-10-03,Delayed
1284,1284,FedEx,2025-05-01,2025-05-05,Delivered
1285,1285,FedEx,2025-08-08,2025-08-11,Delayed
1286,1286,FedEx,2025-10-03,2025-10-09,In Transit
1287,1287,UPS,2025-10-10,2025-10-14,In Transit
1288,1288,USPS,2025-08-05,2025-08-10,Delivered
1289,1289,UPS,2025-11-16,2025-11-20,In Transit
1290,1290,USPS,2025-07-24,2025-07-28,Delayed
1291,1291,DHL,2025-07-28,2025-08-02,Delivered
1292,1292,DHL,2025-09-08,2025-09-15,Delivered
1293,1293,USPS,2025-05-08,2025-05-11,In Transit
1294,1294,USPS,2025-10-09,2025-10-13,Delivered
1295,1295,USPS,2025-08-26,2025-08-29,Delayed
1296,1296,USPS,2025-04-30,2025-05-07,Delayed
1297,1297,UPS,2025-12-24,2025-12-30,Delivered
1298,1298,UPS,2025-11-08,2025-11-12,Delivered
1299,1299,FedEx,2025-09-04,2025-09-10,Delayed
1300,1300,DHL,2025-12-19,2025-12-20,Delivered
1301,1301,DHL,2025-05-21,2025-05-24,Delayed
1302,1302,UPS,2025-09-11,2025-09-18,Delayed
1303,1303,USPS,2025-02-24,2025-03-01,Delayed
1304,1304,USPS,2025-06-05,2025-06-11,In Transit
1305,1305,FedEx,2025-08-22,2025-08-27,Delayed
1306,1306,DHL,2025-04-10,2025-04-12,In Transit
1307,1307,UPS,2025-04-08,2025-04-10,In Transit
1308,1308,UPS,2025-07-08,2025-07-15,Delayed
1309,1309,USPS,2025-03-17,2025-03-19,In Transit
1310,1310,FedEx,2025-08-27,2025-09-02,Delayed
1311,1311,USPS,2025-07-14,2025-07-16,Delivered
1312,1312,USPS,2025-12-31,2026-01-05,In Transit
1313,1313,FedEx,2025-03-01,2025-03-08,Delayed
1314,1314,FedEx,2025-08-10,2025-08-13,Delivered
1315,1315,DHL,2025-07-27,2025-07-28,In Transit
1316,1316,DHL,2025-09-18,2025-09-24,Delivered
1317,1317,UPS,2025-07-24,2025-07-28,In Transit
1318,1318,UPS,2025-08-25,2025-08-31,Delayed
1319,1319,FedEx,2025-10-27,2025-11-01,Delivered
1320,1320,DHL,2025-09-12,2025-09-15,Delayed
1321,1321,USPS,2025-03-26,2025-03-28,In Transit
1322,1322,UPS,2025-11-21,2025-11-28,In Transit
1323,1323,FedEx,2025-02-07,2025-02-09,In Transit
1324,1324,UPS,2025-07-14,2025-07-17,Delivered
1325,1325,DHL,2025-06-26,2025-07-02,Delivered
1326,1326,USPS,2025-12-23,2025-12-27,In Transit
1327,1327,UPS,2025-04-13,2025-04-15,Delayed
1328,1328,DHL,2025-02-02,2025-02-03,Delayed
1329,1329,DHL,2025-04-02,2025-04-04,Delayed
1330,1330,USPS,2025-06-09,2025-06-15,In Transit
1331,1331,UPS,2025-04-10,2025-04-12,Delayed
1332,1332,DHL,2025-11-20,2025-11-24,Delayed
1333,1333,UPS,2025-11-27,2025-12-01,Delayed
1334,1334,DHL,2025-01-21,2025-01-27,In Transit
1335,1335,DHL,2025-06-28,2025-07-04,Delayed
1336,1336,USPS,2025-02-02,2025-02-09,In Transit
1337,1337,FedEx,2025-04-23,2025-04-24,In Transit
1338,1338,USPS,2025-08-20,2025-08-22,In Transit
1339,1339,FedEx,2025-01-15,2025-01-19,Delayed
1340,1340,USPS,2025-03-14,2025-03-21,In Transit
1341,1341,FedEx,2025-04-07,2025-04-10,Delayed
1342,1342,DHL,2025-10-13,2025-10-14,In Transit
1343,1343,USPS,2025-12-07,2025-12-14,In Transit
1344,1344,USPS,2025-09-26,2025-09-29,Delayed
1345,1345,DHL,2025-12-14,2025-12-20,Delivered
1346,1346,DHL,2025-01-07,2025-01-10,Delivered
1347,1347,USPS,2025-10-03,2025-10-10,In Transit
1348,1348,UPS,2025-06-06,2025-06-09,Delayed
1349,1349,FedEx,2025-04-25,2025-04-26,Delayed
1350,1350,DHL,2025-02-15,2025-02-20,In Transit
1351,1351,UPS,2025-02-27,2025-03-06,In Transit
1352,1352,USPS,2025-10-20,2025-10-27,Delayed
1353,1353,USPS,2025-08-22,2025-08-29,In Transit
1354,1354,UPS,2025-12-31,2026-01-01,Delivered
1355,1355,UPS,2025-08-19,2025-08-24,Delivered
1356,1356,FedEx,2025-04-03,2025-04-05,In Transit
1357,1357,DHL,2025-09-13,2025-09-14,Delayed
1358,1358,UPS,2025-12-17,2025-12-19,Delivered
1359,1359,USPS,2025-03-08,2025-03-10,Delayed
1360,1360,USPS,2025-02-15,2025-02-20,Delayed
1361,1361,DHL,2025-06-19,2025-06-21,In Transit
1362,1362,DHL,2025-03-06,2025-03-08,In Transit
1363,1363,FedEx,2025-05-08,2025-05-14,Delivered
1364,1364,USPS,2025-04-06,2025-04-10,Delayed
1365,1365,DHL,2025-07-05,2025-07-12,Delayed
1366,1366,USPS,2025-03-12,2025-03-13,Delayed
1367,1367,FedEx,2025-07-22,2025-07-27,Delivered
1368,1368,UPS,2025-03-16,2025-03-23,Delivered
1369,1369,FedEx,2025-12-16,2025-12-20,Delayed
1370,1370,DHL,2025-04-19,2025-04-23,Delayed
1371,1371,FedEx,2025-07-16,2025-07-18,In Transit
1372,1372,UPS,2025-08-23,2025-08-29,In Transit
1373,1373,DHL,2025-12-21,2025-12-27,In Transit
1374,1374,DHL,2025-02-24,2025-02-25,In Transit
1375,1375,USPS,2025-04-17,2025-04-19,In Transit
1376,1376,USPS,2025-08-26,2025-08-29,Delivered
1377,1377,USPS,2025-08-15,2025-08-20,Delayed
1378,1378,FedEx,2025-01-03,2025-01-09,In Transit
1379,1379,USPS,2025-08-05,2025-08-08,In Transit
1380,1380,FedEx,2025-12-30,2026-01-06,Delayed
1381,1381,UPS,2025-03-13,2025-03-14,Delayed
1382,1382,UPS,2025-06-28,2025-07-03,Delayed
1383,1383,FedEx,2025-02-07,2025-02-14,Delayed
1384,1384,DHL,2025-05-05,2025-05-09,In Transit
1385,1385,FedEx,2025-08-22,2025-08-23,In Transit
1386,1386,FedEx,2025-04-22,2025-04-27,Delivered
1387,1387,FedEx,2025-05-31,2025-06-05,Delayed
1388,1388,DHL,2025-08-28,2025-08-29,In Transit
1389,1389,UPS,2025-11-21,2025-11-24,In Transit
1390,1390,FedEx,2025-11-13,2025-11-19,In Transit
1391,1391,USPS,2025-11-27,2025-11-30,Delayed
1392,1392,USPS,2025-08-01,2025-08-03,Delayed
1393,1393,DHL,2025-10-07,2025-10-12,In Transit
1394,1394,UPS,2025-04-04,2025-04-06,In Transit
1395,1395,UPS,2025-01-17,2025-01-22,In Transit
1396,1396,USPS,2025-09-09,2025-09-13,In Transit
1397,1397,UPS,2025-06-05,2025-06-11,In Transit
1398,1398,DHL,2025-02-02,2025-02-09,Delayed
1399,1399,FedEx,2025-10-09,2025-10-11,Delayed
1400,1400,FedEx,2025-04-14,2025-04-18,In Transit
1401,1401,UPS,2025-03-10,2025-03-15,Delayed
1402,1402,UPS,2025-01-28,2025-02-02,Delayed
1403,1403,USPS,2025-04-25,2025-05-01,In Transit
1404,1404,USPS,2025-05-17,2025-05-24,Delivered
1405,1405,FedEx,2025-09-20,2025-09-26,In Transit
1406,1406,UPS,2025-04-23,2025-04-29,Delivered
1407,1407,USPS,2025-01-28,2025-02-03,Delayed
1408,1408,DHL,2025-01-04,2025-01-09,Delayed
1409,1409,DHL,2025-05-04,2025-05-08,Delayed
1410,1410,FedEx,2025-09-24,2025-09-29,Delivered
1411,1411,USPS,2025-11-04,2025-11-10,Delayed
1412,1412,DHL,2025-07-31,2025-08-02,Delayed
1413,1413,FedEx,2025-12-23,2025-12-27,Delayed
1414,1414,DHL,2025-06-14,2025-06-15,Delivered
1415,1415,USPS,2025-05-16,2025-05-21,Delayed
1416,1416,DHL,2025-11-06,2025-11-11,Delivered
1417,1417,USPS,2025-07-19,2025-07-22,Delayed
1418,1418,USPS,2025-02-07,2025-02-14,Delivered
1419,1419,FedEx,2025-07-29,2025-07-30,Delivered
1420,1420,UPS,2025-07-01,2025-07-02,In Transit
1421,1421,FedEx,2025-10-13,2025-10-14,In Transit
1422,1422,FedEx,2025-08-13,2025-08-19,Delayed
1423,1423,USPS,2025-07-09,2025-07-13,Delayed
1424,1424,USPS,2025-11-03,2025-11-07,In Transit
1425,1425,USPS,2025-04-10,2025-04-12,In Transit
1426,1426,UPS,2025-12-07,2025-12-11,Delivered
1427,1427,UPS,2025-01-03,2025-01-07,In Transit
1428,1428,FedEx,2025-03-16,2025-03-20,In Transit
1429,1429,DHL,2025-04-03,2025-04-07,Delivered
1430,1430,FedEx,2025-07-01,2025-07-02,In Transit
1431,1431,FedEx,2025-11-04,2025-11-09,Delivered
1432,1432,FedEx,2025-08-29,2025-09-05,Delayed
1433,1433,FedEx,2025-02-18,2025-02-23,Delivered
1434,1434,DHL,2025-09-21,2025-09-22,Delayed
1435,1435,DHL,2025-04-27,2025-04-28,In Transit
1436,1436,USPS,2025-07-30,2025-08-01,Delayed
1437,1437,USPS,2025-05-10,2025-05-12,Delayed
1438,1438,USPS,2025-02-03,2025-02-04,Delayed
1439,1439,FedEx,2025-09-13,2025-09-18,Delayed
1440,1440,DHL,2025-05-04,2025-05-09,In Transit
1441,1441,UPS,2025-03-19,2025-03-25,Delayed
1442,1442,DHL,2025-02-04,2025-02-05,Delivered
1443,1443,USPS,2025-11-22,2025-11-26,In Transit
1444,1444,UPS,2025-10-14,2025-10-16,Delayed
1445,1445,USPS,2025-05-16,2025-05-17,Delivered
1446,1446,USPS,2025-03-05,2025-03-08,Delayed
1447,1447,FedEx,2025-08-27,2025-08-30,In Transit
1448,1448,DHL,2025-11-19,2025-11-21,Delayed
1449,1449,USPS,2025-12-19,2025-12-26,Delivered
1450,1450,DHL,2025-10-05,2025-10-12,In Transit
1451,1451,UPS,2025-07-05,2025-07-11,Delivered
1452,1452,UPS,2025-02-24,2025-03-01,Delayed
1453,1453,UPS,2025-12-03,2025-12-10,In Transit
1454,1454,FedEx,2025-01-15,2025-01-20,Delivered
1455,1455,DHL,2025-12-30,2026-01-01,Delayed
1456,1456,DHL,2025-05-04,2025-05-07,In Transit
1457,1457,FedEx,2025-06-28,2025-06-29,Delayed
1458,1458,DHL,2025-07-19,2025-07-23,In Transit
1459,1459,UPS,2025-08-25,2025-08-30,Delayed
1460,1460,FedEx,2025-06-15,2025-06-18,In Transit
1461,1461,USPS,2025-08-13,2025-08-19,Delayed
1462,1462,USPS,2025-01-25,2025-01-30,Delayed
1463,1463,USPS,2025-01-15,2025-01-20,In Transit
1464,1464,FedEx,2025-10-07,2025-10-12,Delayed
1465,1465,UPS,2025-11-12,2025-11-16,In Transit
1466,1466,DHL,2025-05-12,2025-05-17,Delayed
1467,1467,UPS,2025-12-01,2025-12-03,In Transit
1468,1468,UPS,2025-01-18,2025-01-25,Delayed
1469,1469,USPS,2025-04-09,2025-04-13,Delayed
1470,1470,DHL,2025-05-28,2025-05-30,In Transit
1471,1471,FedEx,2025-06-11,2025-06-15,Delayed
1472,1472,FedEx,2025-08-15,2025-08-19,In Transit
1473,1473,FedEx,2025-03-31,2025-04-07,Delivered
1474,1474,DHL,2025-06-06,2025-06-11,Delayed
1475,1475,UPS,2025-05-28,2025-06-01,In Transit
1476,1476,UPS,2025-02-05,2025-02-10,Delivered
1477,1477,UPS,2025-05-02,2025-05-07,Delivered
1478,1478,UPS,2025-08-15,2025-08-21,Delayed
1479,1479,FedEx,2025-03-06,2025-03-09,In Transit
1480,1480,UPS,2025-09-08,2025-09-14,Delayed
1481,1481,USPS,2025-02-13,2025-02-16,Delayed
1482,1482,USPS,2025-03-29,2025-04-04,In Transit
1483,1483,FedEx,2025-08-07,2025-08-08,Delayed
1484,1484,DHL,2025-01-31,2025-02-07,Delivered
1485,1485,USPS,2025-10-17,2025-10-21,Delayed
1486,1486,UPS,2025-10-19,2025-10-22,In Transit
1487,1487,FedEx,2025-05-23,2025-05-30,Delivered
1488,1488,USPS,2025-12-05,2025-12-08,Delivered
1489,1489,FedEx,2025-10-17,2025-10-22,In Transit
1490,1490,USPS,2025-05-09,2025-05-12,Delayed
1491,1491,USPS,2025-05-10,2025-05-11,Delayed
1492,1492,DHL,2025-07-16,2025-07-23,Delayed
1493,1493,DHL,2025-07-06,2025-07-09,Delivered
1494,1494,USPS,2025-06-24,2025-07-01,Delayed
1495,1495,FedEx,2025-09-12,2025-09-14,In Transit
1496,1496,FedEx,2025-07-29,2025-07-31,Delayed
1497,1497,UPS,2025-05-16,2025-05-17,Delivered
1498,1498,DHL,2025-06-30,2025-07-05,Delivered
1499,1499,FedEx,2025-07-11,2025-07-17,Delivered
1500,1500,USPS,2025-12-08,2025-12-15,Delivered
1501,1501,USPS,2025-04-13,2025-04-15,Delivered
1502,1502,UPS,2025-12-31,2026-01-02,Delayed
1503,1503,UPS,2025-05-29,2025-06-05,In Transit
1504,1504,FedEx,2025-01-19,2025-01-22,Delivered
1505,1505,DHL,2025-05-04,2025-05-09,Delayed
1506,1506,DHL,2025-09-01,2025-09-04,In Transit
1507,1507,USPS,2025-10-13,2025-10-17,Delayed
1508,1508,FedEx,2025-01-31,2025-02-02,Delivered
1509,1509,DHL,2025-09-19,2025-09-25,In Transit
1510,1510,USPS,2025-04-11,2025-04-16,In Transit
1511,1511,USPS,2025-02-25,2025-03-04,In Transit
1512,1512,FedEx,2025-12-22,2025-12-25,Delayed
1513,1513,UPS,2025-09-17,2025-09-24,Delivered
1514,1514,USPS,2025-08-29,2025-09-05,Delivered
1515,1515,DHL,2025-09-03,2025-09-07,In Transit
1516,1516,UPS,2025-07-06,2025-07-12,In Transit
1517,1517,UPS,2025-02-28,2025-03-07,In Transit
1518,1518,FedEx,2025-01-09,2025-01-15,Delayed
1519,1519,UPS,2025-05-20,2025-05-23,Delivered
1520,1520,FedEx,2025-03-09,2025-03-14,Delivered
1521,1521,USPS,2025-03-15,2025-03-16,In Transit
1522,1522,DHL,2025-09-19,2025-09-23,In Transit
1523,1523,USPS,2025-12-01,2025-12-04,Delivered
1524,1524,FedEx,2025-09-06,2025-09-08,Delivered
1525,1525,DHL,2025-01-27,2025-02-02,Delivered
1526,1526,USPS,2025-04-10,2025-04-12,In Transit
1527,1527,USPS,2025-02-22,2025-02-25,Delivered
1528,1528,USPS,2025-08-13,2025-08-19,Delayed
1529,1529,USPS,2025-08-01,2025-08-07,In Transit
1530,1530,USPS,2025-11-18,2025-11-21,In Transit
1531,1531,USPS,2025-10-18,2025-10-20,Delayed
1532,1532,DHL,2025-09-21,2025-09-27,Delivered
1533,1533,FedEx,2025-03-09,2025-03-14,Delivered
1534,1534,FedEx,2025-12-03,2025-12-05,In Transit
1535,1535,USPS,2025-04-19,2025-04-23,Delayed
1536,1536,UPS,2025-06-01,2025-06-04,In Transit
1537,1537,FedEx,2025-09-16,2025-09-20,Delivered
1538,1538,UPS,2025-05-16,2025-05-22,In Transit
1539,1539,FedEx,2025-10-31,2025-11-03,In Transit
1540,1540,DHL,2025-12-04,2025-12-11,Delayed
1541,1541,UPS,2025-11-20,2025-11-21,Delivered
1542,1542,USPS,2025-05-25,2025-05-29,In Transit
1543,1543,UPS,2025-12-02,2025-12-04,Delivered
1544,1544,DHL,2025-10-07,2025-10-11,Delayed
1545,1545,UPS,2025-08-08,2025-08-09,Delayed
1546,1546,USPS,2025-07-02,2025-07-09,Delivered
1547,1547,DHL,2025-07-15,2025-07-20,Delivered
1548,1548,UPS,2025-08-03,2025-08-05,In Transit
1549,1549,UPS,2025-08-19,2025-08-23,Delivered
1550,1550,FedEx,2025-11-28,2025-12-03,In Transit
1551,1551,UPS,2025-11-23,2025-11-25,Delayed
1552,1552,DHL,2025-07-08,2025-07-11,In Transit
1553,1553,FedEx,2025-06-01,2025-06-07,Delayed
1554,1554,FedEx,2025-08-01,2025-08-06,In Transit
1555,1555,USPS,2025-12-13,2025-12-16,Delayed
1556,1556,UPS,2025-02-05,2025-02-09,In Transit
1557,1557,FedEx,2025-12-02,2025-12-07,Delayed
1558,1558,DHL,2025-05-04,2025-05-07,Delayed
1559,1559,USPS,2025-07-06,2025-07-12,Delivered
1560,1560,UPS,2025-05-27,2025-05-29,In Transit
1561,1561,FedEx,2025-10-16,2025-10-23,In Transit
1562,1562,FedEx,2025-04-11,2025-04-16,Delayed
1563,1563,FedEx,2025-05-13,2025-05-14,Delivered
1564,1564,USPS,2025-12-27,2025-12-31,In Transit
1565,1565,DHL,2025-10-10,2025-10-15,Delivered
1566,1566,FedEx,2025-03-08,2025-03-11,Delayed
1567,1567,FedEx,2025-02-10,2025-02-15,Delivered
1568,1568,DHL,2025-06-04,2025-06-06,Delivered
1569,1569,USPS,2025-09-21,2025-09-25,In Transit
1570,1570,FedEx,2025-05-29,2025-06-03,In Transit
1571,1571,FedEx,2025-08-17,2025-08-24,Delayed
1572,1572,UPS,2025-12-21,2025-12-27,Delivered
1573,1573,USPS,2025-05-24,2025-05-29,In Transit
1574,1574,FedEx,2025-04-28,2025-05-03,Delivered
1575,1575,FedEx,2025-09-30,2025-10-03,In Transit
1576,1576,DHL,2025-05-15,2025-05-18,In Transit
1577,1577,DHL,2025-04-18,2025-04-24,Delivered
1578,1578,DHL,2025-04-28,2025-05-03,Delivered
1579,1579,DHL,2025-06-01,2025-06-04,Delayed
1580,1580,USPS,2025-11-08,2025-11-15,In Transit
1581,1581,USPS,2025-09-14,2025-09-17,Delivered
1582,1582,DHL,2025-03-10,2025-03-15,Delivered
1583,1583,UPS,2025-01-20,2025-01-24,In Transit
1584,1584,FedEx,2025-10-20,2025-10-23,In Transit
1585,1585,FedEx,2025-08-17,2025-08-21,Delayed
1586,1586,DHL,2025-01-26,2025-01-31,Delivered
1587,1587,USPS,2025-09-29,2025-10-01,In Transit
1588,1588,FedEx,2025-03-12,2025-03-13,Delivered
1589,1589,DHL,2025-03-13,2025-03-18,Delayed
1590,1590,FedEx,2025-06-12,2025-06-19,Delivered
1591,1591,FedEx,2025-02-02,2025-02-04,Delivered
1592,1592,FedEx,2025-01-31,2025-02-03,Delayed
1593,1593,USPS,2025-05-24,2025-05-27,Delivered
1594,1594,FedEx,2025-11-24,2025-11-26,In Transit
1595,1595,DHL,2025-02-03,2025-02-09,Delayed
1596,1596,USPS,2025-02-23,2025-02-26,Delayed
1597,1597,UPS,2025-05-21,2025-05-25,Delivered
1598,1598,UPS,2025-10-28,2025-11-04,In Transit
1599,1599,UPS,2025-06-14,2025-06-20,Delivered
1600,1600,USPS,2025-09-29,2025-09-30,Delayed
1601,1601,UPS,2025-11-04,2025-11-06,Delivered
1602,1602,USPS,2025-05-22,2025-05-25,In Transit
1603,1603,FedEx,2025-08-22,2025-08-23,In Transit
1604,1604,DHL,2025-04-30,2025-05-07,Delivered
1605,1605,FedEx,2025-11-08,2025-11-09,Delivered
1606,1606,USPS,2025-04-14,2025-04-21,Delivered
1607,1607,FedEx,2025-08-24,2025-08-27,In Transit
1608,1608,UPS,2025-10-30,2025-10-31,In Transit
1609,1609,USPS,2025-05-25,2025-05-28,Delayed
1610,1610,FedEx,2025-09-13,2025-09-17,Delivered
1611,1611,FedEx,2025-07-23,2025-07-24,Delivered
1612,1612,USPS,2025-12-21,2025-12-27,Delivered
1613,1613,UPS,2025-01-27,2025-01-31,Delayed
1614,1614,UPS,2025-05-12,2025-05-13,Delivered
1615,1615,FedEx,2025-12-22,2025-12-26,In Transit
1616,1616,FedEx,2025-02-07,2025-02-12,Delivered
1617,1617,DHL,2025-04-16,2025-04-20,In Transit
1618,1618,DHL,2025-09-03,2025-09-06,Delivered
1619,1619,FedEx,2025-12-25,2025-12-29,In Transit
1620,1620,UPS,2025-06-11,2025-06-14,In Transit
1621,1621,USPS,2025-01-21,2025-01-25,Delivered
1622,1622,FedEx,2025-09-30,2025-10-03,Delayed
1623,1623,FedEx,2025-04-22,2025-04-28,Delayed
1624,1624,UPS,2025-06-13,2025-06-14,Delivered
1625,1625,UPS,2025-09-27,2025-10-02,In Transit
1626,1626,UPS,2025-04-02,2025-04-03,In Transit
1627,1627,FedEx,2025-11-26,2025-11-30,Delivered
1628,1628,UPS,2025-02-28,2025-03-03,Delivered
1629,1629,USPS,2025-05-14,2025-05-15,Delivered
1630,1630,UPS,2025-06-22,2025-06-23,In Transit
1631,1631,UPS,2025-11-29,2025-12-06,Delivered
1632,1632,UPS,2025-01-04,2025-01-10,Delayed
1633,1633,DHL,2025-12-01,2025-12-05,In Transit
1634,1634,UPS,2025-01-05,2025-01-11,Delayed
1635,1635,UPS,2025-06-12,2025-06-17,Delayed
1636,1636,UPS,2025-06-15,2025-06-17,In Transit
1637,1637,DHL,2025-04-28,2025-05-05,Delivered
1638,1638,USPS,2025-10-31,2025-11-02,In Transit
1639,1639,UPS,2025-04-15,2025-04-22,Delayed
1640,1640,UPS,2025-11-07,2025-11-08,Delivered
1641,1641,USPS,2025-12-05,2025-12-12,Delivered
1642,1642,USPS,2025-03-10,2025-03-12,In Transit
1643,1643,USPS,2025-04-18,2025-04-19,Delayed
1644,1644,FedEx,2025-10-28,2025-11-01,Delivered
1645,1645,DHL,2025-07-31,2025-08-01,In Transit
1646,1646,USPS,2025-06-17,2025-06-20,Delivered
1647,1647,UPS,2025-10-02,2025-10-07,Delivered
1648,1648,DHL,2025-12-06,2025-12-08,Delayed
1649,1649,UPS,2025-08-27,2025-08-28,In Transit
1650,1650,FedEx,2025-04-19,2025-04-20,Delayed
1651,1651,UPS,2025-09-15,2025-09-18,In Transit
1652,1652,DHL,2025-06-29,2025-06-30,Delivered
1653,1653,FedEx,2025-11-20,2025-11-22,In Transit
1654,1654,UPS,2025-03-20,2025-03-22,Delivered
1655,1655,FedEx,2025-10-13,2025-10-15,In Transit
1656,1656,DHL,2025-12-29,2026-01-04,Delayed
1657,1657,FedEx,2025-10-26,2025-11-01,In Transit
1658,1658,USPS,2025-11-16,2025-11-23,Delivered
1659,1659,FedEx,2025-06-24,2025-06-29,Delayed
1660,1660,UPS,2025-12-09,2025-12-16,Delivered
1661,1661,USPS,2025-08-05,2025-08-11,In Transit
1662,1662,USPS,2025-02-14,2025-02-21,In Transit
1663,1663,UPS,2025-12-26,2025-12-27,Delivered
1664,1664,DHL,2025-04-05,2025-04-08,In Transit
1665,1665,DHL,2025-03-27,2025-03-29,Delayed
1666,1666,FedEx,2025-06-07,2025-06-14,Delayed
1667,1667,UPS,2025-11-13,2025-11-16,Delivered
1668,1668,DHL,2025-04-03,2025-04-06,Delayed
1669,1669,USPS,2025-01-10,2025-01-16,In Transit
1670,1670,USPS,2025-09-28,2025-10-04,Delayed
1671,1671,USPS,2025-12-04,2025-12-05,Delivered
1672,1672,DHL,2025-05-02,2025-05-05,Delayed
1673,1673,USPS,2025-08-22,2025-08-23,In Transit
1674,1674,FedEx,2025-07-10,2025-07-12,In Transit
1675,1675,UPS,2025-01-22,2025-01-27,In Transit
1676,1676,UPS,2025-09-13,2025-09-18,In Transit
1677,1677,UPS,2025-10-19,2025-10-20,In Transit
1678,1678,DHL,2025-02-15,2025-02-22,Delivered
1679,1679,FedEx,2025-02-04,2025-02-05,Delayed
1680,1680,USPS,2025-10-22,2025-10-24,Delivered
1681,1681,UPS,2025-07-16,2025-07-17,Delivered
1682,1682,USPS,2025-04-20,2025-04-21,Delivered
1683,1683,UPS,2025-12-02,2025-12-07,In Transit
1684,1684,USPS,2025-05-29,2025-06-05,In Transit
1685,1685,USPS,2025-12-28,2026-01-02,Delayed
1686,1686,DHL,2025-03-13,2025-03-14,Delivered
1687,1687,UPS,2025-03-31,2025-04-03,Delayed
1688,1688,UPS,2025-03-02,2025-03-05,Delivered
1689,1689,UPS,2025-11-05,2025-11-06,Delayed
1690,1690,USPS,2025-07-14,2025-07-19,Delivered
1691,1691,USPS,2025-12-10,2025-12-14,Delivered
1692,1692,USPS,2025-04-01,2025-04-02,In Transit
1693,1693,DHL,2025-09-26,2025-09-28,Delivered
1694,1694,UPS,2025-10-30,2025-11-01,Delayed
1695,1695,FedEx,2025-01-25,2025-01-29,Delivered
1696,1696,UPS,2025-03-12,2025-03-16,Delivered
1697,1697,UPS,2025-08-30,2025-09-01,Delivered
1698,1698,FedEx,2025-02-15,2025-02-19,Delayed
1699,1699,USPS,2025-10-10,2025-10-11,In Transit
1700,1700,UPS,2025-10-31,2025-11-03,Delivered
1701,1701,DHL,2025-03-14,2025-03-21,In Transit
1702,1702,USPS,2025-09-15,2025-09-20,Delivered
1703,1703,FedEx,2025-05-22,2025-05-28,In Transit
1704,1704,USPS,2025-05-21,2025-05-27,Delayed
1705,1705,USPS,2025-03-30,2025-03-31,Delayed
1706,1706,UPS,2025-02-23,2025-02-26,In Transit
1707,1707,FedEx,2025-06-03,2025-06-09,Delivered
1708,1708,UPS,2025-11-19,2025-11-21,Delivered
1709,1709,FedEx,2025-03-17,2025-03-20,Delayed
1710,1710,DHL,2025-11-06,2025-11-08,Delayed
1711,1711,UPS,2025-10-23,2025-10-26,Delayed
1712,1712,UPS,2025-10-23,2025-10-26,Delayed
1713,1713,UPS,2025-06-28,2025-07-02,In Transit
1714,1714,FedEx,2025-07-30,2025-08-03,In Transit
1715,1715,FedEx,2025-02-16,2025-02-19,In Transit
1716,1716,FedEx,2025-08-11,2025-08-17,Delayed
1717,1717,USPS,2025-06-11,2025-06-17,Delayed
1718,1718,DHL,2025-06-28,2025-06-29,Delayed
1719,1719,FedEx,2025-06-19,2025-06-23,In Transit
1720,1720,USPS,2025-02-27,2025-03-05,Delayed
1721,1721,UPS,2025-11-28,2025-12-04,Delayed
1722,1722,FedEx,2025-02-08,2025-02-15,Delayed
1723,1723,UPS,2025-03-14,2025-03-21,Delayed
1724,1724,DHL,2025-06-30,2025-07-04,Delayed
1725,1725,UPS,2025-09-13,2025-09-14,Delivered
1726,1726,DHL,2025-05-25,2025-05-29,Delayed
1727,1727,DHL,2025-05-17,2025-05-23,Delayed
1728,1728,DHL,2025-01-30,2025-02-03,Delivered
1729,1729,FedEx,2025-11-10,2025-11-12,Delivered
1730,1730,FedEx,2025-04-22,2025-04-24,In Transit
1731,1731,FedEx,2025-08-26,2025-08-31,In Transit
1732,1732,FedEx,2025-11-04,2025-11-06,Delayed
1733,1733,USPS,2025-09-30,2025-10-06,Delayed
1734,1734,FedEx,2025-10-14,2025-10-16,Delivered
1735,1735,FedEx,2025-01-18,2025-01-21,In Transit
1736,1736,FedEx,2025-11-14,2025-11-21,In Transit
1737,1737,USPS,2025-02-27,2025-03-05,Delayed
1738,1738,USPS,2025-03-18,2025-03-21,In Transit
1739,1739,FedEx,2025-07-14,2025-07-18,Delivered
1740,1740,UPS,2025-07-02,2025-07-06,In Transit
1741,1741,USPS,2025-06-10,2025-06-11,In Transit
1742,1742,UPS,2025-12-28,2025-12-29,Delayed
1743,1743,FedEx,2025-05-12,2025-05-18,Delayed
1744,1744,UPS,2025-05-14,2025-05-19,In Transit
1745,1745,UPS,2026-01-02,2026-01-05,Delayed
1746,1746,UPS,2025-01-27,2025-01-28,Delayed
1747,1747,USPS,2025-12-30,2025-12-31,In Transit
1748,1748,UPS,2025-01-21,2025-01-28,In Transit
1749,1749,DHL,2025-02-09,2025-02-16,Delayed
1750,1750,UPS,2025-11-29,2025-12-02,Delayed
1751,1751,FedEx,2025-07-16,2025-07-21,Delayed
1752,1752,USPS,2025-11-25,2025-11-29,In Transit
1753,1753,UPS,2025-10-20,2025-10-26,Delivered
1754,1754,DHL,2025-09-01,2025-09-04,In Transit
1755,1755,FedEx,2025-03-31,2025-04-05,Delayed
1756,1756,USPS,2025-03-26,2025-04-01,In Transit
1757,1757,FedEx,2025-03-21,2025-03-24,In Transit
1758,1758,USPS,2025-12-28,2025-12-31,Delayed
1759,1759,UPS,2025-09-13,2025-09-16,Delayed
1760,1760,DHL,2025-09-25,2025-09-26,In Transit
1761,1761,USPS,2025-07-06,2025-07-11,In Transit
1762,1762,USPS,2025-11-15,2025-11-19,In Transit
1763,1763,USPS,2025-11-10,2025-11-11,In Transit
1764,1764,UPS,2025-02-19,2025-02-25,Delivered
1765,1765,USPS,2025-09-28,2025-10-01,Delayed
1766,1766,FedEx,2025-02-18,2025-02-24,Delayed
1767,1767,UPS,2025-12-04,2025-12-05,In Transit
1768,1768,UPS,2025-02-18,2025-02-21,Delivered
1769,1769,FedEx,2025-02-21,2025-02-24,In Transit
1770,1770,DHL,2025-01-04,2025-01-10,In Transit
1771,1771,FedEx,2025-02-04,2025-02-10,In Transit
1772,1772,FedEx,2025-11-23,2025-11-25,Delayed
1773,1773,UPS,2025-02-20,2025-02-22,In Transit
1774,1774,FedEx,2025-04-28,2025-05-01,Delayed
1775,1775,UPS,2025-09-07,2025-09-10,Delivered
1776,1776,FedEx,2025-03-31,2025-04-05,Delivered
1777,1777,DHL,2025-12-09,2025-12-12,Delivered
1778,1778,USPS,2025-01-24,2025-01-28,Delivered
1779,1779,DHL,2025-11-19,2025-11-23,Delayed
1780,1780,USPS,2025-03-26,2025-03-31,Delayed
1781,1781,FedEx,2025-05-25,2025-05-30,In Transit
1782,1782,UPS,2025-01-15,2025-01-20,Delayed
1783,1783,DHL,2025-08-07,2025-08-08,Delayed
1784,1784,DHL,2025-03-28,2025-03-29,In Transit
1785,1785,UPS,2025-03-13,2025-03-20,In Transit
1786,1786,FedEx,2025-01-27,2025-01-31,Delivered
1787,1787,UPS,2025-08-01,2025-08-04,Delayed
1788,1788,FedEx,2025-03-17,2025-03-22,Delayed
1789,1789,DHL,2025-08-17,2025-08-23,Delivered
1790,1790,UPS,2025-04-04,2025-04-05,In Transit
1791,1791,DHL,2025-05-05,2025-05-12,Delivered
1792,1792,UPS,2025-06-22,2025-06-27,Delivered
1793,1793,DHL,2025-02-01,2025-02-07,Delivered
1794,1794,UPS,2025-09-30,2025-10-01,Delivered
1795,1795,USPS,2025-11-29,2025-12-06,In Transit
1796,1796,FedEx,2025-01-02,2025-01-06,In Transit
1797,1797,UPS,2025-09-15,2025-09-22,Delayed
1798,1798,DHL,2025-01-17,2025-01-19,In Transit
1799,1799,USPS,2025-04-20,2025-04-26,Delayed
1800,1800,USPS,2025-07-09,2025-07-13,Delivered
1801,1801,DHL,2025-07-09,2025-07-11,In Transit
1802,1802,FedEx,2025-03-10,2025-03-17,Delayed
1803,1803,UPS,2025-09-09,2025-09-15,Delayed
1804,1804,FedEx,2025-09-16,2025-09-19,Delivered
1805,1805,UPS,2025-05-21,2025-05-25,Delayed
1806,1806,USPS,2025-01-04,2025-01-11,In Transit
1807,1807,USPS,2025-07-28,2025-08-01,Delayed
1808,1808,DHL,2025-09-13,2025-09-20,Delivered
1809,1809,DHL,2025-04-15,2025-04-16,In Transit
1810,1810,USPS,2025-06-25,2025-06-29,Delayed
1811,1811,DHL,2025-02-24,2025-03-03,In Transit
1812,1812,DHL,2025-02-23,2025-02-27,Delayed
1813,1813,FedEx,2025-01-31,2025-02-03,In Transit
1814,1814,USPS,2025-12-01,2025-12-02,In Transit
1815,1815,FedEx,2025-02-23,2025-02-24,Delayed
1816,1816,FedEx,2025-02-08,2025-02-11,Delayed
1817,1817,FedEx,2025-01-30,2025-02-01,Delivered
1818,1818,FedEx,2025-08-02,2025-08-06,Delivered
1819,1819,USPS,2025-08-10,2025-08-14,Delayed
1820,1820,DHL,2025-01-27,2025-02-03,Delayed
1821,1821,USPS,2025-11-20,2025-11-25,In Transit
1822,1822,UPS,2025-04-07,2025-04-08,In Transit
1823,1823,USPS,2025-04-25,2025-05-02,Delivered
1824,1824,UPS,2025-03-21,2025-03-26,In Transit
1825,1825,DHL,2025-01-22,2025-01-25,Delayed
1826,1826,DHL,2025-09-08,2025-09-15,Delayed
1827,1827,FedEx,2025-01-21,2025-01-26,In Transit
1828,1828,DHL,2025-05-01,2025-05-07,In Transit
1829,1829,DHL,2025-06-29,2025-07-05,Delayed
1830,1830,DHL,2025-11-18,2025-11-19,Delayed
1831,1831,FedEx,2025-08-11,2025-08-15,Delayed
1832,1832,USPS,2025-09-04,2025-09-10,Delayed
1833,1833,DHL,2025-02-19,2025-02-26,Delayed
1834,1834,FedEx,2025-01-27,2025-01-31,Delivered
1835,1835,UPS,2025-11-07,2025-11-08,Delivered
1836,1836,DHL,2025-04-25,2025-04-30,Delayed
1837,1837,FedEx,2025-01-24,2025-01-30,Delivered
1838,1838,USPS,2025-07-12,2025-07-16,Delayed
1839,1839,UPS,2025-03-12,2025-03-19,In Transit
1840,1840,DHL,2025-05-09,2025-05-13,Delayed
1841,1841,DHL,2025-04-07,2025-04-08,Delivered
1842,1842,UPS,2025-07-27,2025-07-30,Delayed
1843,1843,UPS,2025-07-22,2025-07-23,Delayed
1844,1844,FedEx,2025-10-16,2025-10-18,In Transit
1845,1845,UPS,2025-04-20,2025-04-27,In Transit
1846,1846,FedEx,2025-10-08,2025-10-14,In Transit
1847,1847,UPS,2025-02-21,2025-02-25,In Transit
1848,1848,UPS,2025-03-24,2025-03-25,Delayed
1849,1849,DHL,2025-06-01,2025-06-05,Delivered
1850,1850,FedEx,2025-02-05,2025-02-06,In Transit
1851,1851,DHL,2025-02-15,2025-02-18,In Transit
1852,1852,UPS,2025-09-28,2025-10-03,Delivered
1853,1853,FedEx,2025-05-20,2025-05-25,Delivered
1854,1854,FedEx,2025-04-26,2025-04-27,Delivered
1855,1855,DHL,2025-10-30,2025-11-04,Delayed
1856,1856,UPS,2025-07-29,2025-08-02,Delivered
1857,1857,UPS,2025-04-10,2025-04-13,Delivered
1858,1858,UPS,2025-06-08,2025-06-14,In Transit
1859,1859,UPS,2025-03-25,2025-03-28,In Transit
1860,1860,FedEx,2025-11-11,2025-11-17,Delivered
1861,1861,DHL,2025-05-08,2025-05-12,Delayed
1862,1862,DHL,2025-01-08,2025-01-10,In Transit
1863,1863,FedEx,2025-10-07,2025-10-09,In Transit
1864,1864,DHL,2025-10-24,2025-10-31,Delayed
1865,1865,DHL,2025-06-20,2025-06-21,Delivered
1866,1866,USPS,2025-12-18,2025-12-23,Delivered
1867,1867,DHL,2025-07-31,2025-08-06,In Transit
1868,1868,UPS,2025-09-30,2025-10-05,Delivered
1869,1869,FedEx,2025-04-03,2025-04-07,Delayed
1870,1870,UPS,2025-04-29,2025-05-04,Delayed
1871,1871,UPS,2025-09-30,2025-10-01,Delivered
1872,1872,UPS,2025-12-08,2025-12-15,Delayed
1873,1873,FedEx,2025-06-23,2025-06-29,Delivered
1874,1874,UPS,2025-03-14,2025-03-17,Delivered
1875,1875,USPS,2025-11-20,2025-11-27,Delivered
1876,1876,USPS,2025-03-02,2025-03-05,Delivered
1877,1877,UPS,2025-11-22,2025-11-23,In Transit
1878,1878,USPS,2025-10-25,2025-10-28,Delayed
1879,1879,UPS,2025-03-14,2025-03-16,Delivered
1880,1880,UPS,2025-09-21,2025-09-28,Delivered
1881,1881,USPS,2025-07-26,2025-07-31,Delivered
1882,1882,USPS,2025-07-21,2025-07-24,In Transit
1883,1883,USPS,2025-06-10,2025-06-14,Delivered
1884,1884,USPS,2025-04-20,2025-04-24,In Transit
1885,1885,DHL,2025-05-08,2025-05-14,In Transit
1886,1886,FedEx,2025-03-11,2025-03-15,Delivered
1887,1887,UPS,2025-12-30,2026-01-04,In Transit
1888,1888,DHL,2025-05-27,2025-05-30,Delayed
1889,1889,USPS,2025-11-29,2025-11-30,Delayed
1890,1890,FedEx,2025-01-17,2025-01-22,Delivered
1891,1891,UPS,2025-10-03,2025-10-05,In Transit
1892,1892,USPS,2025-01-27,2025-02-01,Delayed
1893,1893,DHL,2025-03-07,2025-03-14,Delivered
1894,1894,UPS,2025-10-15,2025-10-17,Delivered
1895,1895,FedEx,2025-01-19,2025-01-20,Delivered
1896,1896,USPS,2025-07-18,2025-07-21,In Transit
1897,1897,DHL,2025-04-11,2025-04-18,Delivered
1898,1898,DHL,2025-01-24,2025-01-29,Delivered
1899,1899,UPS,2025-07-24,2025-07-28,Delivered
1900,1900,DHL,2025-10-18,2025-10-25,Delayed
1901,1901,USPS,2025-08-06,2025-08-07,Delayed
1902,1902,FedEx,2025-04-09,2025-04-15,Delivered
1903,1903,DHL,2025-12-31,2026-01-06,Delivered
1904,1904,USPS,2025-07-20,2025-07-26,In Transit
1905,1905,USPS,2025-11-20,2025-11-24,Delayed
1906,1906,DHL,2025-10-18,2025-10-23,Delivered
1907,1907,FedEx,2025-10-24,2025-10-28,Delivered
1908,1908,USPS,2025-11-21,2025-11-26,In Transit
1909,1909,USPS,2025-10-11,2025-10-16,In Transit
1910,1910,UPS,2025-12-23,2025-12-27,Delivered
1911,1911,UPS,2025-08-29,2025-09-03,Delivered
1912,1912,USPS,2025-01-16,2025-01-23,Delivered
1913,1913,DHL,2025-08-27,2025-08-30,Delivered
1914,1914,UPS,2025-06-29,2025-07-03,Delayed
1915,1915,FedEx,2025-08-17,2025-08-20,In Transit
1916,1916,DHL,2025-03-18,2025-03-21,In Transit
1917,1917,USPS,2025-09-26,2025-10-03,Delayed
1918,1918,UPS,2025-08-10,2025-08-12,In Transit
1919,1919,DHL,2025-03-19,2025-03-25,In Transit
1920,1920,UPS,2025-06-13,2025-06-17,Delayed
1921,1921,USPS,2025-07-04,2025-07-06,Delayed
1922,1922,FedEx,2025-01-13,2025-01-18,In Transit
1923,1923,UPS,2025-06-06,2025-06-10,In Transit
1924,1924,DHL,2025-04-15,2025-04-21,In Transit
1925,1925,USPS,2025-12-13,2025-12-15,Delayed
1926,1926,UPS,2025-05-10,2025-05-11,In Transit
1927,1927,UPS,2025-04-19,2025-04-25,Delivered
1928,1928,FedEx,2025-05-09,2025-05-12,In Transit
1929,1929,DHL,2025-12-15,2025-12-19,Delivered
1930,1930,USPS,2025-01-25,2025-01-31,Delivered
1931,1931,FedEx,2025-12-20,2025-12-21,In Transit
1932,1932,UPS,2025-07-07,2025-07-12,Delivered
1933,1933,FedEx,2025-02-17,2025-02-18,Delayed
1934,1934,DHL,2025-06-08,2025-06-15,Delayed
1935,1935,DHL,2025-05-20,2025-05-27,In Transit
1936,1936,USPS,2025-07-08,2025-07-13,In Transit
1937,1937,FedEx,2025-08-16,2025-08-22,In Transit
1938,1938,DHL,2025-12-13,2025-12-16,In Transit
1939,1939,UPS,2025-07-24,2025-07-26,Delivered
1940,1940,FedEx,2025-03-06,2025-03-12,In Transit
1941,1941,USPS,2025-04-27,2025-04-29,Delayed
1942,1942,USPS,2025-01-06,2025-01-08,In Transit
1943,1943,DHL,2025-01-30,2025-02-03,Delayed
1944,1944,UPS,2025-01-04,2025-01-05,Delivered
1945,1945,FedEx,2025-02-19,2025-02-20,In Transit
1946,1946,FedEx,2025-08-06,2025-08-11,Delivered
1947,1947,FedEx,2025-04-27,2025-04-29,Delayed
1948,1948,USPS,2025-02-04,2025-02-07,Delivered
1949,1949,FedEx,2025-03-02,2025-03-06,Delayed
1950,1950,UPS,2025-01-30,2025-02-05,Delivered
1951,1951,FedEx,2025-12-30,2025-12-31,In Transit
1952,1952,DHL,2025-03-02,2025-03-03,Delayed
1953,1953,UPS,2025-10-12,2025-10-17,In Transit
1954,1954,USPS,2025-07-26,2025-07-31,Delayed
1955,1955,UPS,2025-02-06,2025-02-09,Delivered
1956,1956,FedEx,2025-10-16,2025-10-23,Delayed
1957,1957,UPS,2025-04-26,2025-04-30,In Transit
1958,1958,DHL,2025-11-18,2025-11-21,In Transit
1959,1959,UPS,2025-11-23,2025-11-30,In Transit
1960,1960,FedEx,2025-10-11,2025-10-17,In Transit
1961,1961,DHL,2025-09-23,2025-09-30,Delayed
1962,1962,USPS,2025-07-28,2025-07-30,Delayed
1963,1963,FedEx,2025-10-29,2025-11-01,In Transit
1964,1964,UPS,2025-02-24,2025-03-02,In Transit
1965,1965,FedEx,2025-10-29,2025-10-31,In Transit
1966,1966,USPS,2025-11-25,2025-11-29,Delivered
1967,1967,UPS,2025-12-02,2025-12-09,Delayed
1968,1968,DHL,2025-12-13,2025-12-14,Delayed
1969,1969,UPS,2025-05-28,2025-06-01,In Transit
1970,1970,UPS,2025-12-02,2025-12-07,Delivered
1971,1971,UPS,2025-11-16,2025-11-19,Delivered
1972,1972,DHL,2025-01-16,2025-01-22,In Transit
1973,1973,FedEx,2025-11-19,2025-11-23,Delayed
1974,1974,FedEx,2025-12-05,2025-12-09,In Transit
1975,1975,USPS,2025-12-12,2025-12-16,Delivered
1976,1976,DHL,2025-11-17,2025-11-20,Delivered
1977,1977,DHL,2025-04-28,2025-05-05,Delayed
1978,1978,DHL,2025-05-12,2025-05-14,Delivered
1979,1979,USPS,2025-05-01,2025-05-02,Delayed
1980,1980,FedEx,2025-07-04,2025-07-07,In Transit
1981,1981,FedEx,2025-02-24,2025-02-26,Delayed
1982,1982,USPS,2025-09-21,2025-09-28,In Transit
1983,1983,UPS,2025-04-09,2025-04-13,Delivered
1984,1984,FedEx,2025-10-13,2025-10-16,In Transit
1985,1985,FedEx,2025-12-27,2025-12-29,Delivered
1986,1986,FedEx,2025-07-17,2025-07-18,In Transit
1987,1987,DHL,2025-09-07,2025-09-11,Delayed
1988,1988,UPS,2025-09-28,2025-10-05,In Transit
1989,1989,USPS,2025-09-06,2025-09-10,Delivered
1990,1990,UPS,2025-04-29,2025-05-04,Delivered
1991,1991,FedEx,2025-03-07,2025-03-11,Delayed
1992,1992,FedEx,2025-01-15,2025-01-20,In Transit
1993,1993,FedEx,2025-09-11,2025-09-12,Delayed
1994,1994,FedEx,2025-03-10,2025-03-16,Delivered
1995,1995,DHL,2025-05-31,2025-06-05,In Transit
1996,1996,FedEx,2025-05-17,2025-05-18,Delivered
1997,1997,DHL,2025-09-07,2025-09-14,Delivered
1998,1998,DHL,2025-12-28,2025-12-29,In Transit
1999,1999,DHL,2025-02-11,2025-02-15,Delayed
2000,2000,USPS,2025-11-16,2025-11-20,Delivered
2001,2001,UPS,2025-01-13,2025-01-19,In Transit
2002,2002,DHL,2025-05-13,2025-05-17,Delayed
2003,2003,DHL,2025-03-13,2025-03-18,Delivered
2004,2004,USPS,2025-06-16,2025-06-21,In Transit
2005,2005,USPS,2025-07-21,2025-07-22,Delayed
2006,2006,DHL,2025-05-21,2025-05-23,Delayed
2007,2007,USPS,2025-09-28,2025-10-04,Delivered
2008,2008,FedEx,2025-06-19,2025-06-22,Delayed
2009,2009,DHL,2025-12-26,2025-12-29,In Transit
2010,2010,UPS,2025-06-08,2025-06-09,In Transit
2011,2011,UPS,2025-05-25,2025-05-28,Delayed
2012,2012,UPS,2025-11-08,2025-11-10,In Transit
2013,2013,UPS,2025-04-19,2025-04-22,Delivered
2014,2014,DHL,2025-08-21,2025-08-23,In Transit
2015,2015,DHL,2025-07-15,2025-07-20,In Transit
2016,2016,USPS,2025-08-14,2025-08-20,In Transit
2017,2017,FedEx,2025-06-10,2025-06-14,Delayed
2018,2018,FedEx,2025-03-08,2025-03-09,In Transit
2019,2019,UPS,2025-11-03,2025-11-08,Delayed
2020,2020,USPS,2025-05-14,2025-05-16,Delivered
2021,2021,FedEx,2025-09-22,2025-09-26,Delivered
2022,2022,USPS,2025-09-22,2025-09-28,In Transit
2023,2023,DHL,2025-01-15,2025-01-16,Delayed
2024,2024,USPS,2025-11-22,2025-11-25,In Transit
2025,2025,USPS,2025-03-28,2025-04-03,In Transit
2026,2026,UPS,2025-06-02,2025-06-08,Delivered
2027,2027,USPS,2025-06-01,2025-06-08,Delivered
2028,2028,USPS,2025-01-16,2025-01-23,Delayed
2029,2029,FedEx,2025-11-10,2025-11-14,Delayed
2030,2030,DHL,2025-05-12,2025-05-15,In Transit
2031,2031,USPS,2025-05-15,2025-05-17,Delayed
2032,2032,FedEx,2025-11-04,2025-11-09,Delayed
2033,2033,DHL,2025-07-13,2025-07-19,In Transit
2034,2034,FedEx,2025-05-25,2025-05-30,Delayed
2035,2035,UPS,2025-01-06,2025-01-12,Delayed
2036,2036,DHL,2025-01-30,2025-02-05,Delayed
2037,2037,USPS,2025-02-23,2025-02-25,Delayed
2038,2038,USPS,2025-04-02,2025-04-08,In Transit
2039,2039,USPS,2025-08-07,2025-08-14,Delayed
2040,2040,UPS,2025-02-28,2025-03-04,Delayed
2041,2041,UPS,2025-12-31,2026-01-07,Delayed
2042,2042,USPS,2025-09-16,2025-09-17,In Transit
2043,2043,UPS,2025-07-05,2025-07-08,Delivered
2044,2044,FedEx,2025-06-02,2025-06-07,Delivered
2045,2045,DHL,2025-02-14,2025-02-19,Delivered
2046,2046,USPS,2025-11-27,2025-12-01,Delivered
2047,2047,DHL,2025-04-06,2025-04-08,Delayed
2048,2048,DHL,2025-07-03,2025-07-05,Delayed
2049,2049,UPS,2025-11-03,2025-11-07,In Transit
2050,2050,USPS,2025-04-06,2025-04-08,Delivered
2051,2051,UPS,2025-10-08,2025-10-11,Delivered
2052,2052,UPS,2025-02-22,2025-02-28,In Transit
2053,2053,FedEx,2025-04-05,2025-04-07,Delayed
2054,2054,FedEx,2025-07-29,2025-07-30,Delayed
2055,2055,DHL,2025-06-16,2025-06-18,Delivered
2056,2056,FedEx,2025-03-24,2025-03-30,Delivered
2057,2057,DHL,2025-05-15,2025-05-19,In Transit
2058,2058,UPS,2025-10-28,2025-11-03,Delivered
2059,2059,DHL,2025-03-01,2025-03-06,In Transit
2060,2060,UPS,2025-09-06,2025-09-11,Delivered
2061,2061,UPS,2025-02-10,2025-02-14,In Transit
2062,2062,FedEx,2025-06-25,2025-07-01,Delivered
2063,2063,DHL,2025-07-31,2025-08-04,Delivered
2064,2064,UPS,2025-07-29,2025-08-02,In Transit
2065,2065,FedEx,2025-05-29,2025-06-04,Delayed
2066,2066,USPS,2025-08-02,2025-08-07,In Transit
2067,2067,UPS,2025-12-04,2025-12-10,Delayed
2068,2068,FedEx,2025-02-18,2025-02-24,In Transit
2069,2069,USPS,2025-03-16,2025-03-21,Delayed
2070,2070,USPS,2025-01-18,2025-01-25,Delayed
2071,2071,USPS,2025-05-10,2025-05-14,In Transit
2072,2072,DHL,2025-12-05,2025-12-09,In Transit
2073,2073,UPS,2025-10-03,2025-10-10,Delayed
2074,2074,USPS,2025-03-12,2025-03-17,Delivered
2075,2075,FedEx,2025-04-13,2025-04-16,In Transit
2076,2076,FedEx,2025-12-09,2025-12-10,In Transit
2077,2077,UPS,2025-02-17,2025-02-19,In Transit
2078,2078,USPS,2025-01-10,2025-01-17,Delayed
2079,2079,DHL,2025-02-11,2025-02-14,Delivered
2080,2080,DHL,2025-05-11,2025-05-17,Delayed
2081,2081,FedEx,2025-11-24,2025-11-26,Delivered
2082,2082,USPS,2025-02-04,2025-02-09,Delivered
2083,2083,DHL,2025-09-17,2025-09-18,Delivered
2084,2084,DHL,2025-03-06,2025-03-07,In Transit
2085,2085,USPS,2025-04-23,2025-04-29,In Transit
2086,2086,UPS,2025-05-01,2025-05-05,Delayed
2087,2087,UPS,2025-11-22,2025-11-26,Delivered
2088,2088,DHL,2025-09-18,2025-09-21,Delayed
2089,2089,USPS,2025-03-19,2025-03-26,Delayed
2090,2090,DHL,2025-07-03,2025-07-04,Delayed
2091,2091,UPS,2025-02-07,2025-02-08,Delayed
2092,2092,FedEx,2025-01-12,2025-01-16,Delivered
2093,2093,FedEx,2025-07-18,2025-07-19,Delayed
2094,2094,UPS,2025-05-24,2025-05-28,Delayed
2095,2095,UPS,2025-02-20,2025-02-27,Delayed
2096,2096,FedEx,2025-11-11,2025-11-16,In Transit
2097,2097,USPS,2025-07-12,2025-07-19,In Transit
2098,2098,FedEx,2025-05-14,2025-05-21,Delayed
2099,2099,UPS,2025-05-28,2025-06-04,Delayed
2100,2100,DHL,2025-10-28,2025-10-31,Delayed
2101,2101,UPS,2025-09-12,2025-09-18,Delivered
2102,2102,FedEx,2025-10-19,2025-10-25,Delayed
2103,2103,UPS,2025-03-15,2025-03-17,Delayed
2104,2104,FedEx,2025-09-11,2025-09-15,Delivered
2105,2105,FedEx,2025-11-29,2025-12-04,Delayed
2106,2106,FedEx,2025-01-25,2025-01-31,Delivered
2107,2107,FedEx,2025-03-12,2025-03-17,Delayed
2108,2108,DHL,2025-08-01,2025-08-03,Delayed
2109,2109,FedEx,2025-04-23,2025-04-26,In Transit
2110,2110,UPS,2025-11-08,2025-11-12,Delivered
2111,2111,UPS,2025-10-15,2025-10-18,Delayed
2112,2112,USPS,2025-09-18,2025-09-22,In Transit
2113,2113,DHL,2025-05-27,2025-05-30,Delayed
2114,2114,USPS,2025-09-02,2025-09-08,Delivered
2115,2115,FedEx,2025-06-19,2025-06-25,Delivered
2116,2116,DHL,2025-10-08,2025-10-14,Delivered
2117,2117,DHL,2025-01-10,2025-01-17,In Transit
2118,2118,DHL,2025-08-24,2025-08-31,Delayed
2119,2119,FedEx,2025-04-13,2025-04-16,Delivered
2120,2120,DHL,2025-08-27,2025-08-28,Delivered
2121,2121,DHL,2025-12-15,2025-12-17,Delayed
2122,2122,FedEx,2025-07-22,2025-07-25,Delayed
2123,2123,FedEx,2025-09-13,2025-09-15,Delayed
2124,2124,USPS,2025-02-06,2025-02-13,Delivered
2125,2125,UPS,2025-01-07,2025-01-13,Delayed
2126,2126,USPS,2025-12-19,2025-12-25,Delivered
2127,2127,UPS,2025-09-23,2025-09-29,In Transit
2128,2128,UPS,2025-06-14,2025-06-15,Delivered
2129,2129,USPS,2025-11-27,2025-12-04,In Transit
2130,2130,USPS,2025-08-02,2025-08-08,Delivered
2131,2131,DHL,2025-05-26,2025-05-30,In Transit
2132,2132,DHL,2025-06-01,2025-06-04,In Transit
2133,2133,FedEx,2025-12-17,2025-12-18,Delivered
2134,2134,UPS,2025-11-15,2025-11-19,In Transit
2135,2135,FedEx,2026-01-02,2026-01-07,In Transit
2136,2136,UPS,2025-04-15,2025-04-22,Delayed
2137,2137,UPS,2025-04-30,2025-05-05,Delayed
2138,2138,DHL,2025-08-21,2025-08-28,Delivered
2139,2139,FedEx,2025-07-16,2025-07-22,Delivered
2140,2140,FedEx,2025-11-01,2025-11-04,Delayed
2141,2141,DHL,2025-03-14,2025-03-21,Delayed
2142,2142,DHL,2025-03-12,2025-03-15,Delivered
2143,2143,FedEx,2025-11-06,2025-11-13,In Transit
2144,2144,DHL,2025-12-21,2025-12-22,In Transit
2145,2145,DHL,2025-09-10,2025-09-12,Delayed
2146,2146,UPS,2025-09-18,2025-09-24,Delivered
2147,2147,FedEx,2025-06-26,2025-06-30,Delayed
2148,2148,UPS,2025-02-15,2025-02-16,In Transit
2149,2149,DHL,2025-10-06,2025-10-07,Delivered
2150,2150,UPS,2025-03-29,2025-04-01,Delayed
2151,2151,USPS,2025-02-08,2025-02-15,Delivered
2152,2152,USPS,2025-04-27,2025-04-30,In Transit
2153,2153,USPS,2025-01-24,2025-01-30,Delayed
2154,2154,UPS,2025-12-22,2025-12-29,In Transit
2155,2155,DHL,2025-08-05,2025-08-11,Delivered
2156,2156,UPS,2025-02-23,2025-02-27,Delayed
2157,2157,UPS,2025-02-13,2025-02-16,Delivered
2158,2158,FedEx,2025-03-05,2025-03-11,Delivered
2159,2159,USPS,2025-04-01,2025-04-05,In Transit
2160,2160,UPS,2025-04-05,2025-04-07,In Transit
2161,2161,FedEx,2025-01-05,2025-01-11,In Transit
2162,2162,USPS,2025-07-18,2025-07-20,In Transit
2163,2163,UPS,2025-10-11,2025-10-13,Delayed
2164,2164,FedEx,2025-08-13,2025-08-20,In Transit
2165,2165,DHL,2025-08-21,2025-08-22,In Transit
2166,2166,DHL,2025-02-12,2025-02-14,In Transit
2167,2167,DHL,2025-05-28,2025-05-29,Delivered
2168,2168,UPS,2025-07-13,2025-07-18,Delivered
2169,2169,USPS,2025-04-27,2025-05-01,Delivered
2170,2170,USPS,2025-05-06,2025-05-09,Delivered
2171,2171,DHL,2025-09-27,2025-10-03,Delivered
2172,2172,FedEx,2025-06-15,2025-06-17,In Transit
2173,2173,DHL,2025-12-03,2025-12-10,Delayed
2174,2174,UPS,2025-05-15,2025-05-19,Delivered
2175,2175,DHL,2025-11-07,2025-11-09,In Transit
2176,2176,USPS,2025-08-30,2025-09-02,Delivered
2177,2177,FedEx,2025-06-12,2025-06-14,In Transit
2178,2178,UPS,2025-04-20,2025-04-24,Delayed
2179,2179,USPS,2025-11-23,2025-11-30,In Transit
2180,2180,DHL,2025-02-18,2025-02-22,Delivered
2181,2181,USPS,2025-02-01,2025-02-05,Delivered
2182,2182,DHL,2025-09-21,2025-09-23,In Transit
2183,2183,FedEx,2025-06-21,2025-06-25,Delayed
2184,2184,FedEx,2025-12-22,2025-12-23,Delayed
2185,2185,FedEx,2025-11-06,2025-11-10,In Transit
2186,2186,UPS,2025-09-25,2025-09-27,Delayed
2187,2187,DHL,2025-08-22,2025-08-23,Delayed
2188,2188,USPS,2025-01-06,2025-01-07,Delivered
2189,2189,DHL,2025-03-12,2025-03-14,Delivered
2190,2190,FedEx,2025-10-04,2025-10-07,Delivered
2191,2191,UPS,2025-11-07,2025-11-14,Delivered
2192,2192,UPS,2025-11-19,2025-11-25,Delivered
2193,2193,USPS,2025-12-07,2025-12-08,In Transit
2194,2194,UPS,2025-12-05,2025-12-08,Delayed
2195,2195,USPS,2025-08-13,2025-08-14,In Transit
2196,2196,FedEx,2025-04-13,2025-04-16,In Transit
2197,2197,USPS,2025-01-25,2025-01-27,Delayed
2198,2198,USPS,2025-01-19,2025-01-20,Delayed
2199,2199,DHL,2025-08-07,2025-08-10,Delivered
2200,2200,USPS,2025-06-01,2025-06-04,Delayed
2201,2201,DHL,2025-03-13,2025-03-18,Delayed
2202,2202,DHL,2025-08-10,2025-08-11,In Transit
2203,2203,FedEx,2025-02-26,2025-03-04,In Transit
2204,2204,UPS,2025-08-24,2025-08-27,In Transit
2205,2205,UPS,2025-04-15,2025-04-21,Delivered
2206,2206,USPS,2025-06-13,2025-06-14,In Transit
2207,2207,USPS,2025-11-24,2025-11-27,Delayed
2208,2208,DHL,2025-12-06,2025-12-08,Delivered
2209,2209,UPS,2025-09-14,2025-09-18,Delivered
2210,2210,FedEx,2025-01-13,2025-01-15,In Transit
2211,2211,USPS,2025-02-16,2025-02-20,Delivered
2212,2212,FedEx,2025-06-25,2025-07-02,Delivered
2213,2213,USPS,2025-05-14,2025-05-15,Delayed
2214,2214,DHL,2025-05-19,2025-05-21,Delayed
2215,2215,FedEx,2025-09-13,2025-09-14,Delayed
2216,2216,UPS,2025-08-01,2025-08-07,Delayed
2217,2217,USPS,2025-07-22,2025-07-28,In Transit
2218,2218,DHL,2025-07-02,2025-07-04,In Transit
2219,2219,UPS,2025-04-05,2025-04-10,Delivered
2220,2220,DHL,2025-01-26,2025-01-29,Delivered
2221,2221,USPS,2025-09-23,2025-09-30,Delayed
2222,2222,UPS,2025-04-27,2025-05-02,In Transit
2223,2223,USPS,2025-05-29,2025-05-31,In Transit
2224,2224,UPS,2025-01-19,2025-01-20,Delayed
2225,2225,DHL,2025-11-16,2025-11-19,Delivered
2226,2226,DHL,2025-02-03,2025-02-07,Delayed
2227,2227,USPS,2025-07-23,2025-07-26,Delayed
2228,2228,FedEx,2025-04-20,2025-04-22,In Transit
2229,2229,FedEx,2025-03-06,2025-03-12,Delivered
2230,2230,USPS,2025-01-27,2025-02-02,Delivered
2231,2231,DHL,2025-04-19,2025-04-26,Delayed
2232,2232,DHL,2025-08-25,2025-08-27,In Transit
2233,2233,DHL,2025-05-01,2025-05-06,In Transit
2234,2234,DHL,2025-09-10,2025-09-11,Delayed
2235,2235,FedEx,2025-10-20,2025-10-26,Delivered
2236,2236,DHL,2025-08-31,2025-09-01,Delivered
2237,2237,FedEx,2025-12-02,2025-12-07,Delivered
2238,2238,FedEx,2025-01-01,2025-01-07,Delayed
2239,2239,UPS,2025-09-15,2025-09-18,Delayed
2240,2240,UPS,2025-01-08,2025-01-12,Delayed
2241,2241,USPS,2025-05-15,2025-05-22,Delayed
2242,2242,FedEx,2025-07-16,2025-07-18,Delivered
2243,2243,USPS,2025-03-09,2025-03-16,Delayed
2244,2244,UPS,2025-07-30,2025-08-01,In Transit
2245,2245,UPS,2025-07-04,2025-07-05,In Transit
2246,2246,FedEx,2025-08-05,2025-08-08,Delayed
2247,2247,FedEx,2025-01-15,2025-01-20,Delivered
2248,2248,UPS,2025-08-08,2025-08-12,Delivered
2249,2249,UPS,2025-12-31,2026-01-07,Delivered
2250,2250,FedEx,2025-10-30,2025-11-01,Delivered
2251,2251,UPS,2025-09-25,2025-09-26,Delivered
2252,2252,USPS,2025-12-30,2026-01-02,Delayed
2253,2253,USPS,2025-12-01,2025-12-04,In Transit
2254,2254,FedEx,2025-06-29,2025-07-04,Delivered
2255,2255,UPS,2025-02-18,2025-02-22,Delayed
2256,2256,FedEx,2025-10-28,2025-11-03,In Transit
2257,2257,USPS,2025-07-24,2025-07-26,In Transit
2258,2258,UPS,2025-05-23,2025-05-26,Delivered
2259,2259,UPS,2025-02-12,2025-02-17,In Transit
2260,2260,UPS,2025-11-24,2025-11-28,Delivered
2261,2261,FedEx,2025-12-04,2025-12-07,In Transit
2262,2262,DHL,2025-06-27,2025-06-29,Delayed
2263,2263,UPS,2025-12-30,2025-12-31,Delayed
2264,2264,FedEx,2025-11-03,2025-11-06,In Transit
2265,2265,UPS,2025-07-24,2025-07-26,Delayed
2266,2266,USPS,2025-09-10,2025-09-17,Delayed
2267,2267,FedEx,2025-04-03,2025-04-04,In Transit
2268,2268,DHL,2025-05-11,2025-05-17,Delivered
2269,2269,USPS,2025-07-09,2025-07-15,Delivered
2270,2270,FedEx,2025-05-14,2025-05-17,Delivered
2271,2271,UPS,2025-03-18,2025-03-21,Delivered
2272,2272,DHL,2025-03-08,2025-03-09,In Transit
2273,2273,DHL,2025-11-14,2025-11-19,Delayed
2274,2274,USPS,2025-10-31,2025-11-03,Delayed
2275,2275,USPS,2025-10-21,2025-10-28,Delivered
2276,2276,USPS,2025-06-29,2025-07-02,In Transit
2277,2277,UPS,2025-04-05,2025-04-11,Delayed
2278,2278,USPS,2025-10-18,2025-10-23,In Transit
2279,2279,USPS,2025-02-14,2025-02-19,In Transit
2280,2280,USPS,2025-10-11,2025-10-17,In Transit
2281,2281,USPS,2025-03-27,2025-03-31,Delayed
2282,2282,FedEx,2025-12-13,2025-12-16,In Transit
2283,2283,DHL,2025-03-03,2025-03-10,Delayed
2284,2284,DHL,2025-05-13,2025-05-16,Delivered
2285,2285,UPS,2025-12-03,2025-12-10,Delayed
2286,2286,DHL,2025-01-06,2025-01-11,In Transit
2287,2287,FedEx,2025-08-24,2025-08-25,Delivered
2288,2288,FedEx,2025-05-21,2025-05-23,Delayed
2289,2289,UPS,2025-10-13,2025-10-15,Delivered
2290,2290,DHL,2025-09-15,2025-09-18,Delivered
2291,2291,DHL,2025-01-20,2025-01-22,Delivered
2292,2292,UPS,2025-02-08,2025-02-13,Delayed
2293,2293,FedEx,2025-06-26,2025-07-03,In Transit
2294,2294,DHL,2025-05-08,2025-05-10,Delayed
2295,2295,DHL,2025-07-30,2025-08-02,Delayed
2296,2296,USPS,2025-12-15,2025-12-16,In Transit
2297,2297,FedEx,2025-10-11,2025-10-14,Delayed
2298,2298,UPS,2025-04-30,2025-05-02,Delayed
2299,2299,DHL,2025-04-08,2025-04-15,In Transit
2300,2300,FedEx,2025-06-22,2025-06-24,In Transit
2301,2301,UPS,2025-03-13,2025-03-14,In Transit
2302,2302,USPS,2025-04-15,2025-04-18,In Transit
2303,2303,USPS,2025-08-03,2025-08-10,In Transit
2304,2304,DHL,2025-06-24,2025-06-28,Delayed
2305,2305,USPS,2025-04-03,2025-04-04,Delivered
2306,2306,USPS,2025-12-05,2025-12-08,Delayed
2307,2307,DHL,2025-07-06,2025-07-09,Delayed
2308,2308,USPS,2025-04-28,2025-05-03,Delivered
2309,2309,UPS,2025-10-12,2025-10-16,Delivered
2310,2310,FedEx,2025-04-10,2025-04-11,In Transit
2311,2311,FedEx,2025-02-20,2025-02-27,Delayed
2312,2312,DHL,2025-01-23,2025-01-26,Delivered
2313,2313,DHL,2025-06-09,2025-06-11,Delayed
2314,2314,USPS,2025-09-15,2025-09-21,In Transit
2315,2315,USPS,2025-07-12,2025-07-13,Delayed
2316,2316,USPS,2025-11-19,2025-11-22,Delayed
2317,2317,FedEx,2025-12-04,2025-12-05,Delayed
2318,2318,FedEx,2025-03-23,2025-03-28,Delivered
2319,2319,DHL,2025-01-06,2025-01-07,Delivered
2320,2320,USPS,2025-01-12,2025-01-14,Delivered
2321,2321,UPS,2025-09-01,2025-09-06,In Transit
2322,2322,DHL,2025-12-16,2025-12-23,In Transit
2323,2323,USPS,2025-05-19,2025-05-22,Delivered
2324,2324,UPS,2025-06-24,2025-07-01,In Transit
2325,2325,USPS,2025-06-14,2025-06-18,Delivered
2326,2326,FedEx,2025-11-04,2025-11-05,In Transit
2327,2327,UPS,2025-04-15,2025-04-17,In Transit
2328,2328,DHL,2025-09-06,2025-09-11,In Transit
2329,2329,USPS,2025-04-16,2025-04-18,Delayed
2330,2330,UPS,2025-03-15,2025-03-20,Delivered
2331,2331,FedEx,2025-07-27,2025-07-31,Delayed
2332,2332,UPS,2025-10-11,2025-10-13,Delivered
2333,2333,DHL,2025-06-29,2025-07-04,Delivered
2334,2334,USPS,2025-03-20,2025-03-23,In Transit
2335,2335,USPS,2025-12-18,2025-12-20,In Transit
2336,2336,UPS,2025-02-13,2025-02-20,Delivered
2337,2337,DHL,2025-03-16,2025-03-20,Delivered
2338,2338,DHL,2025-02-24,2025-02-27,In Transit
2339,2339,UPS,2025-10-29,2025-10-30,Delivered
2340,2340,USPS,2025-09-17,2025-09-21,In Transit
2341,2341,USPS,2025-01-25,2025-01-31,In Transit
2342,2342,UPS,2025-12-26,2025-12-28,Delivered
2343,2343,UPS,2025-03-09,2025-03-11,In Transit
2344,2344,USPS,2025-05-10,2025-05-13,Delayed
2345,2345,FedEx,2025-06-30,2025-07-04,Delayed
2346,2346,USPS,2025-06-05,2025-06-12,Delayed
2347,2347,DHL,2025-04-27,2025-04-28,Delivered
2348,2348,DHL,2025-10-21,2025-10-23,Delivered
2349,2349,UPS,2025-05-13,2025-05-14,In Transit
2350,2350,UPS,2025-02-27,2025-03-04,In Transit
2351,2351,UPS,2025-12-08,2025-12-10,Delayed
2352,2352,USPS,2025-02-09,2025-02-13,Delayed
2353,2353,DHL,2025-02-27,2025-03-02,Delivered
2354,2354,DHL,2025-03-22,2025-03-27,In Transit
2355,2355,USPS,2025-08-17,2025-08-21,In Transit
2356,2356,USPS,2025-03-13,2025-03-15,Delayed
2357,2357,UPS,2025-05-13,2025-05-17,Delayed
2358,2358,DHL,2025-03-18,2025-03-23,Delivered
2359,2359,UPS,2025-11-10,2025-11-12,In Transit
2360,2360,DHL,2025-02-24,2025-02-27,Delivered
2361,2361,UPS,2025-01-08,2025-01-11,Delivered
2362,2362,UPS,2025-07-30,2025-08-02,Delivered
2363,2363,UPS,2025-09-14,2025-09-21,Delayed
2364,2364,UPS,2025-06-03,2025-06-07,Delivered
2365,2365,DHL,2025-05-28,2025-06-04,Delivered
2366,2366,DHL,2025-07-20,2025-07-22,Delayed
2367,2367,FedEx,2025-04-30,2025-05-01,Delayed
2368,2368,FedEx,2025-01-11,2025-01-18,Delivered
2369,2369,DHL,2025-06-08,2025-06-14,Delayed
2370,2370,USPS,2025-04-12,2025-04-15,Delivered
2371,2371,DHL,2025-06-14,2025-06-19,Delivered
2372,2372,DHL,2025-04-03,2025-04-04,Delayed
2373,2373,DHL,2025-01-22,2025-01-25,Delayed
2374,2374,UPS,2025-03-19,2025-03-20,Delayed
2375,2375,FedEx,2025-01-26,2025-01-31,Delayed
2376,2376,DHL,2025-07-31,2025-08-01,In Transit
2377,2377,UPS,2025-04-09,2025-04-15,Delivered
2378,2378,DHL,2025-07-26,2025-07-28,Delivered
2379,2379,USPS,2025-04-02,2025-04-06,Delivered
2380,2380,DHL,2025-08-08,2025-08-13,In Transit
2381,2381,DHL,2025-05-26,2025-06-01,Delayed
2382,2382,DHL,2025-12-25,2025-12-31,Delivered
2383,2383,UPS,2025-03-07,2025-03-11,In Transit
2384,2384,FedEx,2025-11-19,2025-11-21,Delivered
2385,2385,UPS,2025-06-27,2025-07-03,Delivered
2386,2386,DHL,2025-07-07,2025-07-12,In Transit
2387,2387,USPS,2025-03-04,2025-03-07,Delivered
2388,2388,DHL,2025-05-21,2025-05-24,Delivered
2389,2389,FedEx,2025-03-25,2025-03-31,Delayed
2390,2390,UPS,2025-02-18,2025-02-19,Delivered
2391,2391,UPS,2025-05-23,2025-05-27,Delayed
2392,2392,DHL,2025-12-26,2026-01-01,Delayed
2393,2393,USPS,2025-08-02,2025-08-06,In Transit
2394,2394,UPS,2025-01-18,2025-01-21,Delivered
2395,2395,UPS,2025-09-15,2025-09-19,Delivered
2396,2396,USPS,2025-06-03,2025-06-04,In Transit
2397,2397,UPS,2025-03-11,2025-03-18,Delayed
2398,2398,FedEx,2025-01-10,2025-01-17,Delayed
2399,2399,UPS,2025-06-23,2025-06-26,Delivered
2400,2400,DHL,2025-08-23,2025-08-26,In Transit
2401,2401,UPS,2025-01-23,2025-01-27,Delayed
2402,2402,FedEx,2025-09-28,2025-10-03,Delayed
2403,2403,USPS,2025-04-02,2025-04-04,In Transit
2404,2404,FedEx,2025-12-22,2025-12-24,Delayed
2405,2405,USPS,2025-08-18,2025-08-23,Delivered
2406,2406,FedEx,2025-07-27,2025-08-03,In Transit
2407,2407,DHL,2025-02-15,2025-02-20,Delayed
2408,2408,FedEx,2025-10-19,2025-10-22,In Transit
2409,2409,DHL,2025-12-18,2025-12-25,Delayed
2410,2410,FedEx,2025-10-25,2025-10-30,Delayed
2411,2411,USPS,2025-12-27,2025-12-31,In Transit
2412,2412,UPS,2025-09-04,2025-09-09,Delivered
2413,2413,USPS,2025-04-16,2025-04-21,In Transit
2414,2414,USPS,2025-08-07,2025-08-11,Delivered
2415,2415,FedEx,2025-12-20,2025-12-21,In Transit
2416,2416,FedEx,2025-07-21,2025-07-23,Delayed
2417,2417,UPS,2025-01-26,2025-01-31,Delayed
2418,2418,UPS,2025-05-11,2025-05-16,Delayed
2419,2419,UPS,2025-07-11,2025-07-16,Delivered
2420,2420,UPS,2025-10-22,2025-10-29,In Transit
2421,2421,UPS,2025-03-19,2025-03-25,Delayed
2422,2422,UPS,2025-03-07,2025-03-14,Delayed
2423,2423,USPS,2025-07-10,2025-07-15,Delayed
2424,2424,USPS,2025-11-18,2025-11-23,Delayed
2425,2425,DHL,2025-11-05,2025-11-08,Delayed
2426,2426,USPS,2025-01-30,2025-02-03,In Transit
2427,2427,DHL,2025-07-14,2025-07-17,Delayed
2428,2428,UPS,2025-06-16,2025-06-17,Delivered
2429,2429,UPS,2025-10-06,2025-10-12,In Transit
2430,2430,DHL,2025-03-25,2025-03-27,In Transit
2431,2431,USPS,2025-10-09,2025-10-13,Delayed
2432,2432,DHL,2025-03-27,2025-03-30,Delivered
2433,2433,USPS,2025-01-13,2025-01-20,Delivered
2434,2434,USPS,2025-09-24,2025-10-01,Delayed
2435,2435,USPS,2025-04-04,2025-04-08,Delivered
2436,2436,USPS,2025-04-20,2025-04-24,Delayed
2437,2437,FedEx,2025-09-06,2025-09-09,Delivered
2438,2438,FedEx,2025-10-11,2025-10-12,Delivered
2439,2439,UPS,2025-01-21,2025-01-26,Delayed
2440,2440,DHL,2025-04-11,2025-04-15,In Transit
2441,2441,DHL,2025-01-15,2025-01-19,Delivered
2442,2442,UPS,2025-11-21,2025-11-26,In Transit
2443,2443,FedEx,2025-10-28,2025-11-04,Delivered
2444,2444,FedEx,2025-04-02,2025-04-04,Delivered
2445,2445,DHL,2025-08-10,2025-08-15,In Transit
2446,2446,FedEx,2025-06-15,2025-06-18,Delayed
2447,2447,USPS,2025-11-10,2025-11-17,In Transit
2448,2448,DHL,2025-08-20,2025-08-24,Delayed
2449,2449,DHL,2025-12-11,2025-12-17,Delivered
2450,2450,USPS,2025-11-30,2025-12-04,Delivered
2451,2451,USPS,2025-10-15,2025-10-19,Delivered
2452,2452,USPS,2025-10-30,2025-11-05,In Transit
2453,2453,FedEx,2025-04-13,2025-04-20,Delivered
2454,2454,UPS,2025-05-13,2025-05-15,In Transit
2455,2455,FedEx,2025-05-06,2025-05-12,Delayed
2456,2456,DHL,2025-04-17,2025-04-22,In Transit
2457,2457,UPS,2025-07-25,2025-07-27,In Transit
2458,2458,UPS,2025-06-19,2025-06-22,Delayed
2459,2459,FedEx,2025-06-14,2025-06-18,In Transit
2460,2460,USPS,2025-05-06,2025-05-12,In Transit
2461,2461,DHL,2025-09-17,2025-09-19,Delivered
2462,2462,FedEx,2025-04-14,2025-04-20,Delayed
2463,2463,UPS,2025-06-01,2025-06-03,Delivered
2464,2464,DHL,2025-03-06,2025-03-12,Delayed
2465,2465,UPS,2025-02-21,2025-02-26,Delayed
2466,2466,UPS,2025-03-08,2025-03-13,Delayed
2467,2467,USPS,2025-07-31,2025-08-01,Delivered
2468,2468,FedEx,2025-10-12,2025-10-18,Delayed
2469,2469,DHL,2025-06-18,2025-06-23,Delivered
2470,2470,FedEx,2025-09-09,2025-09-16,Delivered
2471,2471,UPS,2025-08-17,2025-08-19,In Transit
2472,2472,DHL,2025-12-28,2025-12-29,Delayed
2473,2473,DHL,2025-01-23,2025-01-25,In Transit
2474,2474,DHL,2025-06-12,2025-06-14,Delivered
2475,2475,DHL,2025-09-30,2025-10-05,In Transit
2476,2476,USPS,2025-08-05,2025-08-07,Delayed
2477,2477,USPS,2025-04-19,2025-04-25,Delivered
2478,2478,USPS,2025-07-11,2025-07-17,In Transit
2479,2479,USPS,2025-11-23,2025-11-25,Delivered
2480,2480,FedEx,2025-06-01,2025-06-02,In Transit
2481,2481,FedEx,2025-06-18,2025-06-22,Delayed
2482,2482,UPS,2025-10-01,2025-10-08,Delayed
2483,2483,DHL,2025-01-18,2025-01-19,In Transit
2484,2484,UPS,2025-10-11,2025-10-17,Delayed
2485,2485,DHL,2025-12-13,2025-12-15,Delayed
2486,2486,FedEx,2025-08-11,2025-08-17,In Transit
2487,2487,DHL,2025-02-01,2025-02-04,In Transit
2488,2488,DHL,2025-01-15,2025-01-17,Delayed
2489,2489,UPS,2025-02-01,2025-02-05,Delayed
2490,2490,DHL,2025-03-28,2025-03-30,Delayed
2491,2491,DHL,2025-04-23,2025-04-26,Delayed
2492,2492,UPS,2025-02-04,2025-02-09,In Transit
2493,2493,UPS,2025-09-27,2025-09-28,In Transit
2494,2494,USPS,2025-03-21,2025-03-27,Delivered
2495,2495,DHL,2025-10-31,2025-11-02,Delayed
2496,2496,UPS,2025-10-07,2025-10-09,Delivered
2497,2497,DHL,2025-12-07,2025-12-08,Delivered
2498,2498,UPS,2025-03-30,2025-04-06,Delivered
2499,2499,UPS,2025-12-27,2025-12-31,Delivered
2500,2500,USPS,2025-05-23,2025-05-24,In Transit
2501,2501,USPS,2025-09-12,2025-09-19,Delivered
2502,2502,USPS,2025-03-28,2025-04-04,In Transit
2503,2503,DHL,2025-06-26,2025-07-02,Delivered
2504,2504,USPS,2025-12-22,2025-12-28,Delayed
2505,2505,USPS,2025-03-01,2025-03-06,In Transit
2506,2506,UPS,2025-12-28,2026-01-04,In Transit
2507,2507,UPS,2025-09-22,2025-09-24,Delayed
2508,2508,DHL,2025-02-17,2025-02-19,Delayed
2509,2509,UPS,2025-07-11,2025-07-15,Delayed
2510,2510,DHL,2025-02-15,2025-02-22,Delayed
2511,2511,UPS,2025-05-05,2025-05-08,In Transit
2512,2512,DHL,2025-09-23,2025-09-25,Delayed
2513,2513,FedEx,2025-03-30,2025-04-02,Delayed
2514,2514,USPS,2025-04-26,2025-05-03,Delivered
2515,2515,UPS,2025-07-12,2025-07-19,Delayed
2516,2516,DHL,2025-01-05,2025-01-08,In Transit
2517,2517,DHL,2025-06-02,2025-06-05,Delayed
2518,2518,FedEx,2025-01-13,2025-01-20,Delivered
2519,2519,DHL,2025-11-24,2025-12-01,Delivered
2520,2520,USPS,2025-10-31,2025-11-05,Delayed
2521,2521,DHL,2025-01-29,2025-01-30,Delayed
2522,2522,FedEx,2025-10-23,2025-10-28,Delayed
2523,2523,UPS,2025-04-02,2025-04-03,Delivered
2524,2524,FedEx,2025-07-19,2025-07-20,In Transit
2525,2525,USPS,2025-08-11,2025-08-15,Delayed
2526,2526,FedEx,2025-03-02,2025-03-08,Delivered
2527,2527,UPS,2025-08-13,2025-08-18,Delayed
2528,2528,DHL,2025-12-18,2025-12-23,Delayed
2529,2529,FedEx,2025-01-01,2025-01-06,Delayed
2530,2530,FedEx,2025-07-21,2025-07-24,Delivered
2531,2531,FedEx,2025-11-10,2025-11-17,In Transit
2532,2532,FedEx,2025-06-28,2025-06-29,Delayed
2533,2533,UPS,2025-09-17,2025-09-19,Delayed
2534,2534,UPS,2025-02-24,2025-03-03,Delivered
2535,2535,USPS,2025-04-14,2025-04-18,In Transit
2536,2536,DHL,2025-11-12,2025-11-16,In Transit
2537,2537,DHL,2025-08-19,2025-08-25,Delayed
2538,2538,DHL,2025-12-04,2025-12-11,Delayed
2539,2539,USPS,2025-01-07,2025-01-11,Delivered
2540,2540,USPS,2025-07-04,2025-07-07,Delayed
2541,2541,UPS,2025-01-15,2025-01-16,Delayed
2542,2542,UPS,2025-10-13,2025-10-16,In Transit
2543,2543,UPS,2025-04-05,2025-04-06,In Transit
2544,2544,FedEx,2025-12-01,2025-12-03,Delivered
2545,2545,USPS,2025-09-17,2025-09-20,In Transit
2546,2546,UPS,2025-08-08,2025-08-12,In Transit
2547,2547,USPS,2025-04-23,2025-04-28,In Transit
2548,2548,USPS,2025-10-29,2025-11-01,Delayed
2549,2549,USPS,2025-04-14,2025-04-16,Delayed
2550,2550,DHL,2025-04-04,2025-04-05,Delayed
2551,2551,UPS,2025-09-19,2025-09-23,Delayed
2552,2552,DHL,2025-09-03,2025-09-10,Delivered
2553,2553,UPS,2025-11-25,2025-11-29,Delivered
2554,2554,FedEx,2025-11-21,2025-11-27,Delayed
2555,2555,FedEx,2025-04-30,2025-05-03,Delivered
2556,2556,USPS,2025-09-06,2025-09-08,Delivered
2557,2557,FedEx,2025-07-23,2025-07-28,Delayed
2558,2558,UPS,2025-05-27,2025-05-29,Delayed
2559,2559,DHL,2025-09-08,2025-09-14,In Transit
2560,2560,USPS,2025-06-22,2025-06-27,Delivered
2561,2561,UPS,2025-05-12,2025-05-15,Delivered
2562,2562,UPS,2025-07-18,2025-07-24,Delayed
2563,2563,UPS,2025-08-03,2025-08-04,Delayed
2564,2564,USPS,2025-08-20,2025-08-22,Delayed
2565,2565,USPS,2025-09-22,2025-09-28,Delayed
2566,2566,DHL,2025-07-23,2025-07-26,Delayed
2567,2567,FedEx,2025-10-12,2025-10-19,In Transit
2568,2568,DHL,2025-08-28,2025-09-03,In Transit
2569,2569,FedEx,2025-12-25,2025-12-27,Delivered
2570,2570,UPS,2025-10-28,2025-10-31,Delivered
2571,2571,UPS,2025-02-16,2025-02-21,Delayed
2572,2572,USPS,2025-10-24,2025-10-26,In Transit
2573,2573,DHL,2025-08-06,2025-08-09,Delivered
2574,2574,FedEx,2026-01-01,2026-01-02,In Transit
2575,2575,UPS,2025-11-20,2025-11-23,In Transit
2576,2576,UPS,2025-05-18,2025-05-22,In Transit
2577,2577,FedEx,2025-07-29,2025-07-31,Delayed
2578,2578,UPS,2025-07-09,2025-07-15,Delivered
2579,2579,UPS,2025-01-04,2025-01-07,In Transit
2580,2580,USPS,2025-03-14,2025-03-19,Delivered
2581,2581,FedEx,2025-02-09,2025-02-13,In Transit
2582,2582,FedEx,2025-10-04,2025-10-07,Delivered
2583,2583,FedEx,2025-08-25,2025-08-29,Delayed
2584,2584,FedEx,2025-04-05,2025-04-12,In Transit
2585,2585,UPS,2025-06-11,2025-06-16,Delivered
2586,2586,FedEx,2025-03-15,2025-03-17,Delivered
2587,2587,FedEx,2025-06-26,2025-06-28,Delivered
2588,2588,DHL,2025-01-06,2025-01-08,Delayed
2589,2589,USPS,2025-06-25,2025-07-01,Delivered
2590,2590,UPS,2025-06-04,2025-06-07,Delayed
2591,2591,FedEx,2025-10-15,2025-10-19,In Transit
2592,2592,FedEx,2025-06-29,2025-07-05,Delivered
2593,2593,USPS,2025-09-17,2025-09-22,In Transit
2594,2594,FedEx,2025-05-13,2025-05-16,Delayed
2595,2595,UPS,2025-07-15,2025-07-19,Delayed
2596,2596,UPS,2025-05-30,2025-06-01,In Transit
2597,2597,USPS,2025-09-22,2025-09-27,Delayed
2598,2598,FedEx,2025-11-28,2025-12-05,Delivered
2599,2599,FedEx,2025-06-29,2025-07-06,In Transit
2600,2600,USPS,2025-05-20,2025-05-27,Delayed
2601,2601,FedEx,2025-10-09,2025-10-13,Delayed
2602,2602,USPS,2025-04-26,2025-05-03,Delayed
2603,2603,FedEx,2025-09-13,2025-09-20,In Transit
2604,2604,DHL,2025-08-29,2025-09-01,Delivered
2605,2605,DHL,2025-06-30,2025-07-02,In Transit
2606,2606,FedEx,2025-02-15,2025-02-21,In Transit
2607,2607,DHL,2025-06-06,2025-06-07,In Transit
2608,2608,USPS,2025-08-21,2025-08-22,Delivered
2609,2609,UPS,2025-07-16,2025-07-23,In Transit
2610,2610,FedEx,2025-08-12,2025-08-19,Delivered
2611,2611,FedEx,2025-01-13,2025-01-18,In Transit
2612,2612,USPS,2025-09-22,2025-09-26,Delayed
2613,2613,DHL,2025-09-03,2025-09-09,In Transit
2614,2614,DHL,2025-04-17,2025-04-24,Delayed
2615,2615,UPS,2025-12-11,2025-12-12,Delayed
2616,2616,UPS,2025-01-31,2025-02-07,Delayed
2617,2617,USPS,2026-01-01,2026-01-04,Delivered
2618,2618,USPS,2025-01-04,2025-01-05,Delivered
2619,2619,DHL,2025-04-11,2025-04-17,In Transit
2620,2620,UPS,2025-08-19,2025-08-24,Delivered
2621,2621,USPS,2025-04-09,2025-04-12,Delayed
2622,2622,FedEx,2025-12-11,2025-12-15,Delivered
2623,2623,FedEx,2025-06-26,2025-06-27,In Transit
2624,2624,FedEx,2025-03-07,2025-03-14,Delivered
2625,2625,DHL,2025-02-19,2025-02-20,In Transit
2626,2626,USPS,2025-08-10,2025-08-13,Delivered
2627,2627,DHL,2025-01-17,2025-01-19,Delivered
2628,2628,USPS,2025-07-01,2025-07-02,Delivered
2629,2629,DHL,2025-08-07,2025-08-10,In Transit
2630,2630,DHL,2025-08-30,2025-09-05,Delayed
2631,2631,DHL,2025-04-15,2025-04-18,Delayed
2632,2632,FedEx,2025-06-04,2025-06-08,Delayed
2633,2633,USPS,2025-12-13,2025-12-15,In Transit
2634,2634,USPS,2025-07-20,2025-07-25,In Transit
2635,2635,FedEx,2025-01-05,2025-01-07,Delivered
2636,2636,UPS,2025-10-05,2025-10-11,Delayed
2637,2637,USPS,2025-07-24,2025-07-26,In Transit
2638,2638,USPS,2025-01-21,2025-01-28,Delayed
2639,2639,DHL,2025-12-25,2025-12-29,Delayed
2640,2640,UPS,2025-01-15,2025-01-20,In Transit
2641,2641,USPS,2025-11-13,2025-11-17,Delivered
2642,2642,FedEx,2025-02-12,2025-02-17,In Transit
2643,2643,DHL,2025-06-03,2025-06-04,Delivered
2644,2644,FedEx,2025-05-27,2025-06-03,Delivered
2645,2645,UPS,2025-11-20,2025-11-27,Delivered
2646,2646,UPS,2025-01-15,2025-01-19,Delivered
2647,2647,USPS,2025-11-08,2025-11-12,Delayed
2648,2648,UPS,2025-08-12,2025-08-16,Delayed
2649,2649,USPS,2025-07-21,2025-07-25,In Transit
2650,2650,UPS,2025-02-12,2025-02-16,In Transit
2651,2651,DHL,2025-06-16,2025-06-19,Delivered
2652,2652,FedEx,2025-11-24,2025-11-25,In Transit
2653,2653,UPS,2025-08-11,2025-08-12,Delivered
2654,2654,FedEx,2025-08-29,2025-09-01,In Transit
2655,2655,FedEx,2025-12-26,2025-12-29,In Transit
2656,2656,UPS,2025-01-28,2025-02-03,In Transit
2657,2657,UPS,2025-04-20,2025-04-22,Delivered
2658,2658,DHL,2025-03-28,2025-03-29,Delivered
2659,2659,FedEx,2025-05-31,2025-06-02,Delayed
2660,2660,FedEx,2025-10-15,2025-10-16,In Transit
2661,2661,DHL,2025-07-03,2025-07-10,Delayed
2662,2662,DHL,2025-03-26,2025-03-31,In Transit
2663,2663,FedEx,2025-07-02,2025-07-04,Delivered
2664,2664,UPS,2025-03-07,2025-03-08,In Transit
2665,2665,USPS,2025-05-03,2025-05-08,Delivered
2666,2666,FedEx,2025-12-01,2025-12-04,Delivered
2667,2667,FedEx,2025-12-21,2025-12-26,In Transit
2668,2668,USPS,2025-08-07,2025-08-11,In Transit
2669,2669,DHL,2025-09-20,2025-09-21,Delivered
2670,2670,USPS,2025-08-01,2025-08-02,Delayed
2671,2671,UPS,2025-03-04,2025-03-06,Delivered
2672,2672,USPS,2025-12-22,2025-12-23,Delivered
2673,2673,UPS,2025-11-22,2025-11-26,In Transit
2674,2674,FedEx,2025-12-05,2025-12-12,Delivered
2675,2675,UPS,2025-06-07,2025-06-13,Delayed
2676,2676,DHL,2025-08-22,2025-08-27,Delayed
2677,2677,DHL,2025-11-30,2025-12-07,In Transit
2678,2678,USPS,2025-10-09,2025-10-16,In Transit
2679,2679,FedEx,2025-06-29,2025-07-01,Delayed
2680,2680,USPS,2025-09-22,2025-09-29,Delivered
2681,2681,USPS,2025-08-16,2025-08-21,Delivered
2682,2682,USPS,2025-04-27,2025-05-03,In Transit
2683,2683,UPS,2025-06-19,2025-06-23,In Transit
2684,2684,USPS,2025-05-31,2025-06-02,In Transit
2685,2685,USPS,2025-02-28,2025-03-01,Delayed
2686,2686,USPS,2025-02-03,2025-02-07,Delayed
2687,2687,DHL,2025-07-18,2025-07-24,Delayed
2688,2688,UPS,2025-10-03,2025-10-08,Delivered
2689,2689,FedEx,2025-01-27,2025-01-30,Delivered
2690,2690,FedEx,2025-10-25,2025-10-31,Delivered
2691,2691,DHL,2025-11-23,2025-11-26,Delayed
2692,2692,DHL,2025-03-31,2025-04-06,Delivered
2693,2693,UPS,2025-10-07,2025-10-13,Delayed
2694,2694,FedEx,2025-04-15,2025-04-21,In Transit
2695,2695,UPS,2025-10-15,2025-10-20,Delayed
2696,2696,USPS,2025-06-21,2025-06-27,In Transit
2697,2697,USPS,2025-09-28,2025-10-01,Delivered
2698,2698,DHL,2025-04-01,2025-04-04,Delivered
2699,2699,FedEx,2025-05-31,2025-06-01,Delivered
2700,2700,USPS,2025-02-18,2025-02-20,Delayed
2701,2701,FedEx,2025-01-14,2025-01-18,Delayed
2702,2702,FedEx,2025-04-12,2025-04-16,Delayed
2703,2703,DHL,2025-09-04,2025-09-10,Delayed
2704,2704,DHL,2025-12-28,2025-12-30,Delivered
2705,2705,DHL,2025-02-02,2025-02-04,Delivered
2706,2706,FedEx,2025-07-14,2025-07-20,In Transit
2707,2707,USPS,2025-10-17,2025-10-18,Delivered
2708,2708,FedEx,2025-12-20,2025-12-24,Delivered
2709,2709,DHL,2025-05-07,2025-05-10,In Transit
2710,2710,FedEx,2025-11-15,2025-11-20,Delayed
2711,2711,FedEx,2025-12-03,2025-12-05,Delayed
2712,2712,FedEx,2025-12-15,2025-12-19,Delayed
2713,2713,FedEx,2025-10-11,2025-10-14,In Transit
2714,2714,USPS,2025-02-04,2025-02-07,Delayed
2715,2715,USPS,2025-09-06,2025-09-12,Delivered
2716,2716,DHL,2025-11-04,2025-11-11,In Transit
2717,2717,DHL,2025-02-06,2025-02-12,Delivered
2718,2718,DHL,2025-02-03,2025-02-10,Delayed
2719,2719,FedEx,2025-04-04,2025-04-10,Delivered
2720,2720,FedEx,2025-02-02,2025-02-03,In Transit
2721,2721,DHL,2025-12-27,2026-01-01,Delayed
2722,2722,DHL,2025-12-13,2025-12-15,In Transit
2723,2723,UPS,2025-02-14,2025-02-16,Delayed
2724,2724,FedEx,2025-12-11,2025-12-13,Delivered
2725,2725,UPS,2025-04-28,2025-05-03,In Transit
2726,2726,FedEx,2025-10-24,2025-10-26,In Transit
2727,2727,USPS,2025-12-16,2025-12-23,Delivered
2728,2728,UPS,2025-09-18,2025-09-19,In Transit
2729,2729,UPS,2025-11-01,2025-11-03,Delayed
2730,2730,FedEx,2025-10-21,2025-10-26,Delayed
2731,2731,DHL,2025-10-03,2025-10-06,Delivered
2732,2732,DHL,2025-11-10,2025-11-12,Delayed
2733,2733,FedEx,2025-12-28,2025-12-29,Delivered
2734,2734,DHL,2025-10-01,2025-10-06,Delayed
2735,2735,UPS,2025-07-13,2025-07-19,In Transit
2736,2736,USPS,2025-07-29,2025-08-03,Delayed
2737,2737,DHL,2025-09-19,2025-09-26,In Transit
2738,2738,UPS,2025-07-11,2025-07-16,In Transit
2739,2739,UPS,2025-05-05,2025-05-12,Delayed
2740,2740,USPS,2025-03-15,2025-03-21,In Transit
2741,2741,USPS,2025-01-06,2025-01-09,In Transit
2742,2742,USPS,2025-08-05,2025-08-11,Delivered
2743,2743,FedEx,2025-08-15,2025-08-17,Delivered
2744,2744,USPS,2025-06-16,2025-06-21,Delivered
2745,2745,USPS,2025-08-18,2025-08-22,In Transit
2746,2746,UPS,2025-05-13,2025-05-18,In Transit
2747,2747,UPS,2025-05-26,2025-05-29,In Transit
2748,2748,UPS,2025-03-03,2025-03-05,Delayed
2749,2749,USPS,2025-12-14,2025-12-18,In Transit
2750,2750,UPS,2025-08-07,2025-08-11,Delivered
2751,2751,FedEx,2025-06-13,2025-06-17,Delivered
2752,2752,FedEx,2025-07-09,2025-07-11,Delayed
2753,2753,DHL,2025-12-21,2025-12-22,In Transit
2754,2754,UPS,2025-08-03,2025-08-06,Delayed
2755,2755,FedEx,2025-03-22,2025-03-24,In Transit
2756,2756,UPS,2025-08-26,2025-08-28,In Transit
2757,2757,USPS,2025-09-20,2025-09-23,Delivered
2758,2758,DHL,2025-05-11,2025-05-17,Delivered
2759,2759,USPS,2025-03-03,2025-03-06,Delayed
2760,2760,DHL,2025-03-10,2025-03-16,In Transit
2761,2761,FedEx,2025-09-10,2025-09-11,Delivered
2762,2762,DHL,2025-12-24,2025-12-30,In Transit
2763,2763,USPS,2025-03-01,2025-03-03,Delayed
2764,2764,USPS,2025-11-14,2025-11-17,Delivered
2765,2765,USPS,2025-04-04,2025-04-07,Delayed
2766,2766,UPS,2025-02-03,2025-02-08,Delayed
2767,2767,USPS,2025-11-26,2025-11-30,In Transit
2768,2768,USPS,2025-03-27,2025-03-28,In Transit
2769,2769,UPS,2025-03-09,2025-03-11,Delivered
2770,2770,DHL,2025-12-14,2025-12-18,Delivered
2771,2771,FedEx,2025-12-28,2026-01-01,In Transit
2772,2772,FedEx,2025-03-11,2025-03-15,In Transit
2773,2773,UPS,2025-04-17,2025-04-22,In Transit
2774,2774,FedEx,2025-07-14,2025-07-15,Delivered
2775,2775,UPS,2025-11-28,2025-12-05,In Transit
2776,2776,FedEx,2025-08-02,2025-08-04,In Transit
2777,2777,UPS,2025-04-05,2025-04-09,Delivered
2778,2778,FedEx,2025-10-01,2025-10-05,Delayed
2779,2779,UPS,2025-11-13,2025-11-14,Delayed
2780,2780,DHL,2025-08-05,2025-08-06,In Transit
2781,2781,DHL,2025-05-03,2025-05-10,Delivered
2782,2782,FedEx,2025-12-15,2025-12-22,Delayed
2783,2783,DHL,2025-01-03,2025-01-09,Delayed
2784,2784,DHL,2025-12-02,2025-12-05,Delivered
2785,2785,USPS,2025-09-19,2025-09-24,Delayed
2786,2786,UPS,2025-07-28,2025-08-02,In Transit
2787,2787,USPS,2025-05-14,2025-05-17,Delivered
2788,2788,UPS,2025-07-27,2025-07-28,In Transit
2789,2789,FedEx,2025-12-02,2025-12-08,In Transit
2790,2790,UPS,2025-12-11,2025-12-16,In Transit
2791,2791,USPS,2025-03-12,2025-03-16,Delayed
2792,2792,USPS,2025-05-25,2025-06-01,Delayed
2793,2793,DHL,2025-02-17,2025-02-19,Delayed
2794,2794,UPS,2025-07-01,2025-07-03,Delayed
2795,2795,USPS,2025-05-02,2025-05-04,Delayed
2796,2796,UPS,2025-11-12,2025-11-14,Delivered
2797,2797,USPS,2025-08-25,2025-08-31,Delayed
2798,2798,FedEx,2025-01-02,2025-01-09,In Transit
2799,2799,UPS,2025-11-04,2025-11-09,Delayed
2800,2800,USPS,2025-07-31,2025-08-07,In Transit
2801,2801,DHL,2025-08-14,2025-08-20,In Transit
2802,2802,FedEx,2025-03-04,2025-03-08,Delayed
2803,2803,FedEx,2025-05-17,2025-05-19,Delivered
2804,2804,UPS,2025-04-25,2025-04-26,Delivered
2805,2805,UPS,2025-03-03,2025-03-08,Delivered
2806,2806,DHL,2025-08-31,2025-09-06,Delivered
2807,2807,UPS,2025-07-02,2025-07-08,Delayed
2808,2808,UPS,2025-12-18,2025-12-25,Delayed
2809,2809,UPS,2025-05-24,2025-05-29,In Transit
2810,2810,UPS,2025-06-05,2025-06-07,In Transit
2811,2811,UPS,2025-11-19,2025-11-22,Delayed
2812,2812,FedEx,2025-05-26,2025-05-30,In Transit
2813,2813,DHL,2025-02-21,2025-02-23,Delivered
2814,2814,UPS,2025-04-26,2025-04-28,In Transit
2815,2815,UPS,2025-04-13,2025-04-15,In Transit
2816,2816,UPS,2025-05-17,2025-05-20,Delivered
2817,2817,UPS,2025-11-08,2025-11-14,Delivered
2818,2818,DHL,2025-09-29,2025-10-06,Delayed
2819,2819,USPS,2025-02-17,2025-02-19,Delayed
2820,2820,USPS,2025-11-18,2025-11-23,Delayed
2821,2821,UPS,2025-06-17,2025-06-19,Delivered
2822,2822,USPS,2025-04-17,2025-04-22,Delivered
2823,2823,UPS,2025-01-23,2025-01-24,Delayed
2824,2824,USPS,2025-09-25,2025-10-02,Delayed
2825,2825,USPS,2025-09-18,2025-09-25,Delayed
2826,2826,FedEx,2025-10-15,2025-10-20,Delayed
2827,2827,DHL,2025-11-24,2025-12-01,Delayed
2828,2828,FedEx,2025-03-08,2025-03-09,Delivered
2829,2829,USPS,2025-03-02,2025-03-03,Delayed
2830,2830,FedEx,2025-10-08,2025-10-10,Delivered
2831,2831,USPS,2025-10-11,2025-10-14,Delivered
2832,2832,FedEx,2025-12-26,2025-12-28,In Transit
2833,2833,USPS,2025-06-27,2025-06-30,Delayed
2834,2834,DHL,2025-03-20,2025-03-23,Delayed
2835,2835,DHL,2025-11-12,2025-11-17,In Transit
2836,2836,USPS,2025-01-19,2025-01-26,Delayed
2837,2837,FedEx,2025-09-24,2025-10-01,In Transit
2838,2838,UPS,2025-07-29,2025-08-05,In Transit
2839,2839,FedEx,2025-04-03,2025-04-05,Delayed
2840,2840,UPS,2025-05-30,2025-06-03,Delayed
2841,2841,UPS,2025-06-08,2025-06-15,Delayed
2842,2842,FedEx,2025-06-05,2025-06-11,In Transit
2843,2843,DHL,2025-05-07,2025-05-10,In Transit
2844,2844,DHL,2025-05-09,2025-05-14,Delivered
2845,2845,USPS,2025-07-19,2025-07-24,Delayed
2846,2846,FedEx,2025-05-04,2025-05-05,In Transit
2847,2847,FedEx,2025-01-28,2025-01-29,In Transit
2848,2848,UPS,2025-03-11,2025-03-16,Delivered
2849,2849,UPS,2025-09-02,2025-09-03,Delayed
2850,2850,DHL,2025-01-04,2025-01-06,In Transit
2851,2851,USPS,2025-08-31,2025-09-07,Delayed
2852,2852,UPS,2025-06-25,2025-07-02,Delivered
2853,2853,UPS,2025-02-12,2025-02-16,In Transit
2854,2854,FedEx,2025-07-11,2025-07-13,In Transit
2855,2855,DHL,2025-09-24,2025-09-30,Delayed
2856,2856,DHL,2025-11-04,2025-11-08,Delivered
2857,2857,DHL,2025-10-12,2025-10-14,In Transit
2858,2858,USPS,2025-01-30,2025-02-01,In Transit
2859,2859,UPS,2025-07-01,2025-07-02,Delayed
2860,2860,UPS,2025-08-06,2025-08-13,In Transit
2861,2861,USPS,2025-10-30,2025-11-01,Delivered
2862,2862,USPS,2025-02-21,2025-02-28,In Transit
2863,2863,DHL,2025-03-13,2025-03-19,Delayed
2864,2864,USPS,2025-09-05,2025-09-06,Delayed
2865,2865,FedEx,2025-07-08,2025-07-15,Delivered
2866,2866,UPS,2025-08-06,2025-08-08,Delivered
2867,2867,USPS,2025-09-20,2025-09-26,Delayed
2868,2868,USPS,2025-09-28,2025-10-01,Delivered
2869,2869,DHL,2025-07-28,2025-08-04,Delivered
2870,2870,USPS,2025-07-19,2025-07-21,In Transit
2871,2871,USPS,2025-10-10,2025-10-17,Delayed
2872,2872,DHL,2025-01-20,2025-01-24,Delayed
2873,2873,DHL,2025-06-07,2025-06-13,Delayed
2874,2874,DHL,2025-07-09,2025-07-12,In Transit
2875,2875,UPS,2025-11-17,2025-11-23,Delivered
2876,2876,DHL,2025-11-27,2025-12-04,In Transit
2877,2877,UPS,2025-09-22,2025-09-28,Delivered
2878,2878,FedEx,2025-02-18,2025-02-25,Delivered
2879,2879,USPS,2025-10-21,2025-10-25,Delayed
2880,2880,FedEx,2025-11-16,2025-11-21,Delivered
2881,2881,USPS,2025-07-14,2025-07-18,Delivered
2882,2882,USPS,2025-02-22,2025-02-26,Delayed
2883,2883,FedEx,2025-11-30,2025-12-02,Delayed
2884,2884,USPS,2025-09-12,2025-09-18,In Transit
2885,2885,UPS,2025-03-13,2025-03-15,Delayed
2886,2886,UPS,2025-04-23,2025-04-26,In Transit
2887,2887,DHL,2025-05-25,2025-05-31,Delivered
2888,2888,UPS,2025-08-19,2025-08-21,Delayed
2889,2889,USPS,2025-04-05,2025-04-12,Delayed
2890,2890,FedEx,2025-07-23,2025-07-29,In Transit
2891,2891,FedEx,2025-09-06,2025-09-07,In Transit
2892,2892,USPS,2025-12-15,2025-12-17,Delivered
2893,2893,UPS,2025-01-12,2025-01-19,Delivered
2894,2894,USPS,2025-05-09,2025-05-16,In Transit
2895,2895,USPS,2025-08-23,2025-08-27,In Transit
2896,2896,FedEx,2025-09-23,2025-09-25,Delayed
2897,2897,UPS,2025-05-29,2025-05-31,Delivered
2898,2898,UPS,2025-01-17,2025-01-19,Delayed
2899,2899,FedEx,2025-06-17,2025-06-23,Delivered
2900,2900,DHL,2025-08-23,2025-08-30,Delayed
2901,2901,DHL,2025-11-04,2025-11-11,Delivered
2902,2902,USPS,2025-12-29,2026-01-02,Delivered
2903,2903,DHL,2025-08-23,2025-08-25,Delivered
2904,2904,USPS,2025-02-24,2025-02-25,In Transit
2905,2905,FedEx,2025-08-06,2025-08-09,Delayed
2906,2906,UPS,2025-04-24,2025-04-25,In Transit
2907,2907,DHL,2025-06-29,2025-07-04,In Transit
2908,2908,FedEx,2025-01-19,2025-01-21,In Transit
2909,2909,DHL,2025-09-11,2025-09-13,In Transit
2910,2910,USPS,2025-11-08,2025-11-10,In Transit
2911,2911,USPS,2025-10-14,2025-10-21,In Transit
2912,2912,USPS,2025-12-19,2025-12-22,Delayed
2913,2913,FedEx,2025-02-15,2025-02-16,In Transit
2914,2914,UPS,2025-09-25,2025-09-28,In Transit
2915,2915,FedEx,2025-08-28,2025-09-03,Delivered
2916,2916,UPS,2025-02-26,2025-02-28,Delivered
2917,2917,FedEx,2025-08-01,2025-08-06,In Transit
2918,2918,UPS,2025-07-14,2025-07-18,Delivered
2919,2919,FedEx,2025-08-10,2025-08-16,Delayed
2920,2920,USPS,2025-01-09,2025-01-12,Delayed
2921,2921,DHL,2025-07-17,2025-07-18,Delayed
2922,2922,USPS,2025-02-16,2025-02-22,In Transit
2923,2923,USPS,2025-10-26,2025-10-29,Delayed
2924,2924,USPS,2025-11-18,2025-11-24,Delivered
2925,2925,UPS,2025-03-16,2025-03-20,In Transit
2926,2926,USPS,2025-11-23,2025-11-28,In Transit
2927,2927,FedEx,2025-01-19,2025-01-24,In Transit
2928,2928,FedEx,2025-11-30,2025-12-02,Delivered
2929,2929,USPS,2025-10-12,2025-10-17,In Transit
2930,2930,UPS,2025-08-14,2025-08-19,Delivered
2931,2931,FedEx,2025-12-04,2025-12-08,Delayed
2932,2932,UPS,2025-07-14,2025-07-15,In Transit
2933,2933,FedEx,2025-07-18,2025-07-21,Delayed
2934,2934,USPS,2025-04-22,2025-04-26,Delayed
2935,2935,UPS,2025-01-04,2025-01-07,In Transit
2936,2936,USPS,2025-08-03,2025-08-06,In Transit
2937,2937,UPS,2025-11-08,2025-11-09,Delayed
2938,2938,UPS,2025-09-08,2025-09-12,In Transit
2939,2939,USPS,2025-06-06,2025-06-13,Delayed
2940,2940,FedEx,2025-11-25,2025-11-26,Delivered
2941,2941,USPS,2025-07-02,2025-07-03,In Transit
2942,2942,DHL,2025-05-29,2025-06-01,Delayed
2943,2943,UPS,2025-10-23,2025-10-24,Delivered
2944,2944,FedEx,2025-04-18,2025-04-19,Delayed
2945,2945,USPS,2025-02-12,2025-02-18,In Transit
2946,2946,USPS,2025-05-06,2025-05-10,Delivered
2947,2947,DHL,2025-05-13,2025-05-19,Delayed
2948,2948,USPS,2025-01-17,2025-01-24,Delayed
2949,2949,DHL,2025-03-27,2025-03-28,Delivered
2950,2950,USPS,2025-04-16,2025-04-17,Delayed
2951,2951,FedEx,2025-07-15,2025-07-21,In Transit
2952,2952,USPS,2025-12-20,2025-12-27,Delivered
2953,2953,UPS,2025-06-29,2025-07-04,In Transit
2954,2954,FedEx,2025-11-17,2025-11-23,In Transit
2955,2955,USPS,2025-03-07,2025-03-13,Delivered
2956,2956,DHL,2025-02-23,2025-02-27,Delayed
2957,2957,FedEx,2025-08-31,2025-09-06,In Transit
2958,2958,USPS,2025-07-03,2025-07-04,In Transit
2959,2959,UPS,2025-07-10,2025-07-14,In Transit
2960,2960,UPS,2025-05-15,2025-05-20,Delivered
2961,2961,DHL,2025-10-30,2025-11-02,Delayed
2962,2962,UPS,2025-06-21,2025-06-25,Delivered
2963,2963,FedEx,2025-04-16,2025-04-22,In Transit
2964,2964,DHL,2025-09-15,2025-09-16,Delivered
2965,2965,DHL,2025-09-17,2025-09-22,In Transit
2966,2966,DHL,2025-05-02,2025-05-04,Delivered
2967,2967,UPS,2025-07-14,2025-07-21,Delivered
2968,2968,FedEx,2025-04-01,2025-04-06,In Transit
2969,2969,UPS,2025-03-18,2025-03-21,Delivered
2970,2970,FedEx,2025-09-08,2025-09-12,Delayed
2971,2971,FedEx,2025-01-12,2025-01-14,Delivered
2972,2972,FedEx,2025-05-20,2025-05-26,Delayed
2973,2973,UPS,2025-05-03,2025-05-10,Delivered
2974,2974,FedEx,2025-10-11,2025-10-15,In Transit
2975,2975,UPS,2025-02-26,2025-03-01,Delivered
2976,2976,FedEx,2025-04-28,2025-05-01,Delivered
2977,2977,UPS,2025-05-09,2025-05-16,Delayed
2978,2978,UPS,2025-02-15,2025-02-19,Delivered
2979,2979,USPS,2025-10-07,2025-10-11,Delayed
2980,2980,UPS,2025-09-19,2025-09-20,Delayed
2981,2981,FedEx,2025-05-19,2025-05-23,In Transit
2982,2982,DHL,2025-07-07,2025-07-10,Delayed
2983,2983,USPS,2025-07-23,2025-07-25,Delayed
2984,2984,UPS,2025-01-20,2025-01-21,In Transit
2985,2985,DHL,2025-02-13,2025-02-14,Delivered
2986,2986,DHL,2025-05-01,2025-05-07,Delayed
2987,2987,UPS,2025-12-21,2025-12-22,Delayed
2988,2988,UPS,2025-06-22,2025-06-25,Delivered
2989,2989,FedEx,2025-07-23,2025-07-29,Delivered
2990,2990,DHL,2025-04-17,2025-04-22,In Transit
2991,2991,USPS,2025-09-28,2025-10-03,Delivered
2992,2992,FedEx,2025-10-28,2025-11-03,In Transit
2993,2993,FedEx,2025-08-02,2025-08-05,Delayed
2994,2994,UPS,2025-09-16,2025-09-21,Delayed
2995,2995,FedEx,2025-04-19,2025-04-23,In Transit
2996,2996,DHL,2025-08-07,2025-08-11,Delayed
2997,2997,USPS,2025-02-11,2025-02-16,Delayed
2998,2998,DHL,2025-09-26,2025-09-29,In Transit
2999,2999,DHL,2025-08-30,2025-09-01,In Transit
3000,3000,USPS,2025-02-24,2025-03-01,Delivered
3001,3001,UPS,2025-11-17,2025-11-19,Delivered
3002,3002,FedEx,2025-01-05,2025-01-10,Delivered
3003,3003,FedEx,2025-12-07,2025-12-12,Delivered
3004,3004,FedEx,2025-03-01,2025-03-05,In Transit
3005,3005,UPS,2025-06-12,2025-06-13,Delivered
3006,3006,USPS,2025-11-02,2025-11-03,In Transit
3007,3007,UPS,2025-09-10,2025-09-14,In Transit
3008,3008,DHL,2025-09-03,2025-09-08,Delivered
3009,3009,USPS,2025-02-08,2025-02-13,In Transit
3010,3010,FedEx,2025-11-15,2025-11-22,Delayed
3011,3011,USPS,2025-08-17,2025-08-22,Delayed
3012,3012,USPS,2025-07-26,2025-07-30,Delayed
3013,3013,USPS,2025-07-05,2025-07-07,In Transit
3014,3014,USPS,2025-08-09,2025-08-11,Delayed
3015,3015,FedEx,2025-12-08,2025-12-13,In Transit
3016,3016,DHL,2025-03-30,2025-04-05,In Transit
3017,3017,DHL,2025-07-20,2025-07-21,Delivered
3018,3018,USPS,2025-07-31,2025-08-05,Delayed
3019,3019,FedEx,2025-05-04,2025-05-11,In Transit
3020,3020,USPS,2025-06-17,2025-06-22,Delayed
3021,3021,DHL,2025-09-25,2025-09-28,Delayed
3022,3022,DHL,2025-04-19,2025-04-20,Delayed
3023,3023,FedEx,2025-05-19,2025-05-26,In Transit
3024,3024,FedEx,2025-06-17,2025-06-24,In Transit
3025,3025,UPS,2025-08-21,2025-08-28,Delayed
3026,3026,UPS,2025-05-30,2025-05-31,In Transit
3027,3027,USPS,2025-07-22,2025-07-24,Delivered
3028,3028,FedEx,2025-01-23,2025-01-25,Delayed
3029,3029,FedEx,2025-07-14,2025-07-16,Delivered
3030,3030,UPS,2025-07-03,2025-07-08,Delayed
3031,3031,UPS,2025-05-05,2025-05-12,Delivered
3032,3032,UPS,2025-11-12,2025-11-18,In Transit
3033,3033,FedEx,2025-05-05,2025-05-09,In Transit
3034,3034,DHL,2025-08-27,2025-09-01,Delayed
3035,3035,FedEx,2025-07-30,2025-08-02,Delivered
3036,3036,FedEx,2025-08-25,2025-09-01,In Transit
3037,3037,FedEx,2025-12-24,2025-12-27,Delayed
3038,3038,FedEx,2025-03-08,2025-03-13,Delivered
3039,3039,USPS,2025-11-16,2025-11-21,Delayed
3040,3040,FedEx,2025-06-05,2025-06-12,Delayed
3041,3041,DHL,2025-05-08,2025-05-14,Delayed
3042,3042,FedEx,2025-06-28,2025-06-29,Delivered
3043,3043,USPS,2025-12-12,2025-12-16,Delivered
3044,3044,FedEx,2025-02-05,2025-02-09,Delayed
3045,3045,FedEx,2025-01-03,2025-01-06,In Transit
3046,3046,DHL,2025-12-04,2025-12-07,In Transit
3047,3047,USPS,2025-04-25,2025-04-28,Delivered
3048,3048,DHL,2025-07-13,2025-07-15,Delayed
3049,3049,UPS,2025-09-08,2025-09-15,Delayed
3050,3050,FedEx,2025-08-23,2025-08-26,Delivered
3051,3051,USPS,2025-08-20,2025-08-21,Delayed
3052,3052,UPS,2025-04-08,2025-04-12,Delayed
3053,3053,DHL,2025-06-22,2025-06-28,In Transit
3054,3054,USPS,2025-02-26,2025-02-27,In Transit
3055,3055,USPS,2025-07-10,2025-07-17,Delivered
3056,3056,UPS,2025-04-10,2025-04-14,In Transit
3057,3057,FedEx,2025-10-20,2025-10-21,Delivered
3058,3058,USPS,2025-06-20,2025-06-24,Delivered
3059,3059,FedEx,2025-10-01,2025-10-03,In Transit
3060,3060,UPS,2025-12-31,2026-01-02,In Transit
3061,3061,UPS,2025-05-12,2025-05-18,Delayed
3062,3062,FedEx,2025-06-18,2025-06-24,Delayed
3063,3063,FedEx,2025-08-30,2025-09-01,In Transit
3064,3064,DHL,2025-06-08,2025-06-11,In Transit
3065,3065,UPS,2025-09-25,2025-10-02,In Transit
3066,3066,FedEx,2025-01-26,2025-02-01,Delivered
3067,3067,USPS,2025-07-22,2025-07-24,Delayed
3068,3068,DHL,2025-12-29,2026-01-05,Delayed
3069,3069,DHL,2025-05-25,2025-05-29,In Transit
3070,3070,FedEx,2025-11-02,2025-11-09,In Transit
3071,3071,DHL,2025-06-13,2025-06-17,Delayed
3072,3072,DHL,2025-02-15,2025-02-16,Delivered
3073,3073,DHL,2025-12-28,2026-01-02,Delivered
3074,3074,USPS,2025-08-11,2025-08-13,Delayed
3075,3075,USPS,2025-04-21,2025-04-22,In Transit
3076,3076,UPS,2025-07-06,2025-07-13,Delayed
3077,3077,UPS,2025-11-30,2025-12-07,Delayed
3078,3078,UPS,2025-12-18,2025-12-21,Delayed
3079,3079,DHL,2025-05-13,2025-05-16,In Transit
3080,3080,DHL,2025-02-27,2025-03-03,In Transit
3081,3081,UPS,2025-01-19,2025-01-26,Delivered
3082,3082,DHL,2025-04-30,2025-05-05,Delivered
3083,3083,USPS,2025-05-25,2025-05-31,Delivered
3084,3084,UPS,2025-09-09,2025-09-12,In Transit
3085,3085,USPS,2025-05-04,2025-05-06,Delayed
3086,3086,UPS,2025-07-14,2025-07-16,Delivered
3087,3087,USPS,2025-01-18,2025-01-22,Delayed
3088,3088,FedEx,2025-03-11,2025-03-18,In Transit
3089,3089,DHL,2025-11-29,2025-12-05,Delayed
3090,3090,USPS,2025-12-06,2025-12-10,Delayed
3091,3091,FedEx,2025-11-19,2025-11-24,Delivered
3092,3092,USPS,2025-04-13,2025-04-18,Delivered
3093,3093,UPS,2025-11-06,2025-11-12,Delivered
3094,3094,USPS,2025-09-05,2025-09-11,Delayed
3095,3095,FedEx,2025-01-12,2025-01-17,In Transit
3096,3096,USPS,2025-11-30,2025-12-07,Delayed
3097,3097,FedEx,2025-12-17,2025-12-23,Delayed
3098,3098,FedEx,2025-04-05,2025-04-12,Delivered
3099,3099,USPS,2025-02-13,2025-02-16,Delayed
3100,3100,UPS,2025-12-01,2025-12-02,Delivered
3101,3101,DHL,2025-08-26,2025-08-27,In Transit
3102,3102,UPS,2025-10-24,2025-10-29,In Transit
3103,3103,USPS,2025-07-26,2025-07-28,Delivered
3104,3104,DHL,2025-09-13,2025-09-16,Delayed
3105,3105,USPS,2025-04-15,2025-04-21,Delayed
3106,3106,USPS,2025-08-30,2025-09-04,In Transit
3107,3107,UPS,2025-11-04,2025-11-09,In Transit
3108,3108,FedEx,2025-11-14,2025-11-16,Delivered
3109,3109,FedEx,2025-07-22,2025-07-23,In Transit
3110,3110,UPS,2025-10-05,2025-10-07,Delivered
3111,3111,USPS,2025-01-26,2025-01-28,Delivered
3112,3112,UPS,2025-06-05,2025-06-09,In Transit
3113,3113,USPS,2025-08-05,2025-08-10,Delivered
3114,3114,UPS,2025-01-22,2025-01-27,In Transit
3115,3115,USPS,2025-03-08,2025-03-15,Delivered
3116,3116,USPS,2025-06-10,2025-06-16,Delivered
3117,3117,USPS,2025-03-19,2025-03-24,Delivered
3118,3118,USPS,2025-02-18,2025-02-23,Delayed
3119,3119,FedEx,2025-08-31,2025-09-01,Delivered
3120,3120,DHL,2025-11-20,2025-11-26,Delivered
3121,3121,USPS,2025-05-02,2025-05-07,Delayed
3122,3122,USPS,2025-06-11,2025-06-15,In Transit
3123,3123,USPS,2025-09-25,2025-09-26,In Transit
3124,3124,UPS,2025-06-15,2025-06-20,Delivered
3125,3125,UPS,2025-12-24,2025-12-28,Delivered
3126,3126,FedEx,2025-10-16,2025-10-17,Delayed
3127,3127,USPS,2025-10-06,2025-10-11,In Transit
3128,3128,DHL,2025-12-15,2025-12-22,Delivered
3129,3129,USPS,2025-03-26,2025-04-02,Delayed
3130,3130,USPS,2025-10-10,2025-10-12,Delivered
3131,3131,FedEx,2025-07-08,2025-07-13,Delayed
3132,3132,FedEx,2025-04-07,2025-04-10,Delivered
3133,3133,UPS,2025-05-07,2025-05-12,Delayed
3134,3134,USPS,2025-07-13,2025-07-19,In Transit
3135,3135,USPS,2025-11-09,2025-11-11,Delivered
3136,3136,UPS,2025-07-16,2025-07-22,Delivered
3137,3137,DHL,2025-11-02,2025-11-09,In Transit
3138,3138,USPS,2025-09-27,2025-10-04,Delivered
3139,3139,FedEx,2025-10-17,2025-10-21,In Transit
3140,3140,DHL,2025-02-02,2025-02-08,Delayed
3141,3141,FedEx,2025-06-24,2025-06-28,Delivered
3142,3142,DHL,2025-06-13,2025-06-17,In Transit
3143,3143,DHL,2025-07-20,2025-07-22,In Transit
3144,3144,UPS,2025-04-07,2025-04-08,Delivered
3145,3145,USPS,2025-01-02,2025-01-05,Delivered
3146,3146,DHL,2025-09-12,2025-09-18,Delivered
3147,3147,USPS,2025-07-20,2025-07-21,In Transit
3148,3148,DHL,2025-08-07,2025-08-12,Delayed
3149,3149,UPS,2025-04-22,2025-04-27,Delayed
3150,3150,UPS,2025-10-13,2025-10-20,Delayed
3151,3151,DHL,2025-02-28,2025-03-04,Delivered
3152,3152,FedEx,2025-05-09,2025-05-12,Delayed
3153,3153,USPS,2025-12-28,2025-12-31,Delayed
3154,3154,USPS,2025-09-19,2025-09-26,Delivered
3155,3155,USPS,2025-06-24,2025-06-30,Delayed
3156,3156,UPS,2025-06-13,2025-06-15,In Transit
3157,3157,FedEx,2025-12-22,2025-12-29,In Transit
3158,3158,FedEx,2025-03-23,2025-03-26,In Transit
3159,3159,UPS,2025-02-23,2025-03-02,In Transit
3160,3160,DHL,2025-03-31,2025-04-03,Delivered
3161,3161,DHL,2025-06-29,2025-07-03,Delayed
3162,3162,USPS,2025-06-11,2025-06-17,Delivered
3163,3163,FedEx,2025-08-24,2025-08-25,Delivered
3164,3164,DHL,2025-11-28,2025-11-29,In Transit
3165,3165,DHL,2025-11-28,2025-12-05,Delayed
3166,3166,DHL,2025-06-03,2025-06-07,In Transit
3167,3167,FedEx,2025-06-21,2025-06-23,Delivered
3168,3168,UPS,2025-03-29,2025-03-30,Delivered
3169,3169,UPS,2025-05-10,2025-05-14,In Transit
3170,3170,FedEx,2025-04-11,2025-04-15,Delayed
3171,3171,FedEx,2025-09-05,2025-09-09,In Transit
3172,3172,USPS,2025-11-14,2025-11-20,In Transit
3173,3173,DHL,2025-04-14,2025-04-18,Delivered
3174,3174,UPS,2025-04-25,2025-04-29,Delivered
3175,3175,FedEx,2025-03-04,2025-03-10,Delayed
3176,3176,UPS,2025-06-13,2025-06-19,Delivered
3177,3177,UPS,2025-08-13,2025-08-19,Delayed
3178,3178,DHL,2025-12-06,2025-12-12,Delivered
3179,3179,UPS,2025-12-22,2025-12-26,Delivered
3180,3180,USPS,2025-08-11,2025-08-15,Delayed
3181,3181,USPS,2025-08-03,2025-08-05,Delayed
3182,3182,FedEx,2025-01-14,2025-01-20,In Transit
3183,3183,USPS,2025-11-11,2025-11-16,In Transit
3184,3184,DHL,2025-11-26,2025-11-30,Delivered
3185,3185,USPS,2025-05-14,2025-05-18,Delivered
3186,3186,UPS,2025-06-15,2025-06-19,Delivered
3187,3187,FedEx,2025-12-04,2025-12-09,In Transit
3188,3188,FedEx,2025-03-24,2025-03-27,Delayed
3189,3189,FedEx,2025-05-13,2025-05-14,Delayed
3190,3190,UPS,2025-11-27,2025-11-28,In Transit
3191,3191,DHL,2025-06-06,2025-06-11,Delayed
3192,3192,DHL,2025-11-06,2025-11-13,Delivered
3193,3193,USPS,2025-12-29,2026-01-03,Delivered
3194,3194,UPS,2025-02-10,2025-02-11,In Transit
3195,3195,DHL,2025-10-17,2025-10-24,Delivered
3196,3196,FedEx,2025-08-08,2025-08-14,In Transit
3197,3197,USPS,2025-02-23,2025-02-26,In Transit
3198,3198,FedEx,2025-06-23,2025-06-24,Delayed
3199,3199,USPS,2025-01-18,2025-01-22,In Transit
3200,3200,DHL,2025-07-23,2025-07-27,Delivered
3201,3201,DHL,2025-07-07,2025-07-12,Delivered
3202,3202,USPS,2025-12-17,2025-12-19,Delivered
3203,3203,USPS,2025-12-18,2025-12-24,In Transit
3204,3204,DHL,2025-10-31,2025-11-02,In Transit
3205,3205,FedEx,2025-09-15,2025-09-16,Delivered
3206,3206,USPS,2025-05-26,2025-05-28,Delayed
3207,3207,USPS,2025-02-04,2025-02-05,Delivered
3208,3208,DHL,2025-03-15,2025-03-21,Delayed
3209,3209,FedEx,2025-06-25,2025-06-30,Delivered
3210,3210,FedEx,2025-07-03,2025-07-10,In Transit
3211,3211,FedEx,2025-02-13,2025-02-18,In Transit
3212,3212,USPS,2025-10-02,2025-10-05,Delivered
3213,3213,USPS,2025-07-14,2025-07-19,In Transit
3214,3214,FedEx,2025-08-16,2025-08-17,Delayed
3215,3215,FedEx,2026-01-01,2026-01-02,Delivered
3216,3216,UPS,2025-01-30,2025-02-02,Delayed
3217,3217,DHL,2025-01-30,2025-01-31,In Transit
3218,3218,DHL,2025-08-26,2025-08-29,Delayed
3219,3219,DHL,2025-05-24,2025-05-30,Delayed
3220,3220,FedEx,2025-07-07,2025-07-10,In Transit
3221,3221,UPS,2025-04-07,2025-04-14,Delayed
3222,3222,FedEx,2025-08-10,2025-08-13,Delayed
3223,3223,USPS,2025-11-25,2025-11-29,Delivered
3224,3224,USPS,2025-08-06,2025-08-11,In Transit
3225,3225,FedEx,2025-05-22,2025-05-28,Delivered
3226,3226,USPS,2025-08-11,2025-08-14,Delivered
3227,3227,USPS,2025-12-09,2025-12-14,Delivered
3228,3228,DHL,2025-09-29,2025-10-02,Delivered
3229,3229,UPS,2025-05-09,2025-05-13,Delivered
3230,3230,UPS,2025-07-17,2025-07-24,Delivered
3231,3231,DHL,2025-07-25,2025-07-31,Delivered
3232,3232,USPS,2025-05-29,2025-06-04,Delivered
3233,3233,DHL,2025-05-17,2025-05-19,Delivered
3234,3234,USPS,2025-11-27,2025-12-04,Delayed
3235,3235,DHL,2025-09-16,2025-09-22,Delivered
3236,3236,FedEx,2025-09-06,2025-09-10,In Transit
3237,3237,USPS,2025-05-20,2025-05-26,Delivered
3238,3238,FedEx,2025-12-15,2025-12-20,Delivered
3239,3239,DHL,2025-08-17,2025-08-22,Delayed
3240,3240,UPS,2025-03-15,2025-03-20,Delayed
3241,3241,FedEx,2025-03-13,2025-03-18,Delivered
3242,3242,FedEx,2025-04-08,2025-04-14,Delivered
3243,3243,FedEx,2025-05-04,2025-05-07,In Transit
3244,3244,UPS,2025-01-18,2025-01-20,Delivered
3245,3245,USPS,2025-03-26,2025-03-28,Delayed
3246,3246,USPS,2025-06-01,2025-06-07,In Transit
3247,3247,USPS,2025-09-19,2025-09-21,Delivered
3248,3248,UPS,2025-05-11,2025-05-18,In Transit
3249,3249,DHL,2025-12-03,2025-12-09,Delayed
3250,3250,FedEx,2025-07-26,2025-07-28,In Transit
3251,3251,DHL,2025-12-14,2025-12-19,Delivered
3252,3252,FedEx,2025-09-16,2025-09-21,In Transit
3253,3253,DHL,2025-07-01,2025-07-02,Delivered
3254,3254,USPS,2025-10-09,2025-10-16,Delivered
3255,3255,DHL,2025-10-30,2025-11-03,Delayed
3256,3256,DHL,2025-01-05,2025-01-12,Delivered
3257,3257,DHL,2025-08-22,2025-08-28,In Transit
3258,3258,USPS,2025-07-16,2025-07-23,Delivered
3259,3259,FedEx,2025-04-12,2025-04-13,Delayed
3260,3260,FedEx,2025-07-09,2025-07-12,Delivered
3261,3261,UPS,2025-02-23,2025-02-24,In Transit
3262,3262,UPS,2025-06-14,2025-06-17,Delayed
3263,3263,FedEx,2025-06-25,2025-06-29,Delayed
3264,3264,FedEx,2025-09-28,2025-10-05,Delayed
3265,3265,DHL,2025-09-17,2025-09-21,In Transit
3266,3266,UPS,2025-12-23,2025-12-26,Delivered
3267,3267,UPS,2025-09-21,2025-09-23,In Transit
3268,3268,DHL,2025-04-10,2025-04-15,In Transit
3269,3269,FedEx,2025-04-29,2025-05-03,In Transit
3270,3270,FedEx,2025-02-10,2025-02-14,In Transit
3271,3271,UPS,2025-12-30,2026-01-01,Delivered
3272,3272,USPS,2025-06-24,2025-06-30,In Transit
3273,3273,USPS,2025-09-22,2025-09-26,Delivered
3274,3274,FedEx,2025-09-18,2025-09-24,Delayed
3275,3275,USPS,2025-03-31,2025-04-05,Delivered
3276,3276,FedEx,2025-02-26,2025-03-04,In Transit
3277,3277,USPS,2025-07-18,2025-07-19,In Transit
3278,3278,USPS,2025-10-07,2025-10-10,Delivered
3279,3279,UPS,2025-03-16,2025-03-18,Delayed
3280,3280,USPS,2025-12-08,2025-12-13,Delayed
3281,3281,UPS,2025-08-09,2025-08-16,In Transit
3282,3282,DHL,2025-10-27,2025-11-03,Delivered
3283,3283,USPS,2025-05-22,2025-05-27,Delayed
3284,3284,FedEx,2025-02-05,2025-02-08,In Transit
3285,3285,FedEx,2025-05-15,2025-05-22,In Transit
3286,3286,UPS,2025-10-19,2025-10-21,Delayed
3287,3287,UPS,2025-10-21,2025-10-27,Delivered
3288,3288,FedEx,2025-10-28,2025-11-04,In Transit
3289,3289,UPS,2025-10-28,2025-11-03,Delayed
3290,3290,FedEx,2025-02-09,2025-02-11,Delivered
3291,3291,USPS,2025-12-07,2025-12-13,In Transit
3292,3292,UPS,2025-05-16,2025-05-18,In Transit
3293,3293,FedEx,2025-11-25,2025-11-30,Delayed
3294,3294,USPS,2025-03-25,2025-04-01,In Transit
3295,3295,FedEx,2025-02-05,2025-02-12,Delivered
3296,3296,UPS,2025-02-21,2025-02-22,In Transit
3297,3297,UPS,2025-07-28,2025-07-31,Delayed
3298,3298,UPS,2025-10-12,2025-10-17,Delayed
3299,3299,DHL,2025-07-29,2025-07-30,Delivered
3300,3300,FedEx,2025-04-25,2025-05-02,Delayed
3301,3301,FedEx,2025-11-09,2025-11-16,Delayed
3302,3302,UPS,2025-05-31,2025-06-03,Delayed
3303,3303,UPS,2025-12-02,2025-12-07,Delivered
3304,3304,DHL,2025-04-22,2025-04-24,Delivered
3305,3305,DHL,2025-04-08,2025-04-14,Delivered
3306,3306,UPS,2025-04-10,2025-04-14,Delivered
3307,3307,DHL,2025-07-25,2025-07-30,Delayed
3308,3308,USPS,2025-02-20,2025-02-21,Delayed
3309,3309,USPS,2025-10-15,2025-10-21,Delivered
3310,3310,DHL,2025-04-26,2025-05-02,Delivered
3311,3311,DHL,2025-08-28,2025-09-02,Delivered
3312,3312,UPS,2025-11-28,2025-12-03,Delayed
3313,3313,USPS,2025-07-21,2025-07-26,Delayed
3314,3314,FedEx,2025-12-18,2025-12-21,Delayed
3315,3315,DHL,2025-10-02,2025-10-05,In Transit
3316,3316,DHL,2025-03-09,2025-03-15,Delayed
3317,3317,USPS,2025-12-01,2025-12-07,Delivered
3318,3318,FedEx,2025-03-30,2025-03-31,Delivered
3319,3319,DHL,2025-01-22,2025-01-29,Delayed
3320,3320,USPS,2025-08-23,2025-08-30,Delivered
3321,3321,USPS,2025-10-30,2025-11-04,Delivered
3322,3322,FedEx,2025-08-20,2025-08-27,In Transit
3323,3323,DHL,2025-11-30,2025-12-02,Delivered
3324,3324,USPS,2025-02-26,2025-03-04,In Transit
3325,3325,UPS,2025-04-19,2025-04-20,In Transit
3326,3326,UPS,2025-06-30,2025-07-02,In Transit
3327,3327,UPS,2025-11-26,2025-11-30,Delivered
3328,3328,FedEx,2025-01-14,2025-01-21,Delayed
3329,3329,DHL,2025-11-01,2025-11-03,Delivered
3330,3330,DHL,2025-05-04,2025-05-08,In Transit
3331,3331,UPS,2025-09-09,2025-09-12,Delayed
3332,3332,DHL,2025-12-05,2025-12-08,Delayed
3333,3333,FedEx,2025-09-24,2025-09-27,Delivered
3334,3334,FedEx,2025-08-26,2025-08-27,Delayed
3335,3335,UPS,2025-09-26,2025-10-03,Delivered
3336,3336,FedEx,2025-07-06,2025-07-08,Delivered
3337,3337,USPS,2025-07-15,2025-07-21,In Transit
3338,3338,UPS,2025-01-04,2025-01-07,Delivered
3339,3339,UPS,2025-12-31,2026-01-02,Delayed
3340,3340,DHL,2026-01-02,2026-01-06,Delivered
3341,3341,UPS,2025-01-13,2025-01-18,Delayed
3342,3342,DHL,2025-02-13,2025-02-16,Delayed
3343,3343,USPS,2025-10-09,2025-10-13,Delayed
3344,3344,DHL,2025-12-01,2025-12-06,Delayed
3345,3345,FedEx,2025-07-26,2025-07-29,In Transit
3346,3346,UPS,2025-07-26,2025-08-01,Delivered
3347,3347,FedEx,2025-02-21,2025-02-27,Delivered
3348,3348,USPS,2025-06-07,2025-06-09,In Transit
3349,3349,UPS,2025-04-28,2025-05-04,In Transit
3350,3350,FedEx,2025-05-23,2025-05-25,Delivered
3351,3351,DHL,2025-11-25,2025-11-27,In Transit
3352,3352,DHL,2025-04-07,2025-04-12,Delayed
3353,3353,UPS,2025-09-25,2025-09-29,Delivered
3354,3354,DHL,2025-03-04,2025-03-08,In Transit
3355,3355,USPS,2025-03-20,2025-03-23,Delayed
3356,3356,UPS,2025-05-02,2025-05-09,In Transit
3357,3357,USPS,2025-07-26,2025-08-01,Delayed
3358,3358,UPS,2025-06-21,2025-06-24,Delayed
3359,3359,USPS,2025-09-12,2025-09-18,Delivered
3360,3360,FedEx,2025-06-02,2025-06-04,In Transit
3361,3361,USPS,2025-04-04,2025-04-09,In Transit
3362,3362,UPS,2025-11-18,2025-11-23,Delivered
3363,3363,FedEx,2025-03-16,2025-03-22,Delivered
3364,3364,UPS,2025-03-25,2025-03-31,In Transit
3365,3365,USPS,2025-09-13,2025-09-19,Delayed
3366,3366,USPS,2025-04-01,2025-04-02,In Transit
3367,3367,DHL,2025-12-03,2025-12-07,In Transit
3368,3368,USPS,2025-11-17,2025-11-20,Delivered
3369,3369,FedEx,2025-09-25,2025-09-28,Delivered
3370,3370,UPS,2025-07-20,2025-07-27,Delivered
3371,3371,DHL,2025-11-11,2025-11-18,In Transit
3372,3372,UPS,2025-07-29,2025-08-05,Delayed
3373,3373,UPS,2025-08-21,2025-08-27,Delivered
3374,3374,DHL,2025-12-09,2025-12-12,In Transit
3375,3375,UPS,2025-09-06,2025-09-07,Delayed
3376,3376,DHL,2025-06-08,2025-06-10,Delivered
3377,3377,FedEx,2025-07-07,2025-07-09,Delayed
3378,3378,USPS,2025-08-23,2025-08-30,Delivered
3379,3379,FedEx,2025-09-18,2025-09-20,Delivered
3380,3380,USPS,2025-02-10,2025-02-13,In Transit
3381,3381,USPS,2025-07-27,2025-07-29,In Transit
3382,3382,USPS,2025-07-03,2025-07-09,In Transit
3383,3383,DHL,2025-12-24,2025-12-28,In Transit
3384,3384,UPS,2025-08-15,2025-08-21,Delayed
3385,3385,UPS,2025-08-13,2025-08-17,Delayed
3386,3386,FedEx,2025-11-26,2025-12-02,Delivered
3387,3387,UPS,2025-02-21,2025-02-27,Delivered
3388,3388,USPS,2025-05-06,2025-05-10,Delayed
3389,3389,USPS,2025-05-13,2025-05-19,Delayed
3390,3390,DHL,2025-02-13,2025-02-14,Delivered
3391,3391,FedEx,2025-09-24,2025-09-29,Delivered
3392,3392,USPS,2025-06-15,2025-06-17,Delayed
3393,3393,FedEx,2025-05-07,2025-05-12,Delivered
3394,3394,UPS,2025-09-06,2025-09-11,Delayed
3395,3395,DHL,2025-08-31,2025-09-04,Delayed
3396,3396,UPS,2025-10-19,2025-10-20,Delivered
3397,3397,DHL,2025-02-10,2025-02-13,In Transit
3398,3398,FedEx,2025-11-11,2025-11-15,Delivered
3399,3399,USPS,2025-06-27,2025-07-01,Delayed
3400,3400,DHL,2025-11-19,2025-11-26,In Transit
3401,3401,FedEx,2025-04-22,2025-04-29,Delayed
3402,3402,DHL,2025-08-01,2025-08-08,Delivered
3403,3403,DHL,2025-10-30,2025-10-31,Delayed
3404,3404,FedEx,2025-08-14,2025-08-21,Delivered
3405,3405,DHL,2025-05-09,2025-05-14,Delivered
3406,3406,DHL,2025-03-30,2025-03-31,In Transit
3407,3407,DHL,2025-05-06,2025-05-08,Delayed
3408,3408,DHL,2025-06-14,2025-06-20,Delayed
3409,3409,FedEx,2025-09-15,2025-09-18,Delivered
3410,3410,DHL,2025-12-26,2025-12-28,In Transit
3411,3411,FedEx,2025-04-01,2025-04-06,Delayed
3412,3412,USPS,2025-09-30,2025-10-06,Delayed
3413,3413,UPS,2025-05-01,2025-05-02,Delayed
3414,3414,UPS,2025-05-04,2025-05-05,Delayed
3415,3415,USPS,2025-02-07,2025-02-12,Delayed
3416,3416,USPS,2025-01-20,2025-01-21,Delayed
3417,3417,USPS,2025-01-15,2025-01-20,Delayed
3418,3418,DHL,2025-11-15,2025-11-19,In Transit
3419,3419,UPS,2025-08-21,2025-08-24,Delivered
3420,3420,UPS,2025-01-21,2025-01-25,Delivered
3421,3421,USPS,2025-01-10,2025-01-14,Delivered
3422,3422,USPS,2025-11-10,2025-11-16,In Transit
3423,3423,DHL,2025-06-05,2025-06-09,In Transit
3424,3424,DHL,2025-02-10,2025-02-11,Delayed
3425,3425,UPS,2025-04-04,2025-04-06,Delivered
3426,3426,USPS,2025-07-23,2025-07-27,Delayed
3427,3427,UPS,2025-03-31,2025-04-01,Delivered
3428,3428,FedEx,2025-12-24,2025-12-28,In Transit
3429,3429,DHL,2025-06-28,2025-07-04,In Transit
3430,3430,FedEx,2025-04-09,2025-04-11,In Transit
3431,3431,FedEx,2025-07-28,2025-08-04,Delivered
3432,3432,FedEx,2025-03-11,2025-03-16,Delayed
3433,3433,DHL,2025-05-11,2025-05-18,Delivered
3434,3434,DHL,2025-08-05,2025-08-11,Delivered
3435,3435,DHL,2025-10-07,2025-10-10,Delivered
3436,3436,FedEx,2025-05-30,2025-06-03,In Transit
3437,3437,DHL,2025-09-30,2025-10-01,Delayed
3438,3438,UPS,2025-08-30,2025-09-01,Delivered
3439,3439,DHL,2025-07-19,2025-07-26,Delivered
3440,3440,USPS,2025-10-02,2025-10-06,In Transit
3441,3441,DHL,2025-01-22,2025-01-27,Delayed
3442,3442,USPS,2025-11-22,2025-11-29,Delayed
3443,3443,FedEx,2025-09-17,2025-09-22,Delivered
3444,3444,UPS,2025-08-02,2025-08-05,Delivered
3445,3445,DHL,2025-09-27,2025-09-30,Delayed
3446,3446,USPS,2025-02-16,2025-02-22,In Transit
3447,3447,UPS,2025-11-15,2025-11-19,Delayed
3448,3448,DHL,2025-01-06,2025-01-09,In Transit
3449,3449,USPS,2025-03-18,2025-03-22,In Transit
3450,3450,USPS,2025-10-30,2025-11-02,In Transit
3451,3451,DHL,2025-04-04,2025-04-08,Delivered
3452,3452,DHL,2025-10-29,2025-11-01,Delayed
3453,3453,DHL,2025-04-22,2025-04-25,Delayed
3454,3454,UPS,2025-10-12,2025-10-15,Delayed
3455,3455,DHL,2025-04-07,2025-04-12,Delayed
3456,3456,USPS,2025-11-05,2025-11-10,In Transit
3457,3457,UPS,2025-04-22,2025-04-24,Delivered
3458,3458,FedEx,2025-10-31,2025-11-05,In Transit
3459,3459,DHL,2025-12-20,2025-12-22,Delayed
3460,3460,DHL,2025-03-26,2025-03-30,Delivered
3461,3461,UPS,2025-02-02,2025-02-08,Delivered
3462,3462,DHL,2025-03-07,2025-03-12,In Transit
3463,3463,UPS,2025-11-07,2025-11-12,Delayed
3464,3464,USPS,2025-10-19,2025-10-20,Delivered
3465,3465,USPS,2025-06-28,2025-07-02,Delayed
3466,3466,USPS,2025-04-26,2025-05-01,In Transit
3467,3467,USPS,2025-02-09,2025-02-10,Delivered
3468,3468,UPS,2025-10-04,2025-10-07,In Transit
3469,3469,UPS,2025-05-24,2025-05-31,Delayed
3470,3470,UPS,2025-11-11,2025-11-14,Delayed
3471,3471,UPS,2025-12-22,2025-12-23,In Transit
3472,3472,USPS,2025-07-11,2025-07-16,Delayed
3473,3473,UPS,2025-08-03,2025-08-07,Delayed
3474,3474,UPS,2025-09-22,2025-09-25,Delayed
3475,3475,USPS,2025-01-03,2025-01-10,In Transit
3476,3476,UPS,2025-05-18,2025-05-23,Delayed
3477,3477,FedEx,2025-01-12,2025-01-19,In Transit
3478,3478,USPS,2025-07-09,2025-07-10,Delayed
3479,3479,FedEx,2025-09-24,2025-10-01,Delivered
3480,3480,UPS,2025-08-22,2025-08-23,Delayed
3481,3481,USPS,2025-07-10,2025-07-16,In Transit
3482,3482,USPS,2025-05-14,2025-05-17,Delayed
3483,3483,FedEx,2025-08-14,2025-08-15,Delivered
3484,3484,UPS,2025-03-28,2025-04-03,Delivered
3485,3485,FedEx,2025-10-04,2025-10-06,In Transit
3486,3486,FedEx,2025-08-10,2025-08-12,Delivered
3487,3487,UPS,2025-02-25,2025-02-26,Delivered
3488,3488,FedEx,2025-03-02,2025-03-08,In Transit
3489,3489,DHL,2025-10-31,2025-11-05,In Transit
3490,3490,USPS,2025-06-06,2025-06-09,Delayed
3491,3491,USPS,2025-03-01,2025-03-02,In Transit
3492,3492,FedEx,2025-12-11,2025-12-14,Delayed
3493,3493,FedEx,2025-12-26,2025-12-28,In Transit
3494,3494,USPS,2025-10-12,2025-10-17,Delayed
3495,3495,USPS,2025-09-23,2025-09-28,Delivered
3496,3496,USPS,2025-10-25,2025-10-26,Delivered
3497,3497,DHL,2025-03-12,2025-03-18,In Transit
3498,3498,DHL,2025-02-24,2025-03-01,Delivered
3499,3499,USPS,2025-10-11,2025-10-16,Delivered
3500,3500,UPS,2025-03-27,2025-04-03,Delivered
3501,3501,DHL,2025-01-22,2025-01-25,In Transit
3502,3502,FedEx,2025-10-25,2025-10-30,Delayed
3503,3503,USPS,2025-08-01,2025-08-06,Delayed
3504,3504,DHL,2025-09-25,2025-09-30,Delayed
3505,3505,FedEx,2025-09-14,2025-09-19,Delivered
3506,3506,DHL,2025-02-25,2025-03-01,In Transit
3507,3507,DHL,2025-03-31,2025-04-01,In Transit
3508,3508,UPS,2025-09-15,2025-09-21,In Transit
3509,3509,DHL,2025-07-10,2025-07-16,Delivered
3510,3510,FedEx,2025-04-28,2025-05-05,Delivered
3511,3511,USPS,2025-04-21,2025-04-28,In Transit
3512,3512,UPS,2025-02-25,2025-03-03,In Transit
3513,3513,DHL,2025-12-02,2025-12-04,Delivered
3514,3514,DHL,2025-03-28,2025-04-02,In Transit
3515,3515,FedEx,2025-07-19,2025-07-26,Delivered
3516,3516,FedEx,2025-05-15,2025-05-17,Delayed
3517,3517,FedEx,2025-12-31,2026-01-05,Delivered
3518,3518,USPS,2025-07-31,2025-08-01,Delivered
3519,3519,DHL,2025-01-03,2025-01-09,In Transit
3520,3520,FedEx,2025-07-17,2025-07-21,Delivered
3521,3521,USPS,2025-06-27,2025-06-30,Delayed
3522,3522,USPS,2025-11-02,2025-11-07,Delivered
3523,3523,UPS,2025-02-22,2025-02-28,In Transit
3524,3524,USPS,2025-08-30,2025-09-06,Delivered
3525,3525,USPS,2025-02-08,2025-02-09,Delivered
3526,3526,FedEx,2025-12-10,2025-12-11,Delivered
3527,3527,FedEx,2025-07-17,2025-07-18,In Transit
3528,3528,FedEx,2025-01-05,2025-01-10,Delayed
3529,3529,USPS,2025-07-25,2025-07-26,In Transit
3530,3530,USPS,2025-12-11,2025-12-17,Delayed
3531,3531,UPS,2025-07-03,2025-07-07,Delayed
3532,3532,DHL,2025-09-27,2025-10-03,Delivered
3533,3533,DHL,2025-12-17,2025-12-22,Delayed
3534,3534,UPS,2025-09-07,2025-09-14,Delayed
3535,3535,FedEx,2025-12-01,2025-12-03,Delayed
3536,3536,DHL,2025-03-16,2025-03-23,Delayed
3537,3537,UPS,2025-07-09,2025-07-10,Delayed
3538,3538,UPS,2025-06-24,2025-06-26,Delivered
3539,3539,UPS,2025-04-22,2025-04-23,Delivered
3540,3540,FedEx,2025-11-10,2025-11-12,Delayed
3541,3541,DHL,2025-11-11,2025-11-16,Delayed
3542,3542,USPS,2025-12-29,2026-01-03,Delayed
3543,3543,DHL,2025-01-08,2025-01-10,Delivered
3544,3544,DHL,2025-08-01,2025-08-08,In Transit
3545,3545,FedEx,2025-09-19,2025-09-20,In Transit
3546,3546,FedEx,2025-05-10,2025-05-17,In Transit
3547,3547,DHL,2025-03-13,2025-03-15,Delayed
3548,3548,DHL,2025-12-03,2025-12-06,Delayed
3549,3549,UPS,2025-12-04,2025-12-11,Delivered
3550,3550,USPS,2025-05-31,2025-06-06,Delivered
3551,3551,DHL,2025-05-12,2025-05-17,In Transit
3552,3552,DHL,2025-12-27,2026-01-01,Delayed
3553,3553,FedEx,2025-09-19,2025-09-26,Delayed
3554,3554,DHL,2025-06-18,2025-06-21,Delivered
3555,3555,DHL,2025-02-09,2025-02-11,In Transit
3556,3556,DHL,2025-04-24,2025-05-01,Delayed
3557,3557,DHL,2025-11-17,2025-11-18,In Transit
3558,3558,DHL,2025-09-10,2025-09-11,Delivered
3559,3559,UPS,2025-09-03,2025-09-07,Delayed
3560,3560,FedEx,2025-09-23,2025-09-26,Delivered
3561,3561,FedEx,2025-10-10,2025-10-17,Delivered
3562,3562,FedEx,2025-04-12,2025-04-16,In Transit
3563,3563,USPS,2025-06-07,2025-06-11,In Transit
3564,3564,UPS,2025-10-15,2025-10-16,Delayed
3565,3565,DHL,2025-12-11,2025-12-12,Delivered
3566,3566,FedEx,2025-02-21,2025-02-22,In Transit
3567,3567,FedEx,2025-06-07,2025-06-09,Delayed
3568,3568,FedEx,2025-10-31,2025-11-06,Delivered
3569,3569,USPS,2025-06-06,2025-06-09,Delivered
3570,3570,USPS,2025-10-16,2025-10-22,Delivered
3571,3571,UPS,2025-10-27,2025-10-29,Delayed
3572,3572,FedEx,2025-05-07,2025-05-11,Delayed
3573,3573,DHL,2025-12-25,2025-12-27,Delivered
3574,3574,FedEx,2025-01-11,2025-01-17,In Transit
3575,3575,USPS,2025-01-04,2025-01-11,Delayed
3576,3576,FedEx,2025-11-30,2025-12-01,Delayed
3577,3577,UPS,2025-11-04,2025-11-08,Delayed
3578,3578,DHL,2025-11-27,2025-12-03,In Transit
3579,3579,USPS,2025-01-07,2025-01-10,In Transit
3580,3580,USPS,2025-05-05,2025-05-09,In Transit
3581,3581,DHL,2025-05-21,2025-05-22,Delayed
3582,3582,FedEx,2025-02-03,2025-02-04,In Transit
3583,3583,USPS,2025-10-19,2025-10-26,Delivered
3584,3584,FedEx,2025-01-04,2025-01-11,In Transit
3585,3585,USPS,2025-01-31,2025-02-05,Delivered
3586,3586,USPS,2025-01-04,2025-01-08,Delayed
3587,3587,FedEx,2025-12-11,2025-12-12,In Transit
3588,3588,DHL,2025-09-20,2025-09-23,In Transit
3589,3589,UPS,2025-11-01,2025-11-02,In Transit
3590,3590,FedEx,2025-12-19,2025-12-25,In Transit
3591,3591,FedEx,2025-10-27,2025-10-28,In Transit
3592,3592,USPS,2025-06-08,2025-06-10,In Transit
3593,3593,UPS,2025-11-27,2025-11-30,Delivered
3594,3594,USPS,2025-08-04,2025-08-05,In Transit
3595,3595,FedEx,2025-02-04,2025-02-06,Delayed
3596,3596,FedEx,2025-12-16,2025-12-22,In Transit
3597,3597,USPS,2025-09-28,2025-10-01,In Transit
3598,3598,FedEx,2025-06-28,2025-06-29,Delayed
3599,3599,FedEx,2025-08-29,2025-09-05,Delivered
3600,3600,FedEx,2025-10-10,2025-10-17,In Transit
3601,3601,DHL,2025-10-16,2025-10-23,In Transit
3602,3602,FedEx,2025-11-06,2025-11-10,In Transit
3603,3603,USPS,2025-12-03,2025-12-08,In Transit
3604,3604,USPS,2025-03-20,2025-03-26,Delayed
3605,3605,DHL,2025-12-08,2025-12-14,Delayed
3606,3606,USPS,2025-02-06,2025-02-11,Delivered
3607,3607,USPS,2025-10-27,2025-10-29,Delayed
3608,3608,DHL,2025-09-12,2025-09-15,Delayed
3609,3609,DHL,2025-07-15,2025-07-21,In Transit
3610,3610,FedEx,2025-02-06,2025-02-13,Delayed
3611,3611,UPS,2025-09-19,2025-09-21,Delayed
3612,3612,UPS,2025-12-14,2025-12-20,Delayed
3613,3613,DHL,2025-12-02,2025-12-04,Delivered
3614,3614,USPS,2025-05-04,2025-05-07,Delayed
3615,3615,FedEx,2025-02-11,2025-02-14,Delayed
3616,3616,UPS,2025-08-28,2025-08-29,Delayed
3617,3617,UPS,2025-03-07,2025-03-13,In Transit
3618,3618,UPS,2025-03-23,2025-03-29,In Transit
3619,3619,FedEx,2025-06-07,2025-06-08,In Transit
3620,3620,UPS,2025-02-15,2025-02-18,In Transit
3621,3621,USPS,2025-07-23,2025-07-26,Delayed
3622,3622,UPS,2025-09-12,2025-09-19,Delayed
3623,3623,USPS,2025-04-23,2025-04-27,Delayed
3624,3624,UPS,2025-10-14,2025-10-17,In Transit
3625,3625,UPS,2025-01-21,2025-01-27,Delivered
3626,3626,FedEx,2025-01-13,2025-01-19,Delivered
3627,3627,FedEx,2025-03-11,2025-03-18,In Transit
3628,3628,FedEx,2025-11-01,2025-11-07,In Transit
3629,3629,DHL,2025-12-22,2025-12-26,Delayed
3630,3630,DHL,2025-07-01,2025-07-08,Delayed
3631,3631,FedEx,2025-09-10,2025-09-11,Delayed
3632,3632,FedEx,2025-11-20,2025-11-21,In Transit
3633,3633,FedEx,2025-09-21,2025-09-27,Delivered
3634,3634,UPS,2025-09-14,2025-09-19,In Transit
3635,3635,DHL,2025-03-02,2025-03-04,Delivered
3636,3636,UPS,2025-12-29,2026-01-05,Delayed
3637,3637,USPS,2025-09-12,2025-09-19,In Transit
3638,3638,UPS,2025-03-30,2025-04-05,Delivered
3639,3639,USPS,2025-11-02,2025-11-06,In Transit
3640,3640,UPS,2025-05-25,2025-05-30,In Transit
3641,3641,DHL,2025-11-10,2025-11-11,In Transit
3642,3642,UPS,2025-06-16,2025-06-18,In Transit
3643,3643,FedEx,2025-09-12,2025-09-14,Delivered
3644,3644,UPS,2025-05-23,2025-05-28,Delivered
3645,3645,UPS,2025-08-07,2025-08-14,In Transit
3646,3646,FedEx,2025-02-11,2025-02-15,Delayed
3647,3647,UPS,2025-05-18,2025-05-23,Delayed
3648,3648,DHL,2025-07-10,2025-07-12,Delayed
3649,3649,DHL,2025-09-10,2025-09-13,Delivered
3650,3650,FedEx,2025-01-28,2025-02-03,Delivered
3651,3651,FedEx,2025-06-30,2025-07-01,Delivered
3652,3652,DHL,2025-08-18,2025-08-24,In Transit
3653,3653,FedEx,2025-02-03,2025-02-08,In Transit
3654,3654,DHL,2025-01-25,2025-02-01,Delayed
3655,3655,DHL,2025-08-14,2025-08-17,Delayed
3656,3656,FedEx,2025-06-18,2025-06-21,Delivered
3657,3657,UPS,2025-12-04,2025-12-05,Delivered
3658,3658,DHL,2025-05-31,2025-06-04,Delayed
3659,3659,FedEx,2025-01-15,2025-01-21,Delayed
3660,3660,USPS,2025-12-17,2025-12-19,Delayed
3661,3661,UPS,2025-02-02,2025-02-07,Delivered
3662,3662,DHL,2025-03-26,2025-04-01,In Transit
3663,3663,FedEx,2025-12-17,2025-12-24,In Transit
3664,3664,USPS,2025-04-30,2025-05-05,Delivered
3665,3665,USPS,2025-07-11,2025-07-15,In Transit
3666,3666,DHL,2026-01-01,2026-01-04,In Transit
3667,3667,USPS,2025-01-13,2025-01-14,Delayed
3668,3668,USPS,2025-01-08,2025-01-15,Delivered
3669,3669,USPS,2025-01-16,2025-01-19,Delivered
3670,3670,USPS,2025-04-25,2025-04-27,In Transit
3671,3671,DHL,2025-05-09,2025-05-14,Delayed
3672,3672,DHL,2025-01-25,2025-01-30,Delivered
3673,3673,DHL,2025-11-02,2025-11-05,Delivered
3674,3674,FedEx,2025-01-30,2025-02-03,In Transit
3675,3675,DHL,2025-02-11,2025-02-13,In Transit
3676,3676,USPS,2025-01-25,2025-01-31,In Transit
3677,3677,USPS,2025-08-25,2025-08-28,In Transit
3678,3678,FedEx,2025-02-23,2025-03-02,In Transit
3679,3679,DHL,2025-12-30,2026-01-04,In Transit
3680,3680,DHL,2025-08-19,2025-08-20,Delivered
3681,3681,USPS,2025-10-29,2025-11-03,Delivered
3682,3682,UPS,2025-12-20,2025-12-21,In Transit
3683,3683,USPS,2025-06-01,2025-06-05,Delayed
3684,3684,DHL,2025-10-26,2025-11-01,Delivered
3685,3685,USPS,2025-08-05,2025-08-09,Delivered
3686,3686,UPS,2025-02-04,2025-02-05,In Transit
3687,3687,USPS,2025-09-10,2025-09-13,Delivered
3688,3688,USPS,2025-02-21,2025-02-24,Delivered
3689,3689,FedEx,2025-04-25,2025-05-01,Delivered
3690,3690,FedEx,2025-01-15,2025-01-19,Delayed
3691,3691,DHL,2025-03-31,2025-04-06,In Transit
3692,3692,UPS,2025-05-24,2025-05-31,Delayed
3693,3693,FedEx,2025-04-13,2025-04-16,Delayed
3694,3694,USPS,2025-03-03,2025-03-05,In Transit
3695,3695,FedEx,2025-10-11,2025-10-16,Delivered
3696,3696,USPS,2025-04-17,2025-04-22,Delayed
3697,3697,UPS,2025-01-08,2025-01-14,Delivered
3698,3698,UPS,2025-06-30,2025-07-07,In Transit
3699,3699,DHL,2025-05-03,2025-05-09,Delivered
3700,3700,FedEx,2025-05-15,2025-05-19,Delayed
3701,3701,DHL,2025-06-04,2025-06-08,In Transit
3702,3702,USPS,2025-02-08,2025-02-11,Delayed
3703,3703,FedEx,2025-09-01,2025-09-06,Delayed
3704,3704,USPS,2025-01-29,2025-01-30,Delivered
3705,3705,USPS,2025-10-10,2025-10-13,In Transit
3706,3706,FedEx,2025-08-26,2025-08-29,Delayed
3707,3707,USPS,2025-01-06,2025-01-12,In Transit
3708,3708,USPS,2025-05-29,2025-06-01,Delivered
3709,3709,FedEx,2025-07-09,2025-07-11,Delivered
3710,3710,FedEx,2025-04-24,2025-04-28,Delivered
3711,3711,DHL,2025-09-12,2025-09-14,Delayed
3712,3712,UPS,2025-03-19,2025-03-22,In Transit
3713,3713,USPS,2025-08-22,2025-08-27,In Transit
3714,3714,FedEx,2025-03-28,2025-04-01,Delayed
3715,3715,UPS,2025-10-14,2025-10-15,Delayed
3716,3716,UPS,2025-01-03,2025-01-06,In Transit
3717,3717,UPS,2025-05-16,2025-05-17,Delayed
3718,3718,FedEx,2025-07-31,2025-08-01,Delivered
3719,3719,DHL,2025-07-25,2025-07-31,Delivered
3720,3720,FedEx,2025-01-21,2025-01-23,Delivered
3721,3721,FedEx,2025-06-12,2025-06-17,Delivered
3722,3722,DHL,2025-09-20,2025-09-26,Delayed
3723,3723,DHL,2025-10-08,2025-10-09,Delayed
3724,3724,DHL,2025-06-19,2025-06-25,Delivered
3725,3725,UPS,2025-05-11,2025-05-17,In Transit
3726,3726,FedEx,2025-04-13,2025-04-14,Delivered
3727,3727,UPS,2025-02-01,2025-02-06,Delayed
3728,3728,DHL,2025-04-30,2025-05-07,Delivered
3729,3729,FedEx,2025-07-08,2025-07-12,Delayed
3730,3730,DHL,2025-12-17,2025-12-19,In Transit
3731,3731,FedEx,2025-12-19,2025-12-20,Delivered
3732,3732,USPS,2025-10-26,2025-10-28,Delivered
3733,3733,UPS,2025-07-16,2025-07-21,Delivered
3734,3734,UPS,2025-04-08,2025-04-14,In Transit
3735,3735,FedEx,2025-09-28,2025-10-03,In Transit
3736,3736,UPS,2025-04-24,2025-04-28,In Transit
3737,3737,DHL,2025-12-23,2025-12-28,Delayed
3738,3738,FedEx,2025-05-27,2025-05-29,Delayed
3739,3739,UPS,2025-03-27,2025-03-29,Delayed
3740,3740,DHL,2025-12-15,2025-12-21,Delayed
3741,3741,UPS,2025-03-18,2025-03-24,Delayed
3742,3742,DHL,2025-03-11,2025-03-14,Delayed
3743,3743,USPS,2025-05-09,2025-05-11,In Transit
3744,3744,FedEx,2025-03-20,2025-03-23,Delivered
3745,3745,FedEx,2025-07-19,2025-07-24,In Transit
3746,3746,DHL,2025-08-15,2025-08-18,Delivered
3747,3747,DHL,2025-06-24,2025-06-28,In Transit
3748,3748,USPS,2025-04-08,2025-04-10,Delivered
3749,3749,FedEx,2025-11-27,2025-12-03,Delayed
3750,3750,DHL,2025-04-14,2025-04-17,Delivered
3751,3751,FedEx,2025-07-12,2025-07-14,In Transit
3752,3752,USPS,2025-04-17,2025-04-19,In Transit
3753,3753,UPS,2025-08-02,2025-08-04,In Transit
3754,3754,UPS,2025-01-14,2025-01-18,Delayed
3755,3755,UPS,2025-12-25,2025-12-26,Delivered
3756,3756,USPS,2025-11-09,2025-11-15,In Transit
3757,3757,FedEx,2025-10-15,2025-10-16,Delivered
3758,3758,DHL,2025-12-22,2025-12-28,Delivered
3759,3759,USPS,2025-08-04,2025-08-09,Delivered
3760,3760,DHL,2025-06-26,2025-06-29,In Transit
3761,3761,DHL,2025-10-15,2025-10-16,Delivered
3762,3762,FedEx,2025-01-03,2025-01-09,Delivered
3763,3763,USPS,2025-11-06,2025-11-08,Delivered
3764,3764,FedEx,2025-02-25,2025-03-02,Delivered
3765,3765,DHL,2025-01-29,2025-01-30,Delayed
3766,3766,FedEx,2025-06-22,2025-06-28,Delayed
3767,3767,FedEx,2025-07-31,2025-08-05,Delayed
3768,3768,UPS,2025-09-26,2025-09-30,Delivered
3769,3769,UPS,2025-04-27,2025-04-28,Delivered
3770,3770,DHL,2025-12-04,2025-12-06,Delivered
3771,3771,FedEx,2025-04-14,2025-04-20,Delivered
3772,3772,DHL,2025-06-27,2025-07-04,Delivered
3773,3773,USPS,2025-10-01,2025-10-06,Delivered
3774,3774,USPS,2025-01-09,2025-01-13,In Transit
3775,3775,DHL,2025-01-15,2025-01-20,In Transit
3776,3776,USPS,2025-09-30,2025-10-06,In Transit
3777,3777,USPS,2025-02-04,2025-02-05,In Transit
3778,3778,USPS,2025-07-12,2025-07-17,Delivered
3779,3779,DHL,2025-09-02,2025-09-03,In Transit
3780,3780,DHL,2025-04-28,2025-05-02,Delayed
3781,3781,UPS,2025-10-24,2025-10-29,In Transit
3782,3782,USPS,2025-07-13,2025-07-19,Delayed
3783,3783,FedEx,2025-12-12,2025-12-14,Delayed
3784,3784,DHL,2025-08-29,2025-09-02,Delivered
3785,3785,UPS,2025-04-29,2025-04-30,In Transit
3786,3786,FedEx,2025-06-03,2025-06-05,Delivered
3787,3787,UPS,2025-06-26,2025-07-02,Delivered
3788,3788,FedEx,2025-03-27,2025-04-03,Delayed
3789,3789,DHL,2025-09-30,2025-10-02,In Transit
3790,3790,DHL,2025-05-24,2025-05-30,Delivered
3791,3791,FedEx,2025-12-30,2026-01-02,Delayed
3792,3792,FedEx,2025-10-04,2025-10-08,Delivered
3793,3793,DHL,2025-03-22,2025-03-26,Delivered
3794,3794,FedEx,2025-07-15,2025-07-19,In Transit
3795,3795,FedEx,2025-02-08,2025-02-09,In Transit
3796,3796,USPS,2025-10-13,2025-10-20,Delayed
3797,3797,USPS,2025-04-25,2025-05-01,Delivered
3798,3798,FedEx,2025-09-06,2025-09-07,Delayed
3799,3799,UPS,2025-01-23,2025-01-28,Delivered
3800,3800,FedEx,2025-03-02,2025-03-09,Delayed
3801,3801,DHL,2025-09-24,2025-09-27,Delivered
3802,3802,UPS,2025-12-31,2026-01-04,Delayed
3803,3803,USPS,2025-01-18,2025-01-23,Delivered
3804,3804,UPS,2025-02-18,2025-02-21,In Transit
3805,3805,UPS,2025-02-18,2025-02-25,In Transit
3806,3806,UPS,2025-05-17,2025-05-23,Delivered
3807,3807,UPS,2025-09-04,2025-09-09,In Transit
3808,3808,FedEx,2025-01-30,2025-01-31,Delivered
3809,3809,FedEx,2025-01-08,2025-01-10,In Transit
3810,3810,UPS,2025-07-13,2025-07-20,Delayed
3811,3811,FedEx,2025-09-07,2025-09-08,Delayed
3812,3812,UPS,2025-07-17,2025-07-24,In Transit
3813,3813,UPS,2025-09-24,2025-09-30,In Transit
3814,3814,DHL,2025-12-09,2025-12-15,Delivered
3815,3815,UPS,2025-09-07,2025-09-09,Delivered
3816,3816,FedEx,2025-10-26,2025-11-02,Delivered
3817,3817,FedEx,2025-05-08,2025-05-10,Delayed
3818,3818,DHL,2025-05-28,2025-05-30,In Transit
3819,3819,UPS,2025-05-07,2025-05-13,Delayed
3820,3820,USPS,2025-08-30,2025-09-01,In Transit
3821,3821,DHL,2025-11-26,2025-11-30,Delayed
3822,3822,DHL,2025-11-30,2025-12-07,Delivered
3823,3823,FedEx,2025-04-21,2025-04-26,Delayed
3824,3824,USPS,2025-07-01,2025-07-08,Delayed
3825,3825,UPS,2025-04-04,2025-04-10,In Transit
3826,3826,FedEx,2025-05-23,2025-05-27,Delivered
3827,3827,FedEx,2025-08-13,2025-08-17,In Transit
3828,3828,UPS,2025-04-28,2025-05-02,Delayed
3829,3829,FedEx,2025-04-24,2025-04-26,Delivered
3830,3830,FedEx,2025-08-28,2025-09-04,In Transit
3831,3831,DHL,2025-09-18,2025-09-21,Delivered
3832,3832,FedEx,2025-10-06,2025-10-13,Delayed
3833,3833,USPS,2025-05-22,2025-05-29,Delayed
3834,3834,UPS,2025-12-16,2025-12-21,Delivered
3835,3835,USPS,2025-10-29,2025-11-02,Delayed
3836,3836,USPS,2025-05-04,2025-05-09,In Transit
3837,3837,UPS,2025-09-20,2025-09-23,Delayed
3838,3838,DHL,2025-11-05,2025-11-09,Delayed
3839,3839,USPS,2025-03-13,2025-03-17,Delivered
3840,3840,FedEx,2025-12-10,2025-12-15,In Transit
3841,3841,USPS,2025-01-18,2025-01-21,In Transit
3842,3842,FedEx,2025-11-20,2025-11-24,In Transit
3843,3843,DHL,2025-08-08,2025-08-13,Delayed
3844,3844,FedEx,2025-10-10,2025-10-11,Delayed
3845,3845,FedEx,2025-12-27,2026-01-01,Delayed
3846,3846,DHL,2025-09-04,2025-09-05,Delayed
3847,3847,UPS,2025-12-14,2025-12-18,In Transit
3848,3848,USPS,2025-11-12,2025-11-13,Delivered
3849,3849,USPS,2025-04-28,2025-05-04,In Transit
3850,3850,FedEx,2025-12-15,2025-12-18,Delivered
3851,3851,DHL,2025-06-11,2025-06-17,Delayed
3852,3852,DHL,2025-05-28,2025-06-04,In Transit
3853,3853,FedEx,2025-11-23,2025-11-26,Delivered
3854,3854,DHL,2025-08-08,2025-08-14,Delayed
3855,3855,USPS,2025-10-14,2025-10-19,Delayed
3856,3856,UPS,2025-01-24,2025-01-31,Delayed
3857,3857,USPS,2025-03-29,2025-04-02,In Transit
3858,3858,USPS,2025-05-27,2025-05-31,Delayed
3859,3859,DHL,2025-03-11,2025-03-13,Delivered
3860,3860,FedEx,2025-04-11,2025-04-13,In Transit
3861,3861,FedEx,2025-03-23,2025-03-25,Delivered
3862,3862,USPS,2025-02-23,2025-02-25,Delivered
3863,3863,FedEx,2025-09-22,2025-09-25,Delayed
3864,3864,FedEx,2025-05-01,2025-05-04,Delivered
3865,3865,UPS,2025-08-17,2025-08-19,Delayed
3866,3866,UPS,2025-10-15,2025-10-16,Delayed
3867,3867,DHL,2025-11-23,2025-11-25,Delayed
3868,3868,FedEx,2025-08-08,2025-08-10,In Transit
3869,3869,USPS,2025-08-31,2025-09-07,Delayed
3870,3870,USPS,2025-12-25,2025-12-30,Delayed
3871,3871,USPS,2025-01-20,2025-01-26,In Transit
3872,3872,USPS,2025-05-26,2025-06-01,In Transit
3873,3873,USPS,2025-11-09,2025-11-11,In Transit
3874,3874,UPS,2025-05-26,2025-06-02,Delayed
3875,3875,UPS,2025-03-24,2025-03-26,Delayed
3876,3876,DHL,2025-09-14,2025-09-21,Delivered
3877,3877,UPS,2025-02-14,2025-02-19,Delivered
3878,3878,UPS,2025-04-29,2025-04-30,In Transit
3879,3879,DHL,2025-01-31,2025-02-03,In Transit
3880,3880,USPS,2025-04-21,2025-04-22,In Transit
3881,3881,USPS,2025-02-05,2025-02-12,Delayed
3882,3882,UPS,2025-07-15,2025-07-22,Delayed
3883,3883,UPS,2025-12-09,2025-12-14,Delayed
3884,3884,DHL,2025-12-17,2025-12-20,In Transit
3885,3885,UPS,2025-01-27,2025-02-03,In Transit
3886,3886,USPS,2025-12-06,2025-12-10,Delivered
3887,3887,FedEx,2025-06-25,2025-06-29,Delivered
3888,3888,UPS,2025-08-07,2025-08-12,Delayed
3889,3889,UPS,2025-09-29,2025-10-01,Delayed
3890,3890,FedEx,2025-01-12,2025-01-14,Delayed
3891,3891,FedEx,2025-05-21,2025-05-27,Delayed
3892,3892,DHL,2025-01-09,2025-01-13,Delivered
3893,3893,DHL,2025-12-22,2025-12-25,Delivered
3894,3894,FedEx,2025-08-03,2025-08-10,Delivered
3895,3895,USPS,2025-02-27,2025-02-28,Delayed
3896,3896,DHL,2025-03-25,2025-03-31,In Transit
3897,3897,UPS,2025-03-16,2025-03-21,Delayed
3898,3898,UPS,2025-07-22,2025-07-29,Delayed
3899,3899,DHL,2025-02-20,2025-02-22,Delayed
3900,3900,UPS,2025-06-13,2025-06-20,Delivered
3901,3901,USPS,2025-12-14,2025-12-20,Delivered
3902,3902,UPS,2025-11-20,2025-11-22,Delivered
3903,3903,UPS,2025-09-06,2025-09-07,In Transit
3904,3904,UPS,2025-11-03,2025-11-10,Delivered
3905,3905,DHL,2025-08-18,2025-08-23,Delivered
3906,3906,UPS,2025-02-08,2025-02-12,Delayed
3907,3907,FedEx,2025-10-13,2025-10-16,Delivered
3908,3908,DHL,2025-02-21,2025-02-27,Delayed
3909,3909,USPS,2025-09-24,2025-10-01,Delivered
3910,3910,USPS,2025-07-23,2025-07-30,Delivered
3911,3911,USPS,2025-10-24,2025-10-26,Delayed
3912,3912,DHL,2025-05-28,2025-06-03,In Transit
3913,3913,DHL,2025-01-05,2025-01-12,Delivered
3914,3914,UPS,2025-03-27,2025-03-28,Delayed
3915,3915,USPS,2025-06-01,2025-06-08,Delivered
3916,3916,USPS,2025-11-18,2025-11-24,Delayed
3917,3917,UPS,2025-05-10,2025-05-14,Delayed
3918,3918,USPS,2025-06-20,2025-06-24,Delayed
3919,3919,FedEx,2025-02-24,2025-02-28,Delivered
3920,3920,UPS,2025-09-06,2025-09-10,Delayed
3921,3921,DHL,2025-01-28,2025-02-03,In Transit
3922,3922,USPS,2025-10-16,2025-10-22,In Transit
3923,3923,DHL,2025-05-04,2025-05-09,Delayed
3924,3924,USPS,2025-08-23,2025-08-30,Delayed
3925,3925,FedEx,2025-06-17,2025-06-24,In Transit
3926,3926,UPS,2025-09-01,2025-09-02,Delivered
3927,3927,USPS,2025-04-05,2025-04-10,Delivered
3928,3928,FedEx,2025-12-17,2025-12-18,In Transit
3929,3929,UPS,2025-07-01,2025-07-05,Delayed
3930,3930,UPS,2025-03-13,2025-03-18,In Transit
3931,3931,USPS,2025-09-01,2025-09-06,Delivered
3932,3932,USPS,2025-08-09,2025-08-13,Delivered
3933,3933,UPS,2025-04-30,2025-05-04,Delayed
3934,3934,FedEx,2025-07-09,2025-07-13,Delivered
3935,3935,DHL,2025-09-24,2025-09-28,In Transit
3936,3936,FedEx,2025-05-27,2025-06-03,Delayed
3937,3937,DHL,2025-06-18,2025-06-22,Delayed
3938,3938,FedEx,2025-11-04,2025-11-08,In Transit
3939,3939,DHL,2025-08-18,2025-08-19,Delivered
3940,3940,UPS,2025-03-11,2025-03-14,In Transit
3941,3941,USPS,2025-01-18,2025-01-19,Delayed
3942,3942,FedEx,2025-04-03,2025-04-06,In Transit
3943,3943,DHL,2025-08-17,2025-08-22,Delayed
3944,3944,USPS,2025-08-14,2025-08-18,Delayed
3945,3945,FedEx,2025-08-26,2025-09-02,Delivered
3946,3946,FedEx,2025-09-13,2025-09-20,Delivered
3947,3947,DHL,2025-11-12,2025-11-17,Delayed
3948,3948,UPS,2025-10-22,2025-10-28,Delivered
3949,3949,USPS,2025-08-20,2025-08-22,In Transit
3950,3950,USPS,2025-07-08,2025-07-09,In Transit
3951,3951,FedEx,2025-06-27,2025-07-02,Delayed
3952,3952,USPS,2025-08-22,2025-08-27,Delayed
3953,3953,DHL,2025-11-28,2025-12-04,In Transit
3954,3954,DHL,2025-01-17,2025-01-20,In Transit
3955,3955,USPS,2025-07-17,2025-07-21,Delivered
3956,3956,FedEx,2025-08-21,2025-08-28,Delayed
3957,3957,UPS,2025-06-23,2025-06-30,Delivered
3958,3958,FedEx,2025-07-05,2025-07-06,Delayed
3959,3959,DHL,2025-01-11,2025-01-13,In Transit
3960,3960,DHL,2025-12-07,2025-12-09,Delayed
3961,3961,FedEx,2025-03-31,2025-04-05,In Transit
3962,3962,FedEx,2025-05-02,2025-05-04,In Transit
3963,3963,UPS,2025-03-25,2025-03-28,Delivered
3964,3964,DHL,2025-04-28,2025-04-29,Delayed
3965,3965,FedEx,2025-08-02,2025-08-06,In Transit
3966,3966,FedEx,2025-11-09,2025-11-15,Delivered
3967,3967,DHL,2025-03-06,2025-03-12,Delivered
3968,3968,DHL,2025-10-10,2025-10-11,Delayed
3969,3969,UPS,2025-02-18,2025-02-23,In Transit
3970,3970,FedEx,2025-10-10,2025-10-13,In Transit
3971,3971,FedEx,2025-06-12,2025-06-17,Delivered
3972,3972,DHL,2025-04-06,2025-04-09,Delivered
3973,3973,FedEx,2025-10-09,2025-10-10,Delivered
3974,3974,DHL,2025-07-02,2025-07-07,Delivered
3975,3975,FedEx,2025-07-04,2025-07-10,Delivered
3976,3976,UPS,2025-01-25,2025-01-31,In Transit
3977,3977,UPS,2025-02-01,2025-02-08,Delayed
3978,3978,UPS,2025-02-15,2025-02-22,Delivered
3979,3979,UPS,2025-03-19,2025-03-20,Delivered
3980,3980,DHL,2025-02-02,2025-02-05,Delivered
3981,3981,UPS,2025-11-06,2025-11-12,In Transit
3982,3982,UPS,2025-06-11,2025-06-12,Delayed
3983,3983,USPS,2025-02-10,2025-02-15,Delayed
3984,3984,FedEx,2025-08-06,2025-08-11,Delivered
3985,3985,DHL,2025-03-09,2025-03-12,Delivered
3986,3986,UPS,2025-04-25,2025-05-01,Delivered
3987,3987,DHL,2025-03-09,2025-03-10,Delivered
3988,3988,UPS,2025-08-14,2025-08-21,In Transit
3989,3989,DHL,2025-12-22,2025-12-29,In Transit
3990,3990,DHL,2025-11-11,2025-11-15,In Transit
3991,3991,UPS,2025-12-13,2025-12-19,Delivered
3992,3992,DHL,2025-12-06,2025-12-11,Delivered
3993,3993,USPS,2025-10-24,2025-10-31,In Transit
3994,3994,USPS,2025-10-04,2025-10-10,Delivered
3995,3995,USPS,2025-05-30,2025-06-06,Delayed
3996,3996,UPS,2025-03-17,2025-03-21,Delivered
3997,3997,DHL,2025-05-24,2025-05-26,Delayed
3998,3998,FedEx,2025-04-11,2025-04-15,Delivered
3999,3999,UPS,2025-10-29,2025-11-05,Delivered
4000,4000,USPS,2025-08-25,2025-08-31,In Transit
4001,4001,DHL,2025-12-25,2025-12-31,Delivered
4002,4002,FedEx,2025-11-28,2025-12-03,Delivered
4003,4003,UPS,2025-11-07,2025-11-10,In Transit
4004,4004,USPS,2025-02-08,2025-02-12,In Transit
4005,4005,UPS,2025-01-08,2025-01-12,Delayed
4006,4006,DHL,2025-02-03,2025-02-06,In Transit
4007,4007,FedEx,2025-01-24,2025-01-27,Delayed
4008,4008,DHL,2025-07-27,2025-08-02,Delivered
4009,4009,UPS,2025-06-14,2025-06-20,Delivered
4010,4010,DHL,2025-01-31,2025-02-06,In Transit
4011,4011,UPS,2025-12-07,2025-12-14,In Transit
4012,4012,FedEx,2025-07-01,2025-07-02,In Transit
4013,4013,FedEx,2025-03-25,2025-03-31,Delivered
4014,4014,USPS,2025-05-01,2025-05-02,In Transit
4015,4015,UPS,2025-05-29,2025-05-31,Delivered
4016,4016,DHL,2025-03-07,2025-03-12,Delayed
4017,4017,USPS,2025-09-25,2025-09-29,In Transit
4018,4018,UPS,2025-05-06,2025-05-09,In Transit
4019,4019,USPS,2025-11-04,2025-11-06,Delayed
4020,4020,UPS,2025-07-04,2025-07-05,In Transit
4021,4021,USPS,2025-07-06,2025-07-10,Delivered
4022,4022,USPS,2025-01-10,2025-01-11,Delayed
4023,4023,DHL,2025-07-09,2025-07-13,Delivered
4024,4024,UPS,2025-01-07,2025-01-10,Delivered
4025,4025,UPS,2025-02-27,2025-03-04,Delivered
4026,4026,FedEx,2025-11-28,2025-12-03,In Transit
4027,4027,FedEx,2025-09-27,2025-10-03,Delayed
4028,4028,USPS,2025-12-31,2026-01-05,In Transit
4029,4029,FedEx,2025-06-12,2025-06-17,Delivered
4030,4030,USPS,2025-12-12,2025-12-18,Delayed
4031,4031,USPS,2025-10-29,2025-11-01,Delayed
4032,4032,DHL,2025-10-16,2025-10-21,Delivered
4033,4033,FedEx,2025-03-01,2025-03-04,Delayed
4034,4034,USPS,2025-01-19,2025-01-24,Delivered
4035,4035,UPS,2025-06-16,2025-06-17,In Transit
4036,4036,USPS,2025-02-04,2025-02-06,Delivered
4037,4037,USPS,2025-10-12,2025-10-14,Delayed
4038,4038,UPS,2025-02-10,2025-02-11,Delayed
4039,4039,DHL,2025-02-28,2025-03-04,Delayed
4040,4040,USPS,2025-10-07,2025-10-12,Delayed
4041,4041,UPS,2025-01-27,2025-02-01,Delivered
4042,4042,DHL,2025-07-23,2025-07-30,Delayed
4043,4043,UPS,2025-06-16,2025-06-20,Delayed
4044,4044,DHL,2025-05-29,2025-05-30,Delayed
4045,4045,UPS,2025-04-11,2025-04-14,Delayed
4046,4046,FedEx,2025-11-05,2025-11-06,Delivered
4047,4047,USPS,2025-09-30,2025-10-07,In Transit
4048,4048,USPS,2025-08-22,2025-08-23,Delayed
4049,4049,UPS,2025-05-14,2025-05-20,Delayed
4050,4050,DHL,2025-11-06,2025-11-12,Delayed
4051,4051,USPS,2025-05-20,2025-05-27,Delivered
4052,4052,DHL,2025-07-14,2025-07-18,Delayed
4053,4053,USPS,2025-07-09,2025-07-16,Delayed
4054,4054,DHL,2025-01-29,2025-01-31,In Transit
4055,4055,UPS,2025-06-29,2025-07-06,Delayed
4056,4056,FedEx,2025-10-04,2025-10-11,In Transit
4057,4057,UPS,2025-09-17,2025-09-19,Delayed
4058,4058,FedEx,2025-10-27,2025-11-03,Delivered
4059,4059,FedEx,2025-06-18,2025-06-24,In Transit
4060,4060,FedEx,2025-01-18,2025-01-22,Delayed
4061,4061,DHL,2025-11-29,2025-12-03,In Transit
4062,4062,DHL,2025-12-27,2026-01-03,In Transit
4063,4063,FedEx,2025-02-13,2025-02-14,Delivered
4064,4064,USPS,2025-12-21,2025-12-26,In Transit
4065,4065,UPS,2025-08-25,2025-08-29,Delayed
4066,4066,USPS,2025-12-16,2025-12-23,Delayed
4067,4067,USPS,2025-11-29,2025-12-06,Delivered
4068,4068,USPS,2025-08-13,2025-08-19,In Transit
4069,4069,USPS,2025-03-14,2025-03-21,In Transit
4070,4070,UPS,2025-05-28,2025-05-31,In Transit
4071,4071,USPS,2025-12-18,2025-12-23,Delayed
4072,4072,FedEx,2025-11-15,2025-11-16,Delayed
4073,4073,FedEx,2025-09-24,2025-09-27,In Transit
4074,4074,FedEx,2025-09-06,2025-09-12,Delivered
4075,4075,FedEx,2025-08-04,2025-08-05,In Transit
4076,4076,UPS,2025-01-28,2025-02-01,Delayed
4077,4077,FedEx,2025-11-28,2025-11-30,Delayed
4078,4078,USPS,2025-12-18,2025-12-20,Delivered
4079,4079,UPS,2026-01-02,2026-01-04,In Transit
4080,4080,DHL,2025-07-27,2025-07-28,In Transit
4081,4081,UPS,2025-03-23,2025-03-30,Delayed
4082,4082,USPS,2025-07-04,2025-07-09,In Transit
4083,4083,USPS,2025-06-01,2025-06-02,Delivered
4084,4084,UPS,2025-06-18,2025-06-24,Delayed
4085,4085,USPS,2025-02-21,2025-02-28,In Transit
4086,4086,UPS,2025-05-28,2025-06-01,Delayed
4087,4087,UPS,2025-08-06,2025-08-10,In Transit
4088,4088,FedEx,2025-05-14,2025-05-17,Delayed
4089,4089,USPS,2025-02-24,2025-03-01,In Transit
4090,4090,DHL,2025-05-06,2025-05-13,Delivered
4091,4091,UPS,2025-02-07,2025-02-09,Delivered
4092,4092,USPS,2025-09-22,2025-09-24,Delivered
4093,4093,USPS,2025-04-03,2025-04-10,Delivered
4094,4094,FedEx,2025-12-27,2026-01-02,In Transit
4095,4095,USPS,2025-03-23,2025-03-25,Delayed
4096,4096,UPS,2025-12-27,2025-12-30,Delivered
4097,4097,USPS,2025-12-03,2025-12-08,Delayed
4098,4098,UPS,2025-09-18,2025-09-23,Delayed
4099,4099,FedEx,2025-05-20,2025-05-26,Delayed
4100,4100,USPS,2025-05-07,2025-05-10,Delayed
4101,4101,DHL,2025-11-29,2025-12-06,Delayed
4102,4102,FedEx,2025-03-25,2025-03-28,Delivered
4103,4103,UPS,2025-07-23,2025-07-25,Delivered
4104,4104,USPS,2025-02-07,2025-02-09,Delayed
4105,4105,USPS,2025-06-30,2025-07-05,Delivered
4106,4106,USPS,2025-03-27,2025-04-02,Delayed
4107,4107,UPS,2025-12-25,2025-12-28,In Transit
4108,4108,DHL,2025-02-02,2025-02-04,Delivered
4109,4109,USPS,2025-06-02,2025-06-06,In Transit
4110,4110,FedEx,2025-12-14,2025-12-19,Delayed
4111,4111,DHL,2025-07-13,2025-07-17,Delayed
4112,4112,USPS,2025-01-27,2025-02-01,Delivered
4113,4113,FedEx,2025-07-27,2025-08-03,In Transit
4114,4114,UPS,2025-03-04,2025-03-07,In Transit
4115,4115,USPS,2025-06-19,2025-06-26,Delayed
4116,4116,USPS,2025-07-07,2025-07-12,In Transit
4117,4117,USPS,2025-10-17,2025-10-23,In Transit
4118,4118,FedEx,2025-08-23,2025-08-24,Delayed
4119,4119,FedEx,2025-06-16,2025-06-18,Delivered
4120,4120,DHL,2025-06-25,2025-06-28,In Transit
4121,4121,UPS,2025-12-21,2025-12-28,In Transit
4122,4122,DHL,2025-05-17,2025-05-19,Delayed
4123,4123,USPS,2025-07-05,2025-07-06,Delivered
4124,4124,DHL,2025-10-09,2025-10-16,Delivered
4125,4125,DHL,2025-04-20,2025-04-26,Delivered
4126,4126,DHL,2025-02-19,2025-02-20,Delayed
4127,4127,FedEx,2025-07-22,2025-07-28,Delivered
4128,4128,DHL,2025-05-10,2025-05-11,Delayed
4129,4129,DHL,2025-07-23,2025-07-27,Delayed
4130,4130,UPS,2025-03-15,2025-03-20,Delayed
4131,4131,USPS,2025-12-07,2025-12-08,Delivered
4132,4132,USPS,2025-10-22,2025-10-26,Delayed
4133,4133,DHL,2025-09-16,2025-09-18,In Transit
4134,4134,FedEx,2025-01-05,2025-01-10,Delivered
4135,4135,UPS,2025-08-20,2025-08-21,Delayed
4136,4136,USPS,2025-10-21,2025-10-23,Delayed
4137,4137,UPS,2025-11-24,2025-12-01,Delayed
4138,4138,USPS,2025-05-18,2025-05-24,Delivered
4139,4139,FedEx,2025-12-16,2025-12-19,Delayed
4140,4140,USPS,2025-08-20,2025-08-27,Delayed
4141,4141,FedEx,2025-03-18,2025-03-25,Delayed
4142,4142,USPS,2025-10-15,2025-10-17,Delivered
4143,4143,DHL,2025-04-12,2025-04-16,In Transit
4144,4144,USPS,2025-11-07,2025-11-11,In Transit
4145,4145,DHL,2025-06-16,2025-06-21,Delivered
4146,4146,DHL,2025-07-17,2025-07-23,Delayed
4147,4147,UPS,2025-11-10,2025-11-17,In Transit
4148,4148,DHL,2025-10-24,2025-10-27,In Transit
4149,4149,UPS,2025-07-25,2025-08-01,In Transit
4150,4150,FedEx,2025-08-16,2025-08-22,Delayed
4151,4151,USPS,2025-08-15,2025-08-22,In Transit
4152,4152,FedEx,2025-08-13,2025-08-17,In Transit
4153,4153,DHL,2025-08-11,2025-08-13,Delivered
4154,4154,UPS,2025-09-24,2025-09-30,In Transit
4155,4155,UPS,2025-03-27,2025-03-31,Delayed
4156,4156,FedEx,2025-02-03,2025-02-09,Delayed
4157,4157,USPS,2025-03-31,2025-04-03,Delivered
4158,4158,USPS,2025-04-02,2025-04-08,In Transit
4159,4159,DHL,2025-11-12,2025-11-15,Delivered
4160,4160,UPS,2025-12-16,2025-12-23,In Transit
4161,4161,FedEx,2025-01-07,2025-01-14,Delivered
4162,4162,DHL,2025-03-31,2025-04-07,Delayed
4163,4163,FedEx,2025-07-24,2025-07-29,Delayed
4164,4164,USPS,2025-05-01,2025-05-06,Delivered
4165,4165,FedEx,2025-12-24,2025-12-31,Delayed
4166,4166,DHL,2025-09-05,2025-09-06,Delivered
4167,4167,UPS,2025-10-02,2025-10-07,In Transit
4168,4168,UPS,2025-05-06,2025-05-08,Delivered
4169,4169,DHL,2025-08-17,2025-08-20,Delivered
4170,4170,FedEx,2025-01-26,2025-01-30,Delivered
4171,4171,DHL,2025-06-23,2025-06-27,In Transit
4172,4172,UPS,2025-11-23,2025-11-26,Delayed
4173,4173,USPS,2025-01-10,2025-01-14,In Transit
4174,4174,UPS,2025-07-15,2025-07-20,Delivered
4175,4175,FedEx,2025-03-17,2025-03-19,Delayed
4176,4176,FedEx,2025-10-03,2025-10-07,Delayed
4177,4177,DHL,2025-05-20,2025-05-27,In Transit
4178,4178,USPS,2025-01-31,2025-02-06,In Transit
4179,4179,DHL,2025-07-31,2025-08-05,In Transit
4180,4180,UPS,2025-10-03,2025-10-04,Delivered
4181,4181,DHL,2025-11-01,2025-11-03,Delivered
4182,4182,FedEx,2025-09-10,2025-09-11,Delivered
4183,4183,FedEx,2025-04-21,2025-04-25,Delayed
4184,4184,DHL,2025-09-25,2025-09-29,Delayed
4185,4185,UPS,2025-06-28,2025-07-03,Delivered
4186,4186,USPS,2025-02-13,2025-02-14,Delivered
4187,4187,USPS,2025-06-21,2025-06-23,Delayed
4188,4188,FedEx,2025-10-27,2025-11-01,In Transit
4189,4189,USPS,2025-02-16,2025-02-17,Delayed
4190,4190,FedEx,2025-07-27,2025-08-01,Delivered
4191,4191,FedEx,2025-06-08,2025-06-15,Delayed
4192,4192,FedEx,2025-02-24,2025-03-03,In Transit
4193,4193,UPS,2025-04-19,2025-04-22,Delayed
4194,4194,USPS,2025-08-27,2025-08-29,Delayed
4195,4195,USPS,2025-10-12,2025-10-13,Delayed
4196,4196,DHL,2025-08-21,2025-08-26,In Transit
4197,4197,UPS,2025-08-02,2025-08-08,Delayed
4198,4198,DHL,2025-11-15,2025-11-18,Delivered
4199,4199,UPS,2025-08-11,2025-08-16,In Transit
4200,4200,USPS,2025-06-21,2025-06-26,In Transit
4201,4201,UPS,2025-08-12,2025-08-16,In Transit
4202,4202,FedEx,2025-04-06,2025-04-11,Delayed
4203,4203,UPS,2025-05-19,2025-05-23,Delayed
4204,4204,UPS,2025-12-14,2025-12-21,Delivered
4205,4205,USPS,2025-09-17,2025-09-22,In Transit
4206,4206,UPS,2025-11-14,2025-11-15,Delayed
4207,4207,UPS,2025-09-09,2025-09-11,Delivered
4208,4208,FedEx,2025-11-13,2025-11-15,Delayed
4209,4209,DHL,2025-09-01,2025-09-02,Delayed
4210,4210,DHL,2025-07-04,2025-07-07,In Transit
4211,4211,UPS,2025-08-22,2025-08-27,Delivered
4212,4212,FedEx,2025-06-07,2025-06-09,Delayed
4213,4213,DHL,2025-04-15,2025-04-18,Delayed
4214,4214,USPS,2025-03-22,2025-03-24,Delayed
4215,4215,DHL,2025-03-04,2025-03-06,Delayed
4216,4216,USPS,2025-02-18,2025-02-25,In Transit
4217,4217,DHL,2025-05-26,2025-05-30,Delivered
4218,4218,UPS,2025-02-08,2025-02-15,Delivered
4219,4219,DHL,2025-06-22,2025-06-27,Delayed
4220,4220,USPS,2025-04-11,2025-04-15,In Transit
4221,4221,UPS,2025-10-28,2025-10-31,In Transit
4222,4222,FedEx,2025-05-18,2025-05-24,Delayed
4223,4223,FedEx,2025-11-24,2025-11-25,In Transit
4224,4224,UPS,2025-06-06,2025-06-09,In Transit
4225,4225,UPS,2025-09-09,2025-09-12,In Transit
4226,4226,UPS,2025-07-29,2025-07-31,Delivered
4227,4227,USPS,2025-06-11,2025-06-13,Delayed
4228,4228,UPS,2025-01-14,2025-01-21,In Transit
4229,4229,DHL,2025-06-26,2025-06-30,Delayed
4230,4230,FedEx,2025-07-05,2025-07-09,In Transit
4231,4231,UPS,2025-09-20,2025-09-24,In Transit
4232,4232,FedEx,2025-10-21,2025-10-28,Delayed
4233,4233,UPS,2025-05-22,2025-05-26,Delayed
4234,4234,DHL,2025-02-01,2025-02-07,Delivered
4235,4235,UPS,2025-04-12,2025-04-15,Delivered
4236,4236,USPS,2025-01-22,2025-01-23,In Transit
4237,4237,FedEx,2025-08-29,2025-09-04,In Transit
4238,4238,FedEx,2025-06-03,2025-06-09,Delivered
4239,4239,UPS,2025-03-09,2025-03-11,Delayed
4240,4240,UPS,2025-04-01,2025-04-04,Delayed
4241,4241,USPS,2025-10-04,2025-10-07,Delivered
4242,4242,UPS,2025-03-25,2025-03-28,In Transit
4243,4243,DHL,2025-12-23,2025-12-25,Delivered
4244,4244,DHL,2025-01-16,2025-01-17,Delivered
4245,4245,DHL,2025-07-08,2025-07-11,Delayed
4246,4246,DHL,2025-03-24,2025-03-27,Delivered
4247,4247,UPS,2025-06-22,2025-06-23,In Transit
4248,4248,UPS,2025-07-09,2025-07-14,Delivered
4249,4249,FedEx,2025-01-27,2025-01-30,Delivered
4250,4250,USPS,2025-08-08,2025-08-10,In Transit
4251,4251,USPS,2025-04-19,2025-04-26,Delayed
4252,4252,FedEx,2025-10-22,2025-10-24,Delivered
4253,4253,FedEx,2025-05-13,2025-05-15,In Transit
4254,4254,DHL,2025-01-21,2025-01-22,Delayed
4255,4255,USPS,2025-07-21,2025-07-23,Delayed
4256,4256,DHL,2025-09-11,2025-09-18,In Transit
4257,4257,UPS,2025-05-08,2025-05-10,Delayed
4258,4258,DHL,2025-06-24,2025-06-25,Delayed
4259,4259,UPS,2025-03-02,2025-03-05,Delivered
4260,4260,USPS,2025-06-29,2025-07-05,Delivered
4261,4261,DHL,2025-02-19,2025-02-20,Delayed
4262,4262,USPS,2025-11-13,2025-11-14,Delivered
4263,4263,USPS,2025-01-26,2025-01-30,Delayed
4264,4264,DHL,2025-11-17,2025-11-22,Delayed
4265,4265,FedEx,2025-07-29,2025-08-03,In Transit
4266,4266,USPS,2025-06-27,2025-06-29,Delivered
4267,4267,USPS,2025-10-24,2025-10-31,In Transit
4268,4268,DHL,2025-05-22,2025-05-23,In Transit
4269,4269,USPS,2025-05-04,2025-05-08,In Transit
4270,4270,DHL,2025-10-20,2025-10-25,Delivered
4271,4271,FedEx,2025-12-18,2025-12-25,Delivered
4272,4272,DHL,2025-11-28,2025-11-29,Delayed
4273,4273,DHL,2025-07-19,2025-07-25,In Transit
4274,4274,USPS,2025-08-27,2025-08-29,In Transit
4275,4275,USPS,2025-06-30,2025-07-03,Delayed
4276,4276,UPS,2025-12-21,2025-12-26,In Transit
4277,4277,FedEx,2025-11-30,2025-12-07,In Transit
4278,4278,UPS,2025-12-02,2025-12-06,Delivered
4279,4279,USPS,2025-09-19,2025-09-26,Delayed
4280,4280,USPS,2025-06-21,2025-06-24,Delivered
4281,4281,UPS,2025-08-02,2025-08-09,In Transit
4282,4282,FedEx,2025-09-27,2025-10-04,In Transit
4283,4283,DHL,2025-02-09,2025-02-11,Delivered
4284,4284,FedEx,2025-07-27,2025-07-30,In Transit
4285,4285,DHL,2025-01-25,2025-01-30,In Transit
4286,4286,UPS,2025-03-17,2025-03-23,In Transit
4287,4287,UPS,2025-12-08,2025-12-10,Delayed
4288,4288,UPS,2025-01-23,2025-01-30,Delayed
4289,4289,UPS,2025-08-06,2025-08-11,Delivered
4290,4290,USPS,2025-03-04,2025-03-10,Delayed
4291,4291,FedEx,2025-01-06,2025-01-13,Delivered
4292,4292,FedEx,2025-05-11,2025-05-18,In Transit
4293,4293,DHL,2025-09-25,2025-09-27,Delivered
4294,4294,USPS,2025-03-04,2025-03-06,In Transit
4295,4295,FedEx,2025-03-20,2025-03-22,Delivered
4296,4296,FedEx,2025-03-12,2025-03-18,In Transit
4297,4297,UPS,2025-03-02,2025-03-07,Delivered
4298,4298,FedEx,2025-01-21,2025-01-27,Delivered
4299,4299,DHL,2025-11-22,2025-11-29,Delayed
4300,4300,DHL,2025-07-27,2025-08-02,Delayed
4301,4301,FedEx,2025-11-14,2025-11-21,Delayed
4302,4302,DHL,2025-05-30,2025-06-05,Delivered
4303,4303,FedEx,2025-07-12,2025-07-13,In Transit
4304,4304,DHL,2025-05-11,2025-05-15,Delayed
4305,4305,UPS,2025-10-19,2025-10-25,Delivered
4306,4306,DHL,2025-05-15,2025-05-18,Delivered
4307,4307,DHL,2025-10-09,2025-10-11,Delivered
4308,4308,USPS,2025-05-15,2025-05-18,Delayed
4309,4309,FedEx,2025-06-29,2025-07-02,Delivered
4310,4310,DHL,2025-10-04,2025-10-10,In Transit
4311,4311,FedEx,2025-05-04,2025-05-06,In Transit
4312,4312,DHL,2025-04-24,2025-04-25,In Transit
4313,4313,DHL,2025-11-09,2025-11-11,Delivered
4314,4314,DHL,2025-11-08,2025-11-10,Delayed
4315,4315,UPS,2025-09-22,2025-09-27,Delivered
4316,4316,FedEx,2025-04-14,2025-04-20,In Transit
4317,4317,DHL,2025-05-30,2025-06-04,In Transit
4318,4318,USPS,2025-07-10,2025-07-16,In Transit
4319,4319,UPS,2025-07-31,2025-08-03,Delivered
4320,4320,DHL,2025-10-22,2025-10-28,Delayed
4321,4321,UPS,2025-02-23,2025-03-02,In Transit
4322,4322,USPS,2025-10-02,2025-10-04,In Transit
4323,4323,FedEx,2025-09-17,2025-09-24,Delayed
4324,4324,FedEx,2025-03-21,2025-03-23,In Transit
4325,4325,UPS,2025-08-01,2025-08-03,Delayed
4326,4326,DHL,2025-01-12,2025-01-14,Delivered
4327,4327,UPS,2025-03-06,2025-03-08,Delayed
4328,4328,USPS,2025-05-18,2025-05-20,In Transit
4329,4329,UPS,2025-08-23,2025-08-25,Delivered
4330,4330,USPS,2025-07-08,2025-07-11,Delayed
4331,4331,DHL,2025-04-08,2025-04-12,Delayed
4332,4332,FedEx,2025-05-12,2025-05-18,Delivered
4333,4333,USPS,2025-08-16,2025-08-21,In Transit
4334,4334,USPS,2025-07-29,2025-08-03,Delayed
4335,4335,USPS,2025-07-07,2025-07-12,In Transit
4336,4336,USPS,2025-07-29,2025-08-03,Delayed
4337,4337,UPS,2025-07-16,2025-07-17,In Transit
4338,4338,USPS,2025-08-19,2025-08-20,In Transit
4339,4339,FedEx,2025-11-01,2025-11-04,Delayed
4340,4340,FedEx,2025-07-14,2025-07-16,Delivered
4341,4341,DHL,2025-01-29,2025-02-01,In Transit
4342,4342,UPS,2025-01-04,2025-01-06,Delayed
4343,4343,UPS,2025-10-11,2025-10-16,Delivered
4344,4344,USPS,2025-11-25,2025-11-28,Delayed
4345,4345,UPS,2025-09-08,2025-09-10,Delivered
4346,4346,DHL,2025-08-29,2025-09-03,Delivered
4347,4347,USPS,2025-11-27,2025-12-02,In Transit
4348,4348,FedEx,2025-04-26,2025-04-27,Delayed
4349,4349,USPS,2025-11-06,2025-11-10,Delayed
4350,4350,UPS,2025-10-10,2025-10-14,In Transit
4351,4351,USPS,2025-02-07,2025-02-13,Delayed
4352,4352,UPS,2025-07-06,2025-07-09,Delayed
4353,4353,UPS,2025-05-13,2025-05-17,In Transit
4354,4354,DHL,2025-09-14,2025-09-20,Delivered
4355,4355,DHL,2025-09-02,2025-09-09,Delivered
4356,4356,USPS,2025-10-18,2025-10-25,Delayed
4357,4357,DHL,2025-06-02,2025-06-07,In Transit
4358,4358,USPS,2025-11-13,2025-11-18,Delivered
4359,4359,UPS,2025-05-26,2025-05-28,Delivered
4360,4360,FedEx,2025-05-30,2025-06-05,Delivered
4361,4361,UPS,2025-04-03,2025-04-09,Delivered
4362,4362,DHL,2025-12-06,2025-12-09,Delayed
4363,4363,UPS,2025-12-02,2025-12-07,In Transit
4364,4364,DHL,2025-05-28,2025-06-01,Delivered
4365,4365,DHL,2025-12-05,2025-12-12,Delayed
4366,4366,FedEx,2025-12-25,2026-01-01,Delayed
4367,4367,FedEx,2025-12-11,2025-12-12,In Transit
4368,4368,UPS,2025-12-09,2025-12-10,In Transit
4369,4369,FedEx,2025-08-16,2025-08-21,In Transit
4370,4370,DHL,2025-02-28,2025-03-04,Delayed
4371,4371,DHL,2025-10-18,2025-10-20,Delivered
4372,4372,FedEx,2025-04-30,2025-05-02,In Transit
4373,4373,USPS,2025-08-26,2025-08-30,Delayed
4374,4374,FedEx,2025-06-09,2025-06-12,Delayed
4375,4375,USPS,2025-02-22,2025-02-26,Delayed
4376,4376,DHL,2025-07-18,2025-07-25,Delivered
4377,4377,DHL,2025-02-24,2025-02-28,Delivered
4378,4378,USPS,2025-08-24,2025-08-26,Delayed
4379,4379,FedEx,2025-08-17,2025-08-19,Delivered
4380,4380,UPS,2025-05-19,2025-05-24,Delivered
4381,4381,FedEx,2025-06-11,2025-06-13,In Transit
4382,4382,DHL,2025-12-19,2025-12-20,In Transit
4383,4383,USPS,2025-08-02,2025-08-08,Delivered
4384,4384,DHL,2025-05-07,2025-05-14,In Transit
4385,4385,FedEx,2025-06-23,2025-06-25,In Transit
4386,4386,DHL,2025-07-09,2025-07-10,Delayed
4387,4387,DHL,2025-08-22,2025-08-26,Delayed
4388,4388,DHL,2025-01-18,2025-01-19,Delivered
4389,4389,FedEx,2025-08-05,2025-08-10,Delivered
4390,4390,USPS,2025-10-19,2025-10-25,Delayed
4391,4391,UPS,2025-01-21,2025-01-26,Delayed
4392,4392,DHL,2025-09-19,2025-09-26,In Transit
4393,4393,UPS,2025-08-15,2025-08-20,Delivered
4394,4394,FedEx,2025-04-20,2025-04-24,Delivered
4395,4395,DHL,2025-03-07,2025-03-10,Delayed
4396,4396,UPS,2025-05-21,2025-05-25,Delivered
4397,4397,FedEx,2025-08-20,2025-08-24,In Transit
4398,4398,FedEx,2025-03-08,2025-03-10,Delayed
4399,4399,UPS,2025-08-07,2025-08-13,Delivered
4400,4400,DHL,2025-10-11,2025-10-17,Delivered
4401,4401,USPS,2025-04-15,2025-04-18,In Transit
4402,4402,UPS,2025-03-30,2025-04-01,Delayed
4403,4403,USPS,2025-10-21,2025-10-22,Delivered
4404,4404,UPS,2025-08-05,2025-08-08,Delivered
4405,4405,DHL,2025-03-29,2025-04-04,In Transit
4406,4406,DHL,2025-10-31,2025-11-06,Delivered
4407,4407,DHL,2025-05-08,2025-05-09,In Transit
4408,4408,UPS,2025-07-17,2025-07-24,Delayed
4409,4409,UPS,2025-03-23,2025-03-27,In Transit
4410,4410,UPS,2025-05-09,2025-05-16,In Transit
4411,4411,UPS,2025-06-11,2025-06-18,Delivered
4412,4412,USPS,2025-07-14,2025-07-18,Delivered
4413,4413,UPS,2025-11-30,2025-12-02,In Transit
4414,4414,UPS,2025-08-04,2025-08-10,Delivered
4415,4415,FedEx,2025-01-15,2025-01-16,In Transit
4416,4416,DHL,2025-09-02,2025-09-03,Delivered
4417,4417,FedEx,2025-06-05,2025-06-07,Delivered
4418,4418,USPS,2025-12-20,2025-12-26,Delayed
4419,4419,USPS,2025-08-25,2025-08-29,Delayed
4420,4420,DHL,2025-06-15,2025-06-17,Delivered
4421,4421,DHL,2025-07-17,2025-07-18,Delivered
4422,4422,FedEx,2025-09-15,2025-09-20,In Transit
4423,4423,DHL,2025-10-12,2025-10-13,In Transit
4424,4424,DHL,2025-02-14,2025-02-17,Delayed
4425,4425,UPS,2025-09-22,2025-09-28,In Transit
4426,4426,DHL,2025-03-04,2025-03-07,Delayed
4427,4427,USPS,2025-07-10,2025-07-15,In Transit
4428,4428,UPS,2025-01-21,2025-01-26,Delivered
4429,4429,USPS,2025-06-15,2025-06-17,In Transit
4430,4430,USPS,2025-09-04,2025-09-11,Delayed
4431,4431,DHL,2025-09-26,2025-09-30,Delivered
4432,4432,USPS,2025-10-06,2025-10-10,In Transit
4433,4433,FedEx,2025-09-26,2025-09-27,Delivered
4434,4434,UPS,2025-03-26,2025-03-30,Delayed
4435,4435,DHL,2025-09-29,2025-10-02,Delayed
4436,4436,UPS,2025-01-09,2025-01-14,Delayed
4437,4437,UPS,2025-01-13,2025-01-19,Delivered
4438,4438,UPS,2025-03-22,2025-03-27,Delayed
4439,4439,USPS,2025-09-21,2025-09-27,Delivered
4440,4440,USPS,2025-11-10,2025-11-17,Delayed
4441,4441,FedEx,2025-11-21,2025-11-24,Delayed
4442,4442,UPS,2025-04-27,2025-04-30,In Transit
4443,4443,DHL,2025-08-23,2025-08-27,Delayed
4444,4444,FedEx,2025-02-25,2025-03-01,Delivered
4445,4445,FedEx,2025-04-11,2025-04-13,Delayed
4446,4446,FedEx,2025-11-24,2025-12-01,Delivered
4447,4447,USPS,2025-05-09,2025-05-14,In Transit
4448,4448,FedEx,2025-10-20,2025-10-24,In Transit
4449,4449,FedEx,2025-12-14,2025-12-19,In Transit
4450,4450,FedEx,2025-08-11,2025-08-15,Delayed
4451,4451,DHL,2025-02-01,2025-02-02,Delivered
4452,4452,USPS,2025-05-31,2025-06-01,In Transit
4453,4453,FedEx,2025-05-09,2025-05-12,Delayed
4454,4454,FedEx,2025-01-02,2025-01-08,Delayed
4455,4455,UPS,2025-09-07,2025-09-11,Delayed
4456,4456,USPS,2025-06-20,2025-06-23,Delivered
4457,4457,FedEx,2025-08-26,2025-09-02,Delayed
4458,4458,FedEx,2025-04-27,2025-05-01,Delayed
4459,4459,DHL,2025-07-28,2025-08-04,In Transit
4460,4460,FedEx,2025-12-08,2025-12-14,Delayed
4461,4461,UPS,2025-09-08,2025-09-12,In Transit
4462,4462,UPS,2025-11-24,2025-11-25,In Transit
4463,4463,UPS,2025-08-27,2025-08-29,Delivered
4464,4464,FedEx,2025-10-10,2025-10-17,Delivered
4465,4465,DHL,2025-10-17,2025-10-18,Delivered
4466,4466,DHL,2025-01-04,2025-01-05,In Transit
4467,4467,UPS,2025-06-06,2025-06-11,In Transit
4468,4468,UPS,2025-09-30,2025-10-06,Delivered
4469,4469,FedEx,2025-06-29,2025-07-05,Delayed
4470,4470,USPS,2025-08-18,2025-08-23,Delayed
4471,4471,FedEx,2025-10-17,2025-10-24,Delivered
4472,4472,FedEx,2025-03-04,2025-03-06,Delayed
4473,4473,UPS,2025-03-21,2025-03-25,Delayed
4474,4474,USPS,2025-11-13,2025-11-18,In Transit
4475,4475,FedEx,2025-02-25,2025-03-04,Delivered
4476,4476,DHL,2025-02-26,2025-02-27,In Transit
4477,4477,USPS,2025-03-22,2025-03-26,Delivered
4478,4478,USPS,2025-08-10,2025-08-16,Delivered
4479,4479,USPS,2025-05-11,2025-05-13,Delayed
4480,4480,USPS,2025-07-16,2025-07-21,In Transit
4481,4481,DHL,2025-06-22,2025-06-27,Delayed
4482,4482,USPS,2025-11-16,2025-11-19,Delivered
4483,4483,DHL,2025-08-31,2025-09-06,Delayed
4484,4484,UPS,2025-12-07,2025-12-11,Delivered
4485,4485,UPS,2025-08-15,2025-08-17,Delayed
4486,4486,DHL,2025-12-18,2025-12-20,Delayed
4487,4487,UPS,2025-12-28,2025-12-31,Delivered
4488,4488,FedEx,2025-12-02,2025-12-03,In Transit
4489,4489,UPS,2025-04-04,2025-04-10,Delivered
4490,4490,UPS,2025-07-29,2025-08-01,Delivered
4491,4491,USPS,2025-04-28,2025-05-01,In Transit
4492,4492,UPS,2025-09-03,2025-09-07,Delivered
4493,4493,UPS,2025-07-21,2025-07-24,Delivered
4494,4494,FedEx,2025-05-02,2025-05-09,Delayed
4495,4495,USPS,2025-08-22,2025-08-23,Delivered
4496,4496,DHL,2025-08-06,2025-08-11,Delivered
4497,4497,UPS,2025-09-10,2025-09-16,Delivered
4498,4498,FedEx,2025-03-10,2025-03-14,Delivered
4499,4499,USPS,2025-11-20,2025-11-24,Delayed
4500,4500,USPS,2025-04-15,2025-04-17,Delayed
4501,4501,UPS,2025-05-14,2025-05-16,Delivered
4502,4502,FedEx,2025-01-04,2025-01-09,Delayed
4503,4503,USPS,2025-08-31,2025-09-05,Delayed
4504,4504,UPS,2025-10-08,2025-10-11,Delayed
4505,4505,UPS,2025-10-15,2025-10-21,In Transit
4506,4506,USPS,2025-12-11,2025-12-18,In Transit
4507,4507,FedEx,2025-04-12,2025-04-16,Delivered
4508,4508,USPS,2025-03-13,2025-03-15,In Transit
4509,4509,UPS,2025-10-13,2025-10-19,Delayed
4510,4510,USPS,2025-09-11,2025-09-14,In Transit
4511,4511,USPS,2025-11-29,2025-12-02,In Transit
4512,4512,UPS,2025-07-05,2025-07-07,In Transit
4513,4513,UPS,2025-08-01,2025-08-03,In Transit
4514,4514,FedEx,2025-03-12,2025-03-16,In Transit
4515,4515,DHL,2025-06-27,2025-06-30,Delayed
4516,4516,FedEx,2025-09-03,2025-09-04,In Transit
4517,4517,USPS,2025-02-06,2025-02-10,In Transit
4518,4518,DHL,2025-12-26,2026-01-01,Delayed
4519,4519,DHL,2025-08-24,2025-08-28,Delivered
4520,4520,DHL,2025-07-16,2025-07-18,Delivered
4521,4521,USPS,2025-08-17,2025-08-18,Delayed
4522,4522,UPS,2025-09-26,2025-10-03,Delayed
4523,4523,USPS,2025-08-01,2025-08-05,Delayed
4524,4524,UPS,2025-01-29,2025-01-30,In Transit
4525,4525,UPS,2025-05-22,2025-05-26,Delivered
4526,4526,USPS,2025-04-14,2025-04-20,In Transit
4527,4527,DHL,2025-01-20,2025-01-23,In Transit
4528,4528,FedEx,2025-06-28,2025-06-29,In Transit
4529,4529,USPS,2025-07-12,2025-07-17,Delayed
4530,4530,USPS,2025-10-15,2025-10-19,Delivered
4531,4531,USPS,2025-04-13,2025-04-19,Delivered
4532,4532,DHL,2025-01-20,2025-01-25,Delivered
4533,4533,FedEx,2025-06-25,2025-07-02,In Transit
4534,4534,USPS,2025-09-10,2025-09-13,In Transit
4535,4535,USPS,2025-06-17,2025-06-18,Delayed
4536,4536,UPS,2025-05-16,2025-05-18,Delayed
4537,4537,USPS,2025-01-03,2025-01-07,In Transit
4538,4538,UPS,2025-10-27,2025-11-01,In Transit
4539,4539,DHL,2025-02-08,2025-02-10,In Transit
4540,4540,UPS,2025-06-03,2025-06-04,In Transit
4541,4541,DHL,2025-06-09,2025-06-13,In Transit
4542,4542,UPS,2025-03-25,2025-03-27,In Transit
4543,4543,USPS,2025-11-17,2025-11-21,Delivered
4544,4544,UPS,2025-04-17,2025-04-24,Delivered
4545,4545,DHL,2025-03-24,2025-03-25,In Transit
4546,4546,UPS,2025-07-05,2025-07-10,Delayed
4547,4547,DHL,2025-05-05,2025-05-11,In Transit
4548,4548,FedEx,2025-04-30,2025-05-05,Delayed
4549,4549,FedEx,2025-12-14,2025-12-17,Delivered
4550,4550,UPS,2025-07-04,2025-07-05,In Transit
4551,4551,FedEx,2025-03-17,2025-03-24,Delayed
4552,4552,USPS,2025-07-22,2025-07-27,Delayed
4553,4553,DHL,2025-02-13,2025-02-17,Delayed
4554,4554,UPS,2025-10-02,2025-10-03,Delivered
4555,4555,DHL,2025-07-18,2025-07-21,In Transit
4556,4556,USPS,2025-07-19,2025-07-22,Delayed
4557,4557,DHL,2025-05-28,2025-05-30,Delivered
4558,4558,FedEx,2025-09-06,2025-09-13,Delivered
4559,4559,UPS,2025-11-01,2025-11-07,Delivered
4560,4560,UPS,2025-01-08,2025-01-13,Delayed
4561,4561,FedEx,2025-11-19,2025-11-20,In Transit
4562,4562,USPS,2025-07-04,2025-07-05,In Transit
4563,4563,FedEx,2025-02-08,2025-02-12,Delayed
4564,4564,DHL,2025-12-14,2025-12-21,Delayed
4565,4565,UPS,2025-03-12,2025-03-18,Delivered
4566,4566,USPS,2025-08-18,2025-08-22,Delayed
4567,4567,DHL,2025-03-10,2025-03-15,Delayed
4568,4568,USPS,2025-02-04,2025-02-07,Delayed
4569,4569,DHL,2025-10-31,2025-11-03,Delayed
4570,4570,UPS,2025-10-08,2025-10-11,Delivered
4571,4571,DHL,2025-02-18,2025-02-25,Delivered
4572,4572,UPS,2025-09-06,2025-09-12,In Transit
4573,4573,FedEx,2025-04-18,2025-04-22,Delivered
4574,4574,USPS,2025-02-15,2025-02-22,In Transit
4575,4575,USPS,2025-10-18,2025-10-23,Delayed
4576,4576,UPS,2025-06-11,2025-06-17,Delayed
4577,4577,FedEx,2025-10-15,2025-10-21,Delivered
4578,4578,FedEx,2025-10-21,2025-10-23,Delivered
4579,4579,UPS,2025-12-29,2026-01-02,Delayed
4580,4580,UPS,2025-05-09,2025-05-15,In Transit
4581,4581,USPS,2025-09-04,2025-09-10,In Transit
4582,4582,DHL,2025-11-14,2025-11-18,In Transit
4583,4583,FedEx,2025-07-30,2025-07-31,Delivered
4584,4584,DHL,2025-04-10,2025-04-15,Delayed
4585,4585,DHL,2025-05-27,2025-06-01,Delivered
4586,4586,DHL,2025-08-08,2025-08-14,Delivered
4587,4587,USPS,2025-09-21,2025-09-27,Delayed
4588,4588,UPS,2025-05-24,2025-05-28,In Transit
4589,4589,USPS,2025-10-31,2025-11-04,Delivered
4590,4590,USPS,2025-11-16,2025-11-20,In Transit
4591,4591,UPS,2025-02-25,2025-03-04,Delayed
4592,4592,DHL,2025-12-17,2025-12-21,Delivered
4593,4593,USPS,2025-10-08,2025-10-13,Delivered
4594,4594,USPS,2025-03-19,2025-03-25,Delayed
4595,4595,DHL,2025-07-26,2025-07-30,Delayed
4596,4596,USPS,2025-02-11,2025-02-13,In Transit
4597,4597,UPS,2025-07-13,2025-07-16,Delivered
4598,4598,DHL,2025-04-16,2025-04-21,In Transit
4599,4599,DHL,2025-05-19,2025-05-22,Delivered
4600,4600,DHL,2025-03-13,2025-03-14,Delivered
4601,4601,USPS,2025-10-18,2025-10-19,Delivered
4602,4602,USPS,2025-11-26,2025-12-03,In Transit
4603,4603,DHL,2025-01-31,2025-02-07,In Transit
4604,4604,UPS,2025-11-13,2025-11-18,In Transit
4605,4605,UPS,2025-01-25,2025-01-29,In Transit
4606,4606,UPS,2025-03-05,2025-03-11,Delivered
4607,4607,DHL,2025-01-09,2025-01-14,Delayed
4608,4608,DHL,2025-10-27,2025-11-02,Delivered
4609,4609,USPS,2025-09-28,2025-10-01,Delayed
4610,4610,DHL,2025-11-15,2025-11-21,Delayed
4611,4611,FedEx,2025-09-09,2025-09-16,Delayed
4612,4612,UPS,2025-08-27,2025-08-28,Delivered
4613,4613,USPS,2025-11-03,2025-11-07,Delivered
4614,4614,UPS,2025-07-08,2025-07-14,Delayed
4615,4615,UPS,2025-12-22,2025-12-23,In Transit
4616,4616,DHL,2025-02-24,2025-03-03,In Transit
4617,4617,DHL,2025-06-27,2025-07-02,In Transit
4618,4618,DHL,2025-09-07,2025-09-10,Delivered
4619,4619,USPS,2025-03-18,2025-03-21,Delivered
4620,4620,USPS,2025-02-20,2025-02-26,Delayed
4621,4621,FedEx,2025-02-05,2025-02-10,Delivered
4622,4622,DHL,2025-04-15,2025-04-18,Delivered
4623,4623,UPS,2025-07-29,2025-08-05,Delivered
4624,4624,DHL,2025-03-21,2025-03-24,Delivered
4625,4625,DHL,2025-08-16,2025-08-17,Delivered
4626,4626,USPS,2025-10-05,2025-10-07,Delayed
4627,4627,UPS,2025-09-08,2025-09-11,Delayed
4628,4628,FedEx,2025-08-25,2025-08-30,In Transit
4629,4629,FedEx,2025-06-22,2025-06-24,Delivered
4630,4630,FedEx,2025-04-17,2025-04-24,Delivered
4631,4631,DHL,2025-05-08,2025-05-11,Delayed
4632,4632,FedEx,2025-03-24,2025-03-31,Delayed
4633,4633,DHL,2025-10-08,2025-10-11,Delivered
4634,4634,USPS,2025-05-17,2025-05-24,In Transit
4635,4635,UPS,2025-10-01,2025-10-02,Delayed
4636,4636,USPS,2025-02-04,2025-02-09,Delayed
4637,4637,DHL,2025-02-06,2025-02-07,Delivered
4638,4638,USPS,2025-08-21,2025-08-28,In Transit
4639,4639,DHL,2025-11-28,2025-12-01,Delivered
4640,4640,UPS,2025-03-25,2025-03-26,Delayed
4641,4641,UPS,2025-06-01,2025-06-02,Delivered
4642,4642,FedEx,2025-04-28,2025-05-03,In Transit
4643,4643,FedEx,2025-10-15,2025-10-17,In Transit
4644,4644,DHL,2025-03-30,2025-04-04,In Transit
4645,4645,DHL,2025-06-29,2025-06-30,In Transit
4646,4646,DHL,2025-11-12,2025-11-17,In Transit
4647,4647,DHL,2025-12-25,2025-12-31,In Transit
4648,4648,UPS,2025-12-12,2025-12-17,Delayed
4649,4649,UPS,2025-11-03,2025-11-05,In Transit
4650,4650,DHL,2025-01-30,2025-02-06,Delivered
4651,4651,USPS,2025-08-20,2025-08-22,Delayed
4652,4652,DHL,2025-10-12,2025-10-17,In Transit
4653,4653,UPS,2025-08-22,2025-08-23,In Transit
4654,4654,FedEx,2025-07-18,2025-07-24,Delivered
4655,4655,USPS,2025-09-10,2025-09-11,Delivered
4656,4656,USPS,2025-02-09,2025-02-12,Delayed
4657,4657,FedEx,2025-07-14,2025-07-18,In Transit
4658,4658,FedEx,2025-03-19,2025-03-22,Delayed
4659,4659,UPS,2025-03-01,2025-03-06,In Transit
4660,4660,USPS,2025-06-05,2025-06-08,In Transit
4661,4661,UPS,2025-01-28,2025-02-01,Delayed
4662,4662,UPS,2025-10-23,2025-10-27,In Transit
4663,4663,UPS,2025-11-20,2025-11-23,Delivered
4664,4664,UPS,2025-04-26,2025-04-29,In Transit
4665,4665,USPS,2025-09-29,2025-10-06,Delivered
4666,4666,UPS,2025-05-02,2025-05-06,In Transit
4667,4667,USPS,2025-04-24,2025-04-30,Delayed
4668,4668,UPS,2025-06-08,2025-06-15,Delayed
4669,4669,UPS,2025-10-28,2025-10-29,Delayed
4670,4670,FedEx,2025-04-22,2025-04-26,In Transit
4671,4671,FedEx,2025-11-18,2025-11-22,Delayed
4672,4672,DHL,2025-01-17,2025-01-21,In Transit
4673,4673,DHL,2025-11-13,2025-11-15,Delivered
4674,4674,FedEx,2025-08-01,2025-08-08,Delivered
4675,4675,UPS,2025-08-01,2025-08-05,Delayed
4676,4676,DHL,2025-02-14,2025-02-20,Delayed
4677,4677,USPS,2025-10-20,2025-10-21,In Transit
4678,4678,FedEx,2025-09-22,2025-09-25,Delivered
4679,4679,FedEx,2025-09-10,2025-09-12,Delivered
4680,4680,FedEx,2025-10-02,2025-10-06,Delayed
4681,4681,DHL,2025-01-09,2025-01-13,Delivered
4682,4682,USPS,2025-12-10,2025-12-15,In Transit
4683,4683,USPS,2025-04-28,2025-05-04,In Transit
4684,4684,UPS,2025-04-27,2025-05-04,In Transit
4685,4685,FedEx,2025-10-04,2025-10-08,Delayed
4686,4686,DHL,2025-07-11,2025-07-16,Delivered
4687,4687,FedEx,2025-09-10,2025-09-16,Delivered
4688,4688,UPS,2025-05-04,2025-05-10,In Transit
4689,4689,DHL,2025-12-16,2025-12-20,In Transit
4690,4690,USPS,2025-06-01,2025-06-02,Delivered
4691,4691,FedEx,2025-08-30,2025-09-04,Delayed
4692,4692,USPS,2025-10-26,2025-10-27,Delayed
4693,4693,UPS,2025-03-01,2025-03-06,Delivered
4694,4694,DHL,2025-01-30,2025-01-31,Delayed
4695,4695,DHL,2025-12-26,2025-12-31,Delayed
4696,4696,USPS,2025-08-19,2025-08-26,In Transit
4697,4697,UPS,2025-01-18,2025-01-19,Delayed
4698,4698,DHL,2025-05-06,2025-05-11,In Transit
4699,4699,FedEx,2025-12-03,2025-12-06,Delayed
4700,4700,FedEx,2025-01-12,2025-01-16,In Transit
4701,4701,DHL,2025-02-16,2025-02-20,Delayed
4702,4702,UPS,2025-09-28,2025-09-30,Delayed
4703,4703,UPS,2025-01-22,2025-01-27,Delivered
4704,4704,FedEx,2025-06-26,2025-06-29,In Transit
4705,4705,USPS,2025-07-14,2025-07-20,Delivered
4706,4706,FedEx,2025-04-13,2025-04-14,Delivered
4707,4707,DHL,2025-08-24,2025-08-29,In Transit
4708,4708,DHL,2025-08-11,2025-08-15,Delayed
4709,4709,UPS,2025-03-12,2025-03-15,In Transit
4710,4710,FedEx,2025-06-14,2025-06-17,Delivered
4711,4711,DHL,2025-03-24,2025-03-26,Delivered
4712,4712,USPS,2025-11-26,2025-11-30,Delayed
4713,4713,FedEx,2025-04-30,2025-05-02,Delayed
4714,4714,DHL,2025-07-25,2025-07-31,In Transit
4715,4715,UPS,2025-08-16,2025-08-17,Delivered
4716,4716,DHL,2025-06-24,2025-06-25,Delivered
4717,4717,UPS,2025-10-07,2025-10-10,Delayed
4718,4718,UPS,2025-07-11,2025-07-13,Delivered
4719,4719,FedEx,2025-09-10,2025-09-17,Delayed
4720,4720,USPS,2025-05-19,2025-05-26,Delayed
4721,4721,DHL,2025-11-14,2025-11-18,In Transit
4722,4722,USPS,2025-06-18,2025-06-23,Delivered
4723,4723,USPS,2025-01-09,2025-01-13,In Transit
4724,4724,UPS,2025-10-30,2025-11-01,Delayed
4725,4725,UPS,2025-11-21,2025-11-23,In Transit
4726,4726,DHL,2025-06-24,2025-06-26,Delivered
4727,4727,FedEx,2025-03-25,2025-03-27,In Transit
4728,4728,USPS,2025-09-21,2025-09-25,Delayed
4729,4729,FedEx,2025-08-07,2025-08-14,Delivered
4730,4730,FedEx,2025-02-03,2025-02-05,Delivered
4731,4731,FedEx,2025-01-20,2025-01-24,In Transit
4732,4732,UPS,2025-11-16,2025-11-19,In Transit
4733,4733,FedEx,2025-01-17,2025-01-20,Delivered
4734,4734,FedEx,2025-09-24,2025-09-25,Delivered
4735,4735,FedEx,2025-06-13,2025-06-14,In Transit
4736,4736,FedEx,2025-02-08,2025-02-15,In Transit
4737,4737,UPS,2025-10-26,2025-10-28,In Transit
4738,4738,UPS,2025-01-01,2025-01-03,In Transit
4739,4739,USPS,2025-06-04,2025-06-09,Delayed
4740,4740,UPS,2025-01-04,2025-01-09,Delayed
4741,4741,FedEx,2025-10-17,2025-10-21,Delayed
4742,4742,USPS,2025-03-17,2025-03-24,In Transit
4743,4743,DHL,2025-11-10,2025-11-15,Delivered
4744,4744,USPS,2025-05-29,2025-06-04,In Transit
4745,4745,DHL,2025-10-03,2025-10-10,Delivered
4746,4746,DHL,2025-04-06,2025-04-11,Delivered
4747,4747,DHL,2025-11-14,2025-11-21,Delayed
4748,4748,FedEx,2025-11-15,2025-11-22,Delayed
4749,4749,DHL,2025-06-05,2025-06-10,In Transit
4750,4750,UPS,2025-06-17,2025-06-23,Delivered
4751,4751,DHL,2025-08-30,2025-09-02,In Transit
4752,4752,FedEx,2025-04-07,2025-04-12,Delayed
4753,4753,FedEx,2025-11-05,2025-11-09,Delayed
4754,4754,DHL,2025-06-28,2025-07-02,Delayed
4755,4755,FedEx,2025-02-05,2025-02-09,Delayed
4756,4756,USPS,2025-01-10,2025-01-12,Delivered
4757,4757,FedEx,2025-02-26,2025-02-27,Delayed
4758,4758,USPS,2025-05-03,2025-05-08,Delayed
4759,4759,USPS,2025-03-31,2025-04-03,Delayed
4760,4760,DHL,2025-06-19,2025-06-23,In Transit
4761,4761,DHL,2025-12-29,2026-01-03,Delayed
4762,4762,DHL,2025-08-19,2025-08-25,In Transit
4763,4763,FedEx,2025-11-12,2025-11-15,Delivered
4764,4764,FedEx,2025-08-06,2025-08-13,In Transit
4765,4765,FedEx,2025-08-12,2025-08-14,Delivered
4766,4766,USPS,2025-03-07,2025-03-09,Delayed
4767,4767,UPS,2025-10-18,2025-10-25,Delayed
4768,4768,USPS,2025-09-30,2025-10-02,Delayed
4769,4769,USPS,2025-04-06,2025-04-12,In Transit
4770,4770,USPS,2025-11-21,2025-11-23,Delivered
4771,4771,DHL,2025-12-23,2025-12-26,In Transit
4772,4772,DHL,2025-12-10,2025-12-15,Delivered
4773,4773,USPS,2025-10-15,2025-10-21,Delivered
4774,4774,FedEx,2025-08-03,2025-08-05,In Transit
4775,4775,DHL,2025-09-18,2025-09-24,Delivered
4776,4776,DHL,2025-06-04,2025-06-05,Delivered
4777,4777,USPS,2025-07-28,2025-07-30,Delivered
4778,4778,DHL,2025-07-26,2025-08-02,In Transit
4779,4779,FedEx,2025-04-17,2025-04-22,Delayed
4780,4780,FedEx,2025-06-25,2025-06-30,In Transit
4781,4781,FedEx,2025-09-05,2025-09-10,Delivered
4782,4782,UPS,2025-09-13,2025-09-19,Delayed
4783,4783,UPS,2025-08-20,2025-08-25,Delayed
4784,4784,UPS,2025-07-07,2025-07-08,Delayed
4785,4785,DHL,2025-05-12,2025-05-17,In Transit
4786,4786,DHL,2025-04-14,2025-04-19,Delayed
4787,4787,USPS,2025-12-16,2025-12-21,Delayed
4788,4788,UPS,2025-10-31,2025-11-04,Delivered
4789,4789,USPS,2025-02-02,2025-02-08,In Transit
4790,4790,FedEx,2025-07-07,2025-07-09,Delivered
4791,4791,USPS,2025-08-30,2025-09-01,In Transit
4792,4792,UPS,2025-03-03,2025-03-10,Delivered
4793,4793,UPS,2025-07-26,2025-07-27,In Transit
4794,4794,UPS,2025-07-03,2025-07-06,Delivered
4795,4795,USPS,2025-04-24,2025-05-01,Delivered
4796,4796,USPS,2025-04-08,2025-04-13,Delayed
4797,4797,UPS,2025-08-29,2025-08-31,In Transit
4798,4798,DHL,2025-09-30,2025-10-02,Delivered
4799,4799,DHL,2025-04-24,2025-05-01,Delivered
4800,4800,DHL,2025-12-20,2025-12-23,Delayed
4801,4801,DHL,2025-06-10,2025-06-12,In Transit
4802,4802,UPS,2025-09-20,2025-09-26,In Transit
4803,4803,DHL,2025-03-03,2025-03-06,Delayed
4804,4804,USPS,2025-12-01,2025-12-07,Delayed
4805,4805,USPS,2025-12-10,2025-12-13,In Transit
4806,4806,DHL,2025-01-31,2025-02-06,Delayed
4807,4807,USPS,2025-01-31,2025-02-07,Delivered
4808,4808,USPS,2025-01-31,2025-02-01,Delivered
4809,4809,FedEx,2025-12-04,2025-12-09,In Transit
4810,4810,UPS,2025-04-12,2025-04-17,Delivered
4811,4811,UPS,2025-03-09,2025-03-13,In Transit
4812,4812,DHL,2025-07-13,2025-07-19,In Transit
4813,4813,UPS,2025-01-12,2025-01-14,Delayed
4814,4814,UPS,2025-09-18,2025-09-19,Delayed
4815,4815,FedEx,2025-07-25,2025-07-30,In Transit
4816,4816,USPS,2025-03-20,2025-03-22,In Transit
4817,4817,DHL,2025-01-08,2025-01-11,In Transit
4818,4818,FedEx,2025-10-31,2025-11-06,In Transit
4819,4819,DHL,2025-06-19,2025-06-21,Delayed
4820,4820,UPS,2025-05-25,2025-05-29,Delivered
4821,4821,UPS,2025-05-04,2025-05-10,In Transit
4822,4822,DHL,2025-09-17,2025-09-18,Delayed
4823,4823,FedEx,2025-12-14,2025-12-20,Delayed
4824,4824,USPS,2025-11-01,2025-11-06,Delivered
4825,4825,DHL,2025-07-29,2025-08-05,Delivered
4826,4826,USPS,2025-04-06,2025-04-09,Delivered
4827,4827,USPS,2025-08-14,2025-08-20,Delivered
4828,4828,USPS,2025-01-16,2025-01-17,In Transit
4829,4829,UPS,2025-11-24,2025-11-25,Delayed
4830,4830,FedEx,2025-12-29,2026-01-04,In Transit
4831,4831,DHL,2025-05-26,2025-05-28,Delivered
4832,4832,USPS,2025-12-15,2025-12-16,In Transit
4833,4833,USPS,2025-06-05,2025-06-10,In Transit
4834,4834,UPS,2025-08-06,2025-08-09,In Transit
4835,4835,UPS,2025-11-24,2025-12-01,Delayed
4836,4836,USPS,2025-01-14,2025-01-18,Delayed
4837,4837,FedEx,2025-04-16,2025-04-18,In Transit
4838,4838,USPS,2025-09-04,2025-09-11,Delayed
4839,4839,FedEx,2025-08-01,2025-08-07,Delayed
4840,4840,FedEx,2025-07-17,2025-07-18,Delivered
4841,4841,DHL,2025-10-20,2025-10-25,In Transit
4842,4842,FedEx,2025-06-23,2025-06-28,Delayed
4843,4843,FedEx,2025-02-18,2025-02-25,Delayed
4844,4844,FedEx,2025-04-26,2025-04-29,Delayed
4845,4845,UPS,2025-02-27,2025-03-05,Delayed
4846,4846,FedEx,2025-08-18,2025-08-19,Delayed
4847,4847,FedEx,2025-01-09,2025-01-12,In Transit
4848,4848,USPS,2025-02-24,2025-02-28,In Transit
4849,4849,UPS,2025-11-16,2025-11-20,Delayed
4850,4850,USPS,2025-12-15,2025-12-21,Delivered
4851,4851,FedEx,2025-02-27,2025-03-06,Delivered
4852,4852,DHL,2025-04-08,2025-04-10,Delivered
4853,4853,UPS,2025-01-10,2025-01-14,Delayed
4854,4854,FedEx,2025-03-19,2025-03-20,Delayed
4855,4855,USPS,2025-08-08,2025-08-10,Delayed
4856,4856,DHL,2025-03-21,2025-03-27,Delivered
4857,4857,FedEx,2025-01-23,2025-01-26,Delivered
4858,4858,FedEx,2025-10-18,2025-10-21,Delayed
4859,4859,USPS,2025-01-13,2025-01-20,Delivered
4860,4860,DHL,2025-07-11,2025-07-18,Delayed
4861,4861,USPS,2025-12-05,2025-12-07,In Transit
4862,4862,DHL,2025-09-14,2025-09-19,Delivered
4863,4863,DHL,2025-11-17,2025-11-19,In Transit
4864,4864,UPS,2025-11-09,2025-11-14,Delivered
4865,4865,USPS,2025-02-13,2025-02-16,Delivered
4866,4866,UPS,2025-09-10,2025-09-16,Delayed
4867,4867,UPS,2025-08-14,2025-08-21,Delivered
4868,4868,DHL,2025-09-17,2025-09-19,Delayed
4869,4869,FedEx,2025-06-04,2025-06-07,Delayed
4870,4870,UPS,2025-01-15,2025-01-21,Delayed
4871,4871,USPS,2025-08-06,2025-08-08,In Transit
4872,4872,USPS,2025-06-21,2025-06-26,In Transit
4873,4873,UPS,2025-12-25,2025-12-27,Delayed
4874,4874,UPS,2025-12-23,2025-12-30,Delayed
4875,4875,DHL,2025-05-22,2025-05-27,In Transit
4876,4876,USPS,2025-05-31,2025-06-07,Delivered
4877,4877,USPS,2025-04-20,2025-04-26,Delivered
4878,4878,USPS,2025-04-16,2025-04-18,Delayed
4879,4879,DHL,2025-06-02,2025-06-08,In Transit
4880,4880,FedEx,2025-06-07,2025-06-13,Delayed
4881,4881,DHL,2026-01-01,2026-01-02,In Transit
4882,4882,USPS,2025-04-18,2025-04-19,In Transit
4883,4883,DHL,2025-06-29,2025-06-30,Delayed
4884,4884,FedEx,2025-07-06,2025-07-08,Delayed
4885,4885,USPS,2025-12-30,2026-01-02,In Transit
4886,4886,UPS,2025-07-05,2025-07-07,Delayed
4887,4887,DHL,2025-02-24,2025-02-28,In Transit
4888,4888,DHL,2025-05-16,2025-05-22,Delivered
4889,4889,UPS,2025-02-20,2025-02-21,Delivered
4890,4890,UPS,2025-08-06,2025-08-07,Delayed
4891,4891,USPS,2025-11-10,2025-11-15,In Transit
4892,4892,FedEx,2025-04-24,2025-04-25,Delivered
4893,4893,FedEx,2025-11-30,2025-12-06,Delivered
4894,4894,USPS,2025-02-10,2025-02-12,In Transit
4895,4895,UPS,2025-04-16,2025-04-20,In Transit
4896,4896,USPS,2025-06-19,2025-06-24,In Transit
4897,4897,USPS,2025-11-01,2025-11-04,Delayed
4898,4898,FedEx,2025-11-01,2025-11-03,In Transit
4899,4899,USPS,2025-03-15,2025-03-17,In Transit
4900,4900,UPS,2025-12-09,2025-12-16,In Transit
4901,4901,UPS,2025-06-24,2025-06-30,Delayed
4902,4902,UPS,2025-04-08,2025-04-10,Delayed
4903,4903,UPS,2025-10-26,2025-11-02,Delivered
4904,4904,DHL,2025-10-18,2025-10-19,Delivered
4905,4905,USPS,2025-08-05,2025-08-11,Delivered
4906,4906,DHL,2025-09-20,2025-09-25,In Transit
4907,4907,UPS,2025-07-08,2025-07-10,Delivered
4908,4908,DHL,2025-05-07,2025-05-13,Delivered
4909,4909,FedEx,2025-04-21,2025-04-23,In Transit
4910,4910,USPS,2025-01-04,2025-01-05,Delayed
4911,4911,UPS,2025-04-24,2025-04-26,Delayed
4912,4912,FedEx,2025-05-12,2025-05-19,Delayed
4913,4913,DHL,2025-11-03,2025-11-08,In Transit
4914,4914,FedEx,2025-01-28,2025-01-30,In Transit
4915,4915,DHL,2025-02-17,2025-02-20,Delayed
4916,4916,USPS,2025-09-16,2025-09-18,Delivered
4917,4917,UPS,2025-04-12,2025-04-16,Delivered
4918,4918,UPS,2025-05-18,2025-05-24,Delayed
4919,4919,USPS,2025-02-10,2025-02-11,In Transit
4920,4920,UPS,2025-02-10,2025-02-12,Delivered
4921,4921,UPS,2025-05-02,2025-05-07,Delivered
4922,4922,FedEx,2025-05-23,2025-05-27,Delayed
4923,4923,FedEx,2025-12-21,2025-12-28,Delayed
4924,4924,FedEx,2025-09-17,2025-09-24,Delivered
4925,4925,USPS,2025-09-22,2025-09-29,Delivered
4926,4926,DHL,2025-01-27,2025-02-01,In Transit
4927,4927,DHL,2025-09-26,2025-09-30,Delivered
4928,4928,DHL,2025-11-30,2025-12-06,In Transit
4929,4929,UPS,2025-09-13,2025-09-20,In Transit
4930,4930,UPS,2025-07-02,2025-07-06,Delivered
4931,4931,USPS,2025-12-07,2025-12-08,In Transit
4932,4932,FedEx,2025-01-11,2025-01-17,Delivered
4933,4933,FedEx,2025-10-21,2025-10-28,In Transit
4934,4934,UPS,2025-11-13,2025-11-19,In Transit
4935,4935,DHL,2025-12-18,2025-12-21,In Transit
4936,4936,FedEx,2025-04-14,2025-04-15,Delayed
4937,4937,UPS,2025-11-20,2025-11-24,Delayed
4938,4938,FedEx,2025-09-22,2025-09-28,Delivered
4939,4939,FedEx,2025-08-13,2025-08-15,Delivered
4940,4940,DHL,2025-03-06,2025-03-08,Delayed
4941,4941,USPS,2025-03-03,2025-03-09,Delivered
4942,4942,DHL,2025-01-10,2025-01-17,Delayed
4943,4943,FedEx,2025-12-26,2026-01-01,Delivered
4944,4944,DHL,2025-10-28,2025-10-30,Delivered
4945,4945,UPS,2025-04-30,2025-05-06,In Transit
4946,4946,FedEx,2025-07-26,2025-07-29,Delivered
4947,4947,DHL,2025-08-05,2025-08-10,Delayed
4948,4948,UPS,2025-10-04,2025-10-11,In Transit
4949,4949,FedEx,2025-08-23,2025-08-25,Delivered
4950,4950,USPS,2025-11-08,2025-11-14,Delivered
4951,4951,DHL,2025-07-11,2025-07-18,Delivered
4952,4952,FedEx,2025-05-22,2025-05-25,In Transit
4953,4953,UPS,2025-06-14,2025-06-19,In Transit
4954,4954,FedEx,2025-10-27,2025-10-30,In Transit
4955,4955,USPS,2025-08-01,2025-08-03,Delayed
4956,4956,FedEx,2025-08-03,2025-08-05,Delivered
4957,4957,UPS,2025-07-21,2025-07-23,In Transit
4958,4958,FedEx,2025-02-14,2025-02-19,Delivered
4959,4959,USPS,2025-11-12,2025-11-15,Delayed
4960,4960,DHL,2025-11-08,2025-11-10,Delivered
4961,4961,DHL,2025-08-24,2025-08-30,Delayed
4962,4962,UPS,2025-03-21,2025-03-28,Delivered
4963,4963,UPS,2025-11-24,2025-11-26,Delayed
4964,4964,DHL,2025-11-21,2025-11-28,Delayed
4965,4965,USPS,2025-10-05,2025-10-12,Delayed
4966,4966,USPS,2025-10-12,2025-10-13,Delivered
4967,4967,UPS,2025-09-08,2025-09-10,In Transit
4968,4968,FedEx,2025-02-10,2025-02-11,Delayed
4969,4969,UPS,2025-01-27,2025-01-31,In Transit
4970,4970,USPS,2025-08-30,2025-09-02,Delivered
4971,4971,DHL,2025-01-29,2025-02-04,Delivered
4972,4972,UPS,2025-08-31,2025-09-03,Delayed
4973,4973,USPS,2025-11-27,2025-12-02,Delivered
4974,4974,FedEx,2025-07-07,2025-07-11,In Transit
4975,4975,UPS,2025-03-18,2025-03-22,Delayed
4976,4976,USPS,2025-02-04,2025-02-09,In Transit
4977,4977,USPS,2025-09-11,2025-09-16,Delivered
4978,4978,UPS,2025-04-07,2025-04-08,In Transit
4979,4979,DHL,2025-06-18,2025-06-22,In Transit
4980,4980,FedEx,2025-02-16,2025-02-18,Delivered
4981,4981,FedEx,2025-12-21,2025-12-25,Delayed
4982,4982,UPS,2025-03-30,2025-04-01,In Transit
4983,4983,DHL,2025-10-11,2025-10-15,Delivered
4984,4984,FedEx,2025-11-21,2025-11-25,Delayed
4985,4985,FedEx,2025-06-16,2025-06-21,In Transit
4986,4986,DHL,2025-07-30,2025-08-06,Delayed
4987,4987,UPS,2025-03-06,2025-03-07,In Transit
4988,4988,USPS,2025-08-13,2025-08-20,In Transit
4989,4989,UPS,2025-03-16,2025-03-17,In Transit
4990,4990,FedEx,2025-01-03,2025-01-10,Delayed
4991,4991,FedEx,2025-04-01,2025-04-03,In Transit
4992,4992,DHL,2025-12-11,2025-12-14,Delivered
4993,4993,USPS,2025-03-05,2025-03-09,Delivered
4994,4994,USPS,2025-10-19,2025-10-20,Delayed
4995,4995,UPS,2025-05-29,2025-05-30,In Transit
4996,4996,DHL,2025-12-13,2025-12-18,Delayed
4997,4997,UPS,2025-06-13,2025-06-16,Delayed
4998,4998,UPS,2025-10-17,2025-10-19,Delayed
4999,4999,USPS,2025-07-04,2025-07-05,Delivered
5000,5000,DHL,2025-12-31,2026-01-06,Delayed
